Date_Time,Price (EUR/MWhe)
2015-01-01 00:00:00,36.56
2015-01-01 01:00:00,36.56
2015-01-01 02:00:00,36.56
2015-01-01 03:00:00,36.56
2015-01-01 04:00:00,36.56
2015-01-01 05:00:00,36.56
2015-01-01 06:00:00,36.56
2015-01-01 07:00:00,36.56
2015-01-01 08:00:00,36.56
2015-01-01 09:00:00,36.56
2015-01-01 10:00:00,36.56
2015-01-01 11:00:00,36.56
2015-01-01 12:00:00,36.56
2015-01-01 13:00:00,36.56
2015-01-01 14:00:00,36.56
2015-01-01 15:00:00,36.56
2015-01-01 16:00:00,36.56
2015-01-01 17:00:00,36.56
2015-01-01 18:00:00,36.56
2015-01-01 19:00:00,36.56
2015-01-01 20:00:00,36.56
2015-01-01 21:00:00,36.56
2015-01-01 22:00:00,36.56
2015-01-01 23:00:00,36.56
2015-01-02 00:00:00,36.56
2015-01-02 01:00:00,36.56
2015-01-02 02:00:00,36.56
2015-01-02 03:00:00,36.56
2015-01-02 04:00:00,36.56
2015-01-02 05:00:00,36.56
2015-01-02 06:00:00,36.56
2015-01-02 07:00:00,36.56
2015-01-02 08:00:00,36.56
2015-01-02 09:00:00,36.56
2015-01-02 10:00:00,36.56
2015-01-02 11:00:00,36.56
2015-01-02 12:00:00,36.56
2015-01-02 13:00:00,36.56
2015-01-02 14:00:00,36.56
2015-01-02 15:00:00,36.56
2015-01-02 16:00:00,36.56
2015-01-02 17:00:00,36.56
2015-01-02 18:00:00,36.56
2015-01-02 19:00:00,36.56
2015-01-02 20:00:00,36.56
2015-01-02 21:00:00,36.56
2015-01-02 22:00:00,36.56
2015-01-02 23:00:00,36.56
2015-01-03 00:00:00,36.56
2015-01-03 01:00:00,36.56
2015-01-03 02:00:00,36.56
2015-01-03 03:00:00,36.56
2015-01-03 04:00:00,36.56
2015-01-03 05:00:00,36.56
2015-01-03 06:00:00,36.56
2015-01-03 07:00:00,36.56
2015-01-03 08:00:00,36.56
2015-01-03 09:00:00,36.56
2015-01-03 10:00:00,36.56
2015-01-03 11:00:00,36.56
2015-01-03 12:00:00,36.56
2015-01-03 13:00:00,36.56
2015-01-03 14:00:00,36.56
2015-01-03 15:00:00,36.56
2015-01-03 16:00:00,36.56
2015-01-03 17:00:00,36.56
2015-01-03 18:00:00,36.56
2015-01-03 19:00:00,36.56
2015-01-03 20:00:00,36.56
2015-01-03 21:00:00,36.56
2015-01-03 22:00:00,36.56
2015-01-03 23:00:00,36.56
2015-01-04 00:00:00,36.56
2015-01-04 01:00:00,36.56
2015-01-04 02:00:00,36.56
2015-01-04 03:00:00,36.56
2015-01-04 04:00:00,36.56
2015-01-04 05:00:00,36.56
2015-01-04 06:00:00,36.56
2015-01-04 07:00:00,36.56
2015-01-04 08:00:00,36.56
2015-01-04 09:00:00,36.56
2015-01-04 10:00:00,36.56
2015-01-04 11:00:00,36.56
2015-01-04 12:00:00,36.56
2015-01-04 13:00:00,36.56
2015-01-04 14:00:00,36.56
2015-01-04 15:00:00,36.56
2015-01-04 16:00:00,36.56
2015-01-04 17:00:00,36.56
2015-01-04 18:00:00,36.56
2015-01-04 19:00:00,36.56
2015-01-04 20:00:00,36.56
2015-01-04 21:00:00,36.56
2015-01-04 22:00:00,36.56
2015-01-04 23:00:00,36.56
2015-01-05 00:00:00,34.94
2015-01-05 01:00:00,32.19
2015-01-05 02:00:00,23.53
2015-01-05 03:00:00,22.92
2015-01-05 04:00:00,34.26
2015-01-05 05:00:00,44.28
2015-01-05 06:00:00,50.38
2015-01-05 07:00:00,53.79
2015-01-05 08:00:00,52.03
2015-01-05 09:00:00,50.6
2015-01-05 10:00:00,50.5
2015-01-05 11:00:00,48.45
2015-01-05 12:00:00,44.54
2015-01-05 13:00:00,42.0
2015-01-05 14:00:00,43.1
2015-01-05 15:00:00,46.7
2015-01-05 16:00:00,56.78
2015-01-05 17:00:00,58.84
2015-01-05 18:00:00,53.6
2015-01-05 19:00:00,46.9
2015-01-05 20:00:00,44.58
2015-01-05 21:00:00,48.7
2015-01-05 22:00:00,46.06
2015-01-05 23:00:00,45.56
2015-01-06 00:00:00,40.28
2015-01-06 01:00:00,39.2
2015-01-06 02:00:00,36.22
2015-01-06 03:00:00,34.04
2015-01-06 04:00:00,38.58
2015-01-06 05:00:00,43.32
2015-01-06 06:00:00,50.0
2015-01-06 07:00:00,49.53
2015-01-06 08:00:00,50.87
2015-01-06 09:00:00,50.86
2015-01-06 10:00:00,50.17
2015-01-06 11:00:00,47.97
2015-01-06 12:00:00,45.2
2015-01-06 13:00:00,41.45
2015-01-06 14:00:00,40.08
2015-01-06 15:00:00,43.62
2015-01-06 16:00:00,48.55
2015-01-06 17:00:00,52.32
2015-01-06 18:00:00,53.1
2015-01-06 19:00:00,48.78
2015-01-06 20:00:00,43.91
2015-01-06 21:00:00,44.58
2015-01-06 22:00:00,45.73
2015-01-06 23:00:00,40.0
2015-01-07 00:00:00,36.69
2015-01-07 01:00:00,37.45
2015-01-07 02:00:00,32.08
2015-01-07 03:00:00,29.48
2015-01-07 04:00:00,34.94
2015-01-07 05:00:00,41.74
2015-01-07 06:00:00,49.17
2015-01-07 07:00:00,54.44
2015-01-07 08:00:00,50.99
2015-01-07 09:00:00,50.0
2015-01-07 10:00:00,51.22
2015-01-07 11:00:00,50.15
2015-01-07 12:00:00,51.46
2015-01-07 13:00:00,50.88
2015-01-07 14:00:00,48.0
2015-01-07 15:00:00,47.14
2015-01-07 16:00:00,51.07
2015-01-07 17:00:00,52.46
2015-01-07 18:00:00,48.78
2015-01-07 19:00:00,47.45
2015-01-07 20:00:00,42.02
2015-01-07 21:00:00,45.57
2015-01-07 22:00:00,45.6
2015-01-07 23:00:00,43.88
2015-01-08 00:00:00,35.65
2015-01-08 01:00:00,35.87
2015-01-08 02:00:00,30.17
2015-01-08 03:00:00,24.54
2015-01-08 04:00:00,32.0
2015-01-08 05:00:00,40.96
2015-01-08 06:00:00,49.53
2015-01-08 07:00:00,48.07
2015-01-08 08:00:00,48.75
2015-01-08 09:00:00,49.29
2015-01-08 10:00:00,49.33
2015-01-08 11:00:00,48.43
2015-01-08 12:00:00,47.21
2015-01-08 13:00:00,43.47
2015-01-08 14:00:00,38.27
2015-01-08 15:00:00,41.07
2015-01-08 16:00:00,47.97
2015-01-08 17:00:00,51.25
2015-01-08 18:00:00,50.31
2015-01-08 19:00:00,47.97
2015-01-08 20:00:00,40.5
2015-01-08 21:00:00,43.8
2015-01-08 22:00:00,44.05
2015-01-08 23:00:00,32.06
2015-01-09 00:00:00,29.71
2015-01-09 01:00:00,28.53
2015-01-09 02:00:00,23.75
2015-01-09 03:00:00,16.05
2015-01-09 04:00:00,21.44
2015-01-09 05:00:00,31.86
2015-01-09 06:00:00,44.0
2015-01-09 07:00:00,45.82
2015-01-09 08:00:00,45.59
2015-01-09 09:00:00,42.52
2015-01-09 10:00:00,41.57
2015-01-09 11:00:00,41.01
2015-01-09 12:00:00,39.24
2015-01-09 13:00:00,36.29
2015-01-09 14:00:00,29.47
2015-01-09 15:00:00,30.09
2015-01-09 16:00:00,35.43
2015-01-09 17:00:00,41.0
2015-01-09 18:00:00,38.95
2015-01-09 19:00:00,32.53
2015-01-09 20:00:00,26.69
2015-01-09 21:00:00,26.56
2015-01-09 22:00:00,25.26
2015-01-09 23:00:00,19.04
2015-01-10 00:00:00,15.96
2015-01-10 01:00:00,13.7
2015-01-10 02:00:00,11.01
2015-01-10 03:00:00,9.08
2015-01-10 04:00:00,9.28
2015-01-10 05:00:00,11.76
2015-01-10 06:00:00,15.84
2015-01-10 07:00:00,16.93
2015-01-10 08:00:00,18.11
2015-01-10 09:00:00,19.19
2015-01-10 10:00:00,19.25
2015-01-10 11:00:00,20.47
2015-01-10 12:00:00,18.21
2015-01-10 13:00:00,16.21
2015-01-10 14:00:00,11.34
2015-01-10 15:00:00,14.15
2015-01-10 16:00:00,18.64
2015-01-10 17:00:00,24.45
2015-01-10 18:00:00,27.75
2015-01-10 19:00:00,24.56
2015-01-10 20:00:00,18.75
2015-01-10 21:00:00,25.81
2015-01-10 22:00:00,27.67
2015-01-10 23:00:00,26.95
2015-01-11 00:00:00,24.22
2015-01-11 01:00:00,27.08
2015-01-11 02:00:00,20.91
2015-01-11 03:00:00,13.09
2015-01-11 04:00:00,16.41
2015-01-11 05:00:00,18.72
2015-01-11 06:00:00,17.21
2015-01-11 07:00:00,21.2
2015-01-11 08:00:00,25.96
2015-01-11 09:00:00,28.83
2015-01-11 10:00:00,30.73
2015-01-11 11:00:00,31.8
2015-01-11 12:00:00,30.37
2015-01-11 13:00:00,23.39
2015-01-11 14:00:00,12.7
2015-01-11 15:00:00,18.49
2015-01-11 16:00:00,25.81
2015-01-11 17:00:00,35.48
2015-01-11 18:00:00,42.0
2015-01-11 19:00:00,36.08
2015-01-11 20:00:00,31.8
2015-01-11 21:00:00,33.0
2015-01-11 22:00:00,32.19
2015-01-11 23:00:00,27.59
2015-01-12 00:00:00,26.81
2015-01-12 01:00:00,25.75
2015-01-12 02:00:00,17.86
2015-01-12 03:00:00,15.16
2015-01-12 04:00:00,19.84
2015-01-12 05:00:00,33.98
2015-01-12 06:00:00,45.51
2015-01-12 07:00:00,48.06
2015-01-12 08:00:00,46.2
2015-01-12 09:00:00,45.0
2015-01-12 10:00:00,45.38
2015-01-12 11:00:00,42.49
2015-01-12 12:00:00,41.53
2015-01-12 13:00:00,36.31
2015-01-12 14:00:00,32.37
2015-01-12 15:00:00,33.53
2015-01-12 16:00:00,41.31
2015-01-12 17:00:00,47.89
2015-01-12 18:00:00,48.42
2015-01-12 19:00:00,41.89
2015-01-12 20:00:00,35.24
2015-01-12 21:00:00,37.44
2015-01-12 22:00:00,35.0
2015-01-12 23:00:00,33.04
2015-01-13 00:00:00,26.56
2015-01-13 01:00:00,26.29
2015-01-13 02:00:00,17.44
2015-01-13 03:00:00,11.26
2015-01-13 04:00:00,22.29
2015-01-13 05:00:00,33.78
2015-01-13 06:00:00,44.94
2015-01-13 07:00:00,49.04
2015-01-13 08:00:00,49.64
2015-01-13 09:00:00,48.1
2015-01-13 10:00:00,46.95
2015-01-13 11:00:00,46.04
2015-01-13 12:00:00,43.38
2015-01-13 13:00:00,36.48
2015-01-13 14:00:00,33.05
2015-01-13 15:00:00,34.13
2015-01-13 16:00:00,43.03
2015-01-13 17:00:00,49.22
2015-01-13 18:00:00,46.38
2015-01-13 19:00:00,42.44
2015-01-13 20:00:00,33.36
2015-01-13 21:00:00,33.97
2015-01-13 22:00:00,31.39
2015-01-13 23:00:00,34.58
2015-01-14 00:00:00,29.67
2015-01-14 01:00:00,27.49
2015-01-14 02:00:00,21.3
2015-01-14 03:00:00,15.59
2015-01-14 04:00:00,18.9
2015-01-14 05:00:00,34.78
2015-01-14 06:00:00,48.0
2015-01-14 07:00:00,47.79
2015-01-14 08:00:00,48.14
2015-01-14 09:00:00,45.5
2015-01-14 10:00:00,45.03
2015-01-14 11:00:00,45.5
2015-01-14 12:00:00,40.81
2015-01-14 13:00:00,42.04
2015-01-14 14:00:00,38.94
2015-01-14 15:00:00,41.15
2015-01-14 16:00:00,48.93
2015-01-14 17:00:00,50.99
2015-01-14 18:00:00,50.94
2015-01-14 19:00:00,44.99
2015-01-14 20:00:00,38.62
2015-01-14 21:00:00,39.54
2015-01-14 22:00:00,38.92
2015-01-14 23:00:00,30.44
2015-01-15 00:00:00,24.91
2015-01-15 01:00:00,22.67
2015-01-15 02:00:00,16.87
2015-01-15 03:00:00,15.43
2015-01-15 04:00:00,16.05
2015-01-15 05:00:00,32.33
2015-01-15 06:00:00,48.62
2015-01-15 07:00:00,49.01
2015-01-15 08:00:00,47.58
2015-01-15 09:00:00,45.94
2015-01-15 10:00:00,46.54
2015-01-15 11:00:00,45.46
2015-01-15 12:00:00,42.94
2015-01-15 13:00:00,38.18
2015-01-15 14:00:00,35.54
2015-01-15 15:00:00,35.68
2015-01-15 16:00:00,41.66
2015-01-15 17:00:00,50.45
2015-01-15 18:00:00,49.47
2015-01-15 19:00:00,42.98
2015-01-15 20:00:00,35.42
2015-01-15 21:00:00,35.49
2015-01-15 22:00:00,34.75
2015-01-15 23:00:00,35.95
2015-01-16 00:00:00,30.86
2015-01-16 01:00:00,29.47
2015-01-16 02:00:00,24.74
2015-01-16 03:00:00,22.95
2015-01-16 04:00:00,29.58
2015-01-16 05:00:00,39.73
2015-01-16 06:00:00,49.49
2015-01-16 07:00:00,50.71
2015-01-16 08:00:00,48.98
2015-01-16 09:00:00,50.54
2015-01-16 10:00:00,49.76
2015-01-16 11:00:00,48.43
2015-01-16 12:00:00,46.17
2015-01-16 13:00:00,44.99
2015-01-16 14:00:00,44.05
2015-01-16 15:00:00,47.1
2015-01-16 16:00:00,52.49
2015-01-16 17:00:00,53.54
2015-01-16 18:00:00,48.02
2015-01-16 19:00:00,41.51
2015-01-16 20:00:00,37.92
2015-01-16 21:00:00,40.64
2015-01-16 22:00:00,43.18
2015-01-16 23:00:00,36.54
2015-01-17 00:00:00,33.17
2015-01-17 01:00:00,32.26
2015-01-17 02:00:00,27.92
2015-01-17 03:00:00,27.05
2015-01-17 04:00:00,27.24
2015-01-17 05:00:00,27.41
2015-01-17 06:00:00,33.17
2015-01-17 07:00:00,41.99
2015-01-17 08:00:00,47.44
2015-01-17 09:00:00,46.57
2015-01-17 10:00:00,43.39
2015-01-17 11:00:00,43.0
2015-01-17 12:00:00,38.08
2015-01-17 13:00:00,34.5
2015-01-17 14:00:00,31.27
2015-01-17 15:00:00,33.84
2015-01-17 16:00:00,42.44
2015-01-17 17:00:00,45.84
2015-01-17 18:00:00,46.43
2015-01-17 19:00:00,39.96
2015-01-17 20:00:00,32.6
2015-01-17 21:00:00,37.78
2015-01-17 22:00:00,37.78
2015-01-17 23:00:00,36.24
2015-01-18 00:00:00,33.8
2015-01-18 01:00:00,28.75
2015-01-18 02:00:00,27.57
2015-01-18 03:00:00,24.34
2015-01-18 04:00:00,25.68
2015-01-18 05:00:00,28.79
2015-01-18 06:00:00,31.41
2015-01-18 07:00:00,33.0
2015-01-18 08:00:00,37.23
2015-01-18 09:00:00,39.07
2015-01-18 10:00:00,42.44
2015-01-18 11:00:00,43.33
2015-01-18 12:00:00,38.25
2015-01-18 13:00:00,33.88
2015-01-18 14:00:00,29.91
2015-01-18 15:00:00,30.44
2015-01-18 16:00:00,38.42
2015-01-18 17:00:00,48.95
2015-01-18 18:00:00,51.02
2015-01-18 19:00:00,50.62
2015-01-18 20:00:00,42.44
2015-01-18 21:00:00,44.94
2015-01-18 22:00:00,42.51
2015-01-18 23:00:00,38.24
2015-01-19 00:00:00,34.9
2015-01-19 01:00:00,33.04
2015-01-19 02:00:00,29.53
2015-01-19 03:00:00,28.07
2015-01-19 04:00:00,31.17
2015-01-19 05:00:00,42.87
2015-01-19 06:00:00,52.07
2015-01-19 07:00:00,56.49
2015-01-19 08:00:00,52.38
2015-01-19 09:00:00,52.34
2015-01-19 10:00:00,50.68
2015-01-19 11:00:00,49.31
2015-01-19 12:00:00,48.84
2015-01-19 13:00:00,47.72
2015-01-19 14:00:00,47.43
2015-01-19 15:00:00,48.19
2015-01-19 16:00:00,52.16
2015-01-19 17:00:00,64.7
2015-01-19 18:00:00,54.91
2015-01-19 19:00:00,51.04
2015-01-19 20:00:00,44.36
2015-01-19 21:00:00,49.5
2015-01-19 22:00:00,49.86
2015-01-19 23:00:00,43.02
2015-01-20 00:00:00,41.33
2015-01-20 01:00:00,42.02
2015-01-20 02:00:00,36.28
2015-01-20 03:00:00,33.41
2015-01-20 04:00:00,38.71
2015-01-20 05:00:00,44.67
2015-01-20 06:00:00,53.39
2015-01-20 07:00:00,58.88
2015-01-20 08:00:00,58.8
2015-01-20 09:00:00,57.34
2015-01-20 10:00:00,57.46
2015-01-20 11:00:00,53.53
2015-01-20 12:00:00,52.93
2015-01-20 13:00:00,52.38
2015-01-20 14:00:00,52.1
2015-01-20 15:00:00,51.04
2015-01-20 16:00:00,58.55
2015-01-20 17:00:00,66.65
2015-01-20 18:00:00,56.02
2015-01-20 19:00:00,50.09
2015-01-20 20:00:00,42.73
2015-01-20 21:00:00,46.75
2015-01-20 22:00:00,45.53
2015-01-20 23:00:00,44.8
2015-01-21 00:00:00,44.15
2015-01-21 01:00:00,44.15
2015-01-21 02:00:00,38.99
2015-01-21 03:00:00,37.68
2015-01-21 04:00:00,39.52
2015-01-21 05:00:00,44.78
2015-01-21 06:00:00,54.12
2015-01-21 07:00:00,58.39
2015-01-21 08:00:00,61.72
2015-01-21 09:00:00,61.34
2015-01-21 10:00:00,62.08
2015-01-21 11:00:00,55.73
2015-01-21 12:00:00,52.6
2015-01-21 13:00:00,48.0
2015-01-21 14:00:00,50.0
2015-01-21 15:00:00,51.02
2015-01-21 16:00:00,55.47
2015-01-21 17:00:00,59.82
2015-01-21 18:00:00,57.66
2015-01-21 19:00:00,50.25
2015-01-21 20:00:00,45.0
2015-01-21 21:00:00,42.0
2015-01-21 22:00:00,43.96
2015-01-21 23:00:00,43.57
2015-01-22 00:00:00,42.24
2015-01-22 01:00:00,39.5
2015-01-22 02:00:00,35.51
2015-01-22 03:00:00,35.31
2015-01-22 04:00:00,41.55
2015-01-22 05:00:00,45.48
2015-01-22 06:00:00,53.41
2015-01-22 07:00:00,59.66
2015-01-22 08:00:00,61.57
2015-01-22 09:00:00,63.27
2015-01-22 10:00:00,61.45
2015-01-22 11:00:00,55.35
2015-01-22 12:00:00,54.01
2015-01-22 13:00:00,51.54
2015-01-22 14:00:00,49.99
2015-01-22 15:00:00,51.99
2015-01-22 16:00:00,59.2
2015-01-22 17:00:00,64.56
2015-01-22 18:00:00,64.57
2015-01-22 19:00:00,56.5
2015-01-22 20:00:00,48.15
2015-01-22 21:00:00,49.41
2015-01-22 22:00:00,48.0
2015-01-22 23:00:00,42.34
2015-01-23 00:00:00,42.1
2015-01-23 01:00:00,39.4
2015-01-23 02:00:00,38.0
2015-01-23 03:00:00,35.0
2015-01-23 04:00:00,38.0
2015-01-23 05:00:00,43.6
2015-01-23 06:00:00,54.96
2015-01-23 07:00:00,60.72
2015-01-23 08:00:00,61.62
2015-01-23 09:00:00,61.48
2015-01-23 10:00:00,56.6
2015-01-23 11:00:00,52.9
2015-01-23 12:00:00,50.14
2015-01-23 13:00:00,46.58
2015-01-23 14:00:00,44.09
2015-01-23 15:00:00,45.18
2015-01-23 16:00:00,49.98
2015-01-23 17:00:00,57.24
2015-01-23 18:00:00,55.82
2015-01-23 19:00:00,49.48
2015-01-23 20:00:00,44.28
2015-01-23 21:00:00,46.25
2015-01-23 22:00:00,46.29
2015-01-23 23:00:00,44.01
2015-01-24 00:00:00,43.12
2015-01-24 01:00:00,40.68
2015-01-24 02:00:00,36.1
2015-01-24 03:00:00,35.0
2015-01-24 04:00:00,35.0
2015-01-24 05:00:00,39.1
2015-01-24 06:00:00,41.35
2015-01-24 07:00:00,42.58
2015-01-24 08:00:00,46.67
2015-01-24 09:00:00,45.45
2015-01-24 10:00:00,46.87
2015-01-24 11:00:00,45.92
2015-01-24 12:00:00,41.34
2015-01-24 13:00:00,38.53
2015-01-24 14:00:00,35.85
2015-01-24 15:00:00,34.52
2015-01-24 16:00:00,40.46
2015-01-24 17:00:00,50.75
2015-01-24 18:00:00,51.4
2015-01-24 19:00:00,47.26
2015-01-24 20:00:00,42.11
2015-01-24 21:00:00,47.16
2015-01-24 22:00:00,45.95
2015-01-24 23:00:00,44.63
2015-01-25 00:00:00,39.87
2015-01-25 01:00:00,39.02
2015-01-25 02:00:00,33.81
2015-01-25 03:00:00,29.83
2015-01-25 04:00:00,28.64
2015-01-25 05:00:00,31.23
2015-01-25 06:00:00,35.11
2015-01-25 07:00:00,39.01
2015-01-25 08:00:00,41.1
2015-01-25 09:00:00,41.75
2015-01-25 10:00:00,41.77
2015-01-25 11:00:00,43.17
2015-01-25 12:00:00,40.44
2015-01-25 13:00:00,38.5
2015-01-25 14:00:00,34.82
2015-01-25 15:00:00,35.9
2015-01-25 16:00:00,40.5
2015-01-25 17:00:00,51.43
2015-01-25 18:00:00,51.81
2015-01-25 19:00:00,48.83
2015-01-25 20:00:00,44.19
2015-01-25 21:00:00,45.46
2015-01-25 22:00:00,45.17
2015-01-25 23:00:00,40.84
2015-01-26 00:00:00,38.0
2015-01-26 01:00:00,35.09
2015-01-26 02:00:00,32.0
2015-01-26 03:00:00,30.1
2015-01-26 04:00:00,36.99
2015-01-26 05:00:00,45.1
2015-01-26 06:00:00,55.16
2015-01-26 07:00:00,56.16
2015-01-26 08:00:00,55.55
2015-01-26 09:00:00,53.63
2015-01-26 10:00:00,53.79
2015-01-26 11:00:00,51.47
2015-01-26 12:00:00,51.87
2015-01-26 13:00:00,52.85
2015-01-26 14:00:00,49.69
2015-01-26 15:00:00,45.46
2015-01-26 16:00:00,50.06
2015-01-26 17:00:00,58.85
2015-01-26 18:00:00,54.94
2015-01-26 19:00:00,48.5
2015-01-26 20:00:00,43.84
2015-01-26 21:00:00,44.0
2015-01-26 22:00:00,47.41
2015-01-26 23:00:00,41.64
2015-01-27 00:00:00,40.4
2015-01-27 01:00:00,41.1
2015-01-27 02:00:00,38.05
2015-01-27 03:00:00,33.68
2015-01-27 04:00:00,39.03
2015-01-27 05:00:00,45.21
2015-01-27 06:00:00,51.76
2015-01-27 07:00:00,54.61
2015-01-27 08:00:00,55.13
2015-01-27 09:00:00,55.07
2015-01-27 10:00:00,52.91
2015-01-27 11:00:00,49.25
2015-01-27 12:00:00,49.49
2015-01-27 13:00:00,49.48
2015-01-27 14:00:00,46.97
2015-01-27 15:00:00,45.36
2015-01-27 16:00:00,52.62
2015-01-27 17:00:00,63.29
2015-01-27 18:00:00,60.17
2015-01-27 19:00:00,52.02
2015-01-27 20:00:00,47.93
2015-01-27 21:00:00,47.2
2015-01-27 22:00:00,45.14
2015-01-27 23:00:00,42.74
2015-01-28 00:00:00,40.38
2015-01-28 01:00:00,39.26
2015-01-28 02:00:00,36.71
2015-01-28 03:00:00,30.8
2015-01-28 04:00:00,29.76
2015-01-28 05:00:00,42.07
2015-01-28 06:00:00,48.45
2015-01-28 07:00:00,52.15
2015-01-28 08:00:00,52.15
2015-01-28 09:00:00,51.59
2015-01-28 10:00:00,51.59
2015-01-28 11:00:00,49.83
2015-01-28 12:00:00,48.41
2015-01-28 13:00:00,44.39
2015-01-28 14:00:00,40.0
2015-01-28 15:00:00,40.22
2015-01-28 16:00:00,44.42
2015-01-28 17:00:00,51.0
2015-01-28 18:00:00,50.37
2015-01-28 19:00:00,52.59
2015-01-28 20:00:00,49.35
2015-01-28 21:00:00,49.13
2015-01-28 22:00:00,45.94
2015-01-28 23:00:00,45.28
2015-01-29 00:00:00,42.67
2015-01-29 01:00:00,42.05
2015-01-29 02:00:00,41.23
2015-01-29 03:00:00,38.48
2015-01-29 04:00:00,40.0
2015-01-29 05:00:00,44.52
2015-01-29 06:00:00,49.69
2015-01-29 07:00:00,57.64
2015-01-29 08:00:00,59.82
2015-01-29 09:00:00,61.44
2015-01-29 10:00:00,56.01
2015-01-29 11:00:00,50.56
2015-01-29 12:00:00,51.03
2015-01-29 13:00:00,54.25
2015-01-29 14:00:00,52.73
2015-01-29 15:00:00,50.49
2015-01-29 16:00:00,61.46
2015-01-29 17:00:00,67.67
2015-01-29 18:00:00,58.38
2015-01-29 19:00:00,47.87
2015-01-29 20:00:00,39.9
2015-01-29 21:00:00,36.07
2015-01-29 22:00:00,41.1
2015-01-29 23:00:00,33.02
2015-01-30 00:00:00,28.06
2015-01-30 01:00:00,26.42
2015-01-30 02:00:00,24.74
2015-01-30 03:00:00,23.89
2015-01-30 04:00:00,26.07
2015-01-30 05:00:00,38.3
2015-01-30 06:00:00,48.76
2015-01-30 07:00:00,49.19
2015-01-30 08:00:00,49.02
2015-01-30 09:00:00,49.51
2015-01-30 10:00:00,48.43
2015-01-30 11:00:00,47.45
2015-01-30 12:00:00,44.95
2015-01-30 13:00:00,43.24
2015-01-30 14:00:00,43.71
2015-01-30 15:00:00,44.0
2015-01-30 16:00:00,46.69
2015-01-30 17:00:00,50.0
2015-01-30 18:00:00,52.01
2015-01-30 19:00:00,49.0
2015-01-30 20:00:00,42.94
2015-01-30 21:00:00,45.48
2015-01-30 22:00:00,45.51
2015-01-30 23:00:00,48.98
2015-01-31 00:00:00,41.15
2015-01-31 01:00:00,39.69
2015-01-31 02:00:00,33.11
2015-01-31 03:00:00,29.75
2015-01-31 04:00:00,33.3
2015-01-31 05:00:00,37.42
2015-01-31 06:00:00,38.92
2015-01-31 07:00:00,44.29
2015-01-31 08:00:00,47.57
2015-01-31 09:00:00,48.19
2015-01-31 10:00:00,47.0
2015-01-31 11:00:00,48.94
2015-01-31 12:00:00,47.25
2015-01-31 13:00:00,40.55
2015-01-31 14:00:00,37.27
2015-01-31 15:00:00,37.19
2015-01-31 16:00:00,42.99
2015-01-31 17:00:00,50.96
2015-01-31 18:00:00,48.93
2015-01-31 19:00:00,43.35
2015-01-31 20:00:00,37.54
2015-01-31 21:00:00,40.36
2015-01-31 22:00:00,43.17
2015-01-31 23:00:00,39.89
2015-02-01 00:00:00,33.26
2015-02-01 01:00:00,29.15
2015-02-01 02:00:00,25.63
2015-02-01 03:00:00,25.78
2015-02-01 04:00:00,25.99
2015-02-01 05:00:00,24.26
2015-02-01 06:00:00,26.48
2015-02-01 07:00:00,31.15
2015-02-01 08:00:00,36.21
2015-02-01 09:00:00,38.84
2015-02-01 10:00:00,39.94
2015-02-01 11:00:00,41.59
2015-02-01 12:00:00,35.91
2015-02-01 13:00:00,30.54
2015-02-01 14:00:00,28.88
2015-02-01 15:00:00,29.89
2015-02-01 16:00:00,36.85
2015-02-01 17:00:00,50.79
2015-02-01 18:00:00,52.05
2015-02-01 19:00:00,52.01
2015-02-01 20:00:00,47.87
2015-02-01 21:00:00,45.8
2015-02-01 22:00:00,41.74
2015-02-01 23:00:00,42.47
2015-02-02 00:00:00,36.67
2015-02-02 01:00:00,36.4
2015-02-02 02:00:00,31.04
2015-02-02 03:00:00,29.87
2015-02-02 04:00:00,34.9
2015-02-02 05:00:00,43.47
2015-02-02 06:00:00,58.82
2015-02-02 07:00:00,60.41
2015-02-02 08:00:00,61.33
2015-02-02 09:00:00,63.89
2015-02-02 10:00:00,62.61
2015-02-02 11:00:00,59.13
2015-02-02 12:00:00,57.99
2015-02-02 13:00:00,54.52
2015-02-02 14:00:00,45.74
2015-02-02 15:00:00,47.99
2015-02-02 16:00:00,58.96
2015-02-02 17:00:00,97.53
2015-02-02 18:00:00,95.74
2015-02-02 19:00:00,61.99
2015-02-02 20:00:00,54.1
2015-02-02 21:00:00,51.0
2015-02-02 22:00:00,51.27
2015-02-02 23:00:00,45.0
2015-02-03 00:00:00,40.67
2015-02-03 01:00:00,43.76
2015-02-03 02:00:00,40.35
2015-02-03 03:00:00,40.53
2015-02-03 04:00:00,42.53
2015-02-03 05:00:00,47.44
2015-02-03 06:00:00,61.3
2015-02-03 07:00:00,63.78
2015-02-03 08:00:00,68.78
2015-02-03 09:00:00,72.24
2015-02-03 10:00:00,65.34
2015-02-03 11:00:00,66.23
2015-02-03 12:00:00,57.03
2015-02-03 13:00:00,57.57
2015-02-03 14:00:00,55.76
2015-02-03 15:00:00,54.39
2015-02-03 16:00:00,60.07
2015-02-03 17:00:00,95.66
2015-02-03 18:00:00,68.71
2015-02-03 19:00:00,61.75
2015-02-03 20:00:00,53.17
2015-02-03 21:00:00,51.8
2015-02-03 22:00:00,46.98
2015-02-03 23:00:00,44.0
2015-02-04 00:00:00,44.87
2015-02-04 01:00:00,45.34
2015-02-04 02:00:00,42.23
2015-02-04 03:00:00,40.29
2015-02-04 04:00:00,44.03
2015-02-04 05:00:00,47.37
2015-02-04 06:00:00,58.46
2015-02-04 07:00:00,61.76
2015-02-04 08:00:00,62.59
2015-02-04 09:00:00,62.56
2015-02-04 10:00:00,63.51
2015-02-04 11:00:00,56.86
2015-02-04 12:00:00,53.53
2015-02-04 13:00:00,51.45
2015-02-04 14:00:00,49.88
2015-02-04 15:00:00,49.92
2015-02-04 16:00:00,59.37
2015-02-04 17:00:00,77.21
2015-02-04 18:00:00,62.73
2015-02-04 19:00:00,56.07
2015-02-04 20:00:00,50.83
2015-02-04 21:00:00,50.81
2015-02-04 22:00:00,49.58
2015-02-04 23:00:00,46.72
2015-02-05 00:00:00,46.24
2015-02-05 01:00:00,46.5
2015-02-05 02:00:00,41.06
2015-02-05 03:00:00,40.3
2015-02-05 04:00:00,42.41
2015-02-05 05:00:00,48.19
2015-02-05 06:00:00,63.79
2015-02-05 07:00:00,62.06
2015-02-05 08:00:00,63.62
2015-02-05 09:00:00,63.14
2015-02-05 10:00:00,59.91
2015-02-05 11:00:00,60.72
2015-02-05 12:00:00,58.13
2015-02-05 13:00:00,52.42
2015-02-05 14:00:00,47.24
2015-02-05 15:00:00,44.04
2015-02-05 16:00:00,50.75
2015-02-05 17:00:00,62.27
2015-02-05 18:00:00,61.01
2015-02-05 19:00:00,57.92
2015-02-05 20:00:00,50.34
2015-02-05 21:00:00,47.5
2015-02-05 22:00:00,46.25
2015-02-05 23:00:00,44.85
2015-02-06 00:00:00,41.92
2015-02-06 01:00:00,40.25
2015-02-06 02:00:00,39.35
2015-02-06 03:00:00,35.93
2015-02-06 04:00:00,39.53
2015-02-06 05:00:00,48.43
2015-02-06 06:00:00,59.48
2015-02-06 07:00:00,68.86
2015-02-06 08:00:00,69.72
2015-02-06 09:00:00,70.24
2015-02-06 10:00:00,62.96
2015-02-06 11:00:00,54.4
2015-02-06 12:00:00,50.92
2015-02-06 13:00:00,50.16
2015-02-06 14:00:00,47.0
2015-02-06 15:00:00,45.1
2015-02-06 16:00:00,50.19
2015-02-06 17:00:00,58.72
2015-02-06 18:00:00,57.99
2015-02-06 19:00:00,52.51
2015-02-06 20:00:00,50.95
2015-02-06 21:00:00,51.91
2015-02-06 22:00:00,50.01
2015-02-06 23:00:00,53.68
2015-02-07 00:00:00,51.49
2015-02-07 01:00:00,50.0
2015-02-07 02:00:00,44.05
2015-02-07 03:00:00,42.45
2015-02-07 04:00:00,43.94
2015-02-07 05:00:00,45.21
2015-02-07 06:00:00,49.11
2015-02-07 07:00:00,49.97
2015-02-07 08:00:00,53.81
2015-02-07 09:00:00,56.62
2015-02-07 10:00:00,55.19
2015-02-07 11:00:00,52.5
2015-02-07 12:00:00,49.23
2015-02-07 13:00:00,48.4
2015-02-07 14:00:00,48.93
2015-02-07 15:00:00,44.35
2015-02-07 16:00:00,48.4
2015-02-07 17:00:00,65.06
2015-02-07 18:00:00,70.03
2015-02-07 19:00:00,63.21
2015-02-07 20:00:00,56.49
2015-02-07 21:00:00,55.19
2015-02-07 22:00:00,53.24
2015-02-07 23:00:00,62.86
2015-02-08 00:00:00,60.43
2015-02-08 01:00:00,57.53
2015-02-08 02:00:00,49.63
2015-02-08 03:00:00,40.44
2015-02-08 04:00:00,40.93
2015-02-08 05:00:00,42.82
2015-02-08 06:00:00,44.28
2015-02-08 07:00:00,42.73
2015-02-08 08:00:00,43.76
2015-02-08 09:00:00,46.49
2015-02-08 10:00:00,49.63
2015-02-08 11:00:00,46.48
2015-02-08 12:00:00,46.01
2015-02-08 13:00:00,39.94
2015-02-08 14:00:00,38.72
2015-02-08 15:00:00,38.23
2015-02-08 16:00:00,42.95
2015-02-08 17:00:00,59.32
2015-02-08 18:00:00,73.03
2015-02-08 19:00:00,56.33
2015-02-08 20:00:00,49.88
2015-02-08 21:00:00,48.66
2015-02-08 22:00:00,48.49
2015-02-08 23:00:00,52.2
2015-02-09 00:00:00,46.06
2015-02-09 01:00:00,48.12
2015-02-09 02:00:00,42.77
2015-02-09 03:00:00,41.12
2015-02-09 04:00:00,44.84
2015-02-09 05:00:00,50.34
2015-02-09 06:00:00,59.89
2015-02-09 07:00:00,62.83
2015-02-09 08:00:00,65.49
2015-02-09 09:00:00,73.81
2015-02-09 10:00:00,72.41
2015-02-09 11:00:00,72.41
2015-02-09 12:00:00,66.8
2015-02-09 13:00:00,55.1
2015-02-09 14:00:00,54.16
2015-02-09 15:00:00,52.06
2015-02-09 16:00:00,58.9
2015-02-09 17:00:00,115.0
2015-02-09 18:00:00,100.03
2015-02-09 19:00:00,77.56
2015-02-09 20:00:00,63.89
2015-02-09 21:00:00,59.34
2015-02-09 22:00:00,55.7
2015-02-09 23:00:00,50.3
2015-02-10 00:00:00,50.6
2015-02-10 01:00:00,50.78
2015-02-10 02:00:00,47.96
2015-02-10 03:00:00,44.82
2015-02-10 04:00:00,48.93
2015-02-10 05:00:00,52.38
2015-02-10 06:00:00,71.97
2015-02-10 07:00:00,82.53
2015-02-10 08:00:00,75.75
2015-02-10 09:00:00,78.68
2015-02-10 10:00:00,77.13
2015-02-10 11:00:00,68.78
2015-02-10 12:00:00,66.69
2015-02-10 13:00:00,61.9
2015-02-10 14:00:00,54.92
2015-02-10 15:00:00,51.69
2015-02-10 16:00:00,61.41
2015-02-10 17:00:00,84.94
2015-02-10 18:00:00,71.0
2015-02-10 19:00:00,71.0
2015-02-10 20:00:00,56.42
2015-02-10 21:00:00,57.49
2015-02-10 22:00:00,52.41
2015-02-10 23:00:00,50.01
2015-02-11 00:00:00,47.41
2015-02-11 01:00:00,45.42
2015-02-11 02:00:00,43.76
2015-02-11 03:00:00,42.39
2015-02-11 04:00:00,44.3
2015-02-11 05:00:00,49.78
2015-02-11 06:00:00,60.32
2015-02-11 07:00:00,68.03
2015-02-11 08:00:00,72.02
2015-02-11 09:00:00,70.95
2015-02-11 10:00:00,61.74
2015-02-11 11:00:00,56.22
2015-02-11 12:00:00,52.77
2015-02-11 13:00:00,49.68
2015-02-11 14:00:00,49.8
2015-02-11 15:00:00,50.86
2015-02-11 16:00:00,58.48
2015-02-11 17:00:00,81.37
2015-02-11 18:00:00,71.62
2015-02-11 19:00:00,58.7
2015-02-11 20:00:00,53.09
2015-02-11 21:00:00,53.95
2015-02-11 22:00:00,51.97
2015-02-11 23:00:00,46.56
2015-02-12 00:00:00,45.74
2015-02-12 01:00:00,46.0
2015-02-12 02:00:00,43.81
2015-02-12 03:00:00,42.99
2015-02-12 04:00:00,45.04
2015-02-12 05:00:00,53.35
2015-02-12 06:00:00,63.78
2015-02-12 07:00:00,70.6
2015-02-12 08:00:00,75.71
2015-02-12 09:00:00,61.41
2015-02-12 10:00:00,56.35
2015-02-12 11:00:00,54.98
2015-02-12 12:00:00,51.44
2015-02-12 13:00:00,46.95
2015-02-12 14:00:00,45.47
2015-02-12 15:00:00,49.96
2015-02-12 16:00:00,57.58
2015-02-12 17:00:00,72.0
2015-02-12 18:00:00,69.94
2015-02-12 19:00:00,54.98
2015-02-12 20:00:00,46.72
2015-02-12 21:00:00,48.05
2015-02-12 22:00:00,48.25
2015-02-12 23:00:00,50.73
2015-02-13 00:00:00,49.07
2015-02-13 01:00:00,45.3
2015-02-13 02:00:00,42.43
2015-02-13 03:00:00,41.62
2015-02-13 04:00:00,41.71
2015-02-13 05:00:00,45.42
2015-02-13 06:00:00,58.25
2015-02-13 07:00:00,57.84
2015-02-13 08:00:00,59.97
2015-02-13 09:00:00,56.59
2015-02-13 10:00:00,55.05
2015-02-13 11:00:00,52.38
2015-02-13 12:00:00,49.89
2015-02-13 13:00:00,47.8
2015-02-13 14:00:00,44.19
2015-02-13 15:00:00,43.2
2015-02-13 16:00:00,45.75
2015-02-13 17:00:00,51.49
2015-02-13 18:00:00,55.36
2015-02-13 19:00:00,49.96
2015-02-13 20:00:00,44.63
2015-02-13 21:00:00,46.93
2015-02-13 22:00:00,46.3
2015-02-13 23:00:00,41.3
2015-02-14 00:00:00,36.19
2015-02-14 01:00:00,35.68
2015-02-14 02:00:00,33.18
2015-02-14 03:00:00,27.68
2015-02-14 04:00:00,31.23
2015-02-14 05:00:00,33.93
2015-02-14 06:00:00,36.12
2015-02-14 07:00:00,37.8
2015-02-14 08:00:00,44.02
2015-02-14 09:00:00,47.31
2015-02-14 10:00:00,47.1
2015-02-14 11:00:00,48.3
2015-02-14 12:00:00,44.38
2015-02-14 13:00:00,40.73
2015-02-14 14:00:00,35.9
2015-02-14 15:00:00,36.35
2015-02-14 16:00:00,40.69
2015-02-14 17:00:00,47.45
2015-02-14 18:00:00,49.1
2015-02-14 19:00:00,45.1
2015-02-14 20:00:00,42.61
2015-02-14 21:00:00,42.71
2015-02-14 22:00:00,43.76
2015-02-14 23:00:00,42.44
2015-02-15 00:00:00,39.55
2015-02-15 01:00:00,36.75
2015-02-15 02:00:00,33.38
2015-02-15 03:00:00,31.12
2015-02-15 04:00:00,30.34
2015-02-15 05:00:00,33.09
2015-02-15 06:00:00,32.92
2015-02-15 07:00:00,36.72
2015-02-15 08:00:00,43.12
2015-02-15 09:00:00,42.23
2015-02-15 10:00:00,43.27
2015-02-15 11:00:00,45.45
2015-02-15 12:00:00,41.48
2015-02-15 13:00:00,35.85
2015-02-15 14:00:00,32.33
2015-02-15 15:00:00,29.94
2015-02-15 16:00:00,40.78
2015-02-15 17:00:00,55.08
2015-02-15 18:00:00,59.57
2015-02-15 19:00:00,54.92
2015-02-15 20:00:00,53.15
2015-02-15 21:00:00,54.33
2015-02-15 22:00:00,49.74
2015-02-15 23:00:00,49.41
2015-02-16 00:00:00,44.23
2015-02-16 01:00:00,45.93
2015-02-16 02:00:00,42.35
2015-02-16 03:00:00,39.26
2015-02-16 04:00:00,44.43
2015-02-16 05:00:00,50.97
2015-02-16 06:00:00,62.21
2015-02-16 07:00:00,57.66
2015-02-16 08:00:00,65.1
2015-02-16 09:00:00,66.73
2015-02-16 10:00:00,68.03
2015-02-16 11:00:00,63.3
2015-02-16 12:00:00,61.49
2015-02-16 13:00:00,54.01
2015-02-16 14:00:00,49.87
2015-02-16 15:00:00,52.46
2015-02-16 16:00:00,54.76
2015-02-16 17:00:00,65.34
2015-02-16 18:00:00,67.7
2015-02-16 19:00:00,61.49
2015-02-16 20:00:00,53.01
2015-02-16 21:00:00,49.99
2015-02-16 22:00:00,51.1
2015-02-16 23:00:00,46.96
2015-02-17 00:00:00,42.41
2015-02-17 01:00:00,41.23
2015-02-17 02:00:00,39.93
2015-02-17 03:00:00,36.26
2015-02-17 04:00:00,41.75
2015-02-17 05:00:00,47.54
2015-02-17 06:00:00,55.03
2015-02-17 07:00:00,55.55
2015-02-17 08:00:00,55.21
2015-02-17 09:00:00,55.49
2015-02-17 10:00:00,57.31
2015-02-17 11:00:00,54.18
2015-02-17 12:00:00,53.0
2015-02-17 13:00:00,51.07
2015-02-17 14:00:00,44.54
2015-02-17 15:00:00,44.92
2015-02-17 16:00:00,49.6
2015-02-17 17:00:00,62.51
2015-02-17 18:00:00,56.92
2015-02-17 19:00:00,53.59
2015-02-17 20:00:00,48.99
2015-02-17 21:00:00,52.0
2015-02-17 22:00:00,49.62
2015-02-17 23:00:00,47.96
2015-02-18 00:00:00,41.95
2015-02-18 01:00:00,42.08
2015-02-18 02:00:00,40.0
2015-02-18 03:00:00,39.26
2015-02-18 04:00:00,41.15
2015-02-18 05:00:00,49.09
2015-02-18 06:00:00,54.62
2015-02-18 07:00:00,57.8
2015-02-18 08:00:00,58.33
2015-02-18 09:00:00,56.69
2015-02-18 10:00:00,54.8
2015-02-18 11:00:00,54.85
2015-02-18 12:00:00,53.05
2015-02-18 13:00:00,50.36
2015-02-18 14:00:00,49.82
2015-02-18 15:00:00,47.06
2015-02-18 16:00:00,51.3
2015-02-18 17:00:00,58.85
2015-02-18 18:00:00,61.55
2015-02-18 19:00:00,59.14
2015-02-18 20:00:00,51.79
2015-02-18 21:00:00,55.46
2015-02-18 22:00:00,50.09
2015-02-18 23:00:00,47.54
2015-02-19 00:00:00,45.94
2015-02-19 01:00:00,44.35
2015-02-19 02:00:00,41.6
2015-02-19 03:00:00,40.84
2015-02-19 04:00:00,41.47
2015-02-19 05:00:00,47.17
2015-02-19 06:00:00,56.77
2015-02-19 07:00:00,59.03
2015-02-19 08:00:00,62.43
2015-02-19 09:00:00,61.49
2015-02-19 10:00:00,56.45
2015-02-19 11:00:00,53.95
2015-02-19 12:00:00,52.33
2015-02-19 13:00:00,49.0
2015-02-19 14:00:00,44.94
2015-02-19 15:00:00,44.94
2015-02-19 16:00:00,49.59
2015-02-19 17:00:00,61.3
2015-02-19 18:00:00,71.4
2015-02-19 19:00:00,57.25
2015-02-19 20:00:00,52.0
2015-02-19 21:00:00,54.44
2015-02-19 22:00:00,52.84
2015-02-19 23:00:00,48.15
2015-02-20 00:00:00,47.02
2015-02-20 01:00:00,44.16
2015-02-20 02:00:00,41.11
2015-02-20 03:00:00,40.52
2015-02-20 04:00:00,42.63
2015-02-20 05:00:00,49.29
2015-02-20 06:00:00,57.2
2015-02-20 07:00:00,57.18
2015-02-20 08:00:00,59.2
2015-02-20 09:00:00,57.44
2015-02-20 10:00:00,57.04
2015-02-20 11:00:00,53.45
2015-02-20 12:00:00,52.96
2015-02-20 13:00:00,51.9
2015-02-20 14:00:00,49.81
2015-02-20 15:00:00,49.4
2015-02-20 16:00:00,50.39
2015-02-20 17:00:00,53.0
2015-02-20 18:00:00,54.58
2015-02-20 19:00:00,51.96
2015-02-20 20:00:00,49.93
2015-02-20 21:00:00,51.99
2015-02-20 22:00:00,50.93
2015-02-20 23:00:00,50.03
2015-02-21 00:00:00,45.1
2015-02-21 01:00:00,41.25
2015-02-21 02:00:00,39.1
2015-02-21 03:00:00,37.49
2015-02-21 04:00:00,39.94
2015-02-21 05:00:00,42.63
2015-02-21 06:00:00,47.42
2015-02-21 07:00:00,47.24
2015-02-21 08:00:00,52.78
2015-02-21 09:00:00,55.97
2015-02-21 10:00:00,55.08
2015-02-21 11:00:00,53.7
2015-02-21 12:00:00,49.34
2015-02-21 13:00:00,48.05
2015-02-21 14:00:00,45.06
2015-02-21 15:00:00,44.93
2015-02-21 16:00:00,47.67
2015-02-21 17:00:00,61.06
2015-02-21 18:00:00,61.86
2015-02-21 19:00:00,52.1
2015-02-21 20:00:00,45.81
2015-02-21 21:00:00,49.55
2015-02-21 22:00:00,50.77
2015-02-21 23:00:00,41.77
2015-02-22 00:00:00,39.26
2015-02-22 01:00:00,39.74
2015-02-22 02:00:00,35.26
2015-02-22 03:00:00,32.21
2015-02-22 04:00:00,32.23
2015-02-22 05:00:00,33.4
2015-02-22 06:00:00,35.88
2015-02-22 07:00:00,43.98
2015-02-22 08:00:00,44.05
2015-02-22 09:00:00,43.98
2015-02-22 10:00:00,43.85
2015-02-22 11:00:00,43.55
2015-02-22 12:00:00,40.0
2015-02-22 13:00:00,29.88
2015-02-22 14:00:00,25.05
2015-02-22 15:00:00,28.03
2015-02-22 16:00:00,39.94
2015-02-22 17:00:00,49.85
2015-02-22 18:00:00,53.0
2015-02-22 19:00:00,48.99
2015-02-22 20:00:00,43.6
2015-02-22 21:00:00,41.1
2015-02-22 22:00:00,41.84
2015-02-22 23:00:00,41.16
2015-02-23 00:00:00,39.02
2015-02-23 01:00:00,38.99
2015-02-23 02:00:00,32.0
2015-02-23 03:00:00,31.74
2015-02-23 04:00:00,36.93
2015-02-23 05:00:00,46.33
2015-02-23 06:00:00,53.28
2015-02-23 07:00:00,58.08
2015-02-23 08:00:00,59.74
2015-02-23 09:00:00,55.86
2015-02-23 10:00:00,54.02
2015-02-23 11:00:00,55.67
2015-02-23 12:00:00,50.57
2015-02-23 13:00:00,49.03
2015-02-23 14:00:00,44.07
2015-02-23 15:00:00,40.66
2015-02-23 16:00:00,42.56
2015-02-23 17:00:00,53.0
2015-02-23 18:00:00,53.06
2015-02-23 19:00:00,49.25
2015-02-23 20:00:00,46.5
2015-02-23 21:00:00,47.02
2015-02-23 22:00:00,46.72
2015-02-23 23:00:00,43.19
2015-02-24 00:00:00,38.62
2015-02-24 01:00:00,37.93
2015-02-24 02:00:00,32.1
2015-02-24 03:00:00,30.91
2015-02-24 04:00:00,37.58
2015-02-24 05:00:00,45.0
2015-02-24 06:00:00,50.76
2015-02-24 07:00:00,51.47
2015-02-24 08:00:00,52.29
2015-02-24 09:00:00,52.52
2015-02-24 10:00:00,51.2
2015-02-24 11:00:00,48.41
2015-02-24 12:00:00,46.87
2015-02-24 13:00:00,46.15
2015-02-24 14:00:00,41.12
2015-02-24 15:00:00,42.31
2015-02-24 16:00:00,47.93
2015-02-24 17:00:00,54.95
2015-02-24 18:00:00,58.51
2015-02-24 19:00:00,51.5
2015-02-24 20:00:00,47.11
2015-02-24 21:00:00,49.33
2015-02-24 22:00:00,48.91
2015-02-24 23:00:00,45.93
2015-02-25 00:00:00,39.92
2015-02-25 01:00:00,39.5
2015-02-25 02:00:00,36.28
2015-02-25 03:00:00,35.54
2015-02-25 04:00:00,39.95
2015-02-25 05:00:00,48.34
2015-02-25 06:00:00,51.5
2015-02-25 07:00:00,52.24
2015-02-25 08:00:00,53.67
2015-02-25 09:00:00,53.53
2015-02-25 10:00:00,53.37
2015-02-25 11:00:00,53.55
2015-02-25 12:00:00,52.39
2015-02-25 13:00:00,49.13
2015-02-25 14:00:00,46.96
2015-02-25 15:00:00,49.93
2015-02-25 16:00:00,49.91
2015-02-25 17:00:00,68.34
2015-02-25 18:00:00,62.16
2015-02-25 19:00:00,52.25
2015-02-25 20:00:00,47.66
2015-02-25 21:00:00,48.0
2015-02-25 22:00:00,48.34
2015-02-25 23:00:00,46.43
2015-02-26 00:00:00,42.92
2015-02-26 01:00:00,41.96
2015-02-26 02:00:00,38.27
2015-02-26 03:00:00,38.05
2015-02-26 04:00:00,39.23
2015-02-26 05:00:00,47.38
2015-02-26 06:00:00,55.2
2015-02-26 07:00:00,55.64
2015-02-26 08:00:00,57.89
2015-02-26 09:00:00,52.16
2015-02-26 10:00:00,52.0
2015-02-26 11:00:00,52.02
2015-02-26 12:00:00,49.72
2015-02-26 13:00:00,48.31
2015-02-26 14:00:00,44.94
2015-02-26 15:00:00,43.29
2015-02-26 16:00:00,44.88
2015-02-26 17:00:00,53.12
2015-02-26 18:00:00,56.0
2015-02-26 19:00:00,53.15
2015-02-26 20:00:00,48.82
2015-02-26 21:00:00,46.38
2015-02-26 22:00:00,46.33
2015-02-26 23:00:00,44.98
2015-02-27 00:00:00,39.29
2015-02-27 01:00:00,39.38
2015-02-27 02:00:00,31.61
2015-02-27 03:00:00,28.02
2015-02-27 04:00:00,37.72
2015-02-27 05:00:00,44.42
2015-02-27 06:00:00,52.02
2015-02-27 07:00:00,55.21
2015-02-27 08:00:00,54.32
2015-02-27 09:00:00,54.23
2015-02-27 10:00:00,54.53
2015-02-27 11:00:00,55.01
2015-02-27 12:00:00,54.99
2015-02-27 13:00:00,49.19
2015-02-27 14:00:00,42.44
2015-02-27 15:00:00,41.62
2015-02-27 16:00:00,47.94
2015-02-27 17:00:00,64.06
2015-02-27 18:00:00,60.71
2015-02-27 19:00:00,54.56
2015-02-27 20:00:00,50.37
2015-02-27 21:00:00,53.01
2015-02-27 22:00:00,52.6
2015-02-27 23:00:00,54.1
2015-02-28 00:00:00,50.95
2015-02-28 01:00:00,48.78
2015-02-28 02:00:00,43.4
2015-02-28 03:00:00,41.69
2015-02-28 04:00:00,40.53
2015-02-28 05:00:00,41.97
2015-02-28 06:00:00,44.64
2015-02-28 07:00:00,48.48
2015-02-28 08:00:00,53.48
2015-02-28 09:00:00,51.8
2015-02-28 10:00:00,48.78
2015-02-28 11:00:00,44.73
2015-02-28 12:00:00,43.49
2015-02-28 13:00:00,41.86
2015-02-28 14:00:00,42.5
2015-02-28 15:00:00,41.38
2015-02-28 16:00:00,43.73
2015-02-28 17:00:00,54.92
2015-02-28 18:00:00,56.61
2015-02-28 19:00:00,51.15
2015-02-28 20:00:00,44.51
2015-02-28 21:00:00,50.06
2015-02-28 22:00:00,50.1
2015-02-28 23:00:00,35.62
2015-03-01 00:00:00,30.9
2015-03-01 01:00:00,26.7
2015-03-01 02:00:00,26.66
2015-03-01 03:00:00,21.35
2015-03-01 04:00:00,19.85
2015-03-01 05:00:00,20.14
2015-03-01 06:00:00,19.87
2015-03-01 07:00:00,21.24
2015-03-01 08:00:00,25.22
2015-03-01 09:00:00,25.13
2015-03-01 10:00:00,27.1
2015-03-01 11:00:00,30.39
2015-03-01 12:00:00,25.0
2015-03-01 13:00:00,23.68
2015-03-01 14:00:00,14.87
2015-03-01 15:00:00,11.7
2015-03-01 16:00:00,19.52
2015-03-01 17:00:00,31.93
2015-03-01 18:00:00,46.72
2015-03-01 19:00:00,44.0
2015-03-01 20:00:00,35.27
2015-03-01 21:00:00,35.69
2015-03-01 22:00:00,30.23
2015-03-01 23:00:00,25.0
2015-03-02 00:00:00,20.36
2015-03-02 01:00:00,16.62
2015-03-02 02:00:00,13.0
2015-03-02 03:00:00,12.0
2015-03-02 04:00:00,21.08
2015-03-02 05:00:00,38.96
2015-03-02 06:00:00,52.94
2015-03-02 07:00:00,59.48
2015-03-02 08:00:00,58.59
2015-03-02 09:00:00,55.55
2015-03-02 10:00:00,53.9
2015-03-02 11:00:00,50.96
2015-03-02 12:00:00,49.05
2015-03-02 13:00:00,47.47
2015-03-02 14:00:00,45.94
2015-03-02 15:00:00,45.94
2015-03-02 16:00:00,46.26
2015-03-02 17:00:00,59.99
2015-03-02 18:00:00,70.16
2015-03-02 19:00:00,61.56
2015-03-02 20:00:00,55.48
2015-03-02 21:00:00,54.92
2015-03-02 22:00:00,50.94
2015-03-02 23:00:00,51.79
2015-03-03 00:00:00,49.34
2015-03-03 01:00:00,46.16
2015-03-03 02:00:00,43.23
2015-03-03 03:00:00,41.0
2015-03-03 04:00:00,45.53
2015-03-03 05:00:00,51.1
2015-03-03 06:00:00,55.32
2015-03-03 07:00:00,60.19
2015-03-03 08:00:00,63.5
2015-03-03 09:00:00,56.88
2015-03-03 10:00:00,54.3
2015-03-03 11:00:00,51.07
2015-03-03 12:00:00,49.54
2015-03-03 13:00:00,48.45
2015-03-03 14:00:00,45.27
2015-03-03 15:00:00,46.97
2015-03-03 16:00:00,50.78
2015-03-03 17:00:00,55.9
2015-03-03 18:00:00,67.32
2015-03-03 19:00:00,54.66
2015-03-03 20:00:00,48.38
2015-03-03 21:00:00,50.93
2015-03-03 22:00:00,48.97
2015-03-03 23:00:00,43.99
2015-03-04 00:00:00,41.0
2015-03-04 01:00:00,39.39
2015-03-04 02:00:00,34.14
2015-03-04 03:00:00,34.14
2015-03-04 04:00:00,40.36
2015-03-04 05:00:00,46.9
2015-03-04 06:00:00,52.42
2015-03-04 07:00:00,57.13
2015-03-04 08:00:00,60.42
2015-03-04 09:00:00,54.08
2015-03-04 10:00:00,52.41
2015-03-04 11:00:00,50.0
2015-03-04 12:00:00,48.06
2015-03-04 13:00:00,44.21
2015-03-04 14:00:00,40.55
2015-03-04 15:00:00,40.68
2015-03-04 16:00:00,44.5
2015-03-04 17:00:00,54.49
2015-03-04 18:00:00,65.0
2015-03-04 19:00:00,51.06
2015-03-04 20:00:00,48.86
2015-03-04 21:00:00,49.91
2015-03-04 22:00:00,47.45
2015-03-04 23:00:00,45.0
2015-03-05 00:00:00,42.0
2015-03-05 01:00:00,41.05
2015-03-05 02:00:00,40.95
2015-03-05 03:00:00,41.0
2015-03-05 04:00:00,43.15
2015-03-05 05:00:00,50.97
2015-03-05 06:00:00,56.54
2015-03-05 07:00:00,64.98
2015-03-05 08:00:00,65.84
2015-03-05 09:00:00,54.65
2015-03-05 10:00:00,50.95
2015-03-05 11:00:00,49.24
2015-03-05 12:00:00,44.4
2015-03-05 13:00:00,43.37
2015-03-05 14:00:00,39.59
2015-03-05 15:00:00,37.92
2015-03-05 16:00:00,45.71
2015-03-05 17:00:00,66.24
2015-03-05 18:00:00,68.5
2015-03-05 19:00:00,53.99
2015-03-05 20:00:00,47.09
2015-03-05 21:00:00,48.76
2015-03-05 22:00:00,47.3
2015-03-05 23:00:00,42.73
2015-03-06 00:00:00,41.0
2015-03-06 01:00:00,41.65
2015-03-06 02:00:00,40.36
2015-03-06 03:00:00,40.26
2015-03-06 04:00:00,41.96
2015-03-06 05:00:00,50.96
2015-03-06 06:00:00,59.34
2015-03-06 07:00:00,67.04
2015-03-06 08:00:00,66.3
2015-03-06 09:00:00,57.0
2015-03-06 10:00:00,52.97
2015-03-06 11:00:00,50.48
2015-03-06 12:00:00,50.48
2015-03-06 13:00:00,49.33
2015-03-06 14:00:00,44.94
2015-03-06 15:00:00,41.7
2015-03-06 16:00:00,45.98
2015-03-06 17:00:00,59.61
2015-03-06 18:00:00,62.0
2015-03-06 19:00:00,53.03
2015-03-06 20:00:00,47.97
2015-03-06 21:00:00,49.58
2015-03-06 22:00:00,47.61
2015-03-06 23:00:00,47.1
2015-03-07 00:00:00,43.76
2015-03-07 01:00:00,41.36
2015-03-07 02:00:00,37.06
2015-03-07 03:00:00,34.26
2015-03-07 04:00:00,32.92
2015-03-07 05:00:00,37.32
2015-03-07 06:00:00,39.99
2015-03-07 07:00:00,45.61
2015-03-07 08:00:00,48.18
2015-03-07 09:00:00,46.14
2015-03-07 10:00:00,41.27
2015-03-07 11:00:00,40.32
2015-03-07 12:00:00,34.96
2015-03-07 13:00:00,31.35
2015-03-07 14:00:00,26.11
2015-03-07 15:00:00,29.34
2015-03-07 16:00:00,38.04
2015-03-07 17:00:00,46.1
2015-03-07 18:00:00,56.4
2015-03-07 19:00:00,53.1
2015-03-07 20:00:00,46.53
2015-03-07 21:00:00,48.36
2015-03-07 22:00:00,47.4
2015-03-07 23:00:00,34.45
2015-03-08 00:00:00,34.63
2015-03-08 01:00:00,35.0
2015-03-08 02:00:00,32.81
2015-03-08 03:00:00,32.81
2015-03-08 04:00:00,32.81
2015-03-08 05:00:00,32.81
2015-03-08 06:00:00,32.81
2015-03-08 07:00:00,33.43
2015-03-08 08:00:00,32.44
2015-03-08 09:00:00,24.02
2015-03-08 10:00:00,21.86
2015-03-08 11:00:00,24.22
2015-03-08 12:00:00,18.76
2015-03-08 13:00:00,14.87
2015-03-08 14:00:00,12.88
2015-03-08 15:00:00,13.45
2015-03-08 16:00:00,20.42
2015-03-08 17:00:00,36.13
2015-03-08 18:00:00,44.17
2015-03-08 19:00:00,42.84
2015-03-08 20:00:00,38.07
2015-03-08 21:00:00,41.49
2015-03-08 22:00:00,41.2
2015-03-08 23:00:00,37.5
2015-03-09 00:00:00,35.0
2015-03-09 01:00:00,33.01
2015-03-09 02:00:00,28.53
2015-03-09 03:00:00,27.83
2015-03-09 04:00:00,33.8
2015-03-09 05:00:00,43.87
2015-03-09 06:00:00,50.32
2015-03-09 07:00:00,56.65
2015-03-09 08:00:00,55.3
2015-03-09 09:00:00,51.41
2015-03-09 10:00:00,50.0
2015-03-09 11:00:00,45.01
2015-03-09 12:00:00,44.63
2015-03-09 13:00:00,41.5
2015-03-09 14:00:00,39.41
2015-03-09 15:00:00,40.0
2015-03-09 16:00:00,45.36
2015-03-09 17:00:00,59.01
2015-03-09 18:00:00,65.97
2015-03-09 19:00:00,50.01
2015-03-09 20:00:00,42.47
2015-03-09 21:00:00,45.76
2015-03-09 22:00:00,45.59
2015-03-09 23:00:00,42.56
2015-03-10 00:00:00,37.81
2015-03-10 01:00:00,38.51
2015-03-10 02:00:00,37.37
2015-03-10 03:00:00,34.3
2015-03-10 04:00:00,41.17
2015-03-10 05:00:00,47.96
2015-03-10 06:00:00,54.45
2015-03-10 07:00:00,56.42
2015-03-10 08:00:00,53.98
2015-03-10 09:00:00,51.43
2015-03-10 10:00:00,50.03
2015-03-10 11:00:00,47.0
2015-03-10 12:00:00,45.35
2015-03-10 13:00:00,47.95
2015-03-10 14:00:00,41.51
2015-03-10 15:00:00,40.06
2015-03-10 16:00:00,44.94
2015-03-10 17:00:00,57.37
2015-03-10 18:00:00,65.18
2015-03-10 19:00:00,50.98
2015-03-10 20:00:00,48.93
2015-03-10 21:00:00,48.71
2015-03-10 22:00:00,48.75
2015-03-10 23:00:00,42.02
2015-03-11 00:00:00,37.69
2015-03-11 01:00:00,38.86
2015-03-11 02:00:00,35.53
2015-03-11 03:00:00,34.9
2015-03-11 04:00:00,37.5
2015-03-11 05:00:00,45.96
2015-03-11 06:00:00,52.68
2015-03-11 07:00:00,56.61
2015-03-11 08:00:00,58.1
2015-03-11 09:00:00,53.16
2015-03-11 10:00:00,51.32
2015-03-11 11:00:00,48.18
2015-03-11 12:00:00,46.07
2015-03-11 13:00:00,41.02
2015-03-11 14:00:00,39.61
2015-03-11 15:00:00,40.0
2015-03-11 16:00:00,42.81
2015-03-11 17:00:00,52.86
2015-03-11 18:00:00,66.45
2015-03-11 19:00:00,51.63
2015-03-11 20:00:00,45.37
2015-03-11 21:00:00,45.12
2015-03-11 22:00:00,45.14
2015-03-11 23:00:00,39.42
2015-03-12 00:00:00,39.44
2015-03-12 01:00:00,36.88
2015-03-12 02:00:00,34.48
2015-03-12 03:00:00,32.63
2015-03-12 04:00:00,36.71
2015-03-12 05:00:00,46.55
2015-03-12 06:00:00,55.39
2015-03-12 07:00:00,58.13
2015-03-12 08:00:00,55.16
2015-03-12 09:00:00,51.4
2015-03-12 10:00:00,48.35
2015-03-12 11:00:00,45.44
2015-03-12 12:00:00,42.99
2015-03-12 13:00:00,40.05
2015-03-12 14:00:00,37.99
2015-03-12 15:00:00,37.9
2015-03-12 16:00:00,42.01
2015-03-12 17:00:00,52.02
2015-03-12 18:00:00,62.0
2015-03-12 19:00:00,52.98
2015-03-12 20:00:00,45.21
2015-03-12 21:00:00,45.0
2015-03-12 22:00:00,42.39
2015-03-12 23:00:00,38.55
2015-03-13 00:00:00,37.54
2015-03-13 01:00:00,38.0
2015-03-13 02:00:00,29.78
2015-03-13 03:00:00,30.3
2015-03-13 04:00:00,34.88
2015-03-13 05:00:00,42.2
2015-03-13 06:00:00,52.04
2015-03-13 07:00:00,52.72
2015-03-13 08:00:00,53.64
2015-03-13 09:00:00,51.67
2015-03-13 10:00:00,48.08
2015-03-13 11:00:00,45.0
2015-03-13 12:00:00,43.28
2015-03-13 13:00:00,43.51
2015-03-13 14:00:00,41.6
2015-03-13 15:00:00,41.6
2015-03-13 16:00:00,42.64
2015-03-13 17:00:00,48.02
2015-03-13 18:00:00,57.19
2015-03-13 19:00:00,52.01
2015-03-13 20:00:00,47.7
2015-03-13 21:00:00,46.63
2015-03-13 22:00:00,46.32
2015-03-13 23:00:00,44.2
2015-03-14 00:00:00,41.08
2015-03-14 01:00:00,38.04
2015-03-14 02:00:00,36.93
2015-03-14 03:00:00,34.17
2015-03-14 04:00:00,35.14
2015-03-14 05:00:00,38.0
2015-03-14 06:00:00,38.4
2015-03-14 07:00:00,41.5
2015-03-14 08:00:00,43.82
2015-03-14 09:00:00,42.15
2015-03-14 10:00:00,41.24
2015-03-14 11:00:00,41.6
2015-03-14 12:00:00,40.65
2015-03-14 13:00:00,38.4
2015-03-14 14:00:00,33.81
2015-03-14 15:00:00,32.22
2015-03-14 16:00:00,36.52
2015-03-14 17:00:00,43.4
2015-03-14 18:00:00,50.95
2015-03-14 19:00:00,50.13
2015-03-14 20:00:00,45.4
2015-03-14 21:00:00,46.89
2015-03-14 22:00:00,45.43
2015-03-14 23:00:00,44.32
2015-03-15 00:00:00,40.87
2015-03-15 01:00:00,37.75
2015-03-15 02:00:00,33.0
2015-03-15 03:00:00,31.92
2015-03-15 04:00:00,29.28
2015-03-15 05:00:00,29.17
2015-03-15 06:00:00,29.52
2015-03-15 07:00:00,34.06
2015-03-15 08:00:00,37.56
2015-03-15 09:00:00,40.0
2015-03-15 10:00:00,42.74
2015-03-15 11:00:00,44.2
2015-03-15 12:00:00,40.75
2015-03-15 13:00:00,30.9
2015-03-15 14:00:00,24.03
2015-03-15 15:00:00,24.79
2015-03-15 16:00:00,32.7
2015-03-15 17:00:00,42.48
2015-03-15 18:00:00,53.9
2015-03-15 19:00:00,56.95
2015-03-15 20:00:00,52.83
2015-03-15 21:00:00,52.0
2015-03-15 22:00:00,49.8
2015-03-15 23:00:00,48.9
2015-03-16 00:00:00,43.88
2015-03-16 01:00:00,41.35
2015-03-16 02:00:00,40.07
2015-03-16 03:00:00,41.0
2015-03-16 04:00:00,44.3
2015-03-16 05:00:00,50.0
2015-03-16 06:00:00,58.81
2015-03-16 07:00:00,61.54
2015-03-16 08:00:00,63.51
2015-03-16 09:00:00,63.0
2015-03-16 10:00:00,60.13
2015-03-16 11:00:00,59.89
2015-03-16 12:00:00,57.35
2015-03-16 13:00:00,55.73
2015-03-16 14:00:00,50.96
2015-03-16 15:00:00,51.5
2015-03-16 16:00:00,55.42
2015-03-16 17:00:00,58.7
2015-03-16 18:00:00,72.0
2015-03-16 19:00:00,61.9
2015-03-16 20:00:00,53.96
2015-03-16 21:00:00,53.63
2015-03-16 22:00:00,51.0
2015-03-16 23:00:00,48.31
2015-03-17 00:00:00,45.0
2015-03-17 01:00:00,43.1
2015-03-17 02:00:00,41.5
2015-03-17 03:00:00,41.1
2015-03-17 04:00:00,43.1
2015-03-17 05:00:00,52.43
2015-03-17 06:00:00,57.47
2015-03-17 07:00:00,59.67
2015-03-17 08:00:00,57.06
2015-03-17 09:00:00,50.76
2015-03-17 10:00:00,48.18
2015-03-17 11:00:00,46.03
2015-03-17 12:00:00,45.85
2015-03-17 13:00:00,44.0
2015-03-17 14:00:00,39.94
2015-03-17 15:00:00,40.42
2015-03-17 16:00:00,43.52
2015-03-17 17:00:00,47.92
2015-03-17 18:00:00,55.64
2015-03-17 19:00:00,52.45
2015-03-17 20:00:00,47.08
2015-03-17 21:00:00,47.72
2015-03-17 22:00:00,45.76
2015-03-17 23:00:00,44.66
2015-03-18 00:00:00,40.29
2015-03-18 01:00:00,38.4
2015-03-18 02:00:00,37.02
2015-03-18 03:00:00,35.78
2015-03-18 04:00:00,39.02
2015-03-18 05:00:00,45.1
2015-03-18 06:00:00,49.13
2015-03-18 07:00:00,52.87
2015-03-18 08:00:00,54.66
2015-03-18 09:00:00,52.61
2015-03-18 10:00:00,51.02
2015-03-18 11:00:00,46.67
2015-03-18 12:00:00,44.13
2015-03-18 13:00:00,41.72
2015-03-18 14:00:00,38.71
2015-03-18 15:00:00,39.26
2015-03-18 16:00:00,43.45
2015-03-18 17:00:00,52.07
2015-03-18 18:00:00,60.04
2015-03-18 19:00:00,50.63
2015-03-18 20:00:00,42.27
2015-03-18 21:00:00,46.64
2015-03-18 22:00:00,45.0
2015-03-18 23:00:00,36.28
2015-03-19 00:00:00,31.6
2015-03-19 01:00:00,29.89
2015-03-19 02:00:00,28.3
2015-03-19 03:00:00,28.16
2015-03-19 04:00:00,31.08
2015-03-19 05:00:00,41.96
2015-03-19 06:00:00,50.93
2015-03-19 07:00:00,50.48
2015-03-19 08:00:00,48.3
2015-03-19 09:00:00,48.35
2015-03-19 10:00:00,46.92
2015-03-19 11:00:00,45.04
2015-03-19 12:00:00,43.0
2015-03-19 13:00:00,40.02
2015-03-19 14:00:00,36.02
2015-03-19 15:00:00,35.83
2015-03-19 16:00:00,43.91
2015-03-19 17:00:00,54.8
2015-03-19 18:00:00,65.67
2015-03-19 19:00:00,48.51
2015-03-19 20:00:00,42.91
2015-03-19 21:00:00,41.94
2015-03-19 22:00:00,43.14
2015-03-19 23:00:00,37.3
2015-03-20 00:00:00,36.29
2015-03-20 01:00:00,31.96
2015-03-20 02:00:00,29.46
2015-03-20 03:00:00,28.66
2015-03-20 04:00:00,29.61
2015-03-20 05:00:00,39.22
2015-03-20 06:00:00,45.42
2015-03-20 07:00:00,43.6
2015-03-20 08:00:00,45.73
2015-03-20 09:00:00,49.41
2015-03-20 10:00:00,41.5
2015-03-20 11:00:00,41.1
2015-03-20 12:00:00,40.0
2015-03-20 13:00:00,37.47
2015-03-20 14:00:00,34.27
2015-03-20 15:00:00,33.48
2015-03-20 16:00:00,38.45
2015-03-20 17:00:00,46.09
2015-03-20 18:00:00,55.0
2015-03-20 19:00:00,49.84
2015-03-20 20:00:00,42.84
2015-03-20 21:00:00,45.5
2015-03-20 22:00:00,46.29
2015-03-20 23:00:00,49.0
2015-03-21 00:00:00,43.91
2015-03-21 01:00:00,41.5
2015-03-21 02:00:00,38.34
2015-03-21 03:00:00,35.05
2015-03-21 04:00:00,38.18
2015-03-21 05:00:00,39.35
2015-03-21 06:00:00,40.81
2015-03-21 07:00:00,43.1
2015-03-21 08:00:00,45.1
2015-03-21 09:00:00,43.04
2015-03-21 10:00:00,42.87
2015-03-21 11:00:00,45.89
2015-03-21 12:00:00,45.85
2015-03-21 13:00:00,43.69
2015-03-21 14:00:00,38.98
2015-03-21 15:00:00,38.09
2015-03-21 16:00:00,44.69
2015-03-21 17:00:00,54.9
2015-03-21 18:00:00,63.49
2015-03-21 19:00:00,53.16
2015-03-21 20:00:00,49.97
2015-03-21 21:00:00,47.5
2015-03-21 22:00:00,45.49
2015-03-21 23:00:00,42.0
2015-03-22 00:00:00,36.07
2015-03-22 01:00:00,31.3
2015-03-22 02:00:00,27.48
2015-03-22 03:00:00,25.71
2015-03-22 04:00:00,23.74
2015-03-22 05:00:00,23.13
2015-03-22 06:00:00,23.41
2015-03-22 07:00:00,28.51
2015-03-22 08:00:00,24.44
2015-03-22 09:00:00,23.78
2015-03-22 10:00:00,24.75
2015-03-22 11:00:00,32.11
2015-03-22 12:00:00,21.98
2015-03-22 13:00:00,16.01
2015-03-22 14:00:00,17.65
2015-03-22 15:00:00,22.33
2015-03-22 16:00:00,26.09
2015-03-22 17:00:00,39.91
2015-03-22 18:00:00,51.52
2015-03-22 19:00:00,53.96
2015-03-22 20:00:00,49.77
2015-03-22 21:00:00,48.97
2015-03-22 22:00:00,48.09
2015-03-22 23:00:00,50.77
2015-03-23 00:00:00,47.75
2015-03-23 01:00:00,45.03
2015-03-23 02:00:00,42.06
2015-03-23 03:00:00,41.78
2015-03-23 04:00:00,45.83
2015-03-23 05:00:00,52.0
2015-03-23 06:00:00,57.85
2015-03-23 07:00:00,59.79
2015-03-23 08:00:00,60.57
2015-03-23 09:00:00,57.34
2015-03-23 10:00:00,53.88
2015-03-23 11:00:00,51.99
2015-03-23 12:00:00,52.73
2015-03-23 13:00:00,53.49
2015-03-23 14:00:00,52.07
2015-03-23 15:00:00,48.49
2015-03-23 16:00:00,51.34
2015-03-23 17:00:00,55.93
2015-03-23 18:00:00,75.61
2015-03-23 19:00:00,58.59
2015-03-23 20:00:00,53.41
2015-03-23 21:00:00,50.7
2015-03-23 22:00:00,50.4
2015-03-23 23:00:00,50.19
2015-03-24 00:00:00,48.11
2015-03-24 01:00:00,46.85
2015-03-24 02:00:00,44.94
2015-03-24 03:00:00,44.68
2015-03-24 04:00:00,46.31
2015-03-24 05:00:00,48.01
2015-03-24 06:00:00,58.97
2015-03-24 07:00:00,62.23
2015-03-24 08:00:00,60.99
2015-03-24 09:00:00,59.01
2015-03-24 10:00:00,60.99
2015-03-24 11:00:00,56.55
2015-03-24 12:00:00,56.1
2015-03-24 13:00:00,57.6
2015-03-24 14:00:00,55.95
2015-03-24 15:00:00,58.83
2015-03-24 16:00:00,58.05
2015-03-24 17:00:00,66.99
2015-03-24 18:00:00,98.05
2015-03-24 19:00:00,62.96
2015-03-24 20:00:00,55.64
2015-03-24 21:00:00,55.57
2015-03-24 22:00:00,50.47
2015-03-24 23:00:00,44.65
2015-03-25 00:00:00,41.96
2015-03-25 01:00:00,40.06
2015-03-25 02:00:00,34.8
2015-03-25 03:00:00,37.51
2015-03-25 04:00:00,42.63
2015-03-25 05:00:00,50.72
2015-03-25 06:00:00,64.09
2015-03-25 07:00:00,71.95
2015-03-25 08:00:00,72.25
2015-03-25 09:00:00,66.85
2015-03-25 10:00:00,68.2
2015-03-25 11:00:00,65.01
2015-03-25 12:00:00,64.75
2015-03-25 13:00:00,63.14
2015-03-25 14:00:00,57.6
2015-03-25 15:00:00,56.24
2015-03-25 16:00:00,56.28
2015-03-25 17:00:00,64.0
2015-03-25 18:00:00,79.79
2015-03-25 19:00:00,62.21
2015-03-25 20:00:00,56.56
2015-03-25 21:00:00,55.93
2015-03-25 22:00:00,51.0
2015-03-25 23:00:00,45.03
2015-03-26 00:00:00,43.22
2015-03-26 01:00:00,42.55
2015-03-26 02:00:00,40.27
2015-03-26 03:00:00,39.73
2015-03-26 04:00:00,41.32
2015-03-26 05:00:00,49.58
2015-03-26 06:00:00,60.99
2015-03-26 07:00:00,65.54
2015-03-26 08:00:00,57.58
2015-03-26 09:00:00,56.95
2015-03-26 10:00:00,56.85
2015-03-26 11:00:00,52.3
2015-03-26 12:00:00,51.32
2015-03-26 13:00:00,50.05
2015-03-26 14:00:00,46.9
2015-03-26 15:00:00,43.96
2015-03-26 16:00:00,46.26
2015-03-26 17:00:00,50.31
2015-03-26 18:00:00,58.68
2015-03-26 19:00:00,56.19
2015-03-26 20:00:00,53.01
2015-03-26 21:00:00,51.09
2015-03-26 22:00:00,47.63
2015-03-26 23:00:00,46.08
2015-03-27 00:00:00,41.64
2015-03-27 01:00:00,41.93
2015-03-27 02:00:00,39.01
2015-03-27 03:00:00,34.37
2015-03-27 04:00:00,39.59
2015-03-27 05:00:00,48.98
2015-03-27 06:00:00,59.47
2015-03-27 07:00:00,60.0
2015-03-27 08:00:00,60.0
2015-03-27 09:00:00,54.8
2015-03-27 10:00:00,53.98
2015-03-27 11:00:00,50.48
2015-03-27 12:00:00,49.66
2015-03-27 13:00:00,50.9
2015-03-27 14:00:00,49.96
2015-03-27 15:00:00,51.92
2015-03-27 16:00:00,52.03
2015-03-27 17:00:00,57.7
2015-03-27 18:00:00,65.99
2015-03-27 19:00:00,57.55
2015-03-27 20:00:00,52.28
2015-03-27 21:00:00,50.5
2015-03-27 22:00:00,48.41
2015-03-27 23:00:00,49.59
2015-03-28 00:00:00,43.41
2015-03-28 01:00:00,39.5
2015-03-28 02:00:00,36.44
2015-03-28 03:00:00,34.07
2015-03-28 04:00:00,33.01
2015-03-28 05:00:00,32.31
2015-03-28 06:00:00,35.85
2015-03-28 07:00:00,38.39
2015-03-28 08:00:00,37.19
2015-03-28 09:00:00,36.64
2015-03-28 10:00:00,33.56
2015-03-28 11:00:00,34.6
2015-03-28 12:00:00,35.87
2015-03-28 13:00:00,29.13
2015-03-28 14:00:00,23.57
2015-03-28 15:00:00,23.7
2015-03-28 16:00:00,30.26
2015-03-28 17:00:00,40.0
2015-03-28 18:00:00,49.99
2015-03-28 19:00:00,44.94
2015-03-28 20:00:00,36.64
2015-03-28 21:00:00,40.0
2015-03-28 22:00:00,37.69
2015-03-28 23:00:00,28.06
2015-03-29 00:00:00,24.2
2015-03-29 01:00:00,21.94
2015-03-29 02:00:00,16.64
2015-03-29 03:00:00,14.21
2015-03-29 04:00:00,13.08
2015-03-29 05:00:00,9.83
2015-03-29 06:00:00,10.69
2015-03-29 07:00:00,16.74
2015-03-29 08:00:00,17.7
2015-03-29 09:00:00,17.93
2015-03-29 10:00:00,22.09
2015-03-29 11:00:00,18.63
2015-03-29 12:00:00,14.27
2015-03-29 13:00:00,11.48
2015-03-29 14:00:00,10.55
2015-03-29 15:00:00,12.4
2015-03-29 16:00:00,18.59
2015-03-29 17:00:00,24.77
2015-03-29 18:00:00,33.05
2015-03-29 19:00:00,27.76
2015-03-29 20:00:00,28.85
2015-03-29 21:00:00,28.37
2015-03-29 22:00:00,19.15
2015-03-29 23:00:00,15.84
2015-03-30 00:00:00,11.86
2015-03-30 01:00:00,4.95
2015-03-30 02:00:00,3.18
2015-03-30 03:00:00,12.44
2015-03-30 04:00:00,30.51
2015-03-30 05:00:00,50.3
2015-03-30 06:00:00,52.96
2015-03-30 07:00:00,55.77
2015-03-30 08:00:00,54.03
2015-03-30 09:00:00,53.01
2015-03-30 10:00:00,49.95
2015-03-30 11:00:00,49.26
2015-03-30 12:00:00,46.5
2015-03-30 13:00:00,39.94
2015-03-30 14:00:00,36.07
2015-03-30 15:00:00,34.46
2015-03-30 16:00:00,42.32
2015-03-30 17:00:00,50.48
2015-03-30 18:00:00,57.27
2015-03-30 19:00:00,49.33
2015-03-30 20:00:00,47.04
2015-03-30 21:00:00,43.0
2015-03-30 22:00:00,38.74
2015-03-30 23:00:00,26.27
2015-03-31 00:00:00,21.46
2015-03-31 01:00:00,10.22
2015-03-31 02:00:00,8.88
2015-03-31 03:00:00,21.72
2015-03-31 04:00:00,40.34
2015-03-31 05:00:00,45.35
2015-03-31 06:00:00,54.71
2015-03-31 07:00:00,55.18
2015-03-31 08:00:00,53.98
2015-03-31 09:00:00,52.0
2015-03-31 10:00:00,46.03
2015-03-31 11:00:00,44.97
2015-03-31 12:00:00,45.0
2015-03-31 13:00:00,41.5
2015-03-31 14:00:00,38.38
2015-03-31 15:00:00,41.5
2015-03-31 16:00:00,43.8
2015-03-31 17:00:00,49.69
2015-03-31 18:00:00,53.62
2015-03-31 19:00:00,48.91
2015-03-31 20:00:00,47.02
2015-03-31 21:00:00,41.5
2015-03-31 22:00:00,37.0
2015-03-31 23:00:00,29.7
2015-04-01 00:00:00,25.01
2015-04-01 01:00:00,21.9
2015-04-01 02:00:00,14.9
2015-04-01 03:00:00,30.75
2015-04-01 04:00:00,49.61
2015-04-01 05:00:00,57.79
2015-04-01 06:00:00,62.41
2015-04-01 07:00:00,60.5
2015-04-01 08:00:00,57.22
2015-04-01 09:00:00,51.79
2015-04-01 10:00:00,47.1
2015-04-01 11:00:00,44.94
2015-04-01 12:00:00,46.22
2015-04-01 13:00:00,41.87
2015-04-01 14:00:00,38.63
2015-04-01 15:00:00,37.69
2015-04-01 16:00:00,41.0
2015-04-01 17:00:00,49.28
2015-04-01 18:00:00,49.54
2015-04-01 19:00:00,42.21
2015-04-01 20:00:00,48.51
2015-04-01 21:00:00,49.72
2015-04-01 22:00:00,48.38
2015-04-01 23:00:00,41.87
2015-04-02 00:00:00,37.64
2015-04-02 01:00:00,32.07
2015-04-02 02:00:00,27.49
2015-04-02 03:00:00,37.33
2015-04-02 04:00:00,51.12
2015-04-02 05:00:00,58.2
2015-04-02 06:00:00,63.99
2015-04-02 07:00:00,60.99
2015-04-02 08:00:00,57.35
2015-04-02 09:00:00,53.55
2015-04-02 10:00:00,49.01
2015-04-02 11:00:00,48.5
2015-04-02 12:00:00,49.64
2015-04-02 13:00:00,50.0
2015-04-02 14:00:00,50.04
2015-04-02 15:00:00,50.68
2015-04-02 16:00:00,52.25
2015-04-02 17:00:00,60.99
2015-04-02 18:00:00,63.92
2015-04-02 19:00:00,55.69
2015-04-02 20:00:00,54.22
2015-04-02 21:00:00,51.02
2015-04-02 22:00:00,43.69
2015-04-02 23:00:00,41.73
2015-04-03 00:00:00,36.82
2015-04-03 01:00:00,31.51
2015-04-03 02:00:00,32.87
2015-04-03 03:00:00,38.31
2015-04-03 04:00:00,52.25
2015-04-03 05:00:00,56.55
2015-04-03 06:00:00,60.99
2015-04-03 07:00:00,60.99
2015-04-03 08:00:00,54.47
2015-04-03 09:00:00,51.0
2015-04-03 10:00:00,45.51
2015-04-03 11:00:00,43.63
2015-04-03 12:00:00,43.01
2015-04-03 13:00:00,38.23
2015-04-03 14:00:00,38.95
2015-04-03 15:00:00,42.53
2015-04-03 16:00:00,47.46
2015-04-03 17:00:00,53.76
2015-04-03 18:00:00,56.64
2015-04-03 19:00:00,53.64
2015-04-03 20:00:00,54.53
2015-04-03 21:00:00,52.82
2015-04-03 22:00:00,44.5
2015-04-03 23:00:00,31.91
2015-04-04 00:00:00,30.46
2015-04-04 01:00:00,25.38
2015-04-04 02:00:00,25.1
2015-04-04 03:00:00,25.29
2015-04-04 04:00:00,26.87
2015-04-04 05:00:00,29.16
2015-04-04 06:00:00,31.79
2015-04-04 07:00:00,36.89
2015-04-04 08:00:00,35.93
2015-04-04 09:00:00,35.0
2015-04-04 10:00:00,34.76
2015-04-04 11:00:00,31.34
2015-04-04 12:00:00,28.99
2015-04-04 13:00:00,24.81
2015-04-04 14:00:00,24.45
2015-04-04 15:00:00,26.01
2015-04-04 16:00:00,31.29
2015-04-04 17:00:00,31.09
2015-04-04 18:00:00,33.18
2015-04-04 19:00:00,33.21
2015-04-04 20:00:00,33.15
2015-04-04 21:00:00,32.44
2015-04-04 22:00:00,30.0
2015-04-04 23:00:00,27.09
2015-04-05 00:00:00,26.14
2015-04-05 01:00:00,25.08
2015-04-05 02:00:00,24.6
2015-04-05 03:00:00,24.72
2015-04-05 04:00:00,24.18
2015-04-05 05:00:00,24.72
2015-04-05 06:00:00,26.88
2015-04-05 07:00:00,29.94
2015-04-05 08:00:00,28.84
2015-04-05 09:00:00,28.0
2015-04-05 10:00:00,27.64
2015-04-05 11:00:00,24.01
2015-04-05 12:00:00,16.5
2015-04-05 13:00:00,12.0
2015-04-05 14:00:00,12.2
2015-04-05 15:00:00,18.45
2015-04-05 16:00:00,26.22
2015-04-05 17:00:00,30.57
2015-04-05 18:00:00,39.0
2015-04-05 19:00:00,40.87
2015-04-05 20:00:00,45.0
2015-04-05 21:00:00,42.0
2015-04-05 22:00:00,43.25
2015-04-05 23:00:00,37.94
2015-04-06 00:00:00,31.04
2015-04-06 01:00:00,31.28
2015-04-06 02:00:00,28.34
2015-04-06 03:00:00,30.0
2015-04-06 04:00:00,33.78
2015-04-06 05:00:00,35.3
2015-04-06 06:00:00,41.09
2015-04-06 07:00:00,43.5
2015-04-06 08:00:00,41.79
2015-04-06 09:00:00,40.12
2015-04-06 10:00:00,31.22
2015-04-06 11:00:00,25.64
2015-04-06 12:00:00,18.06
2015-04-06 13:00:00,15.35
2015-04-06 14:00:00,16.68
2015-04-06 15:00:00,22.82
2015-04-06 16:00:00,29.28
2015-04-06 17:00:00,40.32
2015-04-06 18:00:00,43.38
2015-04-06 19:00:00,45.75
2015-04-06 20:00:00,46.76
2015-04-06 21:00:00,46.21
2015-04-06 22:00:00,41.1
2015-04-06 23:00:00,38.4
2015-04-07 00:00:00,34.97
2015-04-07 01:00:00,28.01
2015-04-07 02:00:00,29.28
2015-04-07 03:00:00,36.42
2015-04-07 04:00:00,54.19
2015-04-07 05:00:00,63.52
2015-04-07 06:00:00,82.3
2015-04-07 07:00:00,82.3
2015-04-07 08:00:00,64.94
2015-04-07 09:00:00,60.0
2015-04-07 10:00:00,51.15
2015-04-07 11:00:00,50.06
2015-04-07 12:00:00,49.18
2015-04-07 13:00:00,43.4
2015-04-07 14:00:00,40.75
2015-04-07 15:00:00,42.69
2015-04-07 16:00:00,50.5
2015-04-07 17:00:00,56.0
2015-04-07 18:00:00,62.12
2015-04-07 19:00:00,59.49
2015-04-07 20:00:00,60.64
2015-04-07 21:00:00,52.88
2015-04-07 22:00:00,50.0
2015-04-07 23:00:00,46.95
2015-04-08 00:00:00,44.2
2015-04-08 01:00:00,37.98
2015-04-08 02:00:00,38.34
2015-04-08 03:00:00,45.47
2015-04-08 04:00:00,54.42
2015-04-08 05:00:00,67.06
2015-04-08 06:00:00,86.87
2015-04-08 07:00:00,96.89
2015-04-08 08:00:00,66.75
2015-04-08 09:00:00,59.8
2015-04-08 10:00:00,50.64
2015-04-08 11:00:00,50.0
2015-04-08 12:00:00,48.5
2015-04-08 13:00:00,45.86
2015-04-08 14:00:00,42.95
2015-04-08 15:00:00,42.94
2015-04-08 16:00:00,46.01
2015-04-08 17:00:00,52.92
2015-04-08 18:00:00,58.24
2015-04-08 19:00:00,58.99
2015-04-08 20:00:00,57.42
2015-04-08 21:00:00,52.11
2015-04-08 22:00:00,50.0
2015-04-08 23:00:00,42.9
2015-04-09 00:00:00,40.63
2015-04-09 01:00:00,36.98
2015-04-09 02:00:00,37.0
2015-04-09 03:00:00,41.75
2015-04-09 04:00:00,53.09
2015-04-09 05:00:00,66.8
2015-04-09 06:00:00,74.99
2015-04-09 07:00:00,81.29
2015-04-09 08:00:00,60.07
2015-04-09 09:00:00,57.69
2015-04-09 10:00:00,50.75
2015-04-09 11:00:00,49.43
2015-04-09 12:00:00,49.18
2015-04-09 13:00:00,47.01
2015-04-09 14:00:00,48.47
2015-04-09 15:00:00,48.12
2015-04-09 16:00:00,52.11
2015-04-09 17:00:00,56.18
2015-04-09 18:00:00,59.98
2015-04-09 19:00:00,57.85
2015-04-09 20:00:00,52.11
2015-04-09 21:00:00,50.82
2015-04-09 22:00:00,47.7
2015-04-09 23:00:00,42.34
2015-04-10 00:00:00,40.38
2015-04-10 01:00:00,36.25
2015-04-10 02:00:00,32.92
2015-04-10 03:00:00,41.79
2015-04-10 04:00:00,51.6
2015-04-10 05:00:00,57.3
2015-04-10 06:00:00,61.6
2015-04-10 07:00:00,60.99
2015-04-10 08:00:00,50.23
2015-04-10 09:00:00,48.75
2015-04-10 10:00:00,43.15
2015-04-10 11:00:00,40.04
2015-04-10 12:00:00,38.01
2015-04-10 13:00:00,40.42
2015-04-10 14:00:00,42.31
2015-04-10 15:00:00,40.49
2015-04-10 16:00:00,42.96
2015-04-10 17:00:00,47.08
2015-04-10 18:00:00,48.56
2015-04-10 19:00:00,52.0
2015-04-10 20:00:00,56.03
2015-04-10 21:00:00,52.0
2015-04-10 22:00:00,51.07
2015-04-10 23:00:00,42.6
2015-04-11 00:00:00,37.79
2015-04-11 01:00:00,33.7
2015-04-11 02:00:00,25.14
2015-04-11 03:00:00,29.18
2015-04-11 04:00:00,34.48
2015-04-11 05:00:00,32.44
2015-04-11 06:00:00,35.11
2015-04-11 07:00:00,35.54
2015-04-11 08:00:00,32.06
2015-04-11 09:00:00,29.94
2015-04-11 10:00:00,33.95
2015-04-11 11:00:00,32.04
2015-04-11 12:00:00,26.84
2015-04-11 13:00:00,20.45
2015-04-11 14:00:00,15.74
2015-04-11 15:00:00,24.77
2015-04-11 16:00:00,33.01
2015-04-11 17:00:00,42.84
2015-04-11 18:00:00,51.83
2015-04-11 19:00:00,56.68
2015-04-11 20:00:00,57.17
2015-04-11 21:00:00,55.04
2015-04-11 22:00:00,50.74
2015-04-11 23:00:00,38.15
2015-04-12 00:00:00,36.54
2015-04-12 01:00:00,26.29
2015-04-12 02:00:00,23.93
2015-04-12 03:00:00,22.44
2015-04-12 04:00:00,22.35
2015-04-12 05:00:00,21.93
2015-04-12 06:00:00,21.88
2015-04-12 07:00:00,21.84
2015-04-12 08:00:00,21.58
2015-04-12 09:00:00,21.31
2015-04-12 10:00:00,22.72
2015-04-12 11:00:00,20.64
2015-04-12 12:00:00,16.59
2015-04-12 13:00:00,6.73
2015-04-12 14:00:00,7.42
2015-04-12 15:00:00,14.95
2015-04-12 16:00:00,21.56
2015-04-12 17:00:00,28.17
2015-04-12 18:00:00,32.51
2015-04-12 19:00:00,31.33
2015-04-12 20:00:00,30.39
2015-04-12 21:00:00,31.44
2015-04-12 22:00:00,40.54
2015-04-12 23:00:00,33.99
2015-04-13 00:00:00,32.01
2015-04-13 01:00:00,31.1
2015-04-13 02:00:00,30.45
2015-04-13 03:00:00,38.48
2015-04-13 04:00:00,53.09
2015-04-13 05:00:00,60.0
2015-04-13 06:00:00,69.99
2015-04-13 07:00:00,62.66
2015-04-13 08:00:00,57.48
2015-04-13 09:00:00,53.41
2015-04-13 10:00:00,50.05
2015-04-13 11:00:00,48.88
2015-04-13 12:00:00,47.17
2015-04-13 13:00:00,44.94
2015-04-13 14:00:00,44.23
2015-04-13 15:00:00,46.9
2015-04-13 16:00:00,49.54
2015-04-13 17:00:00,53.0
2015-04-13 18:00:00,57.48
2015-04-13 19:00:00,60.69
2015-04-13 20:00:00,55.32
2015-04-13 21:00:00,47.07
2015-04-13 22:00:00,40.1
2015-04-13 23:00:00,33.83
2015-04-14 00:00:00,33.0
2015-04-14 01:00:00,27.58
2015-04-14 02:00:00,27.08
2015-04-14 03:00:00,29.99
2015-04-14 04:00:00,42.23
2015-04-14 05:00:00,51.41
2015-04-14 06:00:00,54.96
2015-04-14 07:00:00,55.0
2015-04-14 08:00:00,52.99
2015-04-14 09:00:00,51.49
2015-04-14 10:00:00,46.84
2015-04-14 11:00:00,45.0
2015-04-14 12:00:00,44.01
2015-04-14 13:00:00,43.69
2015-04-14 14:00:00,42.76
2015-04-14 15:00:00,41.7
2015-04-14 16:00:00,43.0
2015-04-14 17:00:00,47.5
2015-04-14 18:00:00,50.48
2015-04-14 19:00:00,55.0
2015-04-14 20:00:00,50.94
2015-04-14 21:00:00,45.7
2015-04-14 22:00:00,42.53
2015-04-14 23:00:00,37.69
2015-04-15 00:00:00,34.2
2015-04-15 01:00:00,30.45
2015-04-15 02:00:00,24.7
2015-04-15 03:00:00,34.11
2015-04-15 04:00:00,41.36
2015-04-15 05:00:00,48.1
2015-04-15 06:00:00,51.76
2015-04-15 07:00:00,52.9
2015-04-15 08:00:00,51.89
2015-04-15 09:00:00,52.55
2015-04-15 10:00:00,49.16
2015-04-15 11:00:00,49.9
2015-04-15 12:00:00,50.03
2015-04-15 13:00:00,48.84
2015-04-15 14:00:00,47.78
2015-04-15 15:00:00,48.1
2015-04-15 16:00:00,52.48
2015-04-15 17:00:00,52.22
2015-04-15 18:00:00,50.4
2015-04-15 19:00:00,47.33
2015-04-15 20:00:00,50.53
2015-04-15 21:00:00,49.69
2015-04-15 22:00:00,43.7
2015-04-15 23:00:00,43.88
2015-04-16 00:00:00,41.49
2015-04-16 01:00:00,28.94
2015-04-16 02:00:00,25.07
2015-04-16 03:00:00,33.64
2015-04-16 04:00:00,45.54
2015-04-16 05:00:00,50.03
2015-04-16 06:00:00,52.0
2015-04-16 07:00:00,55.37
2015-04-16 08:00:00,51.05
2015-04-16 09:00:00,52.75
2015-04-16 10:00:00,50.0
2015-04-16 11:00:00,50.0
2015-04-16 12:00:00,50.06
2015-04-16 13:00:00,47.19
2015-04-16 14:00:00,45.25
2015-04-16 15:00:00,41.42
2015-04-16 16:00:00,44.78
2015-04-16 17:00:00,47.23
2015-04-16 18:00:00,49.49
2015-04-16 19:00:00,45.1
2015-04-16 20:00:00,44.92
2015-04-16 21:00:00,44.94
2015-04-16 22:00:00,42.95
2015-04-16 23:00:00,38.68
2015-04-17 00:00:00,30.44
2015-04-17 01:00:00,27.8
2015-04-17 02:00:00,27.72
2015-04-17 03:00:00,30.03
2015-04-17 04:00:00,43.23
2015-04-17 05:00:00,50.0
2015-04-17 06:00:00,54.9
2015-04-17 07:00:00,53.61
2015-04-17 08:00:00,54.33
2015-04-17 09:00:00,54.48
2015-04-17 10:00:00,51.5
2015-04-17 11:00:00,50.0
2015-04-17 12:00:00,46.81
2015-04-17 13:00:00,42.99
2015-04-17 14:00:00,40.16
2015-04-17 15:00:00,39.24
2015-04-17 16:00:00,43.88
2015-04-17 17:00:00,44.12
2015-04-17 18:00:00,45.7
2015-04-17 19:00:00,42.91
2015-04-17 20:00:00,45.43
2015-04-17 21:00:00,44.77
2015-04-17 22:00:00,31.89
2015-04-17 23:00:00,28.13
2015-04-18 00:00:00,26.99
2015-04-18 01:00:00,25.04
2015-04-18 02:00:00,25.04
2015-04-18 03:00:00,27.95
2015-04-18 04:00:00,27.54
2015-04-18 05:00:00,25.97
2015-04-18 06:00:00,29.19
2015-04-18 07:00:00,26.8
2015-04-18 08:00:00,23.31
2015-04-18 09:00:00,22.27
2015-04-18 10:00:00,20.38
2015-04-18 11:00:00,17.38
2015-04-18 12:00:00,14.03
2015-04-18 13:00:00,11.94
2015-04-18 14:00:00,15.11
2015-04-18 15:00:00,20.35
2015-04-18 16:00:00,24.22
2015-04-18 17:00:00,28.06
2015-04-18 18:00:00,31.76
2015-04-18 19:00:00,35.13
2015-04-18 20:00:00,39.58
2015-04-18 21:00:00,33.31
2015-04-18 22:00:00,26.4
2015-04-18 23:00:00,23.87
2015-04-19 00:00:00,23.29
2015-04-19 01:00:00,21.94
2015-04-19 02:00:00,20.44
2015-04-19 03:00:00,21.31
2015-04-19 04:00:00,19.98
2015-04-19 05:00:00,20.3
2015-04-19 06:00:00,23.01
2015-04-19 07:00:00,22.89
2015-04-19 08:00:00,20.3
2015-04-19 09:00:00,20.02
2015-04-19 10:00:00,23.36
2015-04-19 11:00:00,19.75
2015-04-19 12:00:00,10.1
2015-04-19 13:00:00,11.85
2015-04-19 14:00:00,16.14
2015-04-19 15:00:00,20.92
2015-04-19 16:00:00,25.22
2015-04-19 17:00:00,35.12
2015-04-19 18:00:00,39.51
2015-04-19 19:00:00,39.64
2015-04-19 20:00:00,36.62
2015-04-19 21:00:00,36.15
2015-04-19 22:00:00,29.18
2015-04-19 23:00:00,26.13
2015-04-20 00:00:00,24.95
2015-04-20 01:00:00,22.71
2015-04-20 02:00:00,22.73
2015-04-20 03:00:00,28.8
2015-04-20 04:00:00,45.02
2015-04-20 05:00:00,51.58
2015-04-20 06:00:00,56.11
2015-04-20 07:00:00,54.14
2015-04-20 08:00:00,52.0
2015-04-20 09:00:00,52.02
2015-04-20 10:00:00,46.29
2015-04-20 11:00:00,44.45
2015-04-20 12:00:00,43.9
2015-04-20 13:00:00,42.01
2015-04-20 14:00:00,39.25
2015-04-20 15:00:00,35.26
2015-04-20 16:00:00,37.64
2015-04-20 17:00:00,44.96
2015-04-20 18:00:00,45.39
2015-04-20 19:00:00,42.22
2015-04-20 20:00:00,44.21
2015-04-20 21:00:00,44.2
2015-04-20 22:00:00,42.9
2015-04-20 23:00:00,41.0
2015-04-21 00:00:00,38.5
2015-04-21 01:00:00,27.95
2015-04-21 02:00:00,28.17
2015-04-21 03:00:00,35.3
2015-04-21 04:00:00,42.7
2015-04-21 05:00:00,48.21
2015-04-21 06:00:00,53.98
2015-04-21 07:00:00,52.81
2015-04-21 08:00:00,50.13
2015-04-21 09:00:00,50.25
2015-04-21 10:00:00,44.94
2015-04-21 11:00:00,43.37
2015-04-21 12:00:00,43.73
2015-04-21 13:00:00,41.16
2015-04-21 14:00:00,39.26
2015-04-21 15:00:00,40.5
2015-04-21 16:00:00,40.79
2015-04-21 17:00:00,43.3
2015-04-21 18:00:00,43.34
2015-04-21 19:00:00,40.99
2015-04-21 20:00:00,44.83
2015-04-21 21:00:00,42.26
2015-04-21 22:00:00,39.36
2015-04-21 23:00:00,30.07
2015-04-22 00:00:00,25.52
2015-04-22 01:00:00,22.06
2015-04-22 02:00:00,22.96
2015-04-22 03:00:00,26.98
2015-04-22 04:00:00,34.01
2015-04-22 05:00:00,45.97
2015-04-22 06:00:00,50.39
2015-04-22 07:00:00,47.05
2015-04-22 08:00:00,43.94
2015-04-22 09:00:00,43.75
2015-04-22 10:00:00,39.91
2015-04-22 11:00:00,40.09
2015-04-22 12:00:00,41.0
2015-04-22 13:00:00,40.51
2015-04-22 14:00:00,38.03
2015-04-22 15:00:00,39.2
2015-04-22 16:00:00,45.08
2015-04-22 17:00:00,50.34
2015-04-22 18:00:00,50.44
2015-04-22 19:00:00,47.05
2015-04-22 20:00:00,44.2
2015-04-22 21:00:00,38.42
2015-04-22 22:00:00,32.29
2015-04-22 23:00:00,29.04
2015-04-23 00:00:00,27.31
2015-04-23 01:00:00,25.07
2015-04-23 02:00:00,25.94
2015-04-23 03:00:00,30.07
2015-04-23 04:00:00,38.97
2015-04-23 05:00:00,44.27
2015-04-23 06:00:00,46.37
2015-04-23 07:00:00,46.01
2015-04-23 08:00:00,45.65
2015-04-23 09:00:00,46.02
2015-04-23 10:00:00,45.9
2015-04-23 11:00:00,46.08
2015-04-23 12:00:00,42.8
2015-04-23 13:00:00,38.6
2015-04-23 14:00:00,34.98
2015-04-23 15:00:00,34.15
2015-04-23 16:00:00,40.95
2015-04-23 17:00:00,45.99
2015-04-23 18:00:00,46.47
2015-04-23 19:00:00,44.42
2015-04-23 20:00:00,44.01
2015-04-23 21:00:00,41.88
2015-04-23 22:00:00,32.86
2015-04-23 23:00:00,29.31
2015-04-24 00:00:00,31.87
2015-04-24 01:00:00,25.4
2015-04-24 02:00:00,25.31
2015-04-24 03:00:00,29.1
2015-04-24 04:00:00,39.97
2015-04-24 05:00:00,46.78
2015-04-24 06:00:00,47.44
2015-04-24 07:00:00,42.0
2015-04-24 08:00:00,40.46
2015-04-24 09:00:00,40.82
2015-04-24 10:00:00,40.81
2015-04-24 11:00:00,39.05
2015-04-24 12:00:00,36.08
2015-04-24 13:00:00,32.2
2015-04-24 14:00:00,27.51
2015-04-24 15:00:00,31.95
2015-04-24 16:00:00,37.73
2015-04-24 17:00:00,41.04
2015-04-24 18:00:00,41.52
2015-04-24 19:00:00,40.63
2015-04-24 20:00:00,37.68
2015-04-24 21:00:00,29.98
2015-04-24 22:00:00,31.82
2015-04-24 23:00:00,25.01
2015-04-25 00:00:00,24.0
2015-04-25 01:00:00,22.64
2015-04-25 02:00:00,21.98
2015-04-25 03:00:00,21.68
2015-04-25 04:00:00,21.74
2015-04-25 05:00:00,22.71
2015-04-25 06:00:00,24.96
2015-04-25 07:00:00,28.47
2015-04-25 08:00:00,29.6
2015-04-25 09:00:00,28.87
2015-04-25 10:00:00,29.69
2015-04-25 11:00:00,27.78
2015-04-25 12:00:00,26.02
2015-04-25 13:00:00,23.65
2015-04-25 14:00:00,23.9
2015-04-25 15:00:00,26.5
2015-04-25 16:00:00,31.24
2015-04-25 17:00:00,32.98
2015-04-25 18:00:00,33.23
2015-04-25 19:00:00,30.29
2015-04-25 20:00:00,31.17
2015-04-25 21:00:00,29.8
2015-04-25 22:00:00,22.39
2015-04-25 23:00:00,20.87
2015-04-26 00:00:00,21.28
2015-04-26 01:00:00,18.87
2015-04-26 02:00:00,17.79
2015-04-26 03:00:00,18.26
2015-04-26 04:00:00,18.75
2015-04-26 05:00:00,19.17
2015-04-26 06:00:00,20.14
2015-04-26 07:00:00,23.05
2015-04-26 08:00:00,23.19
2015-04-26 09:00:00,23.26
2015-04-26 10:00:00,22.81
2015-04-26 11:00:00,19.8
2015-04-26 12:00:00,18.45
2015-04-26 13:00:00,16.3
2015-04-26 14:00:00,18.13
2015-04-26 15:00:00,21.57
2015-04-26 16:00:00,23.35
2015-04-26 17:00:00,27.84
2015-04-26 18:00:00,29.77
2015-04-26 19:00:00,31.9
2015-04-26 20:00:00,33.55
2015-04-26 21:00:00,32.63
2015-04-26 22:00:00,29.72
2015-04-26 23:00:00,24.45
2015-04-27 00:00:00,23.21
2015-04-27 01:00:00,18.62
2015-04-27 02:00:00,16.73
2015-04-27 03:00:00,25.18
2015-04-27 04:00:00,38.0
2015-04-27 05:00:00,43.94
2015-04-27 06:00:00,48.57
2015-04-27 07:00:00,46.0
2015-04-27 08:00:00,48.28
2015-04-27 09:00:00,48.43
2015-04-27 10:00:00,50.35
2015-04-27 11:00:00,50.1
2015-04-27 12:00:00,44.19
2015-04-27 13:00:00,41.49
2015-04-27 14:00:00,40.41
2015-04-27 15:00:00,43.18
2015-04-27 16:00:00,44.97
2015-04-27 17:00:00,44.11
2015-04-27 18:00:00,40.8
2015-04-27 19:00:00,44.56
2015-04-27 20:00:00,46.11
2015-04-27 21:00:00,42.02
2015-04-27 22:00:00,34.93
2015-04-27 23:00:00,29.91
2015-04-28 00:00:00,27.87
2015-04-28 01:00:00,25.13
2015-04-28 02:00:00,25.5
2015-04-28 03:00:00,29.91
2015-04-28 04:00:00,38.74
2015-04-28 05:00:00,49.05
2015-04-28 06:00:00,57.79
2015-04-28 07:00:00,57.61
2015-04-28 08:00:00,49.97
2015-04-28 09:00:00,49.62
2015-04-28 10:00:00,47.44
2015-04-28 11:00:00,45.05
2015-04-28 12:00:00,42.04
2015-04-28 13:00:00,40.57
2015-04-28 14:00:00,40.0
2015-04-28 15:00:00,38.51
2015-04-28 16:00:00,40.69
2015-04-28 17:00:00,43.84
2015-04-28 18:00:00,43.86
2015-04-28 19:00:00,44.83
2015-04-28 20:00:00,47.62
2015-04-28 21:00:00,44.29
2015-04-28 22:00:00,34.85
2015-04-28 23:00:00,26.45
2015-04-29 00:00:00,26.86
2015-04-29 01:00:00,25.4
2015-04-29 02:00:00,25.94
2015-04-29 03:00:00,28.94
2015-04-29 04:00:00,38.9
2015-04-29 05:00:00,54.0
2015-04-29 06:00:00,60.99
2015-04-29 07:00:00,60.99
2015-04-29 08:00:00,52.83
2015-04-29 09:00:00,44.28
2015-04-29 10:00:00,46.05
2015-04-29 11:00:00,44.35
2015-04-29 12:00:00,40.53
2015-04-29 13:00:00,38.87
2015-04-29 14:00:00,38.29
2015-04-29 15:00:00,35.27
2015-04-29 16:00:00,41.1
2015-04-29 17:00:00,44.94
2015-04-29 18:00:00,43.17
2015-04-29 19:00:00,45.28
2015-04-29 20:00:00,42.99
2015-04-29 21:00:00,41.55
2015-04-29 22:00:00,39.0
2015-04-29 23:00:00,34.98
2015-04-30 00:00:00,34.1
2015-04-30 01:00:00,27.66
2015-04-30 02:00:00,26.47
2015-04-30 03:00:00,31.96
2015-04-30 04:00:00,41.68
2015-04-30 05:00:00,47.35
2015-04-30 06:00:00,55.08
2015-04-30 07:00:00,55.52
2015-04-30 08:00:00,51.02
2015-04-30 09:00:00,49.58
2015-04-30 10:00:00,43.32
2015-04-30 11:00:00,44.03
2015-04-30 12:00:00,45.88
2015-04-30 13:00:00,44.0
2015-04-30 14:00:00,41.23
2015-04-30 15:00:00,37.91
2015-04-30 16:00:00,41.13
2015-04-30 17:00:00,44.92
2015-04-30 18:00:00,42.12
2015-04-30 19:00:00,41.98
2015-04-30 20:00:00,38.41
2015-04-30 21:00:00,33.3
2015-04-30 22:00:00,24.34
2015-04-30 23:00:00,24.09
2015-05-01 00:00:00,23.79
2015-05-01 01:00:00,21.38
2015-05-01 02:00:00,18.63
2015-05-01 03:00:00,17.56
2015-05-01 04:00:00,12.12
2015-05-01 05:00:00,15.56
2015-05-01 06:00:00,19.83
2015-05-01 07:00:00,21.11
2015-05-01 08:00:00,22.81
2015-05-01 09:00:00,23.21
2015-05-01 10:00:00,24.57
2015-05-01 11:00:00,21.4
2015-05-01 12:00:00,20.09
2015-05-01 13:00:00,19.12
2015-05-01 14:00:00,19.97
2015-05-01 15:00:00,21.31
2015-05-01 16:00:00,22.64
2015-05-01 17:00:00,24.0
2015-05-01 18:00:00,23.19
2015-05-01 19:00:00,26.89
2015-05-01 20:00:00,28.7
2015-05-01 21:00:00,25.88
2015-05-01 22:00:00,23.94
2015-05-01 23:00:00,21.62
2015-05-02 00:00:00,19.37
2015-05-02 01:00:00,17.68
2015-05-02 02:00:00,17.57
2015-05-02 03:00:00,18.06
2015-05-02 04:00:00,18.2
2015-05-02 05:00:00,19.32
2015-05-02 06:00:00,26.05
2015-05-02 07:00:00,27.18
2015-05-02 08:00:00,26.02
2015-05-02 09:00:00,25.67
2015-05-02 10:00:00,24.22
2015-05-02 11:00:00,22.66
2015-05-02 12:00:00,23.15
2015-05-02 13:00:00,22.09
2015-05-02 14:00:00,21.09
2015-05-02 15:00:00,23.53
2015-05-02 16:00:00,32.08
2015-05-02 17:00:00,36.09
2015-05-02 18:00:00,33.83
2015-05-02 19:00:00,34.96
2015-05-02 20:00:00,37.33
2015-05-02 21:00:00,33.57
2015-05-02 22:00:00,22.97
2015-05-02 23:00:00,19.58
2015-05-03 00:00:00,16.7
2015-05-03 01:00:00,15.12
2015-05-03 02:00:00,14.54
2015-05-03 03:00:00,14.84
2015-05-03 04:00:00,5.99
2015-05-03 05:00:00,10.08
2015-05-03 06:00:00,13.88
2015-05-03 07:00:00,17.31
2015-05-03 08:00:00,19.27
2015-05-03 09:00:00,20.7
2015-05-03 10:00:00,21.39
2015-05-03 11:00:00,17.43
2015-05-03 12:00:00,13.01
2015-05-03 13:00:00,12.03
2015-05-03 14:00:00,12.16
2015-05-03 15:00:00,13.29
2015-05-03 16:00:00,16.01
2015-05-03 17:00:00,18.81
2015-05-03 18:00:00,19.96
2015-05-03 19:00:00,20.5
2015-05-03 20:00:00,20.48
2015-05-03 21:00:00,20.04
2015-05-03 22:00:00,18.68
2015-05-03 23:00:00,16.57
2015-05-04 00:00:00,10.39
2015-05-04 01:00:00,8.47
2015-05-04 02:00:00,9.6
2015-05-04 03:00:00,19.11
2015-05-04 04:00:00,30.48
2015-05-04 05:00:00,48.69
2015-05-04 06:00:00,39.85
2015-05-04 07:00:00,41.6
2015-05-04 08:00:00,50.11
2015-05-04 09:00:00,55.1
2015-05-04 10:00:00,51.4
2015-05-04 11:00:00,41.6
2015-05-04 12:00:00,39.25
2015-05-04 13:00:00,37.7
2015-05-04 14:00:00,37.13
2015-05-04 15:00:00,38.57
2015-05-04 16:00:00,40.07
2015-05-04 17:00:00,42.45
2015-05-04 18:00:00,40.9
2015-05-04 19:00:00,40.06
2015-05-04 20:00:00,38.31
2015-05-04 21:00:00,27.19
2015-05-04 22:00:00,24.0
2015-05-04 23:00:00,21.22
2015-05-05 00:00:00,17.08
2015-05-05 01:00:00,14.95
2015-05-05 02:00:00,13.91
2015-05-05 03:00:00,17.83
2015-05-05 04:00:00,23.39
2015-05-05 05:00:00,31.01
2015-05-05 06:00:00,34.66
2015-05-05 07:00:00,34.49
2015-05-05 08:00:00,33.27
2015-05-05 09:00:00,33.62
2015-05-05 10:00:00,30.0
2015-05-05 11:00:00,26.99
2015-05-05 12:00:00,25.21
2015-05-05 13:00:00,24.87
2015-05-05 14:00:00,24.85
2015-05-05 15:00:00,24.99
2015-05-05 16:00:00,29.25
2015-05-05 17:00:00,33.36
2015-05-05 18:00:00,33.3
2015-05-05 19:00:00,35.22
2015-05-05 20:00:00,38.31
2015-05-05 21:00:00,35.29
2015-05-05 22:00:00,30.2
2015-05-05 23:00:00,22.1
2015-05-06 00:00:00,17.97
2015-05-06 01:00:00,15.9
2015-05-06 02:00:00,17.1
2015-05-06 03:00:00,22.84
2015-05-06 04:00:00,33.97
2015-05-06 05:00:00,39.98
2015-05-06 06:00:00,42.0
2015-05-06 07:00:00,38.54
2015-05-06 08:00:00,32.9
2015-05-06 09:00:00,31.0
2015-05-06 10:00:00,30.63
2015-05-06 11:00:00,29.92
2015-05-06 12:00:00,32.33
2015-05-06 13:00:00,30.52
2015-05-06 14:00:00,23.85
2015-05-06 15:00:00,27.2
2015-05-06 16:00:00,28.21
2015-05-06 17:00:00,34.48
2015-05-06 18:00:00,32.53
2015-05-06 19:00:00,31.91
2015-05-06 20:00:00,42.23
2015-05-06 21:00:00,37.5
2015-05-06 22:00:00,30.9
2015-05-06 23:00:00,24.48
2015-05-07 00:00:00,20.46
2015-05-07 01:00:00,13.76
2015-05-07 02:00:00,12.64
2015-05-07 03:00:00,20.32
2015-05-07 04:00:00,26.94
2015-05-07 05:00:00,51.72
2015-05-07 06:00:00,57.98
2015-05-07 07:00:00,58.5
2015-05-07 08:00:00,55.1
2015-05-07 09:00:00,46.16
2015-05-07 10:00:00,44.18
2015-05-07 11:00:00,41.83
2015-05-07 12:00:00,42.1
2015-05-07 13:00:00,37.77
2015-05-07 14:00:00,35.81
2015-05-07 15:00:00,38.32
2015-05-07 16:00:00,39.67
2015-05-07 17:00:00,44.79
2015-05-07 18:00:00,46.9
2015-05-07 19:00:00,47.65
2015-05-07 20:00:00,44.83
2015-05-07 21:00:00,43.76
2015-05-07 22:00:00,29.08
2015-05-07 23:00:00,25.11
2015-05-08 00:00:00,23.14
2015-05-08 01:00:00,22.18
2015-05-08 02:00:00,22.05
2015-05-08 03:00:00,23.23
2015-05-08 04:00:00,21.76
2015-05-08 05:00:00,23.28
2015-05-08 06:00:00,26.01
2015-05-08 07:00:00,29.68
2015-05-08 08:00:00,32.32
2015-05-08 09:00:00,33.12
2015-05-08 10:00:00,32.23
2015-05-08 11:00:00,27.45
2015-05-08 12:00:00,25.08
2015-05-08 13:00:00,21.41
2015-05-08 14:00:00,19.99
2015-05-08 15:00:00,17.77
2015-05-08 16:00:00,20.55
2015-05-08 17:00:00,25.72
2015-05-08 18:00:00,25.49
2015-05-08 19:00:00,30.59
2015-05-08 20:00:00,31.2
2015-05-08 21:00:00,26.47
2015-05-08 22:00:00,21.99
2015-05-08 23:00:00,20.04
2015-05-09 00:00:00,18.41
2015-05-09 01:00:00,15.72
2015-05-09 02:00:00,13.37
2015-05-09 03:00:00,15.55
2015-05-09 04:00:00,16.86
2015-05-09 05:00:00,17.54
2015-05-09 06:00:00,18.5
2015-05-09 07:00:00,19.71
2015-05-09 08:00:00,18.67
2015-05-09 09:00:00,17.86
2015-05-09 10:00:00,17.2
2015-05-09 11:00:00,15.84
2015-05-09 12:00:00,13.63
2015-05-09 13:00:00,7.99
2015-05-09 14:00:00,9.89
2015-05-09 15:00:00,14.23
2015-05-09 16:00:00,17.7
2015-05-09 17:00:00,19.79
2015-05-09 18:00:00,20.28
2015-05-09 19:00:00,20.95
2015-05-09 20:00:00,21.47
2015-05-09 21:00:00,21.78
2015-05-09 22:00:00,16.04
2015-05-09 23:00:00,15.55
2015-05-10 00:00:00,13.96
2015-05-10 01:00:00,7.47
2015-05-10 02:00:00,6.22
2015-05-10 03:00:00,4.05
2015-05-10 04:00:00,0.39
2015-05-10 05:00:00,0.73
2015-05-10 06:00:00,4.83
2015-05-10 07:00:00,6.96
2015-05-10 08:00:00,8.79
2015-05-10 09:00:00,10.71
2015-05-10 10:00:00,12.55
2015-05-10 11:00:00,10.09
2015-05-10 12:00:00,4.78
2015-05-10 13:00:00,0.02
2015-05-10 14:00:00,1.19
2015-05-10 15:00:00,11.76
2015-05-10 16:00:00,19.02
2015-05-10 17:00:00,24.65
2015-05-10 18:00:00,26.75
2015-05-10 19:00:00,26.56
2015-05-10 20:00:00,28.01
2015-05-10 21:00:00,25.45
2015-05-10 22:00:00,22.2
2015-05-10 23:00:00,18.35
2015-05-11 00:00:00,17.04
2015-05-11 01:00:00,13.27
2015-05-11 02:00:00,15.13
2015-05-11 03:00:00,17.71
2015-05-11 04:00:00,28.96
2015-05-11 05:00:00,38.17
2015-05-11 06:00:00,39.16
2015-05-11 07:00:00,37.72
2015-05-11 08:00:00,33.0
2015-05-11 09:00:00,31.92
2015-05-11 10:00:00,32.42
2015-05-11 11:00:00,32.37
2015-05-11 12:00:00,31.86
2015-05-11 13:00:00,40.23
2015-05-11 14:00:00,35.35
2015-05-11 15:00:00,32.6
2015-05-11 16:00:00,37.96
2015-05-11 17:00:00,42.11
2015-05-11 18:00:00,39.72
2015-05-11 19:00:00,38.01
2015-05-11 20:00:00,34.92
2015-05-11 21:00:00,34.01
2015-05-11 22:00:00,23.59
2015-05-11 23:00:00,23.0
2015-05-12 00:00:00,18.87
2015-05-12 01:00:00,17.94
2015-05-12 02:00:00,14.26
2015-05-12 03:00:00,21.68
2015-05-12 04:00:00,23.92
2015-05-12 05:00:00,33.69
2015-05-12 06:00:00,45.44
2015-05-12 07:00:00,38.84
2015-05-12 08:00:00,38.96
2015-05-12 09:00:00,37.92
2015-05-12 10:00:00,31.31
2015-05-12 11:00:00,27.39
2015-05-12 12:00:00,24.6
2015-05-12 13:00:00,24.54
2015-05-12 14:00:00,24.88
2015-05-12 15:00:00,24.88
2015-05-12 16:00:00,27.64
2015-05-12 17:00:00,33.93
2015-05-12 18:00:00,34.0
2015-05-12 19:00:00,34.35
2015-05-12 20:00:00,34.58
2015-05-12 21:00:00,27.37
2015-05-12 22:00:00,21.72
2015-05-12 23:00:00,18.27
2015-05-13 00:00:00,19.08
2015-05-13 01:00:00,16.17
2015-05-13 02:00:00,16.52
2015-05-13 03:00:00,19.99
2015-05-13 04:00:00,22.86
2015-05-13 05:00:00,32.96
2015-05-13 06:00:00,36.55
2015-05-13 07:00:00,30.61
2015-05-13 08:00:00,24.55
2015-05-13 09:00:00,23.44
2015-05-13 10:00:00,28.88
2015-05-13 11:00:00,30.45
2015-05-13 12:00:00,29.93
2015-05-13 13:00:00,23.09
2015-05-13 14:00:00,23.76
2015-05-13 15:00:00,27.75
2015-05-13 16:00:00,32.91
2015-05-13 17:00:00,36.97
2015-05-13 18:00:00,29.85
2015-05-13 19:00:00,33.13
2015-05-13 20:00:00,35.82
2015-05-13 21:00:00,27.99
2015-05-13 22:00:00,25.9
2015-05-13 23:00:00,21.02
2015-05-14 00:00:00,18.89
2015-05-14 01:00:00,18.96
2015-05-14 02:00:00,17.87
2015-05-14 03:00:00,17.64
2015-05-14 04:00:00,16.26
2015-05-14 05:00:00,18.05
2015-05-14 06:00:00,18.56
2015-05-14 07:00:00,18.5
2015-05-14 08:00:00,18.83
2015-05-14 09:00:00,19.1
2015-05-14 10:00:00,20.17
2015-05-14 11:00:00,18.97
2015-05-14 12:00:00,17.01
2015-05-14 13:00:00,16.75
2015-05-14 14:00:00,17.64
2015-05-14 15:00:00,17.96
2015-05-14 16:00:00,21.47
2015-05-14 17:00:00,24.18
2015-05-14 18:00:00,23.02
2015-05-14 19:00:00,22.94
2015-05-14 20:00:00,27.39
2015-05-14 21:00:00,24.0
2015-05-14 22:00:00,24.99
2015-05-14 23:00:00,23.42
2015-05-15 00:00:00,21.04
2015-05-15 01:00:00,19.63
2015-05-15 02:00:00,20.63
2015-05-15 03:00:00,23.3
2015-05-15 04:00:00,24.67
2015-05-15 05:00:00,28.55
2015-05-15 06:00:00,36.71
2015-05-15 07:00:00,34.98
2015-05-15 08:00:00,32.36
2015-05-15 09:00:00,35.04
2015-05-15 10:00:00,33.62
2015-05-15 11:00:00,29.27
2015-05-15 12:00:00,25.63
2015-05-15 13:00:00,25.08
2015-05-15 14:00:00,24.85
2015-05-15 15:00:00,28.08
2015-05-15 16:00:00,36.55
2015-05-15 17:00:00,39.92
2015-05-15 18:00:00,36.69
2015-05-15 19:00:00,36.62
2015-05-15 20:00:00,39.48
2015-05-15 21:00:00,36.85
2015-05-15 22:00:00,26.03
2015-05-15 23:00:00,22.66
2015-05-16 00:00:00,21.25
2015-05-16 01:00:00,21.14
2015-05-16 02:00:00,20.54
2015-05-16 03:00:00,21.05
2015-05-16 04:00:00,20.7
2015-05-16 05:00:00,21.3
2015-05-16 06:00:00,21.55
2015-05-16 07:00:00,21.67
2015-05-16 08:00:00,20.02
2015-05-16 09:00:00,18.2
2015-05-16 10:00:00,21.14
2015-05-16 11:00:00,18.51
2015-05-16 12:00:00,17.77
2015-05-16 13:00:00,14.82
2015-05-16 14:00:00,14.3
2015-05-16 15:00:00,18.05
2015-05-16 16:00:00,20.05
2015-05-16 17:00:00,24.5
2015-05-16 18:00:00,26.0
2015-05-16 19:00:00,28.84
2015-05-16 20:00:00,32.06
2015-05-16 21:00:00,30.25
2015-05-16 22:00:00,17.11
2015-05-16 23:00:00,16.91
2015-05-17 00:00:00,14.84
2015-05-17 01:00:00,10.07
2015-05-17 02:00:00,6.18
2015-05-17 03:00:00,3.98
2015-05-17 04:00:00,3.53
2015-05-17 05:00:00,8.57
2015-05-17 06:00:00,11.97
2015-05-17 07:00:00,13.47
2015-05-17 08:00:00,14.44
2015-05-17 09:00:00,16.93
2015-05-17 10:00:00,18.11
2015-05-17 11:00:00,14.39
2015-05-17 12:00:00,8.04
2015-05-17 13:00:00,2.65
2015-05-17 14:00:00,3.17
2015-05-17 15:00:00,10.11
2015-05-17 16:00:00,16.88
2015-05-17 17:00:00,21.24
2015-05-17 18:00:00,23.9
2015-05-17 19:00:00,23.77
2015-05-17 20:00:00,30.55
2015-05-17 21:00:00,26.61
2015-05-17 22:00:00,22.24
2015-05-17 23:00:00,20.45
2015-05-18 00:00:00,18.15
2015-05-18 01:00:00,15.01
2015-05-18 02:00:00,16.65
2015-05-18 03:00:00,21.51
2015-05-18 04:00:00,37.46
2015-05-18 05:00:00,44.45
2015-05-18 06:00:00,43.99
2015-05-18 07:00:00,39.94
2015-05-18 08:00:00,34.59
2015-05-18 09:00:00,35.71
2015-05-18 10:00:00,31.91
2015-05-18 11:00:00,29.9
2015-05-18 12:00:00,27.15
2015-05-18 13:00:00,27.35
2015-05-18 14:00:00,27.29
2015-05-18 15:00:00,28.42
2015-05-18 16:00:00,31.99
2015-05-18 17:00:00,36.92
2015-05-18 18:00:00,32.75
2015-05-18 19:00:00,31.52
2015-05-18 20:00:00,34.14
2015-05-18 21:00:00,27.98
2015-05-18 22:00:00,20.81
2015-05-18 23:00:00,17.29
2015-05-19 00:00:00,18.0
2015-05-19 01:00:00,14.73
2015-05-19 02:00:00,14.51
2015-05-19 03:00:00,16.83
2015-05-19 04:00:00,20.59
2015-05-19 05:00:00,39.1
2015-05-19 06:00:00,39.21
2015-05-19 07:00:00,36.73
2015-05-19 08:00:00,40.93
2015-05-19 09:00:00,38.09
2015-05-19 10:00:00,38.0
2015-05-19 11:00:00,31.85
2015-05-19 12:00:00,25.49
2015-05-19 13:00:00,24.99
2015-05-19 14:00:00,25.04
2015-05-19 15:00:00,26.42
2015-05-19 16:00:00,30.94
2015-05-19 17:00:00,35.92
2015-05-19 18:00:00,37.7
2015-05-19 19:00:00,37.11
2015-05-19 20:00:00,36.99
2015-05-19 21:00:00,30.08
2015-05-19 22:00:00,28.41
2015-05-19 23:00:00,24.94
2015-05-20 00:00:00,22.38
2015-05-20 01:00:00,21.08
2015-05-20 02:00:00,20.41
2015-05-20 03:00:00,24.79
2015-05-20 04:00:00,31.67
2015-05-20 05:00:00,50.23
2015-05-20 06:00:00,56.11
2015-05-20 07:00:00,55.19
2015-05-20 08:00:00,49.1
2015-05-20 09:00:00,47.0
2015-05-20 10:00:00,42.77
2015-05-20 11:00:00,38.55
2015-05-20 12:00:00,33.53
2015-05-20 13:00:00,31.45
2015-05-20 14:00:00,29.78
2015-05-20 15:00:00,32.01
2015-05-20 16:00:00,34.77
2015-05-20 17:00:00,37.47
2015-05-20 18:00:00,36.53
2015-05-20 19:00:00,33.93
2015-05-20 20:00:00,35.17
2015-05-20 21:00:00,34.91
2015-05-20 22:00:00,27.2
2015-05-20 23:00:00,26.02
2015-05-21 00:00:00,25.89
2015-05-21 01:00:00,23.77
2015-05-21 02:00:00,24.7
2015-05-21 03:00:00,27.1
2015-05-21 04:00:00,34.03
2015-05-21 05:00:00,43.0
2015-05-21 06:00:00,49.97
2015-05-21 07:00:00,45.5
2015-05-21 08:00:00,44.71
2015-05-21 09:00:00,46.17
2015-05-21 10:00:00,40.46
2015-05-21 11:00:00,40.45
2015-05-21 12:00:00,34.12
2015-05-21 13:00:00,30.38
2015-05-21 14:00:00,29.85
2015-05-21 15:00:00,31.35
2015-05-21 16:00:00,34.98
2015-05-21 17:00:00,39.96
2015-05-21 18:00:00,39.64
2015-05-21 19:00:00,37.0
2015-05-21 20:00:00,37.76
2015-05-21 21:00:00,34.2
2015-05-21 22:00:00,29.95
2015-05-21 23:00:00,26.33
2015-05-22 00:00:00,24.33
2015-05-22 01:00:00,23.74
2015-05-22 02:00:00,23.79
2015-05-22 03:00:00,25.28
2015-05-22 04:00:00,33.99
2015-05-22 05:00:00,40.72
2015-05-22 06:00:00,43.52
2015-05-22 07:00:00,41.09
2015-05-22 08:00:00,36.15
2015-05-22 09:00:00,35.9
2015-05-22 10:00:00,33.07
2015-05-22 11:00:00,32.61
2015-05-22 12:00:00,33.44
2015-05-22 13:00:00,31.18
2015-05-22 14:00:00,30.49
2015-05-22 15:00:00,31.39
2015-05-22 16:00:00,33.97
2015-05-22 17:00:00,36.17
2015-05-22 18:00:00,35.92
2015-05-22 19:00:00,35.68
2015-05-22 20:00:00,36.12
2015-05-22 21:00:00,34.2
2015-05-22 22:00:00,30.11
2015-05-22 23:00:00,26.05
2015-05-23 00:00:00,24.23
2015-05-23 01:00:00,20.96
2015-05-23 02:00:00,20.53
2015-05-23 03:00:00,20.22
2015-05-23 04:00:00,20.21
2015-05-23 05:00:00,22.61
2015-05-23 06:00:00,24.92
2015-05-23 07:00:00,26.08
2015-05-23 08:00:00,27.54
2015-05-23 09:00:00,27.01
2015-05-23 10:00:00,26.21
2015-05-23 11:00:00,24.14
2015-05-23 12:00:00,21.97
2015-05-23 13:00:00,22.07
2015-05-23 14:00:00,20.25
2015-05-23 15:00:00,21.9
2015-05-23 16:00:00,25.76
2015-05-23 17:00:00,29.57
2015-05-23 18:00:00,29.35
2015-05-23 19:00:00,29.58
2015-05-23 20:00:00,30.0
2015-05-23 21:00:00,27.67
2015-05-23 22:00:00,26.78
2015-05-23 23:00:00,21.14
2015-05-24 00:00:00,19.06
2015-05-24 01:00:00,17.88
2015-05-24 02:00:00,17.55
2015-05-24 03:00:00,15.96
2015-05-24 04:00:00,14.94
2015-05-24 05:00:00,16.15
2015-05-24 06:00:00,17.48
2015-05-24 07:00:00,19.3
2015-05-24 08:00:00,19.86
2015-05-24 09:00:00,20.08
2015-05-24 10:00:00,19.42
2015-05-24 11:00:00,18.1
2015-05-24 12:00:00,15.76
2015-05-24 13:00:00,14.78
2015-05-24 14:00:00,14.97
2015-05-24 15:00:00,16.01
2015-05-24 16:00:00,20.12
2015-05-24 17:00:00,22.17
2015-05-24 18:00:00,22.94
2015-05-24 19:00:00,22.29
2015-05-24 20:00:00,29.99
2015-05-24 21:00:00,27.63
2015-05-24 22:00:00,21.1
2015-05-24 23:00:00,19.31
2015-05-25 00:00:00,17.92
2015-05-25 01:00:00,16.1
2015-05-25 02:00:00,15.73
2015-05-25 03:00:00,16.95
2015-05-25 04:00:00,19.56
2015-05-25 05:00:00,20.89
2015-05-25 06:00:00,21.95
2015-05-25 07:00:00,24.09
2015-05-25 08:00:00,23.99
2015-05-25 09:00:00,25.01
2015-05-25 10:00:00,25.0
2015-05-25 11:00:00,21.74
2015-05-25 12:00:00,21.09
2015-05-25 13:00:00,19.9
2015-05-25 14:00:00,20.44
2015-05-25 15:00:00,21.99
2015-05-25 16:00:00,25.96
2015-05-25 17:00:00,28.55
2015-05-25 18:00:00,28.65
2015-05-25 19:00:00,29.85
2015-05-25 20:00:00,33.64
2015-05-25 21:00:00,31.24
2015-05-25 22:00:00,29.43
2015-05-25 23:00:00,26.69
2015-05-26 00:00:00,23.93
2015-05-26 01:00:00,22.73
2015-05-26 02:00:00,22.47
2015-05-26 03:00:00,23.4
2015-05-26 04:00:00,37.23
2015-05-26 05:00:00,47.97
2015-05-26 06:00:00,46.33
2015-05-26 07:00:00,44.81
2015-05-26 08:00:00,42.01
2015-05-26 09:00:00,40.36
2015-05-26 10:00:00,39.76
2015-05-26 11:00:00,38.2
2015-05-26 12:00:00,35.2
2015-05-26 13:00:00,32.03
2015-05-26 14:00:00,31.28
2015-05-26 15:00:00,32.82
2015-05-26 16:00:00,33.96
2015-05-26 17:00:00,35.4
2015-05-26 18:00:00,34.36
2015-05-26 19:00:00,32.61
2015-05-26 20:00:00,33.16
2015-05-26 21:00:00,30.66
2015-05-26 22:00:00,24.76
2015-05-26 23:00:00,23.7
2015-05-27 00:00:00,21.03
2015-05-27 01:00:00,18.93
2015-05-27 02:00:00,18.79
2015-05-27 03:00:00,23.63
2015-05-27 04:00:00,26.8
2015-05-27 05:00:00,28.7
2015-05-27 06:00:00,31.6
2015-05-27 07:00:00,30.42
2015-05-27 08:00:00,30.64
2015-05-27 09:00:00,37.3
2015-05-27 10:00:00,38.05
2015-05-27 11:00:00,35.0
2015-05-27 12:00:00,34.29
2015-05-27 13:00:00,33.09
2015-05-27 14:00:00,34.63
2015-05-27 15:00:00,36.84
2015-05-27 16:00:00,37.15
2015-05-27 17:00:00,39.88
2015-05-27 18:00:00,38.17
2015-05-27 19:00:00,37.96
2015-05-27 20:00:00,38.19
2015-05-27 21:00:00,32.89
2015-05-27 22:00:00,28.33
2015-05-27 23:00:00,27.66
2015-05-28 00:00:00,25.09
2015-05-28 01:00:00,23.77
2015-05-28 02:00:00,23.95
2015-05-28 03:00:00,25.08
2015-05-28 04:00:00,28.91
2015-05-28 05:00:00,38.0
2015-05-28 06:00:00,38.74
2015-05-28 07:00:00,37.85
2015-05-28 08:00:00,36.22
2015-05-28 09:00:00,38.69
2015-05-28 10:00:00,34.15
2015-05-28 11:00:00,34.14
2015-05-28 12:00:00,34.23
2015-05-28 13:00:00,29.26
2015-05-28 14:00:00,29.81
2015-05-28 15:00:00,31.78
2015-05-28 16:00:00,35.15
2015-05-28 17:00:00,37.99
2015-05-28 18:00:00,37.82
2015-05-28 19:00:00,36.4
2015-05-28 20:00:00,39.86
2015-05-28 21:00:00,38.77
2015-05-28 22:00:00,31.09
2015-05-28 23:00:00,27.92
2015-05-29 00:00:00,26.28
2015-05-29 01:00:00,25.01
2015-05-29 02:00:00,26.01
2015-05-29 03:00:00,26.6
2015-05-29 04:00:00,34.27
2015-05-29 05:00:00,43.99
2015-05-29 06:00:00,47.35
2015-05-29 07:00:00,46.08
2015-05-29 08:00:00,42.04
2015-05-29 09:00:00,40.63
2015-05-29 10:00:00,37.7
2015-05-29 11:00:00,34.96
2015-05-29 12:00:00,31.52
2015-05-29 13:00:00,29.5
2015-05-29 14:00:00,29.62
2015-05-29 15:00:00,32.08
2015-05-29 16:00:00,32.48
2015-05-29 17:00:00,34.84
2015-05-29 18:00:00,34.97
2015-05-29 19:00:00,32.52
2015-05-29 20:00:00,31.37
2015-05-29 21:00:00,30.45
2015-05-29 22:00:00,22.21
2015-05-29 23:00:00,18.92
2015-05-30 00:00:00,17.53
2015-05-30 01:00:00,18.01
2015-05-30 02:00:00,17.29
2015-05-30 03:00:00,17.1
2015-05-30 04:00:00,17.71
2015-05-30 05:00:00,19.43
2015-05-30 06:00:00,20.24
2015-05-30 07:00:00,20.51
2015-05-30 08:00:00,20.96
2015-05-30 09:00:00,19.98
2015-05-30 10:00:00,20.64
2015-05-30 11:00:00,19.01
2015-05-30 12:00:00,18.84
2015-05-30 13:00:00,18.05
2015-05-30 14:00:00,16.68
2015-05-30 15:00:00,19.21
2015-05-30 16:00:00,21.97
2015-05-30 17:00:00,24.98
2015-05-30 18:00:00,25.79
2015-05-30 19:00:00,26.24
2015-05-30 20:00:00,30.53
2015-05-30 21:00:00,31.3
2015-05-30 22:00:00,23.65
2015-05-30 23:00:00,19.26
2015-05-31 00:00:00,17.23
2015-05-31 01:00:00,15.94
2015-05-31 02:00:00,15.11
2015-05-31 03:00:00,14.23
2015-05-31 04:00:00,12.07
2015-05-31 05:00:00,11.12
2015-05-31 06:00:00,13.89
2015-05-31 07:00:00,15.92
2015-05-31 08:00:00,16.33
2015-05-31 09:00:00,18.16
2015-05-31 10:00:00,17.08
2015-05-31 11:00:00,14.85
2015-05-31 12:00:00,12.75
2015-05-31 13:00:00,11.86
2015-05-31 14:00:00,10.69
2015-05-31 15:00:00,13.58
2015-05-31 16:00:00,17.13
2015-05-31 17:00:00,18.98
2015-05-31 18:00:00,19.37
2015-05-31 19:00:00,19.59
2015-05-31 20:00:00,22.96
2015-05-31 21:00:00,20.33
2015-05-31 22:00:00,18.4
2015-05-31 23:00:00,14.53
2015-06-01 00:00:00,14.39
2015-06-01 01:00:00,14.51
2015-06-01 02:00:00,14.0
2015-06-01 03:00:00,15.91
2015-06-01 04:00:00,24.03
2015-06-01 05:00:00,26.98
2015-06-01 06:00:00,31.95
2015-06-01 07:00:00,32.93
2015-06-01 08:00:00,35.96
2015-06-01 09:00:00,46.68
2015-06-01 10:00:00,44.47
2015-06-01 11:00:00,41.33
2015-06-01 12:00:00,44.52
2015-06-01 13:00:00,33.96
2015-06-01 14:00:00,27.95
2015-06-01 15:00:00,33.34
2015-06-01 16:00:00,41.92
2015-06-01 17:00:00,46.34
2015-06-01 18:00:00,41.65
2015-06-01 19:00:00,33.99
2015-06-01 20:00:00,39.26
2015-06-01 21:00:00,24.94
2015-06-01 22:00:00,23.2
2015-06-01 23:00:00,20.46
2015-06-02 00:00:00,20.37
2015-06-02 01:00:00,16.75
2015-06-02 02:00:00,16.0
2015-06-02 03:00:00,17.73
2015-06-02 04:00:00,23.62
2015-06-02 05:00:00,28.34
2015-06-02 06:00:00,27.79
2015-06-02 07:00:00,25.81
2015-06-02 08:00:00,22.16
2015-06-02 09:00:00,22.05
2015-06-02 10:00:00,25.26
2015-06-02 11:00:00,23.25
2015-06-02 12:00:00,23.19
2015-06-02 13:00:00,22.91
2015-06-02 14:00:00,23.78
2015-06-02 15:00:00,30.62
2015-06-02 16:00:00,23.35
2015-06-02 17:00:00,27.24
2015-06-02 18:00:00,24.97
2015-06-02 19:00:00,25.2
2015-06-02 20:00:00,33.74
2015-06-02 21:00:00,35.46
2015-06-02 22:00:00,15.21
2015-06-02 23:00:00,11.17
2015-06-03 00:00:00,8.7
2015-06-03 01:00:00,4.89
2015-06-03 02:00:00,8.25
2015-06-03 03:00:00,16.15
2015-06-03 04:00:00,23.92
2015-06-03 05:00:00,38.95
2015-06-03 06:00:00,39.36
2015-06-03 07:00:00,40.76
2015-06-03 08:00:00,43.9
2015-06-03 09:00:00,41.99
2015-06-03 10:00:00,38.86
2015-06-03 11:00:00,34.72
2015-06-03 12:00:00,35.2
2015-06-03 13:00:00,34.98
2015-06-03 14:00:00,34.95
2015-06-03 15:00:00,30.07
2015-06-03 16:00:00,36.18
2015-06-03 17:00:00,38.92
2015-06-03 18:00:00,40.47
2015-06-03 19:00:00,39.49
2015-06-03 20:00:00,38.62
2015-06-03 21:00:00,32.21
2015-06-03 22:00:00,31.59
2015-06-03 23:00:00,25.69
2015-06-04 00:00:00,24.85
2015-06-04 01:00:00,21.62
2015-06-04 02:00:00,23.29
2015-06-04 03:00:00,26.18
2015-06-04 04:00:00,24.61
2015-06-04 05:00:00,34.06
2015-06-04 06:00:00,31.5
2015-06-04 07:00:00,32.16
2015-06-04 08:00:00,34.27
2015-06-04 09:00:00,35.5
2015-06-04 10:00:00,33.62
2015-06-04 11:00:00,32.84
2015-06-04 12:00:00,30.93
2015-06-04 13:00:00,29.12
2015-06-04 14:00:00,29.92
2015-06-04 15:00:00,33.39
2015-06-04 16:00:00,35.77
2015-06-04 17:00:00,36.86
2015-06-04 18:00:00,37.34
2015-06-04 19:00:00,34.94
2015-06-04 20:00:00,41.68
2015-06-04 21:00:00,39.21
2015-06-04 22:00:00,27.97
2015-06-04 23:00:00,27.2
2015-06-05 00:00:00,23.78
2015-06-05 01:00:00,20.06
2015-06-05 02:00:00,19.12
2015-06-05 03:00:00,23.78
2015-06-05 04:00:00,29.17
2015-06-05 05:00:00,41.38
2015-06-05 06:00:00,48.01
2015-06-05 07:00:00,48.91
2015-06-05 08:00:00,52.11
2015-06-05 09:00:00,54.0
2015-06-05 10:00:00,51.31
2015-06-05 11:00:00,50.05
2015-06-05 12:00:00,53.05
2015-06-05 13:00:00,54.93
2015-06-05 14:00:00,45.76
2015-06-05 15:00:00,41.67
2015-06-05 16:00:00,39.96
2015-06-05 17:00:00,42.79
2015-06-05 18:00:00,34.17
2015-06-05 19:00:00,34.33
2015-06-05 20:00:00,39.91
2015-06-05 21:00:00,34.01
2015-06-05 22:00:00,29.88
2015-06-05 23:00:00,24.9
2015-06-06 00:00:00,24.42
2015-06-06 01:00:00,22.29
2015-06-06 02:00:00,20.55
2015-06-06 03:00:00,19.42
2015-06-06 04:00:00,20.85
2015-06-06 05:00:00,23.95
2015-06-06 06:00:00,24.77
2015-06-06 07:00:00,26.21
2015-06-06 08:00:00,25.07
2015-06-06 09:00:00,24.72
2015-06-06 10:00:00,23.85
2015-06-06 11:00:00,21.72
2015-06-06 12:00:00,20.18
2015-06-06 13:00:00,19.81
2015-06-06 14:00:00,20.71
2015-06-06 15:00:00,23.07
2015-06-06 16:00:00,26.5
2015-06-06 17:00:00,30.93
2015-06-06 18:00:00,32.05
2015-06-06 19:00:00,31.39
2015-06-06 20:00:00,35.2
2015-06-06 21:00:00,33.18
2015-06-06 22:00:00,23.87
2015-06-06 23:00:00,20.0
2015-06-07 00:00:00,17.35
2015-06-07 01:00:00,15.67
2015-06-07 02:00:00,15.26
2015-06-07 03:00:00,14.21
2015-06-07 04:00:00,13.13
2015-06-07 05:00:00,12.02
2015-06-07 06:00:00,13.0
2015-06-07 07:00:00,16.89
2015-06-07 08:00:00,14.66
2015-06-07 09:00:00,17.03
2015-06-07 10:00:00,17.65
2015-06-07 11:00:00,17.12
2015-06-07 12:00:00,15.38
2015-06-07 13:00:00,12.45
2015-06-07 14:00:00,13.58
2015-06-07 15:00:00,16.66
2015-06-07 16:00:00,22.03
2015-06-07 17:00:00,21.83
2015-06-07 18:00:00,25.19
2015-06-07 19:00:00,24.34
2015-06-07 20:00:00,32.39
2015-06-07 21:00:00,29.95
2015-06-07 22:00:00,24.29
2015-06-07 23:00:00,21.53
2015-06-08 00:00:00,18.94
2015-06-08 01:00:00,16.18
2015-06-08 02:00:00,15.13
2015-06-08 03:00:00,18.1
2015-06-08 04:00:00,31.54
2015-06-08 05:00:00,38.89
2015-06-08 06:00:00,45.51
2015-06-08 07:00:00,48.08
2015-06-08 08:00:00,42.67
2015-06-08 09:00:00,45.98
2015-06-08 10:00:00,40.52
2015-06-08 11:00:00,40.25
2015-06-08 12:00:00,36.31
2015-06-08 13:00:00,32.78
2015-06-08 14:00:00,31.56
2015-06-08 15:00:00,32.92
2015-06-08 16:00:00,34.73
2015-06-08 17:00:00,36.97
2015-06-08 18:00:00,34.97
2015-06-08 19:00:00,33.99
2015-06-08 20:00:00,36.4
2015-06-08 21:00:00,33.27
2015-06-08 22:00:00,25.01
2015-06-08 23:00:00,20.88
2015-06-09 00:00:00,19.05
2015-06-09 01:00:00,17.94
2015-06-09 02:00:00,17.34
2015-06-09 03:00:00,21.65
2015-06-09 04:00:00,18.76
2015-06-09 05:00:00,29.15
2015-06-09 06:00:00,41.62
2015-06-09 07:00:00,42.75
2015-06-09 08:00:00,41.66
2015-06-09 09:00:00,47.01
2015-06-09 10:00:00,44.94
2015-06-09 11:00:00,43.42
2015-06-09 12:00:00,44.2
2015-06-09 13:00:00,40.35
2015-06-09 14:00:00,36.75
2015-06-09 15:00:00,35.04
2015-06-09 16:00:00,36.13
2015-06-09 17:00:00,38.1
2015-06-09 18:00:00,38.16
2015-06-09 19:00:00,35.29
2015-06-09 20:00:00,34.91
2015-06-09 21:00:00,33.14
2015-06-09 22:00:00,27.99
2015-06-09 23:00:00,25.59
2015-06-10 00:00:00,24.59
2015-06-10 01:00:00,22.09
2015-06-10 02:00:00,21.23
2015-06-10 03:00:00,22.79
2015-06-10 04:00:00,30.32
2015-06-10 05:00:00,41.02
2015-06-10 06:00:00,40.59
2015-06-10 07:00:00,35.77
2015-06-10 08:00:00,34.66
2015-06-10 09:00:00,33.97
2015-06-10 10:00:00,34.44
2015-06-10 11:00:00,34.05
2015-06-10 12:00:00,32.67
2015-06-10 13:00:00,31.61
2015-06-10 14:00:00,32.94
2015-06-10 15:00:00,34.96
2015-06-10 16:00:00,38.46
2015-06-10 17:00:00,39.7
2015-06-10 18:00:00,37.08
2015-06-10 19:00:00,35.13
2015-06-10 20:00:00,35.92
2015-06-10 21:00:00,29.95
2015-06-10 22:00:00,28.31
2015-06-10 23:00:00,25.98
2015-06-11 00:00:00,25.91
2015-06-11 01:00:00,22.92
2015-06-11 02:00:00,23.95
2015-06-11 03:00:00,26.69
2015-06-11 04:00:00,31.52
2015-06-11 05:00:00,41.21
2015-06-11 06:00:00,44.32
2015-06-11 07:00:00,43.13
2015-06-11 08:00:00,41.92
2015-06-11 09:00:00,42.88
2015-06-11 10:00:00,40.18
2015-06-11 11:00:00,39.76
2015-06-11 12:00:00,38.62
2015-06-11 13:00:00,41.53
2015-06-11 14:00:00,40.48
2015-06-11 15:00:00,43.28
2015-06-11 16:00:00,42.91
2015-06-11 17:00:00,44.96
2015-06-11 18:00:00,41.79
2015-06-11 19:00:00,41.19
2015-06-11 20:00:00,40.96
2015-06-11 21:00:00,33.39
2015-06-11 22:00:00,30.03
2015-06-11 23:00:00,29.46
2015-06-12 00:00:00,26.88
2015-06-12 01:00:00,25.88
2015-06-12 02:00:00,24.25
2015-06-12 03:00:00,26.54
2015-06-12 04:00:00,31.48
2015-06-12 05:00:00,39.62
2015-06-12 06:00:00,42.36
2015-06-12 07:00:00,44.45
2015-06-12 08:00:00,42.8
2015-06-12 09:00:00,42.79
2015-06-12 10:00:00,38.16
2015-06-12 11:00:00,39.36
2015-06-12 12:00:00,38.6
2015-06-12 13:00:00,34.85
2015-06-12 14:00:00,35.04
2015-06-12 15:00:00,36.33
2015-06-12 16:00:00,40.72
2015-06-12 17:00:00,36.79
2015-06-12 18:00:00,36.08
2015-06-12 19:00:00,36.21
2015-06-12 20:00:00,41.02
2015-06-12 21:00:00,42.48
2015-06-12 22:00:00,27.3
2015-06-12 23:00:00,26.59
2015-06-13 00:00:00,25.09
2015-06-13 01:00:00,23.52
2015-06-13 02:00:00,23.08
2015-06-13 03:00:00,23.58
2015-06-13 04:00:00,19.45
2015-06-13 05:00:00,20.93
2015-06-13 06:00:00,27.97
2015-06-13 07:00:00,30.61
2015-06-13 08:00:00,29.63
2015-06-13 09:00:00,29.49
2015-06-13 10:00:00,28.84
2015-06-13 11:00:00,26.08
2015-06-13 12:00:00,23.5
2015-06-13 13:00:00,21.99
2015-06-13 14:00:00,21.82
2015-06-13 15:00:00,23.33
2015-06-13 16:00:00,27.59
2015-06-13 17:00:00,29.63
2015-06-13 18:00:00,29.73
2015-06-13 19:00:00,29.05
2015-06-13 20:00:00,31.43
2015-06-13 21:00:00,27.07
2015-06-13 22:00:00,20.15
2015-06-13 23:00:00,18.47
2015-06-14 00:00:00,18.48
2015-06-14 01:00:00,15.21
2015-06-14 02:00:00,13.38
2015-06-14 03:00:00,10.24
2015-06-14 04:00:00,10.24
2015-06-14 05:00:00,14.53
2015-06-14 06:00:00,15.66
2015-06-14 07:00:00,16.64
2015-06-14 08:00:00,19.23
2015-06-14 09:00:00,20.44
2015-06-14 10:00:00,20.87
2015-06-14 11:00:00,19.97
2015-06-14 12:00:00,16.93
2015-06-14 13:00:00,13.93
2015-06-14 14:00:00,14.59
2015-06-14 15:00:00,18.02
2015-06-14 16:00:00,24.85
2015-06-14 17:00:00,27.06
2015-06-14 18:00:00,27.31
2015-06-14 19:00:00,27.73
2015-06-14 20:00:00,31.97
2015-06-14 21:00:00,27.04
2015-06-14 22:00:00,22.87
2015-06-14 23:00:00,20.01
2015-06-15 00:00:00,17.34
2015-06-15 01:00:00,16.35
2015-06-15 02:00:00,16.0
2015-06-15 03:00:00,18.55
2015-06-15 04:00:00,29.78
2015-06-15 05:00:00,37.64
2015-06-15 06:00:00,40.34
2015-06-15 07:00:00,42.48
2015-06-15 08:00:00,46.83
2015-06-15 09:00:00,48.25
2015-06-15 10:00:00,42.99
2015-06-15 11:00:00,44.44
2015-06-15 12:00:00,46.63
2015-06-15 13:00:00,45.1
2015-06-15 14:00:00,40.69
2015-06-15 15:00:00,40.0
2015-06-15 16:00:00,40.54
2015-06-15 17:00:00,40.54
2015-06-15 18:00:00,37.05
2015-06-15 19:00:00,34.34
2015-06-15 20:00:00,37.08
2015-06-15 21:00:00,32.57
2015-06-15 22:00:00,27.38
2015-06-15 23:00:00,25.17
2015-06-16 00:00:00,23.6
2015-06-16 01:00:00,23.14
2015-06-16 02:00:00,23.42
2015-06-16 03:00:00,24.19
2015-06-16 04:00:00,35.37
2015-06-16 05:00:00,48.15
2015-06-16 06:00:00,50.97
2015-06-16 07:00:00,46.66
2015-06-16 08:00:00,48.15
2015-06-16 09:00:00,49.7
2015-06-16 10:00:00,51.36
2015-06-16 11:00:00,51.01
2015-06-16 12:00:00,47.94
2015-06-16 13:00:00,43.08
2015-06-16 14:00:00,40.0
2015-06-16 15:00:00,39.27
2015-06-16 16:00:00,40.02
2015-06-16 17:00:00,44.0
2015-06-16 18:00:00,40.6
2015-06-16 19:00:00,38.81
2015-06-16 20:00:00,39.45
2015-06-16 21:00:00,33.04
2015-06-16 22:00:00,24.69
2015-06-16 23:00:00,23.45
2015-06-17 00:00:00,23.8
2015-06-17 01:00:00,21.06
2015-06-17 02:00:00,19.63
2015-06-17 03:00:00,23.34
2015-06-17 04:00:00,23.21
2015-06-17 05:00:00,28.61
2015-06-17 06:00:00,36.05
2015-06-17 07:00:00,37.65
2015-06-17 08:00:00,35.68
2015-06-17 09:00:00,38.16
2015-06-17 10:00:00,37.02
2015-06-17 11:00:00,33.05
2015-06-17 12:00:00,32.18
2015-06-17 13:00:00,34.32
2015-06-17 14:00:00,33.62
2015-06-17 15:00:00,37.06
2015-06-17 16:00:00,36.6
2015-06-17 17:00:00,38.13
2015-06-17 18:00:00,39.46
2015-06-17 19:00:00,31.01
2015-06-17 20:00:00,36.52
2015-06-17 21:00:00,30.18
2015-06-17 22:00:00,28.88
2015-06-17 23:00:00,26.06
2015-06-18 00:00:00,24.57
2015-06-18 01:00:00,20.38
2015-06-18 02:00:00,17.18
2015-06-18 03:00:00,23.94
2015-06-18 04:00:00,32.37
2015-06-18 05:00:00,39.41
2015-06-18 06:00:00,42.36
2015-06-18 07:00:00,43.31
2015-06-18 08:00:00,49.91
2015-06-18 09:00:00,48.19
2015-06-18 10:00:00,42.69
2015-06-18 11:00:00,42.99
2015-06-18 12:00:00,44.11
2015-06-18 13:00:00,39.25
2015-06-18 14:00:00,38.51
2015-06-18 15:00:00,46.55
2015-06-18 16:00:00,45.29
2015-06-18 17:00:00,41.43
2015-06-18 18:00:00,34.91
2015-06-18 19:00:00,33.88
2015-06-18 20:00:00,42.68
2015-06-18 21:00:00,37.27
2015-06-18 22:00:00,29.37
2015-06-18 23:00:00,26.79
2015-06-19 00:00:00,25.51
2015-06-19 01:00:00,24.73
2015-06-19 02:00:00,23.7
2015-06-19 03:00:00,26.02
2015-06-19 04:00:00,31.99
2015-06-19 05:00:00,37.73
2015-06-19 06:00:00,41.8
2015-06-19 07:00:00,42.33
2015-06-19 08:00:00,42.9
2015-06-19 09:00:00,46.58
2015-06-19 10:00:00,44.59
2015-06-19 11:00:00,40.76
2015-06-19 12:00:00,40.14
2015-06-19 13:00:00,37.41
2015-06-19 14:00:00,33.97
2015-06-19 15:00:00,36.84
2015-06-19 16:00:00,38.46
2015-06-19 17:00:00,39.26
2015-06-19 18:00:00,36.91
2015-06-19 19:00:00,35.51
2015-06-19 20:00:00,38.43
2015-06-19 21:00:00,40.65
2015-06-19 22:00:00,35.79
2015-06-19 23:00:00,27.05
2015-06-20 00:00:00,23.57
2015-06-20 01:00:00,22.69
2015-06-20 02:00:00,22.7
2015-06-20 03:00:00,22.08
2015-06-20 04:00:00,22.46
2015-06-20 05:00:00,23.1
2015-06-20 06:00:00,26.35
2015-06-20 07:00:00,29.51
2015-06-20 08:00:00,28.45
2015-06-20 09:00:00,29.25
2015-06-20 10:00:00,27.94
2015-06-20 11:00:00,23.89
2015-06-20 12:00:00,23.54
2015-06-20 13:00:00,20.8
2015-06-20 14:00:00,21.08
2015-06-20 15:00:00,23.49
2015-06-20 16:00:00,27.27
2015-06-20 17:00:00,31.13
2015-06-20 18:00:00,31.05
2015-06-20 19:00:00,31.48
2015-06-20 20:00:00,35.3
2015-06-20 21:00:00,36.43
2015-06-20 22:00:00,26.9
2015-06-20 23:00:00,22.65
2015-06-21 00:00:00,20.02
2015-06-21 01:00:00,18.15
2015-06-21 02:00:00,14.77
2015-06-21 03:00:00,6.24
2015-06-21 04:00:00,2.74
2015-06-21 05:00:00,8.21
2015-06-21 06:00:00,15.53
2015-06-21 07:00:00,17.64
2015-06-21 08:00:00,17.56
2015-06-21 09:00:00,17.12
2015-06-21 10:00:00,20.43
2015-06-21 11:00:00,18.71
2015-06-21 12:00:00,15.13
2015-06-21 13:00:00,13.3
2015-06-21 14:00:00,15.33
2015-06-21 15:00:00,17.29
2015-06-21 16:00:00,18.77
2015-06-21 17:00:00,22.35
2015-06-21 18:00:00,22.81
2015-06-21 19:00:00,21.84
2015-06-21 20:00:00,34.99
2015-06-21 21:00:00,35.26
2015-06-21 22:00:00,33.43
2015-06-21 23:00:00,24.33
2015-06-22 00:00:00,23.81
2015-06-22 01:00:00,19.08
2015-06-22 02:00:00,18.51
2015-06-22 03:00:00,21.0
2015-06-22 04:00:00,30.35
2015-06-22 05:00:00,37.22
2015-06-22 06:00:00,42.75
2015-06-22 07:00:00,47.57
2015-06-22 08:00:00,47.55
2015-06-22 09:00:00,47.61
2015-06-22 10:00:00,43.57
2015-06-22 11:00:00,40.54
2015-06-22 12:00:00,39.47
2015-06-22 13:00:00,36.56
2015-06-22 14:00:00,32.16
2015-06-22 15:00:00,32.98
2015-06-22 16:00:00,35.67
2015-06-22 17:00:00,39.05
2015-06-22 18:00:00,35.47
2015-06-22 19:00:00,29.69
2015-06-22 20:00:00,35.1
2015-06-22 21:00:00,28.58
2015-06-22 22:00:00,36.24
2015-06-22 23:00:00,29.95
2015-06-23 00:00:00,28.04
2015-06-23 01:00:00,24.9
2015-06-23 02:00:00,24.87
2015-06-23 03:00:00,26.85
2015-06-23 04:00:00,30.96
2015-06-23 05:00:00,38.56
2015-06-23 06:00:00,42.91
2015-06-23 07:00:00,46.53
2015-06-23 08:00:00,48.05
2015-06-23 09:00:00,48.86
2015-06-23 10:00:00,48.43
2015-06-23 11:00:00,43.65
2015-06-23 12:00:00,46.04
2015-06-23 13:00:00,37.76
2015-06-23 14:00:00,37.67
2015-06-23 15:00:00,36.14
2015-06-23 16:00:00,38.49
2015-06-23 17:00:00,37.99
2015-06-23 18:00:00,38.39
2015-06-23 19:00:00,34.66
2015-06-23 20:00:00,41.33
2015-06-23 21:00:00,43.15
2015-06-23 22:00:00,31.25
2015-06-23 23:00:00,25.77
2015-06-24 00:00:00,24.38
2015-06-24 01:00:00,19.31
2015-06-24 02:00:00,23.55
2015-06-24 03:00:00,25.65
2015-06-24 04:00:00,31.96
2015-06-24 05:00:00,37.17
2015-06-24 06:00:00,36.76
2015-06-24 07:00:00,36.43
2015-06-24 08:00:00,36.83
2015-06-24 09:00:00,37.55
2015-06-24 10:00:00,35.33
2015-06-24 11:00:00,36.83
2015-06-24 12:00:00,36.81
2015-06-24 13:00:00,34.3
2015-06-24 14:00:00,34.85
2015-06-24 15:00:00,44.45
2015-06-24 16:00:00,41.99
2015-06-24 17:00:00,41.37
2015-06-24 18:00:00,40.09
2015-06-24 19:00:00,40.91
2015-06-24 20:00:00,45.32
2015-06-24 21:00:00,47.48
2015-06-24 22:00:00,32.58
2015-06-24 23:00:00,31.01
2015-06-25 00:00:00,27.81
2015-06-25 01:00:00,26.1
2015-06-25 02:00:00,26.9
2015-06-25 03:00:00,29.67
2015-06-25 04:00:00,35.04
2015-06-25 05:00:00,45.97
2015-06-25 06:00:00,53.24
2015-06-25 07:00:00,51.83
2015-06-25 08:00:00,54.4
2015-06-25 09:00:00,52.78
2015-06-25 10:00:00,53.0
2015-06-25 11:00:00,49.99
2015-06-25 12:00:00,52.37
2015-06-25 13:00:00,51.46
2015-06-25 14:00:00,42.42
2015-06-25 15:00:00,40.43
2015-06-25 16:00:00,43.77
2015-06-25 17:00:00,46.19
2015-06-25 18:00:00,46.0
2015-06-25 19:00:00,39.4
2015-06-25 20:00:00,40.28
2015-06-25 21:00:00,36.84
2015-06-25 22:00:00,34.82
2015-06-25 23:00:00,32.01
2015-06-26 00:00:00,32.82
2015-06-26 01:00:00,29.97
2015-06-26 02:00:00,28.91
2015-06-26 03:00:00,31.72
2015-06-26 04:00:00,37.42
2015-06-26 05:00:00,44.65
2015-06-26 06:00:00,46.84
2015-06-26 07:00:00,47.81
2015-06-26 08:00:00,44.59
2015-06-26 09:00:00,49.88
2015-06-26 10:00:00,47.7
2015-06-26 11:00:00,45.52
2015-06-26 12:00:00,45.25
2015-06-26 13:00:00,43.76
2015-06-26 14:00:00,43.98
2015-06-26 15:00:00,42.87
2015-06-26 16:00:00,44.27
2015-06-26 17:00:00,41.03
2015-06-26 18:00:00,41.36
2015-06-26 19:00:00,38.8
2015-06-26 20:00:00,41.91
2015-06-26 21:00:00,41.21
2015-06-26 22:00:00,30.3
2015-06-26 23:00:00,27.2
2015-06-27 00:00:00,26.73
2015-06-27 01:00:00,25.54
2015-06-27 02:00:00,25.1
2015-06-27 03:00:00,24.07
2015-06-27 04:00:00,25.13
2015-06-27 05:00:00,26.08
2015-06-27 06:00:00,33.21
2015-06-27 07:00:00,35.48
2015-06-27 08:00:00,33.57
2015-06-27 09:00:00,34.13
2015-06-27 10:00:00,32.34
2015-06-27 11:00:00,29.34
2015-06-27 12:00:00,26.43
2015-06-27 13:00:00,25.05
2015-06-27 14:00:00,25.06
2015-06-27 15:00:00,27.6
2015-06-27 16:00:00,30.28
2015-06-27 17:00:00,33.59
2015-06-27 18:00:00,33.77
2015-06-27 19:00:00,32.65
2015-06-27 20:00:00,37.69
2015-06-27 21:00:00,39.72
2015-06-27 22:00:00,30.6
2015-06-27 23:00:00,22.05
2015-06-28 00:00:00,20.74
2015-06-28 01:00:00,19.08
2015-06-28 02:00:00,16.3
2015-06-28 03:00:00,15.27
2015-06-28 04:00:00,15.08
2015-06-28 05:00:00,15.06
2015-06-28 06:00:00,15.3
2015-06-28 07:00:00,18.5
2015-06-28 08:00:00,20.74
2015-06-28 09:00:00,19.19
2015-06-28 10:00:00,22.35
2015-06-28 11:00:00,21.1
2015-06-28 12:00:00,19.94
2015-06-28 13:00:00,19.45
2015-06-28 14:00:00,19.35
2015-06-28 15:00:00,24.36
2015-06-28 16:00:00,33.99
2015-06-28 17:00:00,39.72
2015-06-28 18:00:00,37.08
2015-06-28 19:00:00,36.08
2015-06-28 20:00:00,46.54
2015-06-28 21:00:00,44.46
2015-06-28 22:00:00,33.51
2015-06-28 23:00:00,29.23
2015-06-29 00:00:00,26.9
2015-06-29 01:00:00,25.94
2015-06-29 02:00:00,25.34
2015-06-29 03:00:00,27.08
2015-06-29 04:00:00,34.98
2015-06-29 05:00:00,43.93
2015-06-29 06:00:00,48.44
2015-06-29 07:00:00,49.03
2015-06-29 08:00:00,41.55
2015-06-29 09:00:00,41.69
2015-06-29 10:00:00,37.56
2015-06-29 11:00:00,38.16
2015-06-29 12:00:00,37.45
2015-06-29 13:00:00,36.19
2015-06-29 14:00:00,38.53
2015-06-29 15:00:00,39.76
2015-06-29 16:00:00,39.06
2015-06-29 17:00:00,43.96
2015-06-29 18:00:00,43.94
2015-06-29 19:00:00,41.8
2015-06-29 20:00:00,42.47
2015-06-29 21:00:00,39.38
2015-06-29 22:00:00,31.48
2015-06-29 23:00:00,31.03
2015-06-30 00:00:00,29.49
2015-06-30 01:00:00,27.52
2015-06-30 02:00:00,27.58
2015-06-30 03:00:00,29.91
2015-06-30 04:00:00,36.07
2015-06-30 05:00:00,42.55
2015-06-30 06:00:00,47.04
2015-06-30 07:00:00,40.11
2015-06-30 08:00:00,37.92
2015-06-30 09:00:00,40.05
2015-06-30 10:00:00,40.73
2015-06-30 11:00:00,41.1
2015-06-30 12:00:00,41.36
2015-06-30 13:00:00,39.98
2015-06-30 14:00:00,40.92
2015-06-30 15:00:00,47.91
2015-06-30 16:00:00,52.0
2015-06-30 17:00:00,49.21
2015-06-30 18:00:00,44.54
2015-06-30 19:00:00,41.34
2015-06-30 20:00:00,49.43
2015-06-30 21:00:00,38.36
2015-06-30 22:00:00,40.06
2015-06-30 23:00:00,32.45
2015-07-01 00:00:00,31.32
2015-07-01 01:00:00,27.7
2015-07-01 02:00:00,28.36
2015-07-01 03:00:00,30.52
2015-07-01 04:00:00,35.32
2015-07-01 05:00:00,42.02
2015-07-01 06:00:00,43.97
2015-07-01 07:00:00,44.08
2015-07-01 08:00:00,44.21
2015-07-01 09:00:00,44.02
2015-07-01 10:00:00,43.67
2015-07-01 11:00:00,44.06
2015-07-01 12:00:00,47.98
2015-07-01 13:00:00,47.47
2015-07-01 14:00:00,53.83
2015-07-01 15:00:00,52.24
2015-07-01 16:00:00,52.02
2015-07-01 17:00:00,54.04
2015-07-01 18:00:00,44.07
2015-07-01 19:00:00,40.87
2015-07-01 20:00:00,53.11
2015-07-01 21:00:00,46.72
2015-07-01 22:00:00,39.1
2015-07-01 23:00:00,35.68
2015-07-02 00:00:00,40.34
2015-07-02 01:00:00,29.82
2015-07-02 02:00:00,27.85
2015-07-02 03:00:00,30.22
2015-07-02 04:00:00,36.46
2015-07-02 05:00:00,47.19
2015-07-02 06:00:00,46.06
2015-07-02 07:00:00,56.95
2015-07-02 08:00:00,53.83
2015-07-02 09:00:00,56.08
2015-07-02 10:00:00,59.99
2015-07-02 11:00:00,64.75
2015-07-02 12:00:00,65.0
2015-07-02 13:00:00,62.02
2015-07-02 14:00:00,58.26
2015-07-02 15:00:00,56.59
2015-07-02 16:00:00,55.26
2015-07-02 17:00:00,53.09
2015-07-02 18:00:00,44.2
2015-07-02 19:00:00,42.45
2015-07-02 20:00:00,54.52
2015-07-02 21:00:00,50.07
2015-07-02 22:00:00,44.87
2015-07-02 23:00:00,33.05
2015-07-03 00:00:00,36.65
2015-07-03 01:00:00,35.59
2015-07-03 02:00:00,31.84
2015-07-03 03:00:00,36.16
2015-07-03 04:00:00,46.39
2015-07-03 05:00:00,53.02
2015-07-03 06:00:00,56.62
2015-07-03 07:00:00,58.64
2015-07-03 08:00:00,56.68
2015-07-03 09:00:00,59.0
2015-07-03 10:00:00,55.62
2015-07-03 11:00:00,57.26
2015-07-03 12:00:00,55.24
2015-07-03 13:00:00,54.99
2015-07-03 14:00:00,51.7
2015-07-03 15:00:00,60.0
2015-07-03 16:00:00,58.94
2015-07-03 17:00:00,57.34
2015-07-03 18:00:00,55.99
2015-07-03 19:00:00,53.79
2015-07-03 20:00:00,57.09
2015-07-03 21:00:00,47.99
2015-07-03 22:00:00,37.04
2015-07-03 23:00:00,31.76
2015-07-04 00:00:00,31.0
2015-07-04 01:00:00,32.09
2015-07-04 02:00:00,29.74
2015-07-04 03:00:00,28.46
2015-07-04 04:00:00,27.58
2015-07-04 05:00:00,30.82
2015-07-04 06:00:00,35.03
2015-07-04 07:00:00,38.94
2015-07-04 08:00:00,33.74
2015-07-04 09:00:00,32.6
2015-07-04 10:00:00,35.05
2015-07-04 11:00:00,31.63
2015-07-04 12:00:00,31.37
2015-07-04 13:00:00,31.76
2015-07-04 14:00:00,34.42
2015-07-04 15:00:00,40.88
2015-07-04 16:00:00,43.99
2015-07-04 17:00:00,44.14
2015-07-04 18:00:00,40.05
2015-07-04 19:00:00,38.99
2015-07-04 20:00:00,42.38
2015-07-04 21:00:00,39.76
2015-07-04 22:00:00,33.58
2015-07-04 23:00:00,29.75
2015-07-05 00:00:00,29.43
2015-07-05 01:00:00,27.94
2015-07-05 02:00:00,24.16
2015-07-05 03:00:00,22.21
2015-07-05 04:00:00,22.29
2015-07-05 05:00:00,25.58
2015-07-05 06:00:00,26.08
2015-07-05 07:00:00,26.1
2015-07-05 08:00:00,26.89
2015-07-05 09:00:00,27.62
2015-07-05 10:00:00,29.52
2015-07-05 11:00:00,27.01
2015-07-05 12:00:00,25.92
2015-07-05 13:00:00,26.24
2015-07-05 14:00:00,26.74
2015-07-05 15:00:00,29.17
2015-07-05 16:00:00,32.56
2015-07-05 17:00:00,33.91
2015-07-05 18:00:00,34.95
2015-07-05 19:00:00,35.07
2015-07-05 20:00:00,41.86
2015-07-05 21:00:00,37.09
2015-07-05 22:00:00,29.24
2015-07-05 23:00:00,24.55
2015-07-06 00:00:00,20.8
2015-07-06 01:00:00,16.95
2015-07-06 02:00:00,19.13
2015-07-06 03:00:00,24.08
2015-07-06 04:00:00,29.72
2015-07-06 05:00:00,43.16
2015-07-06 06:00:00,49.93
2015-07-06 07:00:00,50.29
2015-07-06 08:00:00,49.32
2015-07-06 09:00:00,48.1
2015-07-06 10:00:00,52.08
2015-07-06 11:00:00,54.82
2015-07-06 12:00:00,60.14
2015-07-06 13:00:00,58.51
2015-07-06 14:00:00,59.26
2015-07-06 15:00:00,49.4
2015-07-06 16:00:00,52.59
2015-07-06 17:00:00,65.0
2015-07-06 18:00:00,65.05
2015-07-06 19:00:00,59.94
2015-07-06 20:00:00,61.95
2015-07-06 21:00:00,53.63
2015-07-06 22:00:00,51.68
2015-07-06 23:00:00,40.83
2015-07-07 00:00:00,38.9
2015-07-07 01:00:00,34.92
2015-07-07 02:00:00,35.32
2015-07-07 03:00:00,38.97
2015-07-07 04:00:00,47.97
2015-07-07 05:00:00,62.06
2015-07-07 06:00:00,65.0
2015-07-07 07:00:00,62.95
2015-07-07 08:00:00,56.91
2015-07-07 09:00:00,57.42
2015-07-07 10:00:00,56.95
2015-07-07 11:00:00,54.85
2015-07-07 12:00:00,53.51
2015-07-07 13:00:00,53.28
2015-07-07 14:00:00,51.51
2015-07-07 15:00:00,54.06
2015-07-07 16:00:00,56.77
2015-07-07 17:00:00,57.65
2015-07-07 18:00:00,49.46
2015-07-07 19:00:00,44.9
2015-07-07 20:00:00,49.25
2015-07-07 21:00:00,38.33
2015-07-07 22:00:00,28.48
2015-07-07 23:00:00,27.96
2015-07-08 00:00:00,29.03
2015-07-08 01:00:00,25.65
2015-07-08 02:00:00,25.29
2015-07-08 03:00:00,24.92
2015-07-08 04:00:00,32.94
2015-07-08 05:00:00,37.96
2015-07-08 06:00:00,41.2
2015-07-08 07:00:00,42.25
2015-07-08 08:00:00,37.22
2015-07-08 09:00:00,40.5
2015-07-08 10:00:00,49.42
2015-07-08 11:00:00,47.28
2015-07-08 12:00:00,46.5
2015-07-08 13:00:00,37.89
2015-07-08 14:00:00,32.74
2015-07-08 15:00:00,30.74
2015-07-08 16:00:00,40.03
2015-07-08 17:00:00,41.51
2015-07-08 18:00:00,39.27
2015-07-08 19:00:00,38.02
2015-07-08 20:00:00,53.33
2015-07-08 21:00:00,42.23
2015-07-08 22:00:00,38.08
2015-07-08 23:00:00,34.37
2015-07-09 00:00:00,29.88
2015-07-09 01:00:00,20.55
2015-07-09 02:00:00,21.77
2015-07-09 03:00:00,24.5
2015-07-09 04:00:00,38.43
2015-07-09 05:00:00,48.69
2015-07-09 06:00:00,49.87
2015-07-09 07:00:00,40.63
2015-07-09 08:00:00,40.25
2015-07-09 09:00:00,40.26
2015-07-09 10:00:00,46.04
2015-07-09 11:00:00,43.05
2015-07-09 12:00:00,47.89
2015-07-09 13:00:00,40.3
2015-07-09 14:00:00,41.3
2015-07-09 15:00:00,39.05
2015-07-09 16:00:00,37.7
2015-07-09 17:00:00,44.86
2015-07-09 18:00:00,46.56
2015-07-09 19:00:00,37.27
2015-07-09 20:00:00,45.84
2015-07-09 21:00:00,45.99
2015-07-09 22:00:00,37.56
2015-07-09 23:00:00,30.81
2015-07-10 00:00:00,26.77
2015-07-10 01:00:00,25.6
2015-07-10 02:00:00,24.03
2015-07-10 03:00:00,24.71
2015-07-10 04:00:00,30.9
2015-07-10 05:00:00,42.82
2015-07-10 06:00:00,40.73
2015-07-10 07:00:00,40.15
2015-07-10 08:00:00,37.05
2015-07-10 09:00:00,40.0
2015-07-10 10:00:00,44.27
2015-07-10 11:00:00,44.12
2015-07-10 12:00:00,46.08
2015-07-10 13:00:00,42.68
2015-07-10 14:00:00,39.87
2015-07-10 15:00:00,41.38
2015-07-10 16:00:00,42.4
2015-07-10 17:00:00,50.17
2015-07-10 18:00:00,46.31
2015-07-10 19:00:00,44.85
2015-07-10 20:00:00,47.05
2015-07-10 21:00:00,43.67
2015-07-10 22:00:00,42.84
2015-07-10 23:00:00,35.93
2015-07-11 00:00:00,33.0
2015-07-11 01:00:00,29.15
2015-07-11 02:00:00,28.74
2015-07-11 03:00:00,28.7
2015-07-11 04:00:00,30.62
2015-07-11 05:00:00,31.29
2015-07-11 06:00:00,32.49
2015-07-11 07:00:00,35.34
2015-07-11 08:00:00,37.95
2015-07-11 09:00:00,38.81
2015-07-11 10:00:00,40.47
2015-07-11 11:00:00,36.18
2015-07-11 12:00:00,33.9
2015-07-11 13:00:00,30.1
2015-07-11 14:00:00,27.84
2015-07-11 15:00:00,30.92
2015-07-11 16:00:00,37.29
2015-07-11 17:00:00,39.9
2015-07-11 18:00:00,40.05
2015-07-11 19:00:00,42.02
2015-07-11 20:00:00,45.96
2015-07-11 21:00:00,46.7
2015-07-11 22:00:00,35.0
2015-07-11 23:00:00,29.95
2015-07-12 00:00:00,28.49
2015-07-12 01:00:00,27.03
2015-07-12 02:00:00,27.44
2015-07-12 03:00:00,25.62
2015-07-12 04:00:00,25.05
2015-07-12 05:00:00,24.07
2015-07-12 06:00:00,23.9
2015-07-12 07:00:00,24.09
2015-07-12 08:00:00,20.36
2015-07-12 09:00:00,25.24
2015-07-12 10:00:00,26.52
2015-07-12 11:00:00,24.61
2015-07-12 12:00:00,20.56
2015-07-12 13:00:00,20.8
2015-07-12 14:00:00,23.91
2015-07-12 15:00:00,27.46
2015-07-12 16:00:00,30.03
2015-07-12 17:00:00,35.74
2015-07-12 18:00:00,36.58
2015-07-12 19:00:00,36.6
2015-07-12 20:00:00,39.99
2015-07-12 21:00:00,38.49
2015-07-12 22:00:00,32.24
2015-07-12 23:00:00,28.94
2015-07-13 00:00:00,26.86
2015-07-13 01:00:00,24.79
2015-07-13 02:00:00,24.98
2015-07-13 03:00:00,27.43
2015-07-13 04:00:00,36.41
2015-07-13 05:00:00,42.81
2015-07-13 06:00:00,44.3
2015-07-13 07:00:00,45.15
2015-07-13 08:00:00,43.56
2015-07-13 09:00:00,52.38
2015-07-13 10:00:00,49.25
2015-07-13 11:00:00,44.96
2015-07-13 12:00:00,46.14
2015-07-13 13:00:00,46.07
2015-07-13 14:00:00,45.98
2015-07-13 15:00:00,44.97
2015-07-13 16:00:00,46.73
2015-07-13 17:00:00,47.02
2015-07-13 18:00:00,44.62
2015-07-13 19:00:00,42.14
2015-07-13 20:00:00,42.6
2015-07-13 21:00:00,37.94
2015-07-13 22:00:00,32.43
2015-07-13 23:00:00,28.47
2015-07-14 00:00:00,27.91
2015-07-14 01:00:00,21.28
2015-07-14 02:00:00,18.86
2015-07-14 03:00:00,19.62
2015-07-14 04:00:00,18.62
2015-07-14 05:00:00,25.3
2015-07-14 06:00:00,30.19
2015-07-14 07:00:00,35.61
2015-07-14 08:00:00,40.78
2015-07-14 09:00:00,43.52
2015-07-14 10:00:00,49.99
2015-07-14 11:00:00,44.7
2015-07-14 12:00:00,35.12
2015-07-14 13:00:00,31.06
2015-07-14 14:00:00,31.17
2015-07-14 15:00:00,32.09
2015-07-14 16:00:00,37.64
2015-07-14 17:00:00,45.9
2015-07-14 18:00:00,47.32
2015-07-14 19:00:00,46.1
2015-07-14 20:00:00,48.66
2015-07-14 21:00:00,39.62
2015-07-14 22:00:00,43.06
2015-07-14 23:00:00,34.04
2015-07-15 00:00:00,29.4
2015-07-15 01:00:00,25.55
2015-07-15 02:00:00,28.15
2015-07-15 03:00:00,36.62
2015-07-15 04:00:00,44.92
2015-07-15 05:00:00,53.3
2015-07-15 06:00:00,54.01
2015-07-15 07:00:00,58.62
2015-07-15 08:00:00,57.82
2015-07-15 09:00:00,59.29
2015-07-15 10:00:00,52.32
2015-07-15 11:00:00,46.99
2015-07-15 12:00:00,46.07
2015-07-15 13:00:00,45.23
2015-07-15 14:00:00,45.54
2015-07-15 15:00:00,49.94
2015-07-15 16:00:00,56.36
2015-07-15 17:00:00,59.15
2015-07-15 18:00:00,54.97
2015-07-15 19:00:00,52.34
2015-07-15 20:00:00,53.98
2015-07-15 21:00:00,44.73
2015-07-15 22:00:00,42.83
2015-07-15 23:00:00,36.89
2015-07-16 00:00:00,35.01
2015-07-16 01:00:00,32.0
2015-07-16 02:00:00,33.18
2015-07-16 03:00:00,38.06
2015-07-16 04:00:00,43.09
2015-07-16 05:00:00,55.92
2015-07-16 06:00:00,54.38
2015-07-16 07:00:00,53.88
2015-07-16 08:00:00,52.5
2015-07-16 09:00:00,54.83
2015-07-16 10:00:00,51.4
2015-07-16 11:00:00,49.88
2015-07-16 12:00:00,48.63
2015-07-16 13:00:00,47.24
2015-07-16 14:00:00,47.64
2015-07-16 15:00:00,53.53
2015-07-16 16:00:00,56.14
2015-07-16 17:00:00,55.63
2015-07-16 18:00:00,53.45
2015-07-16 19:00:00,51.21
2015-07-16 20:00:00,50.48
2015-07-16 21:00:00,39.93
2015-07-16 22:00:00,37.51
2015-07-16 23:00:00,34.25
2015-07-17 00:00:00,32.91
2015-07-17 01:00:00,30.01
2015-07-17 02:00:00,29.94
2015-07-17 03:00:00,31.11
2015-07-17 04:00:00,38.76
2015-07-17 05:00:00,45.28
2015-07-17 06:00:00,46.04
2015-07-17 07:00:00,44.97
2015-07-17 08:00:00,45.54
2015-07-17 09:00:00,44.68
2015-07-17 10:00:00,46.62
2015-07-17 11:00:00,45.68
2015-07-17 12:00:00,45.76
2015-07-17 13:00:00,42.8
2015-07-17 14:00:00,41.39
2015-07-17 15:00:00,39.95
2015-07-17 16:00:00,44.08
2015-07-17 17:00:00,46.29
2015-07-17 18:00:00,44.71
2015-07-17 19:00:00,46.91
2015-07-17 20:00:00,49.32
2015-07-17 21:00:00,45.84
2015-07-17 22:00:00,41.85
2015-07-17 23:00:00,38.18
2015-07-18 00:00:00,35.04
2015-07-18 01:00:00,33.31
2015-07-18 02:00:00,32.08
2015-07-18 03:00:00,31.23
2015-07-18 04:00:00,30.71
2015-07-18 05:00:00,34.43
2015-07-18 06:00:00,36.93
2015-07-18 07:00:00,41.93
2015-07-18 08:00:00,36.92
2015-07-18 09:00:00,37.88
2015-07-18 10:00:00,38.75
2015-07-18 11:00:00,35.45
2015-07-18 12:00:00,36.29
2015-07-18 13:00:00,32.52
2015-07-18 14:00:00,34.33
2015-07-18 15:00:00,38.1
2015-07-18 16:00:00,43.37
2015-07-18 17:00:00,46.93
2015-07-18 18:00:00,45.92
2015-07-18 19:00:00,44.92
2015-07-18 20:00:00,52.56
2015-07-18 21:00:00,49.01
2015-07-18 22:00:00,45.05
2015-07-18 23:00:00,36.72
2015-07-19 00:00:00,31.05
2015-07-19 01:00:00,28.88
2015-07-19 02:00:00,27.1
2015-07-19 03:00:00,25.45
2015-07-19 04:00:00,25.4
2015-07-19 05:00:00,27.07
2015-07-19 06:00:00,29.5
2015-07-19 07:00:00,33.1
2015-07-19 08:00:00,34.97
2015-07-19 09:00:00,36.29
2015-07-19 10:00:00,38.42
2015-07-19 11:00:00,31.79
2015-07-19 12:00:00,27.71
2015-07-19 13:00:00,23.57
2015-07-19 14:00:00,21.42
2015-07-19 15:00:00,22.24
2015-07-19 16:00:00,26.76
2015-07-19 17:00:00,31.9
2015-07-19 18:00:00,32.83
2015-07-19 19:00:00,33.45
2015-07-19 20:00:00,41.47
2015-07-19 21:00:00,35.74
2015-07-19 22:00:00,40.31
2015-07-19 23:00:00,35.65
2015-07-20 00:00:00,29.93
2015-07-20 01:00:00,24.98
2015-07-20 02:00:00,24.24
2015-07-20 03:00:00,25.44
2015-07-20 04:00:00,37.34
2015-07-20 05:00:00,45.12
2015-07-20 06:00:00,47.99
2015-07-20 07:00:00,47.11
2015-07-20 08:00:00,47.53
2015-07-20 09:00:00,52.49
2015-07-20 10:00:00,51.71
2015-07-20 11:00:00,52.22
2015-07-20 12:00:00,50.77
2015-07-20 13:00:00,48.05
2015-07-20 14:00:00,49.54
2015-07-20 15:00:00,50.94
2015-07-20 16:00:00,49.93
2015-07-20 17:00:00,56.0
2015-07-20 18:00:00,50.03
2015-07-20 19:00:00,48.19
2015-07-20 20:00:00,46.54
2015-07-20 21:00:00,41.95
2015-07-20 22:00:00,40.17
2015-07-20 23:00:00,35.08
2015-07-21 00:00:00,32.0
2015-07-21 01:00:00,28.8
2015-07-21 02:00:00,28.78
2015-07-21 03:00:00,32.15
2015-07-21 04:00:00,41.32
2015-07-21 05:00:00,48.77
2015-07-21 06:00:00,55.77
2015-07-21 07:00:00,52.58
2015-07-21 08:00:00,52.63
2015-07-21 09:00:00,56.08
2015-07-21 10:00:00,59.23
2015-07-21 11:00:00,60.43
2015-07-21 12:00:00,62.64
2015-07-21 13:00:00,62.46
2015-07-21 14:00:00,62.45
2015-07-21 15:00:00,66.71
2015-07-21 16:00:00,56.55
2015-07-21 17:00:00,66.39
2015-07-21 18:00:00,60.83
2015-07-21 19:00:00,55.92
2015-07-21 20:00:00,55.13
2015-07-21 21:00:00,48.65
2015-07-21 22:00:00,37.83
2015-07-21 23:00:00,37.61
2015-07-22 00:00:00,35.64
2015-07-22 01:00:00,31.82
2015-07-22 02:00:00,32.22
2015-07-22 03:00:00,35.0
2015-07-22 04:00:00,26.82
2015-07-22 05:00:00,49.69
2015-07-22 06:00:00,56.92
2015-07-22 07:00:00,52.51
2015-07-22 08:00:00,55.09
2015-07-22 09:00:00,54.15
2015-07-22 10:00:00,49.96
2015-07-22 11:00:00,48.07
2015-07-22 12:00:00,50.33
2015-07-22 13:00:00,49.15
2015-07-22 14:00:00,51.27
2015-07-22 15:00:00,52.9
2015-07-22 16:00:00,50.72
2015-07-22 17:00:00,51.7
2015-07-22 18:00:00,50.56
2015-07-22 19:00:00,49.98
2015-07-22 20:00:00,49.94
2015-07-22 21:00:00,41.89
2015-07-22 22:00:00,37.3
2015-07-22 23:00:00,35.5
2015-07-23 00:00:00,33.1
2015-07-23 01:00:00,30.52
2015-07-23 02:00:00,32.3
2015-07-23 03:00:00,35.2
2015-07-23 04:00:00,39.99
2015-07-23 05:00:00,49.94
2015-07-23 06:00:00,50.66
2015-07-23 07:00:00,54.87
2015-07-23 08:00:00,51.91
2015-07-23 09:00:00,52.92
2015-07-23 10:00:00,58.67
2015-07-23 11:00:00,58.64
2015-07-23 12:00:00,58.33
2015-07-23 13:00:00,54.95
2015-07-23 14:00:00,51.94
2015-07-23 15:00:00,51.37
2015-07-23 16:00:00,51.94
2015-07-23 17:00:00,53.37
2015-07-23 18:00:00,55.93
2015-07-23 19:00:00,52.95
2015-07-23 20:00:00,54.26
2015-07-23 21:00:00,47.38
2015-07-23 22:00:00,41.97
2015-07-23 23:00:00,36.59
2015-07-24 00:00:00,34.36
2015-07-24 01:00:00,32.43
2015-07-24 02:00:00,33.05
2015-07-24 03:00:00,34.0
2015-07-24 04:00:00,42.96
2015-07-24 05:00:00,55.25
2015-07-24 06:00:00,55.17
2015-07-24 07:00:00,56.91
2015-07-24 08:00:00,53.45
2015-07-24 09:00:00,52.62
2015-07-24 10:00:00,51.92
2015-07-24 11:00:00,49.95
2015-07-24 12:00:00,48.78
2015-07-24 13:00:00,47.92
2015-07-24 14:00:00,48.0
2015-07-24 15:00:00,49.6
2015-07-24 16:00:00,51.28
2015-07-24 17:00:00,49.94
2015-07-24 18:00:00,45.93
2015-07-24 19:00:00,43.1
2015-07-24 20:00:00,42.75
2015-07-24 21:00:00,36.69
2015-07-24 22:00:00,22.41
2015-07-24 23:00:00,20.79
2015-07-25 00:00:00,19.9
2015-07-25 01:00:00,17.88
2015-07-25 02:00:00,16.55
2015-07-25 03:00:00,15.62
2015-07-25 04:00:00,15.08
2015-07-25 05:00:00,14.69
2015-07-25 06:00:00,18.08
2015-07-25 07:00:00,20.97
2015-07-25 08:00:00,20.85
2015-07-25 09:00:00,19.93
2015-07-25 10:00:00,21.04
2015-07-25 11:00:00,19.76
2015-07-25 12:00:00,19.34
2015-07-25 13:00:00,19.28
2015-07-25 14:00:00,19.74
2015-07-25 15:00:00,20.21
2015-07-25 16:00:00,22.35
2015-07-25 17:00:00,23.89
2015-07-25 18:00:00,21.33
2015-07-25 19:00:00,21.01
2015-07-25 20:00:00,25.22
2015-07-25 21:00:00,25.7
2015-07-25 22:00:00,18.18
2015-07-25 23:00:00,16.8
2015-07-26 00:00:00,16.04
2015-07-26 01:00:00,14.4
2015-07-26 02:00:00,14.2
2015-07-26 03:00:00,14.22
2015-07-26 04:00:00,7.1
2015-07-26 05:00:00,6.47
2015-07-26 06:00:00,12.68
2015-07-26 07:00:00,14.46
2015-07-26 08:00:00,16.0
2015-07-26 09:00:00,15.26
2015-07-26 10:00:00,16.12
2015-07-26 11:00:00,16.49
2015-07-26 12:00:00,15.05
2015-07-26 13:00:00,14.14
2015-07-26 14:00:00,16.87
2015-07-26 15:00:00,18.37
2015-07-26 16:00:00,19.05
2015-07-26 17:00:00,21.55
2015-07-26 18:00:00,21.11
2015-07-26 19:00:00,21.29
2015-07-26 20:00:00,24.44
2015-07-26 21:00:00,23.63
2015-07-26 22:00:00,23.93
2015-07-26 23:00:00,20.2
2015-07-27 00:00:00,16.81
2015-07-27 01:00:00,14.28
2015-07-27 02:00:00,14.18
2015-07-27 03:00:00,16.89
2015-07-27 04:00:00,19.16
2015-07-27 05:00:00,24.66
2015-07-27 06:00:00,30.82
2015-07-27 07:00:00,32.67
2015-07-27 08:00:00,27.31
2015-07-27 09:00:00,27.51
2015-07-27 10:00:00,32.03
2015-07-27 11:00:00,28.3
2015-07-27 12:00:00,29.34
2015-07-27 13:00:00,25.04
2015-07-27 14:00:00,25.15
2015-07-27 15:00:00,26.46
2015-07-27 16:00:00,31.34
2015-07-27 17:00:00,28.91
2015-07-27 18:00:00,30.04
2015-07-27 19:00:00,30.99
2015-07-27 20:00:00,30.55
2015-07-27 21:00:00,26.59
2015-07-27 22:00:00,19.13
2015-07-27 23:00:00,16.27
2015-07-28 00:00:00,15.47
2015-07-28 01:00:00,10.54
2015-07-28 02:00:00,12.6
2015-07-28 03:00:00,16.61
2015-07-28 04:00:00,23.09
2015-07-28 05:00:00,28.84
2015-07-28 06:00:00,31.0
2015-07-28 07:00:00,31.34
2015-07-28 08:00:00,29.84
2015-07-28 09:00:00,31.14
2015-07-28 10:00:00,29.89
2015-07-28 11:00:00,28.62
2015-07-28 12:00:00,26.73
2015-07-28 13:00:00,26.26
2015-07-28 14:00:00,28.53
2015-07-28 15:00:00,30.1
2015-07-28 16:00:00,32.96
2015-07-28 17:00:00,34.04
2015-07-28 18:00:00,31.88
2015-07-28 19:00:00,32.18
2015-07-28 20:00:00,35.3
2015-07-28 21:00:00,32.01
2015-07-28 22:00:00,21.05
2015-07-28 23:00:00,20.67
2015-07-29 00:00:00,17.71
2015-07-29 01:00:00,15.5
2015-07-29 02:00:00,16.13
2015-07-29 03:00:00,18.68
2015-07-29 04:00:00,27.05
2015-07-29 05:00:00,34.79
2015-07-29 06:00:00,37.93
2015-07-29 07:00:00,37.09
2015-07-29 08:00:00,34.88
2015-07-29 09:00:00,37.02
2015-07-29 10:00:00,35.58
2015-07-29 11:00:00,31.99
2015-07-29 12:00:00,30.47
2015-07-29 13:00:00,27.54
2015-07-29 14:00:00,27.12
2015-07-29 15:00:00,27.35
2015-07-29 16:00:00,28.16
2015-07-29 17:00:00,31.51
2015-07-29 18:00:00,31.5
2015-07-29 19:00:00,30.97
2015-07-29 20:00:00,32.36
2015-07-29 21:00:00,25.7
2015-07-29 22:00:00,18.85
2015-07-29 23:00:00,19.06
2015-07-30 00:00:00,21.1
2015-07-30 01:00:00,15.0
2015-07-30 02:00:00,14.07
2015-07-30 03:00:00,19.42
2015-07-30 04:00:00,22.05
2015-07-30 05:00:00,33.46
2015-07-30 06:00:00,34.39
2015-07-30 07:00:00,34.04
2015-07-30 08:00:00,31.28
2015-07-30 09:00:00,31.76
2015-07-30 10:00:00,30.49
2015-07-30 11:00:00,29.54
2015-07-30 12:00:00,30.9
2015-07-30 13:00:00,30.85
2015-07-30 14:00:00,31.24
2015-07-30 15:00:00,36.31
2015-07-30 16:00:00,47.26
2015-07-30 17:00:00,48.64
2015-07-30 18:00:00,42.49
2015-07-30 19:00:00,40.89
2015-07-30 20:00:00,41.45
2015-07-30 21:00:00,35.53
2015-07-30 22:00:00,25.21
2015-07-30 23:00:00,23.56
2015-07-31 00:00:00,22.61
2015-07-31 01:00:00,19.52
2015-07-31 02:00:00,19.13
2015-07-31 03:00:00,22.99
2015-07-31 04:00:00,24.86
2015-07-31 05:00:00,37.92
2015-07-31 06:00:00,38.88
2015-07-31 07:00:00,38.32
2015-07-31 08:00:00,36.97
2015-07-31 09:00:00,36.75
2015-07-31 10:00:00,35.28
2015-07-31 11:00:00,31.75
2015-07-31 12:00:00,30.02
2015-07-31 13:00:00,28.44
2015-07-31 14:00:00,29.5
2015-07-31 15:00:00,34.96
2015-07-31 16:00:00,39.66
2015-07-31 17:00:00,36.7
2015-07-31 18:00:00,36.41
2015-07-31 19:00:00,34.57
2015-07-31 20:00:00,37.81
2015-07-31 21:00:00,31.84
2015-07-31 22:00:00,25.5
2015-07-31 23:00:00,23.19
2015-08-01 00:00:00,25.65
2015-08-01 01:00:00,22.03
2015-08-01 02:00:00,21.91
2015-08-01 03:00:00,22.04
2015-08-01 04:00:00,22.13
2015-08-01 05:00:00,23.35
2015-08-01 06:00:00,24.45
2015-08-01 07:00:00,26.37
2015-08-01 08:00:00,24.23
2015-08-01 09:00:00,24.96
2015-08-01 10:00:00,25.67
2015-08-01 11:00:00,25.1
2015-08-01 12:00:00,23.7
2015-08-01 13:00:00,24.35
2015-08-01 14:00:00,25.64
2015-08-01 15:00:00,25.01
2015-08-01 16:00:00,30.03
2015-08-01 17:00:00,32.86
2015-08-01 18:00:00,30.27
2015-08-01 19:00:00,30.27
2015-08-01 20:00:00,32.05
2015-08-01 21:00:00,29.95
2015-08-01 22:00:00,21.58
2015-08-01 23:00:00,18.53
2015-08-02 00:00:00,19.38
2015-08-02 01:00:00,17.37
2015-08-02 02:00:00,15.04
2015-08-02 03:00:00,15.91
2015-08-02 04:00:00,15.32
2015-08-02 05:00:00,15.58
2015-08-02 06:00:00,15.71
2015-08-02 07:00:00,16.09
2015-08-02 08:00:00,17.38
2015-08-02 09:00:00,17.65
2015-08-02 10:00:00,17.63
2015-08-02 11:00:00,16.15
2015-08-02 12:00:00,14.8
2015-08-02 13:00:00,12.24
2015-08-02 14:00:00,15.26
2015-08-02 15:00:00,16.37
2015-08-02 16:00:00,22.36
2015-08-02 17:00:00,25.53
2015-08-02 18:00:00,25.66
2015-08-02 19:00:00,25.81
2015-08-02 20:00:00,29.95
2015-08-02 21:00:00,25.03
2015-08-02 22:00:00,26.18
2015-08-02 23:00:00,20.96
2015-08-03 00:00:00,18.58
2015-08-03 01:00:00,15.0
2015-08-03 02:00:00,14.09
2015-08-03 03:00:00,20.17
2015-08-03 04:00:00,25.24
2015-08-03 05:00:00,25.78
2015-08-03 06:00:00,38.55
2015-08-03 07:00:00,37.12
2015-08-03 08:00:00,35.91
2015-08-03 09:00:00,35.27
2015-08-03 10:00:00,36.09
2015-08-03 11:00:00,35.68
2015-08-03 12:00:00,34.64
2015-08-03 13:00:00,33.31
2015-08-03 14:00:00,31.74
2015-08-03 15:00:00,34.38
2015-08-03 16:00:00,37.78
2015-08-03 17:00:00,40.03
2015-08-03 18:00:00,36.62
2015-08-03 19:00:00,39.65
2015-08-03 20:00:00,41.71
2015-08-03 21:00:00,34.05
2015-08-03 22:00:00,31.52
2015-08-03 23:00:00,28.04
2015-08-04 00:00:00,26.47
2015-08-04 01:00:00,24.42
2015-08-04 02:00:00,21.98
2015-08-04 03:00:00,27.39
2015-08-04 04:00:00,30.49
2015-08-04 05:00:00,37.96
2015-08-04 06:00:00,37.21
2015-08-04 07:00:00,38.02
2015-08-04 08:00:00,39.68
2015-08-04 09:00:00,49.01
2015-08-04 10:00:00,44.89
2015-08-04 11:00:00,44.86
2015-08-04 12:00:00,41.82
2015-08-04 13:00:00,37.64
2015-08-04 14:00:00,38.98
2015-08-04 15:00:00,39.93
2015-08-04 16:00:00,39.94
2015-08-04 17:00:00,39.9
2015-08-04 18:00:00,40.27
2015-08-04 19:00:00,41.31
2015-08-04 20:00:00,44.15
2015-08-04 21:00:00,38.77
2015-08-04 22:00:00,30.4
2015-08-04 23:00:00,28.86
2015-08-05 00:00:00,28.05
2015-08-05 01:00:00,25.18
2015-08-05 02:00:00,23.47
2015-08-05 03:00:00,27.33
2015-08-05 04:00:00,32.05
2015-08-05 05:00:00,32.46
2015-08-05 06:00:00,43.75
2015-08-05 07:00:00,43.5
2015-08-05 08:00:00,40.13
2015-08-05 09:00:00,38.92
2015-08-05 10:00:00,35.18
2015-08-05 11:00:00,32.53
2015-08-05 12:00:00,32.87
2015-08-05 13:00:00,32.24
2015-08-05 14:00:00,35.29
2015-08-05 15:00:00,37.54
2015-08-05 16:00:00,42.19
2015-08-05 17:00:00,46.61
2015-08-05 18:00:00,41.62
2015-08-05 19:00:00,43.93
2015-08-05 20:00:00,41.77
2015-08-05 21:00:00,34.47
2015-08-05 22:00:00,30.24
2015-08-05 23:00:00,27.95
2015-08-06 00:00:00,25.14
2015-08-06 01:00:00,23.21
2015-08-06 02:00:00,23.02
2015-08-06 03:00:00,25.46
2015-08-06 04:00:00,31.32
2015-08-06 05:00:00,39.94
2015-08-06 06:00:00,42.72
2015-08-06 07:00:00,40.22
2015-08-06 08:00:00,39.24
2015-08-06 09:00:00,38.28
2015-08-06 10:00:00,38.49
2015-08-06 11:00:00,37.23
2015-08-06 12:00:00,34.78
2015-08-06 13:00:00,35.31
2015-08-06 14:00:00,36.47
2015-08-06 15:00:00,39.35
2015-08-06 16:00:00,43.03
2015-08-06 17:00:00,48.92
2015-08-06 18:00:00,45.18
2015-08-06 19:00:00,44.93
2015-08-06 20:00:00,42.87
2015-08-06 21:00:00,38.43
2015-08-06 22:00:00,31.76
2015-08-06 23:00:00,28.73
2015-08-07 00:00:00,28.3
2015-08-07 01:00:00,26.05
2015-08-07 02:00:00,25.28
2015-08-07 03:00:00,27.4
2015-08-07 04:00:00,32.28
2015-08-07 05:00:00,38.68
2015-08-07 06:00:00,39.82
2015-08-07 07:00:00,38.93
2015-08-07 08:00:00,39.19
2015-08-07 09:00:00,39.69
2015-08-07 10:00:00,37.08
2015-08-07 11:00:00,34.91
2015-08-07 12:00:00,34.39
2015-08-07 13:00:00,32.64
2015-08-07 14:00:00,30.99
2015-08-07 15:00:00,38.97
2015-08-07 16:00:00,42.3
2015-08-07 17:00:00,43.97
2015-08-07 18:00:00,41.41
2015-08-07 19:00:00,41.57
2015-08-07 20:00:00,42.52
2015-08-07 21:00:00,36.59
2015-08-07 22:00:00,31.22
2015-08-07 23:00:00,27.38
2015-08-08 00:00:00,26.23
2015-08-08 01:00:00,25.21
2015-08-08 02:00:00,23.05
2015-08-08 03:00:00,23.04
2015-08-08 04:00:00,25.24
2015-08-08 05:00:00,28.31
2015-08-08 06:00:00,29.91
2015-08-08 07:00:00,31.56
2015-08-08 08:00:00,28.02
2015-08-08 09:00:00,27.2
2015-08-08 10:00:00,27.09
2015-08-08 11:00:00,25.77
2015-08-08 12:00:00,23.83
2015-08-08 13:00:00,24.11
2015-08-08 14:00:00,25.28
2015-08-08 15:00:00,29.57
2015-08-08 16:00:00,31.95
2015-08-08 17:00:00,30.92
2015-08-08 18:00:00,29.19
2015-08-08 19:00:00,30.95
2015-08-08 20:00:00,32.85
2015-08-08 21:00:00,32.65
2015-08-08 22:00:00,27.83
2015-08-08 23:00:00,25.28
2015-08-09 00:00:00,24.04
2015-08-09 01:00:00,22.95
2015-08-09 02:00:00,22.2
2015-08-09 03:00:00,21.77
2015-08-09 04:00:00,21.87
2015-08-09 05:00:00,21.43
2015-08-09 06:00:00,22.64
2015-08-09 07:00:00,23.94
2015-08-09 08:00:00,25.11
2015-08-09 09:00:00,26.12
2015-08-09 10:00:00,26.21
2015-08-09 11:00:00,24.18
2015-08-09 12:00:00,24.21
2015-08-09 13:00:00,23.08
2015-08-09 14:00:00,24.59
2015-08-09 15:00:00,28.71
2015-08-09 16:00:00,35.94
2015-08-09 17:00:00,37.92
2015-08-09 18:00:00,33.38
2015-08-09 19:00:00,36.2
2015-08-09 20:00:00,39.97
2015-08-09 21:00:00,32.4
2015-08-09 22:00:00,30.6
2015-08-09 23:00:00,27.19
2015-08-10 00:00:00,25.49
2015-08-10 01:00:00,21.56
2015-08-10 02:00:00,20.91
2015-08-10 03:00:00,22.22
2015-08-10 04:00:00,24.26
2015-08-10 05:00:00,27.05
2015-08-10 06:00:00,31.58
2015-08-10 07:00:00,40.07
2015-08-10 08:00:00,39.48
2015-08-10 09:00:00,39.95
2015-08-10 10:00:00,39.18
2015-08-10 11:00:00,38.83
2015-08-10 12:00:00,34.72
2015-08-10 13:00:00,37.04
2015-08-10 14:00:00,36.76
2015-08-10 15:00:00,41.46
2015-08-10 16:00:00,38.84
2015-08-10 17:00:00,39.43
2015-08-10 18:00:00,36.82
2015-08-10 19:00:00,36.87
2015-08-10 20:00:00,37.3
2015-08-10 21:00:00,30.18
2015-08-10 22:00:00,30.17
2015-08-10 23:00:00,30.67
2015-08-11 00:00:00,28.83
2015-08-11 01:00:00,24.99
2015-08-11 02:00:00,25.19
2015-08-11 03:00:00,27.71
2015-08-11 04:00:00,29.21
2015-08-11 05:00:00,37.74
2015-08-11 06:00:00,36.93
2015-08-11 07:00:00,40.13
2015-08-11 08:00:00,44.16
2015-08-11 09:00:00,48.03
2015-08-11 10:00:00,46.44
2015-08-11 11:00:00,42.07
2015-08-11 12:00:00,40.84
2015-08-11 13:00:00,39.02
2015-08-11 14:00:00,38.88
2015-08-11 15:00:00,36.97
2015-08-11 16:00:00,42.15
2015-08-11 17:00:00,40.76
2015-08-11 18:00:00,40.49
2015-08-11 19:00:00,42.09
2015-08-11 20:00:00,41.72
2015-08-11 21:00:00,36.08
2015-08-11 22:00:00,30.42
2015-08-11 23:00:00,28.7
2015-08-12 00:00:00,27.94
2015-08-12 01:00:00,26.94
2015-08-12 02:00:00,26.31
2015-08-12 03:00:00,29.06
2015-08-12 04:00:00,25.27
2015-08-12 05:00:00,25.69
2015-08-12 06:00:00,31.72
2015-08-12 07:00:00,36.22
2015-08-12 08:00:00,41.46
2015-08-12 09:00:00,42.34
2015-08-12 10:00:00,40.41
2015-08-12 11:00:00,38.45
2015-08-12 12:00:00,37.32
2015-08-12 13:00:00,37.16
2015-08-12 14:00:00,39.3
2015-08-12 15:00:00,45.95
2015-08-12 16:00:00,40.89
2015-08-12 17:00:00,43.37
2015-08-12 18:00:00,43.07
2015-08-12 19:00:00,43.95
2015-08-12 20:00:00,40.86
2015-08-12 21:00:00,30.42
2015-08-12 22:00:00,28.87
2015-08-12 23:00:00,28.55
2015-08-13 00:00:00,25.6
2015-08-13 01:00:00,20.81
2015-08-13 02:00:00,16.37
2015-08-13 03:00:00,22.65
2015-08-13 04:00:00,29.14
2015-08-13 05:00:00,31.38
2015-08-13 06:00:00,34.86
2015-08-13 07:00:00,34.57
2015-08-13 08:00:00,39.04
2015-08-13 09:00:00,37.26
2015-08-13 10:00:00,39.19
2015-08-13 11:00:00,36.15
2015-08-13 12:00:00,33.51
2015-08-13 13:00:00,31.02
2015-08-13 14:00:00,32.94
2015-08-13 15:00:00,32.45
2015-08-13 16:00:00,36.48
2015-08-13 17:00:00,36.93
2015-08-13 18:00:00,35.56
2015-08-13 19:00:00,31.76
2015-08-13 20:00:00,35.55
2015-08-13 21:00:00,29.18
2015-08-13 22:00:00,29.67
2015-08-13 23:00:00,22.49
2015-08-14 00:00:00,19.94
2015-08-14 01:00:00,15.15
2015-08-14 02:00:00,12.65
2015-08-14 03:00:00,22.36
2015-08-14 04:00:00,25.67
2015-08-14 05:00:00,27.22
2015-08-14 06:00:00,30.8
2015-08-14 07:00:00,32.67
2015-08-14 08:00:00,32.41
2015-08-14 09:00:00,31.79
2015-08-14 10:00:00,32.48
2015-08-14 11:00:00,31.55
2015-08-14 12:00:00,31.91
2015-08-14 13:00:00,32.53
2015-08-14 14:00:00,35.35
2015-08-14 15:00:00,35.55
2015-08-14 16:00:00,35.32
2015-08-14 17:00:00,35.36
2015-08-14 18:00:00,33.52
2015-08-14 19:00:00,34.82
2015-08-14 20:00:00,38.45
2015-08-14 21:00:00,39.41
2015-08-14 22:00:00,28.97
2015-08-14 23:00:00,25.21
2015-08-15 00:00:00,23.16
2015-08-15 01:00:00,19.46
2015-08-15 02:00:00,19.39
2015-08-15 03:00:00,19.54
2015-08-15 04:00:00,23.36
2015-08-15 05:00:00,21.41
2015-08-15 06:00:00,25.58
2015-08-15 07:00:00,28.16
2015-08-15 08:00:00,29.0
2015-08-15 09:00:00,30.31
2015-08-15 10:00:00,31.55
2015-08-15 11:00:00,27.17
2015-08-15 12:00:00,25.35
2015-08-15 13:00:00,25.77
2015-08-15 14:00:00,25.88
2015-08-15 15:00:00,25.84
2015-08-15 16:00:00,27.07
2015-08-15 17:00:00,27.73
2015-08-15 18:00:00,27.94
2015-08-15 19:00:00,28.55
2015-08-15 20:00:00,33.74
2015-08-15 21:00:00,30.03
2015-08-15 22:00:00,31.34
2015-08-15 23:00:00,26.74
2015-08-16 00:00:00,25.82
2015-08-16 01:00:00,23.51
2015-08-16 02:00:00,21.95
2015-08-16 03:00:00,21.1
2015-08-16 04:00:00,20.24
2015-08-16 05:00:00,17.97
2015-08-16 06:00:00,25.96
2015-08-16 07:00:00,24.89
2015-08-16 08:00:00,28.73
2015-08-16 09:00:00,32.48
2015-08-16 10:00:00,39.35
2015-08-16 11:00:00,34.35
2015-08-16 12:00:00,28.22
2015-08-16 13:00:00,25.07
2015-08-16 14:00:00,20.01
2015-08-16 15:00:00,21.29
2015-08-16 16:00:00,21.51
2015-08-16 17:00:00,23.92
2015-08-16 18:00:00,23.22
2015-08-16 19:00:00,24.3
2015-08-16 20:00:00,28.67
2015-08-16 21:00:00,29.42
2015-08-16 22:00:00,29.11
2015-08-16 23:00:00,26.1
2015-08-17 00:00:00,22.3
2015-08-17 01:00:00,26.72
2015-08-17 02:00:00,22.3
2015-08-17 03:00:00,26.77
2015-08-17 04:00:00,29.97
2015-08-17 05:00:00,30.99
2015-08-17 06:00:00,46.07
2015-08-17 07:00:00,48.49
2015-08-17 08:00:00,51.0
2015-08-17 09:00:00,50.0
2015-08-17 10:00:00,49.54
2015-08-17 11:00:00,48.93
2015-08-17 12:00:00,46.95
2015-08-17 13:00:00,42.45
2015-08-17 14:00:00,41.87
2015-08-17 15:00:00,40.74
2015-08-17 16:00:00,44.91
2015-08-17 17:00:00,45.06
2015-08-17 18:00:00,44.93
2015-08-17 19:00:00,43.94
2015-08-17 20:00:00,39.95
2015-08-17 21:00:00,34.79
2015-08-17 22:00:00,25.82
2015-08-17 23:00:00,24.84
2015-08-18 00:00:00,23.32
2015-08-18 01:00:00,19.0
2015-08-18 02:00:00,17.31
2015-08-18 03:00:00,23.65
2015-08-18 04:00:00,29.69
2015-08-18 05:00:00,32.41
2015-08-18 06:00:00,37.5
2015-08-18 07:00:00,37.94
2015-08-18 08:00:00,37.48
2015-08-18 09:00:00,37.6
2015-08-18 10:00:00,35.68
2015-08-18 11:00:00,37.42
2015-08-18 12:00:00,36.61
2015-08-18 13:00:00,37.6
2015-08-18 14:00:00,38.13
2015-08-18 15:00:00,40.27
2015-08-18 16:00:00,44.03
2015-08-18 17:00:00,45.11
2015-08-18 18:00:00,43.26
2015-08-18 19:00:00,45.11
2015-08-18 20:00:00,44.15
2015-08-18 21:00:00,40.03
2015-08-18 22:00:00,34.33
2015-08-18 23:00:00,31.72
2015-08-19 00:00:00,29.32
2015-08-19 01:00:00,23.47
2015-08-19 02:00:00,24.65
2015-08-19 03:00:00,26.45
2015-08-19 04:00:00,32.26
2015-08-19 05:00:00,36.8
2015-08-19 06:00:00,44.0
2015-08-19 07:00:00,45.96
2015-08-19 08:00:00,45.45
2015-08-19 09:00:00,45.98
2015-08-19 10:00:00,43.57
2015-08-19 11:00:00,42.94
2015-08-19 12:00:00,41.47
2015-08-19 13:00:00,41.93
2015-08-19 14:00:00,41.92
2015-08-19 15:00:00,39.86
2015-08-19 16:00:00,41.84
2015-08-19 17:00:00,44.94
2015-08-19 18:00:00,43.57
2015-08-19 19:00:00,41.79
2015-08-19 20:00:00,41.23
2015-08-19 21:00:00,36.88
2015-08-19 22:00:00,32.09
2015-08-19 23:00:00,27.58
2015-08-20 00:00:00,25.88
2015-08-20 01:00:00,22.08
2015-08-20 02:00:00,15.71
2015-08-20 03:00:00,22.12
2015-08-20 04:00:00,27.09
2015-08-20 05:00:00,29.15
2015-08-20 06:00:00,31.43
2015-08-20 07:00:00,38.77
2015-08-20 08:00:00,38.41
2015-08-20 09:00:00,38.1
2015-08-20 10:00:00,39.0
2015-08-20 11:00:00,37.49
2015-08-20 12:00:00,37.1
2015-08-20 13:00:00,34.4
2015-08-20 14:00:00,32.59
2015-08-20 15:00:00,34.71
2015-08-20 16:00:00,39.42
2015-08-20 17:00:00,42.3
2015-08-20 18:00:00,40.04
2015-08-20 19:00:00,40.29
2015-08-20 20:00:00,40.0
2015-08-20 21:00:00,33.75
2015-08-20 22:00:00,29.17
2015-08-20 23:00:00,29.29
2015-08-21 00:00:00,26.3
2015-08-21 01:00:00,22.24
2015-08-21 02:00:00,22.09
2015-08-21 03:00:00,25.77
2015-08-21 04:00:00,28.54
2015-08-21 05:00:00,31.49
2015-08-21 06:00:00,32.6
2015-08-21 07:00:00,33.03
2015-08-21 08:00:00,30.54
2015-08-21 09:00:00,30.52
2015-08-21 10:00:00,31.06
2015-08-21 11:00:00,29.81
2015-08-21 12:00:00,29.46
2015-08-21 13:00:00,27.99
2015-08-21 14:00:00,27.88
2015-08-21 15:00:00,29.28
2015-08-21 16:00:00,31.62
2015-08-21 17:00:00,32.77
2015-08-21 18:00:00,32.69
2015-08-21 19:00:00,31.16
2015-08-21 20:00:00,35.95
2015-08-21 21:00:00,35.86
2015-08-21 22:00:00,38.47
2015-08-21 23:00:00,35.09
2015-08-22 00:00:00,33.41
2015-08-22 01:00:00,27.06
2015-08-22 02:00:00,25.52
2015-08-22 03:00:00,26.64
2015-08-22 04:00:00,30.09
2015-08-22 05:00:00,32.18
2015-08-22 06:00:00,27.62
2015-08-22 07:00:00,29.09
2015-08-22 08:00:00,32.92
2015-08-22 09:00:00,32.04
2015-08-22 10:00:00,31.18
2015-08-22 11:00:00,27.34
2015-08-22 12:00:00,25.85
2015-08-22 13:00:00,25.94
2015-08-22 14:00:00,26.97
2015-08-22 15:00:00,32.37
2015-08-22 16:00:00,38.91
2015-08-22 17:00:00,40.72
2015-08-22 18:00:00,39.92
2015-08-22 19:00:00,38.86
2015-08-22 20:00:00,36.18
2015-08-22 21:00:00,31.18
2015-08-22 22:00:00,22.8
2015-08-22 23:00:00,18.93
2015-08-23 00:00:00,17.14
2015-08-23 01:00:00,15.64
2015-08-23 02:00:00,15.06
2015-08-23 03:00:00,14.41
2015-08-23 04:00:00,15.16
2015-08-23 05:00:00,16.07
2015-08-23 06:00:00,17.13
2015-08-23 07:00:00,17.21
2015-08-23 08:00:00,16.43
2015-08-23 09:00:00,16.91
2015-08-23 10:00:00,17.8
2015-08-23 11:00:00,16.34
2015-08-23 12:00:00,11.8
2015-08-23 13:00:00,10.28
2015-08-23 14:00:00,13.32
2015-08-23 15:00:00,15.1
2015-08-23 16:00:00,20.23
2015-08-23 17:00:00,24.58
2015-08-23 18:00:00,29.39
2015-08-23 19:00:00,30.98
2015-08-23 20:00:00,32.83
2015-08-23 21:00:00,27.14
2015-08-23 22:00:00,28.24
2015-08-23 23:00:00,23.85
2015-08-24 00:00:00,19.86
2015-08-24 01:00:00,14.94
2015-08-24 02:00:00,16.06
2015-08-24 03:00:00,20.68
2015-08-24 04:00:00,30.62
2015-08-24 05:00:00,37.61
2015-08-24 06:00:00,41.0
2015-08-24 07:00:00,40.46
2015-08-24 08:00:00,38.93
2015-08-24 09:00:00,47.39
2015-08-24 10:00:00,43.53
2015-08-24 11:00:00,44.57
2015-08-24 12:00:00,42.42
2015-08-24 13:00:00,38.99
2015-08-24 14:00:00,38.77
2015-08-24 15:00:00,37.94
2015-08-24 16:00:00,38.91
2015-08-24 17:00:00,37.02
2015-08-24 18:00:00,29.68
2015-08-24 19:00:00,27.75
2015-08-24 20:00:00,27.41
2015-08-24 21:00:00,21.53
2015-08-24 22:00:00,18.02
2015-08-24 23:00:00,18.75
2015-08-25 00:00:00,17.72
2015-08-25 01:00:00,11.51
2015-08-25 02:00:00,12.28
2015-08-25 03:00:00,17.11
2015-08-25 04:00:00,25.66
2015-08-25 05:00:00,34.13
2015-08-25 06:00:00,38.4
2015-08-25 07:00:00,43.96
2015-08-25 08:00:00,45.85
2015-08-25 09:00:00,44.35
2015-08-25 10:00:00,43.55
2015-08-25 11:00:00,40.29
2015-08-25 12:00:00,35.38
2015-08-25 13:00:00,32.22
2015-08-25 14:00:00,30.98
2015-08-25 15:00:00,31.37
2015-08-25 16:00:00,36.03
2015-08-25 17:00:00,39.78
2015-08-25 18:00:00,38.75
2015-08-25 19:00:00,36.12
2015-08-25 20:00:00,33.62
2015-08-25 21:00:00,28.67
2015-08-25 22:00:00,27.37
2015-08-25 23:00:00,23.47
2015-08-26 00:00:00,23.6
2015-08-26 01:00:00,19.84
2015-08-26 02:00:00,17.82
2015-08-26 03:00:00,23.67
2015-08-26 04:00:00,31.16
2015-08-26 05:00:00,38.74
2015-08-26 06:00:00,39.01
2015-08-26 07:00:00,35.77
2015-08-26 08:00:00,33.03
2015-08-26 09:00:00,34.94
2015-08-26 10:00:00,32.56
2015-08-26 11:00:00,31.24
2015-08-26 12:00:00,29.44
2015-08-26 13:00:00,29.01
2015-08-26 14:00:00,31.45
2015-08-26 15:00:00,37.41
2015-08-26 16:00:00,42.57
2015-08-26 17:00:00,44.66
2015-08-26 18:00:00,42.44
2015-08-26 19:00:00,39.04
2015-08-26 20:00:00,34.52
2015-08-26 21:00:00,32.18
2015-08-26 22:00:00,23.54
2015-08-26 23:00:00,22.33
2015-08-27 00:00:00,21.96
2015-08-27 01:00:00,20.82
2015-08-27 02:00:00,21.5
2015-08-27 03:00:00,24.88
2015-08-27 04:00:00,30.74
2015-08-27 05:00:00,33.07
2015-08-27 06:00:00,35.69
2015-08-27 07:00:00,38.63
2015-08-27 08:00:00,39.65
2015-08-27 09:00:00,43.03
2015-08-27 10:00:00,43.5
2015-08-27 11:00:00,43.08
2015-08-27 12:00:00,43.52
2015-08-27 13:00:00,43.82
2015-08-27 14:00:00,40.49
2015-08-27 15:00:00,40.84
2015-08-27 16:00:00,41.98
2015-08-27 17:00:00,43.05
2015-08-27 18:00:00,43.02
2015-08-27 19:00:00,41.02
2015-08-27 20:00:00,40.6
2015-08-27 21:00:00,35.79
2015-08-27 22:00:00,33.81
2015-08-27 23:00:00,32.12
2015-08-28 00:00:00,31.09
2015-08-28 01:00:00,31.02
2015-08-28 02:00:00,28.12
2015-08-28 03:00:00,31.85
2015-08-28 04:00:00,42.05
2015-08-28 05:00:00,48.13
2015-08-28 06:00:00,51.78
2015-08-28 07:00:00,51.43
2015-08-28 08:00:00,50.0
2015-08-28 09:00:00,50.81
2015-08-28 10:00:00,47.33
2015-08-28 11:00:00,45.01
2015-08-28 12:00:00,41.57
2015-08-28 13:00:00,40.24
2015-08-28 14:00:00,42.0
2015-08-28 15:00:00,46.09
2015-08-28 16:00:00,49.48
2015-08-28 17:00:00,49.94
2015-08-28 18:00:00,49.0
2015-08-28 19:00:00,49.11
2015-08-28 20:00:00,44.81
2015-08-28 21:00:00,40.43
2015-08-28 22:00:00,42.41
2015-08-28 23:00:00,36.59
2015-08-29 00:00:00,31.65
2015-08-29 01:00:00,29.16
2015-08-29 02:00:00,26.15
2015-08-29 03:00:00,27.45
2015-08-29 04:00:00,29.41
2015-08-29 05:00:00,30.44
2015-08-29 06:00:00,32.82
2015-08-29 07:00:00,36.92
2015-08-29 08:00:00,33.76
2015-08-29 09:00:00,32.86
2015-08-29 10:00:00,34.92
2015-08-29 11:00:00,31.14
2015-08-29 12:00:00,29.4
2015-08-29 13:00:00,29.65
2015-08-29 14:00:00,29.86
2015-08-29 15:00:00,33.78
2015-08-29 16:00:00,39.94
2015-08-29 17:00:00,42.42
2015-08-29 18:00:00,43.13
2015-08-29 19:00:00,41.86
2015-08-29 20:00:00,41.8
2015-08-29 21:00:00,36.76
2015-08-29 22:00:00,30.83
2015-08-29 23:00:00,25.44
2015-08-30 00:00:00,23.96
2015-08-30 01:00:00,20.7
2015-08-30 02:00:00,21.55
2015-08-30 03:00:00,21.02
2015-08-30 04:00:00,20.48
2015-08-30 05:00:00,20.61
2015-08-30 06:00:00,24.21
2015-08-30 07:00:00,22.29
2015-08-30 08:00:00,22.86
2015-08-30 09:00:00,23.59
2015-08-30 10:00:00,27.43
2015-08-30 11:00:00,23.2
2015-08-30 12:00:00,22.82
2015-08-30 13:00:00,22.26
2015-08-30 14:00:00,21.37
2015-08-30 15:00:00,25.17
2015-08-30 16:00:00,33.2
2015-08-30 17:00:00,37.5
2015-08-30 18:00:00,40.09
2015-08-30 19:00:00,40.99
2015-08-30 20:00:00,39.0
2015-08-30 21:00:00,35.87
2015-08-30 22:00:00,30.27
2015-08-30 23:00:00,28.28
2015-08-31 00:00:00,24.45
2015-08-31 01:00:00,21.88
2015-08-31 02:00:00,22.59
2015-08-31 03:00:00,29.83
2015-08-31 04:00:00,42.98
2015-08-31 05:00:00,46.36
2015-08-31 06:00:00,46.82
2015-08-31 07:00:00,42.59
2015-08-31 08:00:00,43.96
2015-08-31 09:00:00,46.09
2015-08-31 10:00:00,44.49
2015-08-31 11:00:00,52.48
2015-08-31 12:00:00,44.96
2015-08-31 13:00:00,45.29
2015-08-31 14:00:00,44.07
2015-08-31 15:00:00,41.71
2015-08-31 16:00:00,45.08
2015-08-31 17:00:00,46.61
2015-08-31 18:00:00,44.76
2015-08-31 19:00:00,42.44
2015-08-31 20:00:00,40.2
2015-08-31 21:00:00,39.12
2015-08-31 22:00:00,34.32
2015-08-31 23:00:00,33.83
2015-09-01 00:00:00,30.96
2015-09-01 01:00:00,24.03
2015-09-01 02:00:00,24.34
2015-09-01 03:00:00,29.43
2015-09-01 04:00:00,42.03
2015-09-01 05:00:00,49.61
2015-09-01 06:00:00,49.93
2015-09-01 07:00:00,50.48
2015-09-01 08:00:00,51.99
2015-09-01 09:00:00,51.81
2015-09-01 10:00:00,48.4
2015-09-01 11:00:00,47.04
2015-09-01 12:00:00,44.93
2015-09-01 13:00:00,44.02
2015-09-01 14:00:00,43.1
2015-09-01 15:00:00,45.35
2015-09-01 16:00:00,46.43
2015-09-01 17:00:00,47.93
2015-09-01 18:00:00,45.7
2015-09-01 19:00:00,44.02
2015-09-01 20:00:00,44.09
2015-09-01 21:00:00,39.31
2015-09-01 22:00:00,36.12
2015-09-01 23:00:00,32.53
2015-09-02 00:00:00,31.54
2015-09-02 01:00:00,26.86
2015-09-02 02:00:00,26.86
2015-09-02 03:00:00,30.12
2015-09-02 04:00:00,39.04
2015-09-02 05:00:00,44.78
2015-09-02 06:00:00,45.01
2015-09-02 07:00:00,43.62
2015-09-02 08:00:00,43.47
2015-09-02 09:00:00,44.61
2015-09-02 10:00:00,43.76
2015-09-02 11:00:00,42.43
2015-09-02 12:00:00,42.45
2015-09-02 13:00:00,41.98
2015-09-02 14:00:00,43.27
2015-09-02 15:00:00,45.58
2015-09-02 16:00:00,49.97
2015-09-02 17:00:00,55.1
2015-09-02 18:00:00,53.32
2015-09-02 19:00:00,47.96
2015-09-02 20:00:00,42.48
2015-09-02 21:00:00,41.11
2015-09-02 22:00:00,34.91
2015-09-02 23:00:00,32.45
2015-09-03 00:00:00,28.86
2015-09-03 01:00:00,26.65
2015-09-03 02:00:00,27.42
2015-09-03 03:00:00,29.49
2015-09-03 04:00:00,41.44
2015-09-03 05:00:00,50.0
2015-09-03 06:00:00,52.02
2015-09-03 07:00:00,49.25
2015-09-03 08:00:00,48.07
2015-09-03 09:00:00,48.28
2015-09-03 10:00:00,47.29
2015-09-03 11:00:00,44.62
2015-09-03 12:00:00,44.23
2015-09-03 13:00:00,42.7
2015-09-03 14:00:00,41.43
2015-09-03 15:00:00,44.03
2015-09-03 16:00:00,44.93
2015-09-03 17:00:00,48.68
2015-09-03 18:00:00,49.1
2015-09-03 19:00:00,45.23
2015-09-03 20:00:00,42.42
2015-09-03 21:00:00,36.76
2015-09-03 22:00:00,35.54
2015-09-03 23:00:00,33.17
2015-09-04 00:00:00,30.21
2015-09-04 01:00:00,26.2
2015-09-04 02:00:00,26.08
2015-09-04 03:00:00,28.87
2015-09-04 04:00:00,37.94
2015-09-04 05:00:00,46.72
2015-09-04 06:00:00,47.98
2015-09-04 07:00:00,46.12
2015-09-04 08:00:00,45.92
2015-09-04 09:00:00,42.34
2015-09-04 10:00:00,41.28
2015-09-04 11:00:00,38.77
2015-09-04 12:00:00,37.69
2015-09-04 13:00:00,34.35
2015-09-04 14:00:00,34.21
2015-09-04 15:00:00,36.19
2015-09-04 16:00:00,38.15
2015-09-04 17:00:00,40.87
2015-09-04 18:00:00,42.44
2015-09-04 19:00:00,37.67
2015-09-04 20:00:00,35.35
2015-09-04 21:00:00,34.01
2015-09-04 22:00:00,31.96
2015-09-04 23:00:00,30.33
2015-09-05 00:00:00,27.83
2015-09-05 01:00:00,24.81
2015-09-05 02:00:00,22.66
2015-09-05 03:00:00,24.92
2015-09-05 04:00:00,25.65
2015-09-05 05:00:00,29.71
2015-09-05 06:00:00,29.52
2015-09-05 07:00:00,32.16
2015-09-05 08:00:00,31.25
2015-09-05 09:00:00,32.36
2015-09-05 10:00:00,33.54
2015-09-05 11:00:00,29.95
2015-09-05 12:00:00,27.07
2015-09-05 13:00:00,24.65
2015-09-05 14:00:00,27.61
2015-09-05 15:00:00,28.24
2015-09-05 16:00:00,30.42
2015-09-05 17:00:00,31.71
2015-09-05 18:00:00,32.36
2015-09-05 19:00:00,32.33
2015-09-05 20:00:00,34.39
2015-09-05 21:00:00,33.35
2015-09-05 22:00:00,22.82
2015-09-05 23:00:00,17.45
2015-09-06 00:00:00,15.68
2015-09-06 01:00:00,11.49
2015-09-06 02:00:00,8.01
2015-09-06 03:00:00,8.86
2015-09-06 04:00:00,9.84
2015-09-06 05:00:00,9.22
2015-09-06 06:00:00,12.2
2015-09-06 07:00:00,13.96
2015-09-06 08:00:00,15.56
2015-09-06 09:00:00,18.87
2015-09-06 10:00:00,18.71
2015-09-06 11:00:00,13.3
2015-09-06 12:00:00,4.17
2015-09-06 13:00:00,4.26
2015-09-06 14:00:00,5.81
2015-09-06 15:00:00,14.91
2015-09-06 16:00:00,24.49
2015-09-06 17:00:00,28.03
2015-09-06 18:00:00,36.45
2015-09-06 19:00:00,34.94
2015-09-06 20:00:00,36.45
2015-09-06 21:00:00,32.72
2015-09-06 22:00:00,24.67
2015-09-06 23:00:00,17.93
2015-09-07 00:00:00,21.61
2015-09-07 01:00:00,16.48
2015-09-07 02:00:00,15.04
2015-09-07 03:00:00,19.49
2015-09-07 04:00:00,31.75
2015-09-07 05:00:00,42.1
2015-09-07 06:00:00,43.22
2015-09-07 07:00:00,46.2
2015-09-07 08:00:00,43.93
2015-09-07 09:00:00,44.74
2015-09-07 10:00:00,44.34
2015-09-07 11:00:00,43.06
2015-09-07 12:00:00,42.47
2015-09-07 13:00:00,38.67
2015-09-07 14:00:00,38.29
2015-09-07 15:00:00,39.97
2015-09-07 16:00:00,43.62
2015-09-07 17:00:00,47.71
2015-09-07 18:00:00,47.33
2015-09-07 19:00:00,42.92
2015-09-07 20:00:00,38.96
2015-09-07 21:00:00,35.12
2015-09-07 22:00:00,32.45
2015-09-07 23:00:00,31.4
2015-09-08 00:00:00,25.31
2015-09-08 01:00:00,22.24
2015-09-08 02:00:00,21.88
2015-09-08 03:00:00,27.52
2015-09-08 04:00:00,39.94
2015-09-08 05:00:00,45.92
2015-09-08 06:00:00,46.34
2015-09-08 07:00:00,46.42
2015-09-08 08:00:00,41.0
2015-09-08 09:00:00,41.25
2015-09-08 10:00:00,42.87
2015-09-08 11:00:00,40.35
2015-09-08 12:00:00,39.97
2015-09-08 13:00:00,37.4
2015-09-08 14:00:00,37.99
2015-09-08 15:00:00,40.13
2015-09-08 16:00:00,44.93
2015-09-08 17:00:00,46.98
2015-09-08 18:00:00,47.08
2015-09-08 19:00:00,43.43
2015-09-08 20:00:00,37.91
2015-09-08 21:00:00,36.84
2015-09-08 22:00:00,32.09
2015-09-08 23:00:00,31.73
2015-09-09 00:00:00,28.48
2015-09-09 01:00:00,26.0
2015-09-09 02:00:00,25.49
2015-09-09 03:00:00,28.55
2015-09-09 04:00:00,39.31
2015-09-09 05:00:00,44.46
2015-09-09 06:00:00,45.99
2015-09-09 07:00:00,43.68
2015-09-09 08:00:00,42.24
2015-09-09 09:00:00,40.51
2015-09-09 10:00:00,38.42
2015-09-09 11:00:00,37.08
2015-09-09 12:00:00,36.17
2015-09-09 13:00:00,36.25
2015-09-09 14:00:00,36.76
2015-09-09 15:00:00,41.4
2015-09-09 16:00:00,43.91
2015-09-09 17:00:00,44.87
2015-09-09 18:00:00,45.66
2015-09-09 19:00:00,41.98
2015-09-09 20:00:00,36.08
2015-09-09 21:00:00,35.26
2015-09-09 22:00:00,35.95
2015-09-09 23:00:00,30.43
2015-09-10 00:00:00,28.83
2015-09-10 01:00:00,25.97
2015-09-10 02:00:00,25.02
2015-09-10 03:00:00,28.84
2015-09-10 04:00:00,40.02
2015-09-10 05:00:00,45.7
2015-09-10 06:00:00,47.03
2015-09-10 07:00:00,45.22
2015-09-10 08:00:00,45.09
2015-09-10 09:00:00,42.88
2015-09-10 10:00:00,40.55
2015-09-10 11:00:00,38.65
2015-09-10 12:00:00,41.61
2015-09-10 13:00:00,40.67
2015-09-10 14:00:00,37.77
2015-09-10 15:00:00,41.67
2015-09-10 16:00:00,43.12
2015-09-10 17:00:00,45.01
2015-09-10 18:00:00,44.33
2015-09-10 19:00:00,39.2
2015-09-10 20:00:00,39.09
2015-09-10 21:00:00,35.17
2015-09-10 22:00:00,31.53
2015-09-10 23:00:00,30.49
2015-09-11 00:00:00,29.04
2015-09-11 01:00:00,27.5
2015-09-11 02:00:00,24.92
2015-09-11 03:00:00,23.29
2015-09-11 04:00:00,33.58
2015-09-11 05:00:00,45.37
2015-09-11 06:00:00,47.03
2015-09-11 07:00:00,44.86
2015-09-11 08:00:00,40.79
2015-09-11 09:00:00,39.58
2015-09-11 10:00:00,43.7
2015-09-11 11:00:00,43.04
2015-09-11 12:00:00,42.51
2015-09-11 13:00:00,37.64
2015-09-11 14:00:00,37.93
2015-09-11 15:00:00,41.24
2015-09-11 16:00:00,45.09
2015-09-11 17:00:00,47.93
2015-09-11 18:00:00,48.51
2015-09-11 19:00:00,44.68
2015-09-11 20:00:00,45.82
2015-09-11 21:00:00,46.27
2015-09-11 22:00:00,34.79
2015-09-11 23:00:00,32.35
2015-09-12 00:00:00,29.94
2015-09-12 01:00:00,25.01
2015-09-12 02:00:00,25.91
2015-09-12 03:00:00,25.26
2015-09-12 04:00:00,27.92
2015-09-12 05:00:00,32.06
2015-09-12 06:00:00,37.91
2015-09-12 07:00:00,41.53
2015-09-12 08:00:00,38.63
2015-09-12 09:00:00,39.32
2015-09-12 10:00:00,40.25
2015-09-12 11:00:00,35.47
2015-09-12 12:00:00,34.95
2015-09-12 13:00:00,29.16
2015-09-12 14:00:00,27.8
2015-09-12 15:00:00,34.13
2015-09-12 16:00:00,39.21
2015-09-12 17:00:00,41.3
2015-09-12 18:00:00,41.1
2015-09-12 19:00:00,38.86
2015-09-12 20:00:00,41.03
2015-09-12 21:00:00,39.66
2015-09-12 22:00:00,35.18
2015-09-12 23:00:00,26.22
2015-09-13 00:00:00,26.43
2015-09-13 01:00:00,24.04
2015-09-13 02:00:00,24.68
2015-09-13 03:00:00,23.45
2015-09-13 04:00:00,26.0
2015-09-13 05:00:00,26.08
2015-09-13 06:00:00,26.04
2015-09-13 07:00:00,26.67
2015-09-13 08:00:00,27.17
2015-09-13 09:00:00,29.2
2015-09-13 10:00:00,27.91
2015-09-13 11:00:00,26.29
2015-09-13 12:00:00,24.1
2015-09-13 13:00:00,20.0
2015-09-13 14:00:00,20.68
2015-09-13 15:00:00,24.1
2015-09-13 16:00:00,30.66
2015-09-13 17:00:00,36.8
2015-09-13 18:00:00,42.11
2015-09-13 19:00:00,40.42
2015-09-13 20:00:00,40.0
2015-09-13 21:00:00,38.88
2015-09-13 22:00:00,30.47
2015-09-13 23:00:00,24.59
2015-09-14 00:00:00,23.17
2015-09-14 01:00:00,20.83
2015-09-14 02:00:00,24.06
2015-09-14 03:00:00,25.12
2015-09-14 04:00:00,37.97
2015-09-14 05:00:00,46.17
2015-09-14 06:00:00,47.26
2015-09-14 07:00:00,47.45
2015-09-14 08:00:00,46.09
2015-09-14 09:00:00,48.58
2015-09-14 10:00:00,46.92
2015-09-14 11:00:00,43.45
2015-09-14 12:00:00,43.3
2015-09-14 13:00:00,41.69
2015-09-14 14:00:00,39.47
2015-09-14 15:00:00,39.92
2015-09-14 16:00:00,41.23
2015-09-14 17:00:00,42.92
2015-09-14 18:00:00,43.88
2015-09-14 19:00:00,38.71
2015-09-14 20:00:00,35.08
2015-09-14 21:00:00,32.01
2015-09-14 22:00:00,18.15
2015-09-14 23:00:00,17.46
2015-09-15 00:00:00,14.02
2015-09-15 01:00:00,12.86
2015-09-15 02:00:00,13.79
2015-09-15 03:00:00,18.91
2015-09-15 04:00:00,31.74
2015-09-15 05:00:00,45.27
2015-09-15 06:00:00,45.57
2015-09-15 07:00:00,46.83
2015-09-15 08:00:00,46.42
2015-09-15 09:00:00,46.4
2015-09-15 10:00:00,44.6
2015-09-15 11:00:00,45.27
2015-09-15 12:00:00,42.27
2015-09-15 13:00:00,40.08
2015-09-15 14:00:00,40.02
2015-09-15 15:00:00,42.68
2015-09-15 16:00:00,43.96
2015-09-15 17:00:00,46.87
2015-09-15 18:00:00,48.63
2015-09-15 19:00:00,42.64
2015-09-15 20:00:00,40.02
2015-09-15 21:00:00,36.48
2015-09-15 22:00:00,33.67
2015-09-15 23:00:00,24.03
2015-09-16 00:00:00,24.06
2015-09-16 01:00:00,23.69
2015-09-16 02:00:00,20.0
2015-09-16 03:00:00,25.03
2015-09-16 04:00:00,39.45
2015-09-16 05:00:00,47.33
2015-09-16 06:00:00,52.06
2015-09-16 07:00:00,52.19
2015-09-16 08:00:00,48.58
2015-09-16 09:00:00,49.67
2015-09-16 10:00:00,46.3
2015-09-16 11:00:00,43.63
2015-09-16 12:00:00,40.72
2015-09-16 13:00:00,37.38
2015-09-16 14:00:00,35.71
2015-09-16 15:00:00,38.7
2015-09-16 16:00:00,39.11
2015-09-16 17:00:00,41.79
2015-09-16 18:00:00,40.3
2015-09-16 19:00:00,32.91
2015-09-16 20:00:00,33.18
2015-09-16 21:00:00,25.59
2015-09-16 22:00:00,21.02
2015-09-16 23:00:00,14.73
2015-09-17 00:00:00,16.66
2015-09-17 01:00:00,14.69
2015-09-17 02:00:00,11.32
2015-09-17 03:00:00,16.39
2015-09-17 04:00:00,28.17
2015-09-17 05:00:00,40.17
2015-09-17 06:00:00,38.99
2015-09-17 07:00:00,43.8
2015-09-17 08:00:00,46.1
2015-09-17 09:00:00,47.44
2015-09-17 10:00:00,47.21
2015-09-17 11:00:00,48.96
2015-09-17 12:00:00,46.04
2015-09-17 13:00:00,43.74
2015-09-17 14:00:00,40.12
2015-09-17 15:00:00,40.31
2015-09-17 16:00:00,44.06
2015-09-17 17:00:00,45.14
2015-09-17 18:00:00,44.27
2015-09-17 19:00:00,39.95
2015-09-17 20:00:00,38.78
2015-09-17 21:00:00,39.25
2015-09-17 22:00:00,26.4
2015-09-17 23:00:00,22.03
2015-09-18 00:00:00,23.05
2015-09-18 01:00:00,19.68
2015-09-18 02:00:00,21.72
2015-09-18 03:00:00,25.0
2015-09-18 04:00:00,34.99
2015-09-18 05:00:00,47.0
2015-09-18 06:00:00,51.16
2015-09-18 07:00:00,49.29
2015-09-18 08:00:00,46.4
2015-09-18 09:00:00,44.84
2015-09-18 10:00:00,41.77
2015-09-18 11:00:00,38.15
2015-09-18 12:00:00,36.05
2015-09-18 13:00:00,38.0
2015-09-18 14:00:00,40.34
2015-09-18 15:00:00,44.16
2015-09-18 16:00:00,46.73
2015-09-18 17:00:00,48.9
2015-09-18 18:00:00,47.75
2015-09-18 19:00:00,43.08
2015-09-18 20:00:00,37.19
2015-09-18 21:00:00,31.83
2015-09-18 22:00:00,28.69
2015-09-18 23:00:00,26.25
2015-09-19 00:00:00,24.98
2015-09-19 01:00:00,20.52
2015-09-19 02:00:00,23.73
2015-09-19 03:00:00,25.08
2015-09-19 04:00:00,24.74
2015-09-19 05:00:00,27.6
2015-09-19 06:00:00,32.0
2015-09-19 07:00:00,34.0
2015-09-19 08:00:00,33.8
2015-09-19 09:00:00,33.76
2015-09-19 10:00:00,32.22
2015-09-19 11:00:00,29.09
2015-09-19 12:00:00,26.98
2015-09-19 13:00:00,26.59
2015-09-19 14:00:00,27.04
2015-09-19 15:00:00,28.8
2015-09-19 16:00:00,35.74
2015-09-19 17:00:00,43.91
2015-09-19 18:00:00,44.8
2015-09-19 19:00:00,41.28
2015-09-19 20:00:00,37.46
2015-09-19 21:00:00,33.9
2015-09-19 22:00:00,26.89
2015-09-19 23:00:00,22.12
2015-09-20 00:00:00,18.9
2015-09-20 01:00:00,12.06
2015-09-20 02:00:00,12.87
2015-09-20 03:00:00,17.87
2015-09-20 04:00:00,19.46
2015-09-20 05:00:00,19.63
2015-09-20 06:00:00,21.66
2015-09-20 07:00:00,22.13
2015-09-20 08:00:00,22.18
2015-09-20 09:00:00,22.29
2015-09-20 10:00:00,23.59
2015-09-20 11:00:00,22.76
2015-09-20 12:00:00,19.16
2015-09-20 13:00:00,18.62
2015-09-20 14:00:00,16.04
2015-09-20 15:00:00,22.87
2015-09-20 16:00:00,28.58
2015-09-20 17:00:00,37.37
2015-09-20 18:00:00,38.03
2015-09-20 19:00:00,35.0
2015-09-20 20:00:00,34.41
2015-09-20 21:00:00,31.65
2015-09-20 22:00:00,31.64
2015-09-20 23:00:00,27.3
2015-09-21 00:00:00,24.48
2015-09-21 01:00:00,22.34
2015-09-21 02:00:00,23.04
2015-09-21 03:00:00,27.53
2015-09-21 04:00:00,43.98
2015-09-21 05:00:00,52.33
2015-09-21 06:00:00,51.85
2015-09-21 07:00:00,51.06
2015-09-21 08:00:00,43.43
2015-09-21 09:00:00,42.71
2015-09-21 10:00:00,44.26
2015-09-21 11:00:00,39.96
2015-09-21 12:00:00,36.78
2015-09-21 13:00:00,36.08
2015-09-21 14:00:00,39.97
2015-09-21 15:00:00,45.32
2015-09-21 16:00:00,48.46
2015-09-21 17:00:00,52.45
2015-09-21 18:00:00,52.48
2015-09-21 19:00:00,43.42
2015-09-21 20:00:00,40.56
2015-09-21 21:00:00,36.8
2015-09-21 22:00:00,32.49
2015-09-21 23:00:00,29.18
2015-09-22 00:00:00,27.8
2015-09-22 01:00:00,19.95
2015-09-22 02:00:00,16.15
2015-09-22 03:00:00,29.64
2015-09-22 04:00:00,39.28
2015-09-22 05:00:00,50.79
2015-09-22 06:00:00,53.75
2015-09-22 07:00:00,58.0
2015-09-22 08:00:00,55.33
2015-09-22 09:00:00,53.0
2015-09-22 10:00:00,49.92
2015-09-22 11:00:00,49.02
2015-09-22 12:00:00,48.01
2015-09-22 13:00:00,43.86
2015-09-22 14:00:00,42.53
2015-09-22 15:00:00,41.67
2015-09-22 16:00:00,41.75
2015-09-22 17:00:00,46.88
2015-09-22 18:00:00,52.04
2015-09-22 19:00:00,44.68
2015-09-22 20:00:00,44.16
2015-09-22 21:00:00,43.13
2015-09-22 22:00:00,41.52
2015-09-22 23:00:00,32.47
2015-09-23 00:00:00,30.07
2015-09-23 01:00:00,27.71
2015-09-23 02:00:00,28.53
2015-09-23 03:00:00,33.2
2015-09-23 04:00:00,47.87
2015-09-23 05:00:00,55.5
2015-09-23 06:00:00,63.72
2015-09-23 07:00:00,63.13
2015-09-23 08:00:00,58.57
2015-09-23 09:00:00,56.32
2015-09-23 10:00:00,52.56
2015-09-23 11:00:00,49.91
2015-09-23 12:00:00,50.2
2015-09-23 13:00:00,49.87
2015-09-23 14:00:00,50.1
2015-09-23 15:00:00,50.1
2015-09-23 16:00:00,51.19
2015-09-23 17:00:00,56.98
2015-09-23 18:00:00,57.49
2015-09-23 19:00:00,48.32
2015-09-23 20:00:00,44.64
2015-09-23 21:00:00,44.53
2015-09-23 22:00:00,42.56
2015-09-23 23:00:00,37.57
2015-09-24 00:00:00,37.87
2015-09-24 01:00:00,27.18
2015-09-24 02:00:00,25.64
2015-09-24 03:00:00,31.49
2015-09-24 04:00:00,36.29
2015-09-24 05:00:00,52.5
2015-09-24 06:00:00,57.51
2015-09-24 07:00:00,54.3
2015-09-24 08:00:00,51.92
2015-09-24 09:00:00,48.74
2015-09-24 10:00:00,46.99
2015-09-24 11:00:00,45.55
2015-09-24 12:00:00,46.86
2015-09-24 13:00:00,47.08
2015-09-24 14:00:00,46.99
2015-09-24 15:00:00,47.95
2015-09-24 16:00:00,50.82
2015-09-24 17:00:00,55.84
2015-09-24 18:00:00,55.58
2015-09-24 19:00:00,47.04
2015-09-24 20:00:00,46.05
2015-09-24 21:00:00,44.5
2015-09-24 22:00:00,38.22
2015-09-24 23:00:00,35.17
2015-09-25 00:00:00,31.56
2015-09-25 01:00:00,29.93
2015-09-25 02:00:00,29.81
2015-09-25 03:00:00,32.75
2015-09-25 04:00:00,43.95
2015-09-25 05:00:00,53.59
2015-09-25 06:00:00,55.69
2015-09-25 07:00:00,55.99
2015-09-25 08:00:00,51.94
2015-09-25 09:00:00,50.57
2015-09-25 10:00:00,46.51
2015-09-25 11:00:00,45.03
2015-09-25 12:00:00,45.2
2015-09-25 13:00:00,46.17
2015-09-25 14:00:00,44.94
2015-09-25 15:00:00,46.13
2015-09-25 16:00:00,50.01
2015-09-25 17:00:00,52.32
2015-09-25 18:00:00,55.06
2015-09-25 19:00:00,47.53
2015-09-25 20:00:00,47.12
2015-09-25 21:00:00,45.91
2015-09-25 22:00:00,42.08
2015-09-25 23:00:00,40.0
2015-09-26 00:00:00,36.14
2015-09-26 01:00:00,31.88
2015-09-26 02:00:00,31.07
2015-09-26 03:00:00,30.93
2015-09-26 04:00:00,32.22
2015-09-26 05:00:00,40.54
2015-09-26 06:00:00,42.07
2015-09-26 07:00:00,45.8
2015-09-26 08:00:00,42.68
2015-09-26 09:00:00,40.4
2015-09-26 10:00:00,39.21
2015-09-26 11:00:00,36.33
2015-09-26 12:00:00,33.7
2015-09-26 13:00:00,32.35
2015-09-26 14:00:00,31.55
2015-09-26 15:00:00,38.75
2015-09-26 16:00:00,43.71
2015-09-26 17:00:00,49.91
2015-09-26 18:00:00,50.66
2015-09-26 19:00:00,41.09
2015-09-26 20:00:00,41.3
2015-09-26 21:00:00,40.01
2015-09-26 22:00:00,38.04
2015-09-26 23:00:00,35.07
2015-09-27 00:00:00,33.28
2015-09-27 01:00:00,29.56
2015-09-27 02:00:00,26.44
2015-09-27 03:00:00,28.0
2015-09-27 04:00:00,30.88
2015-09-27 05:00:00,30.08
2015-09-27 06:00:00,30.51
2015-09-27 07:00:00,32.21
2015-09-27 08:00:00,30.48
2015-09-27 09:00:00,31.79
2015-09-27 10:00:00,35.84
2015-09-27 11:00:00,30.13
2015-09-27 12:00:00,21.64
2015-09-27 13:00:00,18.95
2015-09-27 14:00:00,22.93
2015-09-27 15:00:00,30.68
2015-09-27 16:00:00,41.14
2015-09-27 17:00:00,49.2
2015-09-27 18:00:00,50.84
2015-09-27 19:00:00,44.21
2015-09-27 20:00:00,43.0
2015-09-27 21:00:00,39.5
2015-09-27 22:00:00,37.07
2015-09-27 23:00:00,30.31
2015-09-28 00:00:00,29.5
2015-09-28 01:00:00,26.12
2015-09-28 02:00:00,25.05
2015-09-28 03:00:00,34.23
2015-09-28 04:00:00,45.87
2015-09-28 05:00:00,53.33
2015-09-28 06:00:00,55.19
2015-09-28 07:00:00,54.45
2015-09-28 08:00:00,53.61
2015-09-28 09:00:00,51.41
2015-09-28 10:00:00,45.46
2015-09-28 11:00:00,44.96
2015-09-28 12:00:00,48.37
2015-09-28 13:00:00,45.23
2015-09-28 14:00:00,47.29
2015-09-28 15:00:00,43.97
2015-09-28 16:00:00,50.07
2015-09-28 17:00:00,57.12
2015-09-28 18:00:00,52.42
2015-09-28 19:00:00,45.81
2015-09-28 20:00:00,44.53
2015-09-28 21:00:00,42.5
2015-09-28 22:00:00,40.25
2015-09-28 23:00:00,33.2
2015-09-29 00:00:00,31.08
2015-09-29 01:00:00,28.06
2015-09-29 02:00:00,27.8
2015-09-29 03:00:00,34.2
2015-09-29 04:00:00,43.85
2015-09-29 05:00:00,53.01
2015-09-29 06:00:00,56.69
2015-09-29 07:00:00,57.18
2015-09-29 08:00:00,51.11
2015-09-29 09:00:00,48.98
2015-09-29 10:00:00,45.13
2015-09-29 11:00:00,44.0
2015-09-29 12:00:00,40.57
2015-09-29 13:00:00,39.76
2015-09-29 14:00:00,37.86
2015-09-29 15:00:00,37.28
2015-09-29 16:00:00,43.36
2015-09-29 17:00:00,51.64
2015-09-29 18:00:00,48.61
2015-09-29 19:00:00,40.01
2015-09-29 20:00:00,41.67
2015-09-29 21:00:00,40.32
2015-09-29 22:00:00,38.51
2015-09-29 23:00:00,29.76
2015-09-30 00:00:00,28.01
2015-09-30 01:00:00,27.38
2015-09-30 02:00:00,27.0
2015-09-30 03:00:00,30.55
2015-09-30 04:00:00,42.93
2015-09-30 05:00:00,53.78
2015-09-30 06:00:00,55.5
2015-09-30 07:00:00,49.27
2015-09-30 08:00:00,45.51
2015-09-30 09:00:00,43.22
2015-09-30 10:00:00,43.63
2015-09-30 11:00:00,38.28
2015-09-30 12:00:00,38.25
2015-09-30 13:00:00,34.14
2015-09-30 14:00:00,33.89
2015-09-30 15:00:00,43.01
2015-09-30 16:00:00,50.0
2015-09-30 17:00:00,58.0
2015-09-30 18:00:00,51.39
2015-09-30 19:00:00,46.79
2015-09-30 20:00:00,43.94
2015-09-30 21:00:00,41.43
2015-09-30 22:00:00,38.56
2015-09-30 23:00:00,31.27
2015-10-01 00:00:00,30.66
2015-10-01 01:00:00,29.14
2015-10-01 02:00:00,29.4
2015-10-01 03:00:00,32.87
2015-10-01 04:00:00,44.97
2015-10-01 05:00:00,56.0
2015-10-01 06:00:00,59.06
2015-10-01 07:00:00,49.02
2015-10-01 08:00:00,43.15
2015-10-01 09:00:00,41.73
2015-10-01 10:00:00,43.93
2015-10-01 11:00:00,39.21
2015-10-01 12:00:00,34.28
2015-10-01 13:00:00,34.51
2015-10-01 14:00:00,36.38
2015-10-01 15:00:00,44.48
2015-10-01 16:00:00,51.57
2015-10-01 17:00:00,61.0
2015-10-01 18:00:00,55.0
2015-10-01 19:00:00,44.95
2015-10-01 20:00:00,43.03
2015-10-01 21:00:00,41.79
2015-10-01 22:00:00,43.45
2015-10-01 23:00:00,40.51
2015-10-02 00:00:00,38.27
2015-10-02 01:00:00,31.39
2015-10-02 02:00:00,31.54
2015-10-02 03:00:00,37.2
2015-10-02 04:00:00,44.68
2015-10-02 05:00:00,54.92
2015-10-02 06:00:00,60.0
2015-10-02 07:00:00,51.34
2015-10-02 08:00:00,54.53
2015-10-02 09:00:00,54.03
2015-10-02 10:00:00,50.86
2015-10-02 11:00:00,47.56
2015-10-02 12:00:00,47.53
2015-10-02 13:00:00,44.5
2015-10-02 14:00:00,42.95
2015-10-02 15:00:00,44.68
2015-10-02 16:00:00,48.1
2015-10-02 17:00:00,55.0
2015-10-02 18:00:00,49.03
2015-10-02 19:00:00,47.58
2015-10-02 20:00:00,48.77
2015-10-02 21:00:00,44.75
2015-10-02 22:00:00,38.28
2015-10-02 23:00:00,34.02
2015-10-03 00:00:00,32.55
2015-10-03 01:00:00,29.04
2015-10-03 02:00:00,26.9
2015-10-03 03:00:00,28.54
2015-10-03 04:00:00,32.81
2015-10-03 05:00:00,38.49
2015-10-03 06:00:00,38.34
2015-10-03 07:00:00,43.24
2015-10-03 08:00:00,43.0
2015-10-03 09:00:00,41.87
2015-10-03 10:00:00,41.5
2015-10-03 11:00:00,39.89
2015-10-03 12:00:00,38.24
2015-10-03 13:00:00,37.22
2015-10-03 14:00:00,32.72
2015-10-03 15:00:00,33.81
2015-10-03 16:00:00,40.3
2015-10-03 17:00:00,47.01
2015-10-03 18:00:00,46.63
2015-10-03 19:00:00,41.23
2015-10-03 20:00:00,41.44
2015-10-03 21:00:00,41.5
2015-10-03 22:00:00,39.81
2015-10-03 23:00:00,38.18
2015-10-04 00:00:00,35.12
2015-10-04 01:00:00,32.92
2015-10-04 02:00:00,30.11
2015-10-04 03:00:00,29.54
2015-10-04 04:00:00,33.0
2015-10-04 05:00:00,34.98
2015-10-04 06:00:00,36.5
2015-10-04 07:00:00,37.96
2015-10-04 08:00:00,39.15
2015-10-04 09:00:00,38.66
2015-10-04 10:00:00,38.0
2015-10-04 11:00:00,35.0
2015-10-04 12:00:00,29.41
2015-10-04 13:00:00,27.09
2015-10-04 14:00:00,25.44
2015-10-04 15:00:00,31.8
2015-10-04 16:00:00,40.48
2015-10-04 17:00:00,46.99
2015-10-04 18:00:00,50.75
2015-10-04 19:00:00,46.07
2015-10-04 20:00:00,43.0
2015-10-04 21:00:00,37.85
2015-10-04 22:00:00,34.77
2015-10-04 23:00:00,31.19
2015-10-05 00:00:00,29.99
2015-10-05 01:00:00,26.69
2015-10-05 02:00:00,26.02
2015-10-05 03:00:00,29.59
2015-10-05 04:00:00,42.17
2015-10-05 05:00:00,51.33
2015-10-05 06:00:00,52.84
2015-10-05 07:00:00,53.01
2015-10-05 08:00:00,51.56
2015-10-05 09:00:00,49.16
2015-10-05 10:00:00,46.6
2015-10-05 11:00:00,45.97
2015-10-05 12:00:00,43.42
2015-10-05 13:00:00,40.97
2015-10-05 14:00:00,41.38
2015-10-05 15:00:00,44.61
2015-10-05 16:00:00,45.1
2015-10-05 17:00:00,51.75
2015-10-05 18:00:00,47.93
2015-10-05 19:00:00,36.84
2015-10-05 20:00:00,34.11
2015-10-05 21:00:00,36.2
2015-10-05 22:00:00,33.17
2015-10-05 23:00:00,29.1
2015-10-06 00:00:00,27.21
2015-10-06 01:00:00,24.4
2015-10-06 02:00:00,23.66
2015-10-06 03:00:00,26.4
2015-10-06 04:00:00,35.29
2015-10-06 05:00:00,45.81
2015-10-06 06:00:00,48.08
2015-10-06 07:00:00,50.1
2015-10-06 08:00:00,49.59
2015-10-06 09:00:00,48.04
2015-10-06 10:00:00,48.04
2015-10-06 11:00:00,46.12
2015-10-06 12:00:00,44.5
2015-10-06 13:00:00,42.2
2015-10-06 14:00:00,40.0
2015-10-06 15:00:00,40.55
2015-10-06 16:00:00,42.26
2015-10-06 17:00:00,48.08
2015-10-06 18:00:00,46.82
2015-10-06 19:00:00,37.09
2015-10-06 20:00:00,38.51
2015-10-06 21:00:00,38.78
2015-10-06 22:00:00,29.97
2015-10-06 23:00:00,25.19
2015-10-07 00:00:00,24.08
2015-10-07 01:00:00,23.45
2015-10-07 02:00:00,23.66
2015-10-07 03:00:00,26.26
2015-10-07 04:00:00,34.3
2015-10-07 05:00:00,47.68
2015-10-07 06:00:00,50.03
2015-10-07 07:00:00,49.84
2015-10-07 08:00:00,49.02
2015-10-07 09:00:00,48.97
2015-10-07 10:00:00,47.51
2015-10-07 11:00:00,47.07
2015-10-07 12:00:00,45.94
2015-10-07 13:00:00,45.95
2015-10-07 14:00:00,44.2
2015-10-07 15:00:00,45.74
2015-10-07 16:00:00,49.58
2015-10-07 17:00:00,56.56
2015-10-07 18:00:00,51.91
2015-10-07 19:00:00,45.95
2015-10-07 20:00:00,45.0
2015-10-07 21:00:00,43.5
2015-10-07 22:00:00,36.45
2015-10-07 23:00:00,32.78
2015-10-08 00:00:00,30.64
2015-10-08 01:00:00,30.34
2015-10-08 02:00:00,29.92
2015-10-08 03:00:00,34.76
2015-10-08 04:00:00,46.49
2015-10-08 05:00:00,55.7
2015-10-08 06:00:00,59.84
2015-10-08 07:00:00,61.14
2015-10-08 08:00:00,59.13
2015-10-08 09:00:00,56.0
2015-10-08 10:00:00,52.46
2015-10-08 11:00:00,51.05
2015-10-08 12:00:00,50.78
2015-10-08 13:00:00,50.22
2015-10-08 14:00:00,50.0
2015-10-08 15:00:00,51.69
2015-10-08 16:00:00,55.99
2015-10-08 17:00:00,72.7
2015-10-08 18:00:00,58.04
2015-10-08 19:00:00,45.35
2015-10-08 20:00:00,43.9
2015-10-08 21:00:00,42.65
2015-10-08 22:00:00,36.94
2015-10-08 23:00:00,34.44
2015-10-09 00:00:00,32.09
2015-10-09 01:00:00,30.13
2015-10-09 02:00:00,30.47
2015-10-09 03:00:00,32.79
2015-10-09 04:00:00,46.62
2015-10-09 05:00:00,55.48
2015-10-09 06:00:00,61.04
2015-10-09 07:00:00,61.0
2015-10-09 08:00:00,55.09
2015-10-09 09:00:00,52.93
2015-10-09 10:00:00,50.85
2015-10-09 11:00:00,47.8
2015-10-09 12:00:00,46.8
2015-10-09 13:00:00,45.17
2015-10-09 14:00:00,44.48
2015-10-09 15:00:00,46.66
2015-10-09 16:00:00,49.56
2015-10-09 17:00:00,55.44
2015-10-09 18:00:00,50.26
2015-10-09 19:00:00,40.07
2015-10-09 20:00:00,41.91
2015-10-09 21:00:00,41.84
2015-10-09 22:00:00,39.34
2015-10-09 23:00:00,34.7
2015-10-10 00:00:00,32.41
2015-10-10 01:00:00,30.35
2015-10-10 02:00:00,29.95
2015-10-10 03:00:00,31.01
2015-10-10 04:00:00,34.71
2015-10-10 05:00:00,39.73
2015-10-10 06:00:00,43.3
2015-10-10 07:00:00,47.0
2015-10-10 08:00:00,45.0
2015-10-10 09:00:00,41.61
2015-10-10 10:00:00,39.66
2015-10-10 11:00:00,36.18
2015-10-10 12:00:00,33.07
2015-10-10 13:00:00,29.74
2015-10-10 14:00:00,31.67
2015-10-10 15:00:00,36.14
2015-10-10 16:00:00,42.97
2015-10-10 17:00:00,52.37
2015-10-10 18:00:00,44.3
2015-10-10 19:00:00,36.94
2015-10-10 20:00:00,40.5
2015-10-10 21:00:00,38.7
2015-10-10 22:00:00,38.39
2015-10-10 23:00:00,33.63
2015-10-11 00:00:00,30.0
2015-10-11 01:00:00,23.84
2015-10-11 02:00:00,21.3
2015-10-11 03:00:00,22.32
2015-10-11 04:00:00,24.85
2015-10-11 05:00:00,28.72
2015-10-11 06:00:00,28.64
2015-10-11 07:00:00,31.32
2015-10-11 08:00:00,29.47
2015-10-11 09:00:00,31.16
2015-10-11 10:00:00,37.35
2015-10-11 11:00:00,28.42
2015-10-11 12:00:00,17.55
2015-10-11 13:00:00,16.64
2015-10-11 14:00:00,20.07
2015-10-11 15:00:00,31.02
2015-10-11 16:00:00,38.74
2015-10-11 17:00:00,50.73
2015-10-11 18:00:00,45.16
2015-10-11 19:00:00,41.66
2015-10-11 20:00:00,41.66
2015-10-11 21:00:00,40.95
2015-10-11 22:00:00,33.72
2015-10-11 23:00:00,28.09
2015-10-12 00:00:00,27.26
2015-10-12 01:00:00,23.68
2015-10-12 02:00:00,23.91
2015-10-12 03:00:00,29.83
2015-10-12 04:00:00,43.45
2015-10-12 05:00:00,50.3
2015-10-12 06:00:00,51.75
2015-10-12 07:00:00,53.11
2015-10-12 08:00:00,50.3
2015-10-12 09:00:00,48.71
2015-10-12 10:00:00,46.6
2015-10-12 11:00:00,46.11
2015-10-12 12:00:00,47.0
2015-10-12 13:00:00,46.99
2015-10-12 14:00:00,46.54
2015-10-12 15:00:00,47.38
2015-10-12 16:00:00,53.33
2015-10-12 17:00:00,66.87
2015-10-12 18:00:00,56.66
2015-10-12 19:00:00,48.56
2015-10-12 20:00:00,48.15
2015-10-12 21:00:00,46.3
2015-10-12 22:00:00,40.0
2015-10-12 23:00:00,37.03
2015-10-13 00:00:00,32.52
2015-10-13 01:00:00,28.87
2015-10-13 02:00:00,29.05
2015-10-13 03:00:00,31.7
2015-10-13 04:00:00,44.01
2015-10-13 05:00:00,54.28
2015-10-13 06:00:00,56.6
2015-10-13 07:00:00,55.15
2015-10-13 08:00:00,54.61
2015-10-13 09:00:00,54.11
2015-10-13 10:00:00,51.05
2015-10-13 11:00:00,49.06
2015-10-13 12:00:00,46.96
2015-10-13 13:00:00,42.65
2015-10-13 14:00:00,43.85
2015-10-13 15:00:00,48.17
2015-10-13 16:00:00,53.91
2015-10-13 17:00:00,61.89
2015-10-13 18:00:00,54.39
2015-10-13 19:00:00,47.77
2015-10-13 20:00:00,46.68
2015-10-13 21:00:00,42.22
2015-10-13 22:00:00,40.2
2015-10-13 23:00:00,39.25
2015-10-14 00:00:00,38.35
2015-10-14 01:00:00,35.52
2015-10-14 02:00:00,33.62
2015-10-14 03:00:00,38.35
2015-10-14 04:00:00,46.05
2015-10-14 05:00:00,59.64
2015-10-14 06:00:00,65.99
2015-10-14 07:00:00,70.58
2015-10-14 08:00:00,67.91
2015-10-14 09:00:00,62.99
2015-10-14 10:00:00,55.17
2015-10-14 11:00:00,53.91
2015-10-14 12:00:00,53.55
2015-10-14 13:00:00,52.19
2015-10-14 14:00:00,51.64
2015-10-14 15:00:00,53.01
2015-10-14 16:00:00,56.28
2015-10-14 17:00:00,68.76
2015-10-14 18:00:00,57.99
2015-10-14 19:00:00,50.52
2015-10-14 20:00:00,49.88
2015-10-14 21:00:00,46.6
2015-10-14 22:00:00,38.2
2015-10-14 23:00:00,39.04
2015-10-15 00:00:00,36.7
2015-10-15 01:00:00,32.88
2015-10-15 02:00:00,31.06
2015-10-15 03:00:00,35.21
2015-10-15 04:00:00,46.29
2015-10-15 05:00:00,57.72
2015-10-15 06:00:00,61.94
2015-10-15 07:00:00,65.32
2015-10-15 08:00:00,62.97
2015-10-15 09:00:00,60.1
2015-10-15 10:00:00,59.59
2015-10-15 11:00:00,58.64
2015-10-15 12:00:00,56.7
2015-10-15 13:00:00,53.66
2015-10-15 14:00:00,53.1
2015-10-15 15:00:00,53.1
2015-10-15 16:00:00,57.78
2015-10-15 17:00:00,72.18
2015-10-15 18:00:00,65.48
2015-10-15 19:00:00,53.8
2015-10-15 20:00:00,53.63
2015-10-15 21:00:00,51.94
2015-10-15 22:00:00,48.49
2015-10-15 23:00:00,45.24
2015-10-16 00:00:00,41.88
2015-10-16 01:00:00,39.07
2015-10-16 02:00:00,37.73
2015-10-16 03:00:00,42.07
2015-10-16 04:00:00,51.37
2015-10-16 05:00:00,68.47
2015-10-16 06:00:00,74.9
2015-10-16 07:00:00,70.12
2015-10-16 08:00:00,66.23
2015-10-16 09:00:00,62.99
2015-10-16 10:00:00,59.71
2015-10-16 11:00:00,57.44
2015-10-16 12:00:00,55.0
2015-10-16 13:00:00,54.76
2015-10-16 14:00:00,53.0
2015-10-16 15:00:00,55.17
2015-10-16 16:00:00,59.87
2015-10-16 17:00:00,78.63
2015-10-16 18:00:00,65.01
2015-10-16 19:00:00,51.01
2015-10-16 20:00:00,52.57
2015-10-16 21:00:00,49.9
2015-10-16 22:00:00,45.01
2015-10-16 23:00:00,41.19
2015-10-17 00:00:00,41.12
2015-10-17 01:00:00,38.82
2015-10-17 02:00:00,35.27
2015-10-17 03:00:00,37.23
2015-10-17 04:00:00,39.98
2015-10-17 05:00:00,43.08
2015-10-17 06:00:00,46.64
2015-10-17 07:00:00,48.13
2015-10-17 08:00:00,48.28
2015-10-17 09:00:00,47.1
2015-10-17 10:00:00,47.61
2015-10-17 11:00:00,43.06
2015-10-17 12:00:00,39.18
2015-10-17 13:00:00,38.48
2015-10-17 14:00:00,39.18
2015-10-17 15:00:00,42.6
2015-10-17 16:00:00,48.8
2015-10-17 17:00:00,55.99
2015-10-17 18:00:00,52.39
2015-10-17 19:00:00,45.25
2015-10-17 20:00:00,42.43
2015-10-17 21:00:00,43.72
2015-10-17 22:00:00,41.67
2015-10-17 23:00:00,40.96
2015-10-18 00:00:00,39.63
2015-10-18 01:00:00,35.62
2015-10-18 02:00:00,30.91
2015-10-18 03:00:00,31.03
2015-10-18 04:00:00,36.85
2015-10-18 05:00:00,39.93
2015-10-18 06:00:00,36.8
2015-10-18 07:00:00,40.63
2015-10-18 08:00:00,42.75
2015-10-18 09:00:00,41.94
2015-10-18 10:00:00,43.34
2015-10-18 11:00:00,41.27
2015-10-18 12:00:00,36.2
2015-10-18 13:00:00,33.56
2015-10-18 14:00:00,35.01
2015-10-18 15:00:00,39.18
2015-10-18 16:00:00,47.44
2015-10-18 17:00:00,56.05
2015-10-18 18:00:00,51.71
2015-10-18 19:00:00,47.0
2015-10-18 20:00:00,46.23
2015-10-18 21:00:00,42.1
2015-10-18 22:00:00,43.18
2015-10-18 23:00:00,38.77
2015-10-19 00:00:00,37.18
2015-10-19 01:00:00,32.59
2015-10-19 02:00:00,32.34
2015-10-19 03:00:00,37.52
2015-10-19 04:00:00,48.75
2015-10-19 05:00:00,60.01
2015-10-19 06:00:00,66.32
2015-10-19 07:00:00,69.68
2015-10-19 08:00:00,63.51
2015-10-19 09:00:00,62.18
2015-10-19 10:00:00,60.0
2015-10-19 11:00:00,59.59
2015-10-19 12:00:00,57.52
2015-10-19 13:00:00,57.72
2015-10-19 14:00:00,57.22
2015-10-19 15:00:00,56.63
2015-10-19 16:00:00,60.17
2015-10-19 17:00:00,83.53
2015-10-19 18:00:00,63.1
2015-10-19 19:00:00,54.18
2015-10-19 20:00:00,53.15
2015-10-19 21:00:00,48.37
2015-10-19 22:00:00,43.71
2015-10-19 23:00:00,41.69
2015-10-20 00:00:00,40.0
2015-10-20 01:00:00,39.29
2015-10-20 02:00:00,37.64
2015-10-20 03:00:00,39.96
2015-10-20 04:00:00,46.38
2015-10-20 05:00:00,62.88
2015-10-20 06:00:00,67.43
2015-10-20 07:00:00,66.5
2015-10-20 08:00:00,62.9
2015-10-20 09:00:00,60.36
2015-10-20 10:00:00,55.99
2015-10-20 11:00:00,54.0
2015-10-20 12:00:00,54.6
2015-10-20 13:00:00,53.19
2015-10-20 14:00:00,53.5
2015-10-20 15:00:00,54.26
2015-10-20 16:00:00,60.42
2015-10-20 17:00:00,78.61
2015-10-20 18:00:00,56.89
2015-10-20 19:00:00,52.01
2015-10-20 20:00:00,51.02
2015-10-20 21:00:00,47.14
2015-10-20 22:00:00,41.48
2015-10-20 23:00:00,40.18
2015-10-21 00:00:00,39.18
2015-10-21 01:00:00,36.5
2015-10-21 02:00:00,36.0
2015-10-21 03:00:00,37.94
2015-10-21 04:00:00,45.66
2015-10-21 05:00:00,58.65
2015-10-21 06:00:00,68.25
2015-10-21 07:00:00,64.36
2015-10-21 08:00:00,58.68
2015-10-21 09:00:00,57.12
2015-10-21 10:00:00,54.1
2015-10-21 11:00:00,52.5
2015-10-21 12:00:00,51.66
2015-10-21 13:00:00,52.01
2015-10-21 14:00:00,51.74
2015-10-21 15:00:00,53.19
2015-10-21 16:00:00,57.85
2015-10-21 17:00:00,73.96
2015-10-21 18:00:00,59.5
2015-10-21 19:00:00,53.19
2015-10-21 20:00:00,49.85
2015-10-21 21:00:00,49.01
2015-10-21 22:00:00,43.01
2015-10-21 23:00:00,38.94
2015-10-22 00:00:00,36.93
2015-10-22 01:00:00,31.5
2015-10-22 02:00:00,27.92
2015-10-22 03:00:00,36.5
2015-10-22 04:00:00,44.36
2015-10-22 05:00:00,55.6
2015-10-22 06:00:00,56.9
2015-10-22 07:00:00,56.7
2015-10-22 08:00:00,55.19
2015-10-22 09:00:00,55.16
2015-10-22 10:00:00,53.55
2015-10-22 11:00:00,51.03
2015-10-22 12:00:00,50.35
2015-10-22 13:00:00,49.85
2015-10-22 14:00:00,51.37
2015-10-22 15:00:00,52.79
2015-10-22 16:00:00,55.94
2015-10-22 17:00:00,64.29
2015-10-22 18:00:00,55.15
2015-10-22 19:00:00,50.09
2015-10-22 20:00:00,50.49
2015-10-22 21:00:00,49.01
2015-10-22 22:00:00,45.24
2015-10-22 23:00:00,42.04
2015-10-23 00:00:00,39.5
2015-10-23 01:00:00,37.64
2015-10-23 02:00:00,37.01
2015-10-23 03:00:00,40.0
2015-10-23 04:00:00,48.64
2015-10-23 05:00:00,60.0
2015-10-23 06:00:00,64.84
2015-10-23 07:00:00,63.25
2015-10-23 08:00:00,59.53
2015-10-23 09:00:00,56.63
2015-10-23 10:00:00,52.55
2015-10-23 11:00:00,48.79
2015-10-23 12:00:00,48.45
2015-10-23 13:00:00,47.7
2015-10-23 14:00:00,47.02
2015-10-23 15:00:00,49.33
2015-10-23 16:00:00,55.0
2015-10-23 17:00:00,62.19
2015-10-23 18:00:00,54.7
2015-10-23 19:00:00,49.59
2015-10-23 20:00:00,50.11
2015-10-23 21:00:00,46.85
2015-10-23 22:00:00,42.6
2015-10-23 23:00:00,38.54
2015-10-24 00:00:00,38.96
2015-10-24 01:00:00,33.17
2015-10-24 02:00:00,30.34
2015-10-24 03:00:00,30.69
2015-10-24 04:00:00,34.83
2015-10-24 05:00:00,38.17
2015-10-24 06:00:00,45.34
2015-10-24 07:00:00,46.92
2015-10-24 08:00:00,45.3
2015-10-24 09:00:00,42.77
2015-10-24 10:00:00,41.55
2015-10-24 11:00:00,39.68
2015-10-24 12:00:00,36.93
2015-10-24 13:00:00,34.38
2015-10-24 14:00:00,34.92
2015-10-24 15:00:00,37.84
2015-10-24 16:00:00,44.92
2015-10-24 17:00:00,48.76
2015-10-24 18:00:00,40.34
2015-10-24 19:00:00,34.66
2015-10-24 20:00:00,40.5
2015-10-24 21:00:00,39.22
2015-10-24 22:00:00,43.45
2015-10-24 23:00:00,38.0
2015-10-25 00:00:00,25.07
2015-10-25 01:00:00,25.02
2015-10-25 02:00:00,25.84
2015-10-25 03:00:00,23.96
2015-10-25 04:00:00,26.18
2015-10-25 05:00:00,27.35
2015-10-25 06:00:00,30.9
2015-10-25 07:00:00,33.19
2015-10-25 08:00:00,34.46
2015-10-25 09:00:00,34.25
2015-10-25 10:00:00,40.74
2015-10-25 11:00:00,40.23
2015-10-25 12:00:00,38.05
2015-10-25 13:00:00,30.61
2015-10-25 14:00:00,32.07
2015-10-25 15:00:00,36.2
2015-10-25 16:00:00,47.2
2015-10-25 17:00:00,53.93
2015-10-25 18:00:00,52.89
2015-10-25 19:00:00,47.6
2015-10-25 20:00:00,41.57
2015-10-25 21:00:00,43.05
2015-10-25 22:00:00,41.69
2015-10-25 23:00:00,40.1
2015-10-26 00:00:00,36.99
2015-10-26 01:00:00,33.64
2015-10-26 02:00:00,31.09
2015-10-26 03:00:00,31.73
2015-10-26 04:00:00,35.1
2015-10-26 05:00:00,44.02
2015-10-26 06:00:00,53.1
2015-10-26 07:00:00,54.6
2015-10-26 08:00:00,54.0
2015-10-26 09:00:00,51.75
2015-10-26 10:00:00,50.0
2015-10-26 11:00:00,47.08
2015-10-26 12:00:00,50.0
2015-10-26 13:00:00,50.44
2015-10-26 14:00:00,48.37
2015-10-26 15:00:00,48.59
2015-10-26 16:00:00,53.74
2015-10-26 17:00:00,58.81
2015-10-26 18:00:00,59.76
2015-10-26 19:00:00,55.99
2015-10-26 20:00:00,50.04
2015-10-26 21:00:00,50.3
2015-10-26 22:00:00,43.85
2015-10-26 23:00:00,41.6
2015-10-27 00:00:00,36.2
2015-10-27 01:00:00,33.37
2015-10-27 02:00:00,28.5
2015-10-27 03:00:00,29.03
2015-10-27 04:00:00,30.9
2015-10-27 05:00:00,39.49
2015-10-27 06:00:00,46.67
2015-10-27 07:00:00,50.88
2015-10-27 08:00:00,49.54
2015-10-27 09:00:00,48.65
2015-10-27 10:00:00,48.02
2015-10-27 11:00:00,50.71
2015-10-27 12:00:00,51.1
2015-10-27 13:00:00,52.6
2015-10-27 14:00:00,51.91
2015-10-27 15:00:00,49.18
2015-10-27 16:00:00,54.1
2015-10-27 17:00:00,56.9
2015-10-27 18:00:00,57.01
2015-10-27 19:00:00,55.81
2015-10-27 20:00:00,49.72
2015-10-27 21:00:00,46.68
2015-10-27 22:00:00,41.1
2015-10-27 23:00:00,36.31
2015-10-28 00:00:00,31.21
2015-10-28 01:00:00,30.32
2015-10-28 02:00:00,29.08
2015-10-28 03:00:00,30.71
2015-10-28 04:00:00,30.85
2015-10-28 05:00:00,38.47
2015-10-28 06:00:00,47.19
2015-10-28 07:00:00,54.27
2015-10-28 08:00:00,55.96
2015-10-28 09:00:00,57.03
2015-10-28 10:00:00,61.59
2015-10-28 11:00:00,58.0
2015-10-28 12:00:00,59.23
2015-10-28 13:00:00,54.1
2015-10-28 14:00:00,53.33
2015-10-28 15:00:00,51.99
2015-10-28 16:00:00,60.63
2015-10-28 17:00:00,72.41
2015-10-28 18:00:00,66.51
2015-10-28 19:00:00,56.01
2015-10-28 20:00:00,51.31
2015-10-28 21:00:00,48.88
2015-10-28 22:00:00,46.25
2015-10-28 23:00:00,39.49
2015-10-29 00:00:00,38.0
2015-10-29 01:00:00,35.98
2015-10-29 02:00:00,33.38
2015-10-29 03:00:00,34.05
2015-10-29 04:00:00,35.62
2015-10-29 05:00:00,45.02
2015-10-29 06:00:00,53.42
2015-10-29 07:00:00,56.03
2015-10-29 08:00:00,56.88
2015-10-29 09:00:00,56.19
2015-10-29 10:00:00,55.51
2015-10-29 11:00:00,53.91
2015-10-29 12:00:00,54.24
2015-10-29 13:00:00,55.17
2015-10-29 14:00:00,55.29
2015-10-29 15:00:00,54.85
2015-10-29 16:00:00,64.51
2015-10-29 17:00:00,78.88
2015-10-29 18:00:00,64.96
2015-10-29 19:00:00,53.97
2015-10-29 20:00:00,50.0
2015-10-29 21:00:00,48.07
2015-10-29 22:00:00,43.72
2015-10-29 23:00:00,39.39
2015-10-30 00:00:00,36.2
2015-10-30 01:00:00,34.32
2015-10-30 02:00:00,34.02
2015-10-30 03:00:00,34.02
2015-10-30 04:00:00,36.78
2015-10-30 05:00:00,43.0
2015-10-30 06:00:00,52.11
2015-10-30 07:00:00,55.0
2015-10-30 08:00:00,54.0
2015-10-30 09:00:00,52.0
2015-10-30 10:00:00,49.36
2015-10-30 11:00:00,45.65
2015-10-30 12:00:00,44.95
2015-10-30 13:00:00,44.76
2015-10-30 14:00:00,46.2
2015-10-30 15:00:00,47.51
2015-10-30 16:00:00,52.0
2015-10-30 17:00:00,53.71
2015-10-30 18:00:00,53.1
2015-10-30 19:00:00,50.1
2015-10-30 20:00:00,45.55
2015-10-30 21:00:00,43.75
2015-10-30 22:00:00,37.5
2015-10-30 23:00:00,36.1
2015-10-31 00:00:00,31.93
2015-10-31 01:00:00,28.77
2015-10-31 02:00:00,28.28
2015-10-31 03:00:00,28.16
2015-10-31 04:00:00,29.19
2015-10-31 05:00:00,30.69
2015-10-31 06:00:00,35.62
2015-10-31 07:00:00,37.6
2015-10-31 08:00:00,39.14
2015-10-31 09:00:00,37.98
2015-10-31 10:00:00,37.12
2015-10-31 11:00:00,36.26
2015-10-31 12:00:00,33.68
2015-10-31 13:00:00,33.3
2015-10-31 14:00:00,36.96
2015-10-31 15:00:00,39.9
2015-10-31 16:00:00,45.39
2015-10-31 17:00:00,50.03
2015-10-31 18:00:00,49.35
2015-10-31 19:00:00,44.03
2015-10-31 20:00:00,39.71
2015-10-31 21:00:00,41.0
2015-10-31 22:00:00,37.15
2015-10-31 23:00:00,30.86
2015-11-01 00:00:00,28.93
2015-11-01 01:00:00,27.3
2015-11-01 02:00:00,24.48
2015-11-01 03:00:00,25.17
2015-11-01 04:00:00,25.46
2015-11-01 05:00:00,26.56
2015-11-01 06:00:00,26.25
2015-11-01 07:00:00,26.26
2015-11-01 08:00:00,27.3
2015-11-01 09:00:00,27.42
2015-11-01 10:00:00,27.87
2015-11-01 11:00:00,28.24
2015-11-01 12:00:00,27.49
2015-11-01 13:00:00,27.27
2015-11-01 14:00:00,24.14
2015-11-01 15:00:00,24.65
2015-11-01 16:00:00,31.0
2015-11-01 17:00:00,45.23
2015-11-01 18:00:00,50.34
2015-11-01 19:00:00,46.48
2015-11-01 20:00:00,40.0
2015-11-01 21:00:00,36.9
2015-11-01 22:00:00,32.79
2015-11-01 23:00:00,28.3
2015-11-02 00:00:00,24.67
2015-11-02 01:00:00,25.28
2015-11-02 02:00:00,22.24
2015-11-02 03:00:00,23.8
2015-11-02 04:00:00,27.84
2015-11-02 05:00:00,39.11
2015-11-02 06:00:00,49.05
2015-11-02 07:00:00,47.92
2015-11-02 08:00:00,47.8
2015-11-02 09:00:00,44.22
2015-11-02 10:00:00,45.18
2015-11-02 11:00:00,44.33
2015-11-02 12:00:00,44.76
2015-11-02 13:00:00,49.76
2015-11-02 14:00:00,48.05
2015-11-02 15:00:00,50.07
2015-11-02 16:00:00,57.69
2015-11-02 17:00:00,67.74
2015-11-02 18:00:00,61.99
2015-11-02 19:00:00,51.45
2015-11-02 20:00:00,38.56
2015-11-02 21:00:00,38.03
2015-11-02 22:00:00,37.75
2015-11-02 23:00:00,34.03
2015-11-03 00:00:00,32.25
2015-11-03 01:00:00,31.32
2015-11-03 02:00:00,29.84
2015-11-03 03:00:00,30.92
2015-11-03 04:00:00,32.25
2015-11-03 05:00:00,39.97
2015-11-03 06:00:00,49.63
2015-11-03 07:00:00,49.96
2015-11-03 08:00:00,46.32
2015-11-03 09:00:00,46.0
2015-11-03 10:00:00,47.97
2015-11-03 11:00:00,48.07
2015-11-03 12:00:00,48.07
2015-11-03 13:00:00,49.52
2015-11-03 14:00:00,49.4
2015-11-03 15:00:00,51.13
2015-11-03 16:00:00,57.01
2015-11-03 17:00:00,67.19
2015-11-03 18:00:00,60.01
2015-11-03 19:00:00,46.08
2015-11-03 20:00:00,50.0
2015-11-03 21:00:00,48.0
2015-11-03 22:00:00,43.85
2015-11-03 23:00:00,36.43
2015-11-04 00:00:00,39.44
2015-11-04 01:00:00,31.02
2015-11-04 02:00:00,29.59
2015-11-04 03:00:00,29.83
2015-11-04 04:00:00,32.24
2015-11-04 05:00:00,44.62
2015-11-04 06:00:00,48.81
2015-11-04 07:00:00,49.76
2015-11-04 08:00:00,47.67
2015-11-04 09:00:00,48.56
2015-11-04 10:00:00,48.4
2015-11-04 11:00:00,48.31
2015-11-04 12:00:00,48.22
2015-11-04 13:00:00,47.98
2015-11-04 14:00:00,52.33
2015-11-04 15:00:00,55.1
2015-11-04 16:00:00,63.02
2015-11-04 17:00:00,64.1
2015-11-04 18:00:00,60.19
2015-11-04 19:00:00,54.45
2015-11-04 20:00:00,41.15
2015-11-04 21:00:00,42.84
2015-11-04 22:00:00,42.96
2015-11-04 23:00:00,40.64
2015-11-05 00:00:00,38.73
2015-11-05 01:00:00,37.69
2015-11-05 02:00:00,31.92
2015-11-05 03:00:00,31.91
2015-11-05 04:00:00,33.46
2015-11-05 05:00:00,42.0
2015-11-05 06:00:00,52.55
2015-11-05 07:00:00,54.69
2015-11-05 08:00:00,54.6
2015-11-05 09:00:00,52.1
2015-11-05 10:00:00,50.21
2015-11-05 11:00:00,48.0
2015-11-05 12:00:00,49.16
2015-11-05 13:00:00,49.69
2015-11-05 14:00:00,52.01
2015-11-05 15:00:00,53.35
2015-11-05 16:00:00,56.19
2015-11-05 17:00:00,69.01
2015-11-05 18:00:00,58.05
2015-11-05 19:00:00,46.44
2015-11-05 20:00:00,37.45
2015-11-05 21:00:00,40.22
2015-11-05 22:00:00,40.75
2015-11-05 23:00:00,29.12
2015-11-06 00:00:00,34.87
2015-11-06 01:00:00,34.37
2015-11-06 02:00:00,27.11
2015-11-06 03:00:00,26.76
2015-11-06 04:00:00,33.68
2015-11-06 05:00:00,41.84
2015-11-06 06:00:00,46.99
2015-11-06 07:00:00,46.64
2015-11-06 08:00:00,43.88
2015-11-06 09:00:00,44.76
2015-11-06 10:00:00,44.49
2015-11-06 11:00:00,44.19
2015-11-06 12:00:00,38.45
2015-11-06 13:00:00,37.08
2015-11-06 14:00:00,37.67
2015-11-06 15:00:00,40.01
2015-11-06 16:00:00,45.28
2015-11-06 17:00:00,47.42
2015-11-06 18:00:00,42.87
2015-11-06 19:00:00,40.66
2015-11-06 20:00:00,36.74
2015-11-06 21:00:00,40.32
2015-11-06 22:00:00,42.14
2015-11-06 23:00:00,34.4
2015-11-07 00:00:00,28.62
2015-11-07 01:00:00,25.67
2015-11-07 02:00:00,22.86
2015-11-07 03:00:00,23.73
2015-11-07 04:00:00,25.81
2015-11-07 05:00:00,25.77
2015-11-07 06:00:00,29.31
2015-11-07 07:00:00,32.42
2015-11-07 08:00:00,36.2
2015-11-07 09:00:00,36.81
2015-11-07 10:00:00,38.05
2015-11-07 11:00:00,38.58
2015-11-07 12:00:00,36.59
2015-11-07 13:00:00,33.2
2015-11-07 14:00:00,31.63
2015-11-07 15:00:00,32.05
2015-11-07 16:00:00,41.07
2015-11-07 17:00:00,45.21
2015-11-07 18:00:00,41.67
2015-11-07 19:00:00,35.13
2015-11-07 20:00:00,32.67
2015-11-07 21:00:00,37.43
2015-11-07 22:00:00,39.92
2015-11-07 23:00:00,40.2
2015-11-08 00:00:00,33.55
2015-11-08 01:00:00,30.16
2015-11-08 02:00:00,26.54
2015-11-08 03:00:00,21.06
2015-11-08 04:00:00,21.9
2015-11-08 05:00:00,25.79
2015-11-08 06:00:00,25.74
2015-11-08 07:00:00,26.33
2015-11-08 08:00:00,29.67
2015-11-08 09:00:00,32.52
2015-11-08 10:00:00,31.19
2015-11-08 11:00:00,31.76
2015-11-08 12:00:00,30.44
2015-11-08 13:00:00,29.57
2015-11-08 14:00:00,31.06
2015-11-08 15:00:00,32.45
2015-11-08 16:00:00,36.29
2015-11-08 17:00:00,48.4
2015-11-08 18:00:00,44.94
2015-11-08 19:00:00,35.84
2015-11-08 20:00:00,29.93
2015-11-08 21:00:00,29.24
2015-11-08 22:00:00,23.67
2015-11-08 23:00:00,20.9
2015-11-09 00:00:00,20.42
2015-11-09 01:00:00,19.91
2015-11-09 02:00:00,19.33
2015-11-09 03:00:00,19.03
2015-11-09 04:00:00,22.86
2015-11-09 05:00:00,37.01
2015-11-09 06:00:00,52.1
2015-11-09 07:00:00,49.12
2015-11-09 08:00:00,48.03
2015-11-09 09:00:00,43.13
2015-11-09 10:00:00,37.31
2015-11-09 11:00:00,36.55
2015-11-09 12:00:00,35.72
2015-11-09 13:00:00,37.71
2015-11-09 14:00:00,35.78
2015-11-09 15:00:00,36.85
2015-11-09 16:00:00,44.99
2015-11-09 17:00:00,51.21
2015-11-09 18:00:00,53.24
2015-11-09 19:00:00,44.16
2015-11-09 20:00:00,34.83
2015-11-09 21:00:00,43.06
2015-11-09 22:00:00,38.74
2015-11-09 23:00:00,33.59
2015-11-10 00:00:00,27.73
2015-11-10 01:00:00,27.3
2015-11-10 02:00:00,22.4
2015-11-10 03:00:00,21.52
2015-11-10 04:00:00,26.81
2015-11-10 05:00:00,34.24
2015-11-10 06:00:00,49.54
2015-11-10 07:00:00,50.07
2015-11-10 08:00:00,49.12
2015-11-10 09:00:00,48.89
2015-11-10 10:00:00,48.49
2015-11-10 11:00:00,47.96
2015-11-10 12:00:00,40.82
2015-11-10 13:00:00,39.56
2015-11-10 14:00:00,44.74
2015-11-10 15:00:00,46.88
2015-11-10 16:00:00,51.93
2015-11-10 17:00:00,55.27
2015-11-10 18:00:00,53.92
2015-11-10 19:00:00,48.45
2015-11-10 20:00:00,35.47
2015-11-10 21:00:00,38.03
2015-11-10 22:00:00,40.21
2015-11-10 23:00:00,36.84
2015-11-11 00:00:00,33.83
2015-11-11 01:00:00,28.29
2015-11-11 02:00:00,24.39
2015-11-11 03:00:00,23.46
2015-11-11 04:00:00,26.29
2015-11-11 05:00:00,33.28
2015-11-11 06:00:00,38.95
2015-11-11 07:00:00,38.71
2015-11-11 08:00:00,38.98
2015-11-11 09:00:00,38.23
2015-11-11 10:00:00,39.94
2015-11-11 11:00:00,37.98
2015-11-11 12:00:00,35.34
2015-11-11 13:00:00,34.78
2015-11-11 14:00:00,35.71
2015-11-11 15:00:00,38.48
2015-11-11 16:00:00,48.88
2015-11-11 17:00:00,52.57
2015-11-11 18:00:00,48.84
2015-11-11 19:00:00,41.25
2015-11-11 20:00:00,34.49
2015-11-11 21:00:00,35.21
2015-11-11 22:00:00,36.49
2015-11-11 23:00:00,36.16
2015-11-12 00:00:00,29.12
2015-11-12 01:00:00,27.39
2015-11-12 02:00:00,23.41
2015-11-12 03:00:00,26.09
2015-11-12 04:00:00,31.49
2015-11-12 05:00:00,46.63
2015-11-12 06:00:00,56.58
2015-11-12 07:00:00,59.85
2015-11-12 08:00:00,59.29
2015-11-12 09:00:00,56.55
2015-11-12 10:00:00,57.32
2015-11-12 11:00:00,51.48
2015-11-12 12:00:00,49.03
2015-11-12 13:00:00,49.19
2015-11-12 14:00:00,45.93
2015-11-12 15:00:00,46.74
2015-11-12 16:00:00,63.83
2015-11-12 17:00:00,69.49
2015-11-12 18:00:00,62.06
2015-11-12 19:00:00,48.07
2015-11-12 20:00:00,40.41
2015-11-12 21:00:00,36.37
2015-11-12 22:00:00,39.3
2015-11-12 23:00:00,37.6
2015-11-13 00:00:00,33.88
2015-11-13 01:00:00,32.63
2015-11-13 02:00:00,28.13
2015-11-13 03:00:00,25.35
2015-11-13 04:00:00,30.4
2015-11-13 05:00:00,38.15
2015-11-13 06:00:00,45.09
2015-11-13 07:00:00,46.99
2015-11-13 08:00:00,44.27
2015-11-13 09:00:00,42.86
2015-11-13 10:00:00,41.68
2015-11-13 11:00:00,46.13
2015-11-13 12:00:00,38.08
2015-11-13 13:00:00,34.66
2015-11-13 14:00:00,33.75
2015-11-13 15:00:00,34.39
2015-11-13 16:00:00,42.96
2015-11-13 17:00:00,48.65
2015-11-13 18:00:00,42.11
2015-11-13 19:00:00,43.37
2015-11-13 20:00:00,38.21
2015-11-13 21:00:00,35.73
2015-11-13 22:00:00,36.31
2015-11-13 23:00:00,41.76
2015-11-14 00:00:00,38.55
2015-11-14 01:00:00,37.9
2015-11-14 02:00:00,32.56
2015-11-14 03:00:00,27.99
2015-11-14 04:00:00,29.7
2015-11-14 05:00:00,34.8
2015-11-14 06:00:00,42.4
2015-11-14 07:00:00,43.25
2015-11-14 08:00:00,45.6
2015-11-14 09:00:00,45.3
2015-11-14 10:00:00,41.06
2015-11-14 11:00:00,42.52
2015-11-14 12:00:00,39.85
2015-11-14 13:00:00,35.25
2015-11-14 14:00:00,33.3
2015-11-14 15:00:00,33.05
2015-11-14 16:00:00,45.42
2015-11-14 17:00:00,47.3
2015-11-14 18:00:00,42.9
2015-11-14 19:00:00,39.07
2015-11-14 20:00:00,42.96
2015-11-14 21:00:00,44.02
2015-11-14 22:00:00,36.45
2015-11-14 23:00:00,36.81
2015-11-15 00:00:00,33.9
2015-11-15 01:00:00,28.86
2015-11-15 02:00:00,26.64
2015-11-15 03:00:00,20.76
2015-11-15 04:00:00,21.84
2015-11-15 05:00:00,27.23
2015-11-15 06:00:00,31.61
2015-11-15 07:00:00,26.9
2015-11-15 08:00:00,31.64
2015-11-15 09:00:00,33.41
2015-11-15 10:00:00,33.63
2015-11-15 11:00:00,31.55
2015-11-15 12:00:00,29.1
2015-11-15 13:00:00,26.2
2015-11-15 14:00:00,26.87
2015-11-15 15:00:00,26.17
2015-11-15 16:00:00,37.05
2015-11-15 17:00:00,45.05
2015-11-15 18:00:00,52.56
2015-11-15 19:00:00,48.34
2015-11-15 20:00:00,35.49
2015-11-15 21:00:00,48.39
2015-11-15 22:00:00,40.31
2015-11-15 23:00:00,29.03
2015-11-16 00:00:00,23.97
2015-11-16 01:00:00,21.51
2015-11-16 02:00:00,20.53
2015-11-16 03:00:00,21.74
2015-11-16 04:00:00,23.06
2015-11-16 05:00:00,32.96
2015-11-16 06:00:00,46.4
2015-11-16 07:00:00,46.34
2015-11-16 08:00:00,40.68
2015-11-16 09:00:00,41.0
2015-11-16 10:00:00,37.94
2015-11-16 11:00:00,39.68
2015-11-16 12:00:00,37.92
2015-11-16 13:00:00,38.0
2015-11-16 14:00:00,40.86
2015-11-16 15:00:00,42.63
2015-11-16 16:00:00,51.38
2015-11-16 17:00:00,60.84
2015-11-16 18:00:00,58.51
2015-11-16 19:00:00,41.83
2015-11-16 20:00:00,34.57
2015-11-16 21:00:00,35.95
2015-11-16 22:00:00,37.61
2015-11-16 23:00:00,27.52
2015-11-17 00:00:00,25.7
2015-11-17 01:00:00,23.61
2015-11-17 02:00:00,21.4
2015-11-17 03:00:00,22.5
2015-11-17 04:00:00,26.12
2015-11-17 05:00:00,30.27
2015-11-17 06:00:00,42.41
2015-11-17 07:00:00,38.75
2015-11-17 08:00:00,40.51
2015-11-17 09:00:00,40.69
2015-11-17 10:00:00,41.38
2015-11-17 11:00:00,40.42
2015-11-17 12:00:00,39.07
2015-11-17 13:00:00,37.47
2015-11-17 14:00:00,36.3
2015-11-17 15:00:00,38.5
2015-11-17 16:00:00,43.29
2015-11-17 17:00:00,43.16
2015-11-17 18:00:00,41.28
2015-11-17 19:00:00,34.12
2015-11-17 20:00:00,30.5
2015-11-17 21:00:00,37.79
2015-11-17 22:00:00,39.09
2015-11-17 23:00:00,42.98
2015-11-18 00:00:00,38.85
2015-11-18 01:00:00,32.61
2015-11-18 02:00:00,24.07
2015-11-18 03:00:00,23.17
2015-11-18 04:00:00,32.48
2015-11-18 05:00:00,38.07
2015-11-18 06:00:00,53.21
2015-11-18 07:00:00,54.66
2015-11-18 08:00:00,55.8
2015-11-18 09:00:00,51.93
2015-11-18 10:00:00,49.56
2015-11-18 11:00:00,48.31
2015-11-18 12:00:00,45.36
2015-11-18 13:00:00,43.43
2015-11-18 14:00:00,36.56
2015-11-18 15:00:00,39.04
2015-11-18 16:00:00,52.22
2015-11-18 17:00:00,56.82
2015-11-18 18:00:00,55.8
2015-11-18 19:00:00,43.89
2015-11-18 20:00:00,39.65
2015-11-18 21:00:00,40.09
2015-11-18 22:00:00,39.05
2015-11-18 23:00:00,31.78
2015-11-19 00:00:00,31.24
2015-11-19 01:00:00,27.75
2015-11-19 02:00:00,22.21
2015-11-19 03:00:00,22.51
2015-11-19 04:00:00,28.37
2015-11-19 05:00:00,38.39
2015-11-19 06:00:00,45.0
2015-11-19 07:00:00,50.02
2015-11-19 08:00:00,48.93
2015-11-19 09:00:00,53.95
2015-11-19 10:00:00,52.31
2015-11-19 11:00:00,51.93
2015-11-19 12:00:00,50.84
2015-11-19 13:00:00,49.17
2015-11-19 14:00:00,43.17
2015-11-19 15:00:00,41.22
2015-11-19 16:00:00,49.96
2015-11-19 17:00:00,50.82
2015-11-19 18:00:00,49.44
2015-11-19 19:00:00,38.89
2015-11-19 20:00:00,32.3
2015-11-19 21:00:00,39.08
2015-11-19 22:00:00,36.58
2015-11-19 23:00:00,29.33
2015-11-20 00:00:00,26.89
2015-11-20 01:00:00,24.43
2015-11-20 02:00:00,24.17
2015-11-20 03:00:00,25.67
2015-11-20 04:00:00,26.1
2015-11-20 05:00:00,41.69
2015-11-20 06:00:00,41.97
2015-11-20 07:00:00,46.99
2015-11-20 08:00:00,46.94
2015-11-20 09:00:00,44.76
2015-11-20 10:00:00,47.11
2015-11-20 11:00:00,47.7
2015-11-20 12:00:00,46.44
2015-11-20 13:00:00,45.88
2015-11-20 14:00:00,44.51
2015-11-20 15:00:00,45.7
2015-11-20 16:00:00,50.1
2015-11-20 17:00:00,51.66
2015-11-20 18:00:00,45.4
2015-11-20 19:00:00,41.6
2015-11-20 20:00:00,35.57
2015-11-20 21:00:00,37.61
2015-11-20 22:00:00,34.0
2015-11-20 23:00:00,28.86
2015-11-21 00:00:00,24.95
2015-11-21 01:00:00,23.04
2015-11-21 02:00:00,22.38
2015-11-21 03:00:00,22.25
2015-11-21 04:00:00,22.61
2015-11-21 05:00:00,23.14
2015-11-21 06:00:00,26.82
2015-11-21 07:00:00,30.55
2015-11-21 08:00:00,34.9
2015-11-21 09:00:00,36.93
2015-11-21 10:00:00,35.0
2015-11-21 11:00:00,34.82
2015-11-21 12:00:00,33.15
2015-11-21 13:00:00,31.08
2015-11-21 14:00:00,31.48
2015-11-21 15:00:00,33.02
2015-11-21 16:00:00,42.85
2015-11-21 17:00:00,44.84
2015-11-21 18:00:00,43.1
2015-11-21 19:00:00,44.98
2015-11-21 20:00:00,40.5
2015-11-21 21:00:00,40.48
2015-11-21 22:00:00,36.52
2015-11-21 23:00:00,35.0
2015-11-22 00:00:00,29.79
2015-11-22 01:00:00,25.17
2015-11-22 02:00:00,22.97
2015-11-22 03:00:00,22.6
2015-11-22 04:00:00,22.75
2015-11-22 05:00:00,24.08
2015-11-22 06:00:00,26.99
2015-11-22 07:00:00,36.27
2015-11-22 08:00:00,39.0
2015-11-22 09:00:00,38.22
2015-11-22 10:00:00,39.0
2015-11-22 11:00:00,39.96
2015-11-22 12:00:00,35.47
2015-11-22 13:00:00,33.94
2015-11-22 14:00:00,34.64
2015-11-22 15:00:00,35.5
2015-11-22 16:00:00,40.47
2015-11-22 17:00:00,52.73
2015-11-22 18:00:00,59.64
2015-11-22 19:00:00,52.01
2015-11-22 20:00:00,41.26
2015-11-22 21:00:00,44.76
2015-11-22 22:00:00,42.6
2015-11-22 23:00:00,49.61
2015-11-23 00:00:00,42.28
2015-11-23 01:00:00,39.21
2015-11-23 02:00:00,34.2
2015-11-23 03:00:00,33.42
2015-11-23 04:00:00,40.0
2015-11-23 05:00:00,51.85
2015-11-23 06:00:00,70.78
2015-11-23 07:00:00,74.46
2015-11-23 08:00:00,71.47
2015-11-23 09:00:00,65.54
2015-11-23 10:00:00,62.29
2015-11-23 11:00:00,62.6
2015-11-23 12:00:00,62.29
2015-11-23 13:00:00,61.15
2015-11-23 14:00:00,62.9
2015-11-23 15:00:00,70.82
2015-11-23 16:00:00,109.54
2015-11-23 17:00:00,123.46
2015-11-23 18:00:00,103.51
2015-11-23 19:00:00,77.93
2015-11-23 20:00:00,65.29
2015-11-23 21:00:00,61.0
2015-11-23 22:00:00,57.91
2015-11-23 23:00:00,47.49
2015-11-24 00:00:00,44.8
2015-11-24 01:00:00,44.8
2015-11-24 02:00:00,43.23
2015-11-24 03:00:00,41.44
2015-11-24 04:00:00,43.99
2015-11-24 05:00:00,56.06
2015-11-24 06:00:00,65.02
2015-11-24 07:00:00,67.67
2015-11-24 08:00:00,68.44
2015-11-24 09:00:00,67.02
2015-11-24 10:00:00,65.64
2015-11-24 11:00:00,64.98
2015-11-24 12:00:00,63.9
2015-11-24 13:00:00,64.15
2015-11-24 14:00:00,63.66
2015-11-24 15:00:00,62.1
2015-11-24 16:00:00,67.59
2015-11-24 17:00:00,112.46
2015-11-24 18:00:00,74.46
2015-11-24 19:00:00,65.23
2015-11-24 20:00:00,49.12
2015-11-24 21:00:00,53.6
2015-11-24 22:00:00,49.1
2015-11-24 23:00:00,43.96
2015-11-25 00:00:00,41.5
2015-11-25 01:00:00,39.21
2015-11-25 02:00:00,35.9
2015-11-25 03:00:00,31.29
2015-11-25 04:00:00,38.43
2015-11-25 05:00:00,49.31
2015-11-25 06:00:00,61.05
2015-11-25 07:00:00,62.77
2015-11-25 08:00:00,63.39
2015-11-25 09:00:00,70.03
2015-11-25 10:00:00,67.37
2015-11-25 11:00:00,67.26
2015-11-25 12:00:00,61.9
2015-11-25 13:00:00,57.94
2015-11-25 14:00:00,52.58
2015-11-25 15:00:00,52.23
2015-11-25 16:00:00,63.86
2015-11-25 17:00:00,93.43
2015-11-25 18:00:00,68.31
2015-11-25 19:00:00,60.2
2015-11-25 20:00:00,55.96
2015-11-25 21:00:00,48.53
2015-11-25 22:00:00,49.1
2015-11-25 23:00:00,40.4
2015-11-26 00:00:00,36.73
2015-11-26 01:00:00,32.3
2015-11-26 02:00:00,30.29
2015-11-26 03:00:00,31.4
2015-11-26 04:00:00,35.0
2015-11-26 05:00:00,52.28
2015-11-26 06:00:00,64.33
2015-11-26 07:00:00,68.98
2015-11-26 08:00:00,63.39
2015-11-26 09:00:00,60.96
2015-11-26 10:00:00,62.97
2015-11-26 11:00:00,57.51
2015-11-26 12:00:00,56.8
2015-11-26 13:00:00,63.85
2015-11-26 14:00:00,65.05
2015-11-26 15:00:00,65.12
2015-11-26 16:00:00,83.91
2015-11-26 17:00:00,98.95
2015-11-26 18:00:00,77.8
2015-11-26 19:00:00,62.51
2015-11-26 20:00:00,57.78
2015-11-26 21:00:00,53.31
2015-11-26 22:00:00,49.24
2015-11-26 23:00:00,41.0
2015-11-27 00:00:00,40.4
2015-11-27 01:00:00,39.88
2015-11-27 02:00:00,35.23
2015-11-27 03:00:00,34.0
2015-11-27 04:00:00,38.84
2015-11-27 05:00:00,46.29
2015-11-27 06:00:00,60.73
2015-11-27 07:00:00,63.48
2015-11-27 08:00:00,64.69
2015-11-27 09:00:00,64.15
2015-11-27 10:00:00,59.34
2015-11-27 11:00:00,59.08
2015-11-27 12:00:00,58.07
2015-11-27 13:00:00,59.5
2015-11-27 14:00:00,56.7
2015-11-27 15:00:00,56.7
2015-11-27 16:00:00,64.15
2015-11-27 17:00:00,67.73
2015-11-27 18:00:00,65.91
2015-11-27 19:00:00,63.45
2015-11-27 20:00:00,55.39
2015-11-27 21:00:00,52.99
2015-11-27 22:00:00,46.42
2015-11-27 23:00:00,34.91
2015-11-28 00:00:00,33.06
2015-11-28 01:00:00,35.13
2015-11-28 02:00:00,28.11
2015-11-28 03:00:00,24.97
2015-11-28 04:00:00,28.78
2015-11-28 05:00:00,34.99
2015-11-28 06:00:00,38.2
2015-11-28 07:00:00,38.56
2015-11-28 08:00:00,44.96
2015-11-28 09:00:00,50.01
2015-11-28 10:00:00,46.36
2015-11-28 11:00:00,45.19
2015-11-28 12:00:00,43.06
2015-11-28 13:00:00,32.96
2015-11-28 14:00:00,33.95
2015-11-28 15:00:00,35.46
2015-11-28 16:00:00,43.18
2015-11-28 17:00:00,45.43
2015-11-28 18:00:00,40.76
2015-11-28 19:00:00,34.4
2015-11-28 20:00:00,30.21
2015-11-28 21:00:00,32.55
2015-11-28 22:00:00,45.23
2015-11-28 23:00:00,36.62
2015-11-29 00:00:00,37.92
2015-11-29 01:00:00,32.88
2015-11-29 02:00:00,23.39
2015-11-29 03:00:00,18.12
2015-11-29 04:00:00,9.9
2015-11-29 05:00:00,13.41
2015-11-29 06:00:00,19.93
2015-11-29 07:00:00,18.45
2015-11-29 08:00:00,23.96
2015-11-29 09:00:00,32.71
2015-11-29 10:00:00,36.43
2015-11-29 11:00:00,40.93
2015-11-29 12:00:00,31.74
2015-11-29 13:00:00,23.99
2015-11-29 14:00:00,27.19
2015-11-29 15:00:00,29.72
2015-11-29 16:00:00,39.94
2015-11-29 17:00:00,45.51
2015-11-29 18:00:00,46.03
2015-11-29 19:00:00,41.9
2015-11-29 20:00:00,37.45
2015-11-29 21:00:00,41.21
2015-11-29 22:00:00,40.09
2015-11-29 23:00:00,24.79
2015-11-30 00:00:00,19.5
2015-11-30 01:00:00,19.68
2015-11-30 02:00:00,9.39
2015-11-30 03:00:00,12.18
2015-11-30 04:00:00,20.97
2015-11-30 05:00:00,41.38
2015-11-30 06:00:00,47.29
2015-11-30 07:00:00,49.17
2015-11-30 08:00:00,47.22
2015-11-30 09:00:00,45.73
2015-11-30 10:00:00,46.35
2015-11-30 11:00:00,45.92
2015-11-30 12:00:00,40.07
2015-11-30 13:00:00,35.79
2015-11-30 14:00:00,35.38
2015-11-30 15:00:00,37.89
2015-11-30 16:00:00,47.0
2015-11-30 17:00:00,53.76
2015-11-30 18:00:00,54.67
2015-11-30 19:00:00,43.68
2015-11-30 20:00:00,37.61
2015-11-30 21:00:00,40.45
2015-11-30 22:00:00,42.82
2015-11-30 23:00:00,26.31
2015-12-01 00:00:00,26.94
2015-12-01 01:00:00,26.27
2015-12-01 02:00:00,22.04
2015-12-01 03:00:00,22.8
2015-12-01 04:00:00,23.95
2015-12-01 05:00:00,47.74
2015-12-01 06:00:00,51.18
2015-12-01 07:00:00,49.31
2015-12-01 08:00:00,46.77
2015-12-01 09:00:00,45.59
2015-12-01 10:00:00,45.88
2015-12-01 11:00:00,42.5
2015-12-01 12:00:00,44.93
2015-12-01 13:00:00,45.6
2015-12-01 14:00:00,45.52
2015-12-01 15:00:00,48.4
2015-12-01 16:00:00,58.55
2015-12-01 17:00:00,72.5
2015-12-01 18:00:00,69.62
2015-12-01 19:00:00,56.49
2015-12-01 20:00:00,49.09
2015-12-01 21:00:00,52.98
2015-12-01 22:00:00,48.1
2015-12-01 23:00:00,46.57
2015-12-02 00:00:00,46.89
2015-12-02 01:00:00,43.73
2015-12-02 02:00:00,35.45
2015-12-02 03:00:00,33.5
2015-12-02 04:00:00,35.73
2015-12-02 05:00:00,46.28
2015-12-02 06:00:00,57.51
2015-12-02 07:00:00,63.47
2015-12-02 08:00:00,59.36
2015-12-02 09:00:00,55.2
2015-12-02 10:00:00,54.47
2015-12-02 11:00:00,56.35
2015-12-02 12:00:00,48.84
2015-12-02 13:00:00,54.8
2015-12-02 14:00:00,57.51
2015-12-02 15:00:00,54.29
2015-12-02 16:00:00,68.28
2015-12-02 17:00:00,78.69
2015-12-02 18:00:00,77.1
2015-12-02 19:00:00,61.23
2015-12-02 20:00:00,53.45
2015-12-02 21:00:00,55.51
2015-12-02 22:00:00,54.39
2015-12-02 23:00:00,33.3
2015-12-03 00:00:00,35.07
2015-12-03 01:00:00,33.59
2015-12-03 02:00:00,29.08
2015-12-03 03:00:00,29.94
2015-12-03 04:00:00,34.55
2015-12-03 05:00:00,42.93
2015-12-03 06:00:00,56.1
2015-12-03 07:00:00,56.84
2015-12-03 08:00:00,53.86
2015-12-03 09:00:00,53.78
2015-12-03 10:00:00,51.78
2015-12-03 11:00:00,50.0
2015-12-03 12:00:00,48.54
2015-12-03 13:00:00,47.2
2015-12-03 14:00:00,46.93
2015-12-03 15:00:00,50.12
2015-12-03 16:00:00,57.98
2015-12-03 17:00:00,64.12
2015-12-03 18:00:00,54.37
2015-12-03 19:00:00,45.19
2015-12-03 20:00:00,37.79
2015-12-03 21:00:00,39.77
2015-12-03 22:00:00,37.83
2015-12-03 23:00:00,29.74
2015-12-04 00:00:00,27.91
2015-12-04 01:00:00,23.91
2015-12-04 02:00:00,19.12
2015-12-04 03:00:00,17.33
2015-12-04 04:00:00,24.48
2015-12-04 05:00:00,33.9
2015-12-04 06:00:00,45.14
2015-12-04 07:00:00,46.19
2015-12-04 08:00:00,46.52
2015-12-04 09:00:00,47.02
2015-12-04 10:00:00,44.53
2015-12-04 11:00:00,39.54
2015-12-04 12:00:00,40.22
2015-12-04 13:00:00,36.93
2015-12-04 14:00:00,38.0
2015-12-04 15:00:00,42.82
2015-12-04 16:00:00,49.09
2015-12-04 17:00:00,46.8
2015-12-04 18:00:00,42.76
2015-12-04 19:00:00,39.07
2015-12-04 20:00:00,37.44
2015-12-04 21:00:00,39.05
2015-12-04 22:00:00,41.7
2015-12-04 23:00:00,47.54
2015-12-05 00:00:00,41.17
2015-12-05 01:00:00,34.53
2015-12-05 02:00:00,24.77
2015-12-05 03:00:00,19.01
2015-12-05 04:00:00,20.29
2015-12-05 05:00:00,26.32
2015-12-05 06:00:00,35.48
2015-12-05 07:00:00,34.19
2015-12-05 08:00:00,38.3
2015-12-05 09:00:00,34.77
2015-12-05 10:00:00,35.5
2015-12-05 11:00:00,37.74
2015-12-05 12:00:00,34.25
2015-12-05 13:00:00,35.33
2015-12-05 14:00:00,27.19
2015-12-05 15:00:00,33.16
2015-12-05 16:00:00,46.75
2015-12-05 17:00:00,51.04
2015-12-05 18:00:00,51.31
2015-12-05 19:00:00,50.38
2015-12-05 20:00:00,43.62
2015-12-05 21:00:00,45.64
2015-12-05 22:00:00,41.53
2015-12-05 23:00:00,40.55
2015-12-06 00:00:00,44.04
2015-12-06 01:00:00,24.62
2015-12-06 02:00:00,14.07
2015-12-06 03:00:00,11.38
2015-12-06 04:00:00,10.11
2015-12-06 05:00:00,16.69
2015-12-06 06:00:00,17.83
2015-12-06 07:00:00,21.72
2015-12-06 08:00:00,32.6
2015-12-06 09:00:00,34.9
2015-12-06 10:00:00,37.38
2015-12-06 11:00:00,46.24
2015-12-06 12:00:00,37.79
2015-12-06 13:00:00,23.87
2015-12-06 14:00:00,28.16
2015-12-06 15:00:00,31.56
2015-12-06 16:00:00,45.9
2015-12-06 17:00:00,53.36
2015-12-06 18:00:00,50.74
2015-12-06 19:00:00,37.19
2015-12-06 20:00:00,34.98
2015-12-06 21:00:00,35.62
2015-12-06 22:00:00,33.93
2015-12-06 23:00:00,26.21
2015-12-07 00:00:00,24.97
2015-12-07 01:00:00,23.08
2015-12-07 02:00:00,22.72
2015-12-07 03:00:00,24.22
2015-12-07 04:00:00,27.47
2015-12-07 05:00:00,40.5
2015-12-07 06:00:00,48.18
2015-12-07 07:00:00,49.9
2015-12-07 08:00:00,50.86
2015-12-07 09:00:00,47.92
2015-12-07 10:00:00,47.91
2015-12-07 11:00:00,46.92
2015-12-07 12:00:00,45.99
2015-12-07 13:00:00,45.38
2015-12-07 14:00:00,43.16
2015-12-07 15:00:00,47.97
2015-12-07 16:00:00,52.85
2015-12-07 17:00:00,51.27
2015-12-07 18:00:00,51.61
2015-12-07 19:00:00,43.08
2015-12-07 20:00:00,38.2
2015-12-07 21:00:00,40.36
2015-12-07 22:00:00,37.8
2015-12-07 23:00:00,26.89
2015-12-08 00:00:00,28.05
2015-12-08 01:00:00,26.86
2015-12-08 02:00:00,24.62
2015-12-08 03:00:00,24.62
2015-12-08 04:00:00,26.79
2015-12-08 05:00:00,30.74
2015-12-08 06:00:00,47.18
2015-12-08 07:00:00,47.52
2015-12-08 08:00:00,43.75
2015-12-08 09:00:00,38.35
2015-12-08 10:00:00,37.19
2015-12-08 11:00:00,34.45
2015-12-08 12:00:00,34.1
2015-12-08 13:00:00,39.07
2015-12-08 14:00:00,41.9
2015-12-08 15:00:00,43.78
2015-12-08 16:00:00,49.02
2015-12-08 17:00:00,54.64
2015-12-08 18:00:00,51.86
2015-12-08 19:00:00,42.99
2015-12-08 20:00:00,54.83
2015-12-08 21:00:00,30.65
2015-12-08 22:00:00,35.05
2015-12-08 23:00:00,25.57
2015-12-09 00:00:00,36.25
2015-12-09 01:00:00,27.98
2015-12-09 02:00:00,38.42
2015-12-09 03:00:00,35.38
2015-12-09 04:00:00,36.65
2015-12-09 05:00:00,46.58
2015-12-09 06:00:00,63.29
2015-12-09 07:00:00,65.69
2015-12-09 08:00:00,65.98
2015-12-09 09:00:00,67.09
2015-12-09 10:00:00,53.66
2015-12-09 11:00:00,47.5
2015-12-09 12:00:00,47.92
2015-12-09 13:00:00,49.05
2015-12-09 14:00:00,60.36
2015-12-09 15:00:00,64.92
2015-12-09 16:00:00,69.18
2015-12-09 17:00:00,73.54
2015-12-09 18:00:00,69.99
2015-12-09 19:00:00,56.64
2015-12-09 20:00:00,41.47
2015-12-09 21:00:00,43.87
2015-12-09 22:00:00,46.72
2015-12-09 23:00:00,41.85
2015-12-10 00:00:00,42.75
2015-12-10 01:00:00,41.69
2015-12-10 02:00:00,33.36
2015-12-10 03:00:00,29.6
2015-12-10 04:00:00,37.82
2015-12-10 05:00:00,47.93
2015-12-10 06:00:00,55.03
2015-12-10 07:00:00,56.56
2015-12-10 08:00:00,55.31
2015-12-10 09:00:00,53.3
2015-12-10 10:00:00,56.55
2015-12-10 11:00:00,58.09
2015-12-10 12:00:00,53.96
2015-12-10 13:00:00,49.56
2015-12-10 14:00:00,49.33
2015-12-10 15:00:00,49.49
2015-12-10 16:00:00,61.22
2015-12-10 17:00:00,73.1
2015-12-10 18:00:00,61.91
2015-12-10 19:00:00,56.46
2015-12-10 20:00:00,48.95
2015-12-10 21:00:00,48.93
2015-12-10 22:00:00,48.62
2015-12-10 23:00:00,45.47
2015-12-11 00:00:00,42.5
2015-12-11 01:00:00,40.17
2015-12-11 02:00:00,37.21
2015-12-11 03:00:00,33.97
2015-12-11 04:00:00,37.16
2015-12-11 05:00:00,45.39
2015-12-11 06:00:00,55.44
2015-12-11 07:00:00,60.59
2015-12-11 08:00:00,58.66
2015-12-11 09:00:00,53.31
2015-12-11 10:00:00,51.06
2015-12-11 11:00:00,48.53
2015-12-11 12:00:00,44.95
2015-12-11 13:00:00,43.61
2015-12-11 14:00:00,42.63
2015-12-11 15:00:00,43.04
2015-12-11 16:00:00,48.5
2015-12-11 17:00:00,52.78
2015-12-11 18:00:00,53.64
2015-12-11 19:00:00,46.35
2015-12-11 20:00:00,41.59
2015-12-11 21:00:00,44.72
2015-12-11 22:00:00,46.47
2015-12-11 23:00:00,37.42
2015-12-12 00:00:00,41.84
2015-12-12 01:00:00,42.69
2015-12-12 02:00:00,36.49
2015-12-12 03:00:00,33.52
2015-12-12 04:00:00,34.65
2015-12-12 05:00:00,42.19
2015-12-12 06:00:00,47.98
2015-12-12 07:00:00,48.71
2015-12-12 08:00:00,48.87
2015-12-12 09:00:00,40.42
2015-12-12 10:00:00,41.07
2015-12-12 11:00:00,41.13
2015-12-12 12:00:00,38.37
2015-12-12 13:00:00,30.7
2015-12-12 14:00:00,30.06
2015-12-12 15:00:00,33.78
2015-12-12 16:00:00,40.0
2015-12-12 17:00:00,42.96
2015-12-12 18:00:00,41.0
2015-12-12 19:00:00,35.22
2015-12-12 20:00:00,31.06
2015-12-12 21:00:00,33.83
2015-12-12 22:00:00,37.7
2015-12-12 23:00:00,32.12
2015-12-13 00:00:00,32.91
2015-12-13 01:00:00,32.0
2015-12-13 02:00:00,24.5
2015-12-13 03:00:00,27.68
2015-12-13 04:00:00,32.28
2015-12-13 05:00:00,30.99
2015-12-13 06:00:00,32.88
2015-12-13 07:00:00,34.49
2015-12-13 08:00:00,38.35
2015-12-13 09:00:00,39.34
2015-12-13 10:00:00,42.15
2015-12-13 11:00:00,45.4
2015-12-13 12:00:00,42.13
2015-12-13 13:00:00,32.95
2015-12-13 14:00:00,34.26
2015-12-13 15:00:00,36.78
2015-12-13 16:00:00,44.2
2015-12-13 17:00:00,49.88
2015-12-13 18:00:00,49.12
2015-12-13 19:00:00,44.5
2015-12-13 20:00:00,37.93
2015-12-13 21:00:00,42.17
2015-12-13 22:00:00,39.2
2015-12-13 23:00:00,36.56
2015-12-14 00:00:00,31.49
2015-12-14 01:00:00,29.5
2015-12-14 02:00:00,27.84
2015-12-14 03:00:00,27.45
2015-12-14 04:00:00,29.65
2015-12-14 05:00:00,41.26
2015-12-14 06:00:00,53.46
2015-12-14 07:00:00,56.7
2015-12-14 08:00:00,60.47
2015-12-14 09:00:00,61.42
2015-12-14 10:00:00,58.88
2015-12-14 11:00:00,56.12
2015-12-14 12:00:00,52.09
2015-12-14 13:00:00,50.87
2015-12-14 14:00:00,50.04
2015-12-14 15:00:00,50.97
2015-12-14 16:00:00,63.27
2015-12-14 17:00:00,69.81
2015-12-14 18:00:00,63.74
2015-12-14 19:00:00,54.64
2015-12-14 20:00:00,42.97
2015-12-14 21:00:00,46.92
2015-12-14 22:00:00,47.13
2015-12-14 23:00:00,40.08
2015-12-15 00:00:00,39.01
2015-12-15 01:00:00,35.5
2015-12-15 02:00:00,31.0
2015-12-15 03:00:00,29.11
2015-12-15 04:00:00,33.8
2015-12-15 05:00:00,40.59
2015-12-15 06:00:00,49.99
2015-12-15 07:00:00,55.03
2015-12-15 08:00:00,54.97
2015-12-15 09:00:00,53.58
2015-12-15 10:00:00,52.81
2015-12-15 11:00:00,51.96
2015-12-15 12:00:00,51.71
2015-12-15 13:00:00,49.6
2015-12-15 14:00:00,50.04
2015-12-15 15:00:00,50.96
2015-12-15 16:00:00,55.25
2015-12-15 17:00:00,53.43
2015-12-15 18:00:00,47.98
2015-12-15 19:00:00,41.84
2015-12-15 20:00:00,34.51
2015-12-15 21:00:00,37.49
2015-12-15 22:00:00,36.57
2015-12-15 23:00:00,30.81
2015-12-16 00:00:00,29.18
2015-12-16 01:00:00,28.38
2015-12-16 02:00:00,27.05
2015-12-16 03:00:00,27.38
2015-12-16 04:00:00,28.08
2015-12-16 05:00:00,39.74
2015-12-16 06:00:00,45.64
2015-12-16 07:00:00,45.44
2015-12-16 08:00:00,44.39
2015-12-16 09:00:00,42.44
2015-12-16 10:00:00,44.0
2015-12-16 11:00:00,42.32
2015-12-16 12:00:00,43.01
2015-12-16 13:00:00,40.2
2015-12-16 14:00:00,41.37
2015-12-16 15:00:00,41.67
2015-12-16 16:00:00,45.47
2015-12-16 17:00:00,43.23
2015-12-16 18:00:00,42.25
2015-12-16 19:00:00,39.27
2015-12-16 20:00:00,34.67
2015-12-16 21:00:00,33.79
2015-12-16 22:00:00,41.15
2015-12-16 23:00:00,23.1
2015-12-17 00:00:00,22.42
2015-12-17 01:00:00,21.25
2015-12-17 02:00:00,19.55
2015-12-17 03:00:00,20.24
2015-12-17 04:00:00,23.45
2015-12-17 05:00:00,31.21
2015-12-17 06:00:00,40.56
2015-12-17 07:00:00,41.4
2015-12-17 08:00:00,41.38
2015-12-17 09:00:00,40.02
2015-12-17 10:00:00,40.87
2015-12-17 11:00:00,36.21
2015-12-17 12:00:00,35.34
2015-12-17 13:00:00,34.74
2015-12-17 14:00:00,35.2
2015-12-17 15:00:00,39.19
2015-12-17 16:00:00,41.4
2015-12-17 17:00:00,40.01
2015-12-17 18:00:00,39.13
2015-12-17 19:00:00,37.28
2015-12-17 20:00:00,30.14
2015-12-17 21:00:00,34.31
2015-12-17 22:00:00,35.79
2015-12-17 23:00:00,28.77
2015-12-18 00:00:00,27.15
2015-12-18 01:00:00,25.86
2015-12-18 02:00:00,21.88
2015-12-18 03:00:00,22.58
2015-12-18 04:00:00,27.9
2015-12-18 05:00:00,36.27
2015-12-18 06:00:00,43.01
2015-12-18 07:00:00,40.78
2015-12-18 08:00:00,40.2
2015-12-18 09:00:00,40.2
2015-12-18 10:00:00,38.01
2015-12-18 11:00:00,40.44
2015-12-18 12:00:00,38.23
2015-12-18 13:00:00,34.95
2015-12-18 14:00:00,34.64
2015-12-18 15:00:00,39.03
2015-12-18 16:00:00,42.0
2015-12-18 17:00:00,42.11
2015-12-18 18:00:00,42.43
2015-12-18 19:00:00,35.5
2015-12-18 20:00:00,30.32
2015-12-18 21:00:00,31.18
2015-12-18 22:00:00,38.64
2015-12-18 23:00:00,29.25
2015-12-19 00:00:00,26.37
2015-12-19 01:00:00,23.29
2015-12-19 02:00:00,22.18
2015-12-19 03:00:00,19.62
2015-12-19 04:00:00,19.0
2015-12-19 05:00:00,21.9
2015-12-19 06:00:00,26.64
2015-12-19 07:00:00,30.58
2015-12-19 08:00:00,36.42
2015-12-19 09:00:00,35.57
2015-12-19 10:00:00,34.48
2015-12-19 11:00:00,34.53
2015-12-19 12:00:00,30.8
2015-12-19 13:00:00,29.57
2015-12-19 14:00:00,31.21
2015-12-19 15:00:00,33.01
2015-12-19 16:00:00,39.37
2015-12-19 17:00:00,38.76
2015-12-19 18:00:00,32.14
2015-12-19 19:00:00,28.81
2015-12-19 20:00:00,24.59
2015-12-19 21:00:00,28.82
2015-12-19 22:00:00,27.34
2015-12-19 23:00:00,20.27
2015-12-20 00:00:00,15.96
2015-12-20 01:00:00,14.29
2015-12-20 02:00:00,11.36
2015-12-20 03:00:00,12.51
2015-12-20 04:00:00,7.75
2015-12-20 05:00:00,9.77
2015-12-20 06:00:00,11.21
2015-12-20 07:00:00,16.18
2015-12-20 08:00:00,17.62
2015-12-20 09:00:00,18.41
2015-12-20 10:00:00,19.77
2015-12-20 11:00:00,19.84
2015-12-20 12:00:00,21.41
2015-12-20 13:00:00,19.01
2015-12-20 14:00:00,17.64
2015-12-20 15:00:00,24.57
2015-12-20 16:00:00,30.67
2015-12-20 17:00:00,34.53
2015-12-20 18:00:00,35.23
2015-12-20 19:00:00,32.95
2015-12-20 20:00:00,24.8
2015-12-20 21:00:00,29.17
2015-12-20 22:00:00,29.43
2015-12-20 23:00:00,22.15
2015-12-21 00:00:00,17.83
2015-12-21 01:00:00,18.54
2015-12-21 02:00:00,12.68
2015-12-21 03:00:00,13.39
2015-12-21 04:00:00,17.6
2015-12-21 05:00:00,27.4
2015-12-21 06:00:00,41.52
2015-12-21 07:00:00,44.38
2015-12-21 08:00:00,44.89
2015-12-21 09:00:00,41.31
2015-12-21 10:00:00,40.35
2015-12-21 11:00:00,36.5
2015-12-21 12:00:00,38.74
2015-12-21 13:00:00,31.27
2015-12-21 14:00:00,30.34
2015-12-21 15:00:00,35.33
2015-12-21 16:00:00,40.87
2015-12-21 17:00:00,41.36
2015-12-21 18:00:00,39.69
2015-12-21 19:00:00,36.36
2015-12-21 20:00:00,32.43
2015-12-21 21:00:00,38.17
2015-12-21 22:00:00,36.36
2015-12-21 23:00:00,33.25
2015-12-22 00:00:00,23.71
2015-12-22 01:00:00,19.1
2015-12-22 02:00:00,6.4
2015-12-22 03:00:00,7.91
2015-12-22 04:00:00,12.45
2015-12-22 05:00:00,22.33
2015-12-22 06:00:00,41.61
2015-12-22 07:00:00,39.26
2015-12-22 08:00:00,41.3
2015-12-22 09:00:00,38.93
2015-12-22 10:00:00,35.78
2015-12-22 11:00:00,33.56
2015-12-22 12:00:00,36.21
2015-12-22 13:00:00,33.09
2015-12-22 14:00:00,30.94
2015-12-22 15:00:00,32.84
2015-12-22 16:00:00,38.67
2015-12-22 17:00:00,39.52
2015-12-22 18:00:00,41.04
2015-12-22 19:00:00,34.03
2015-12-22 20:00:00,29.79
2015-12-22 21:00:00,31.11
2015-12-22 22:00:00,22.19
2015-12-22 23:00:00,16.64
2015-12-23 00:00:00,12.04
2015-12-23 01:00:00,10.65
2015-12-23 02:00:00,1.96
2015-12-23 03:00:00,2.94
2015-12-23 04:00:00,13.62
2015-12-23 05:00:00,25.71
2015-12-23 06:00:00,34.26
2015-12-23 07:00:00,41.62
2015-12-23 08:00:00,33.89
2015-12-23 09:00:00,40.68
2015-12-23 10:00:00,40.66
2015-12-23 11:00:00,40.9
2015-12-23 12:00:00,40.97
2015-12-23 13:00:00,39.01
2015-12-23 14:00:00,37.56
2015-12-23 15:00:00,31.18
2015-12-23 16:00:00,40.18
2015-12-23 17:00:00,43.9
2015-12-23 18:00:00,44.95
2015-12-23 19:00:00,34.1
2015-12-23 20:00:00,35.11
2015-12-23 21:00:00,30.54
2015-12-23 22:00:00,28.83
2015-12-23 23:00:00,25.94
2015-12-24 00:00:00,20.2
2015-12-24 01:00:00,17.27
2015-12-24 02:00:00,15.28
2015-12-24 03:00:00,10.52
2015-12-24 04:00:00,10.5
2015-12-24 05:00:00,14.53
2015-12-24 06:00:00,25.27
2015-12-24 07:00:00,30.27
2015-12-24 08:00:00,29.99
2015-12-24 09:00:00,30.52
2015-12-24 10:00:00,25.92
2015-12-24 11:00:00,24.35
2015-12-24 12:00:00,20.46
2015-12-24 13:00:00,19.2
2015-12-24 14:00:00,19.08
2015-12-24 15:00:00,20.7
2015-12-24 16:00:00,25.59
2015-12-24 17:00:00,26.37
2015-12-24 18:00:00,25.39
2015-12-24 19:00:00,21.96
2015-12-24 20:00:00,20.5
2015-12-24 21:00:00,30.19
2015-12-24 22:00:00,31.0
2015-12-24 23:00:00,19.95
2015-12-25 00:00:00,19.66
2015-12-25 01:00:00,12.61
2015-12-25 02:00:00,4.77
2015-12-25 03:00:00,6.26
2015-12-25 04:00:00,12.24
2015-12-25 05:00:00,8.51
2015-12-25 06:00:00,13.73
2015-12-25 07:00:00,14.13
2015-12-25 08:00:00,18.59
2015-12-25 09:00:00,18.03
2015-12-25 10:00:00,18.04
2015-12-25 11:00:00,17.72
2015-12-25 12:00:00,16.08
2015-12-25 13:00:00,15.58
2015-12-25 14:00:00,16.01
2015-12-25 15:00:00,19.3
2015-12-25 16:00:00,25.06
2015-12-25 17:00:00,29.94
2015-12-25 18:00:00,29.35
2015-12-25 19:00:00,27.6
2015-12-25 20:00:00,24.92
2015-12-25 21:00:00,26.0
2015-12-25 22:00:00,23.73
2015-12-25 23:00:00,12.22
2015-12-26 00:00:00,11.5
2015-12-26 01:00:00,6.96
2015-12-26 02:00:00,1.23
2015-12-26 03:00:00,0.28
2015-12-26 04:00:00,5.29
2015-12-26 05:00:00,9.06
2015-12-26 06:00:00,7.31
2015-12-26 07:00:00,11.48
2015-12-26 08:00:00,14.77
2015-12-26 09:00:00,16.9
2015-12-26 10:00:00,18.57
2015-12-26 11:00:00,19.56
2015-12-26 12:00:00,17.11
2015-12-26 13:00:00,17.85
2015-12-26 14:00:00,15.08
2015-12-26 15:00:00,18.07
2015-12-26 16:00:00,22.11
2015-12-26 17:00:00,26.85
2015-12-26 18:00:00,23.97
2015-12-26 19:00:00,20.54
2015-12-26 20:00:00,17.04
2015-12-26 21:00:00,21.87
2015-12-26 22:00:00,22.16
2015-12-26 23:00:00,13.84
2015-12-27 00:00:00,12.28
2015-12-27 01:00:00,11.26
2015-12-27 02:00:00,9.78
2015-12-27 03:00:00,5.97
2015-12-27 04:00:00,3.48
2015-12-27 05:00:00,6.65
2015-12-27 06:00:00,7.49
2015-12-27 07:00:00,12.06
2015-12-27 08:00:00,14.3
2015-12-27 09:00:00,14.23
2015-12-27 10:00:00,14.14
2015-12-27 11:00:00,16.8
2015-12-27 12:00:00,13.96
2015-12-27 13:00:00,14.45
2015-12-27 14:00:00,16.79
2015-12-27 15:00:00,22.07
2015-12-27 16:00:00,31.55
2015-12-27 17:00:00,35.7
2015-12-27 18:00:00,35.71
2015-12-27 19:00:00,32.96
2015-12-27 20:00:00,31.83
2015-12-27 21:00:00,31.65
2015-12-27 22:00:00,27.47
2015-12-27 23:00:00,26.26
2015-12-28 00:00:00,20.35
2015-12-28 01:00:00,17.75
2015-12-28 02:00:00,16.01
2015-12-28 03:00:00,13.94
2015-12-28 04:00:00,22.05
2015-12-28 05:00:00,26.0
2015-12-28 06:00:00,34.0
2015-12-28 07:00:00,38.81
2015-12-28 08:00:00,41.4
2015-12-28 09:00:00,39.87
2015-12-28 10:00:00,36.04
2015-12-28 11:00:00,36.0
2015-12-28 12:00:00,33.4
2015-12-28 13:00:00,32.53
2015-12-28 14:00:00,33.15
2015-12-28 15:00:00,36.9
2015-12-28 16:00:00,42.98
2015-12-28 17:00:00,43.38
2015-12-28 18:00:00,35.91
2015-12-28 19:00:00,30.38
2015-12-28 20:00:00,27.6
2015-12-28 21:00:00,27.2
2015-12-28 22:00:00,25.76
2015-12-28 23:00:00,21.02
2015-12-29 00:00:00,18.05
2015-12-29 01:00:00,17.07
2015-12-29 02:00:00,14.06
2015-12-29 03:00:00,14.49
2015-12-29 04:00:00,18.74
2015-12-29 05:00:00,27.18
2015-12-29 06:00:00,27.95
2015-12-29 07:00:00,30.38
2015-12-29 08:00:00,39.13
2015-12-29 09:00:00,38.55
2015-12-29 10:00:00,42.0
2015-12-29 11:00:00,42.47
2015-12-29 12:00:00,39.56
2015-12-29 13:00:00,35.47
2015-12-29 14:00:00,36.02
2015-12-29 15:00:00,41.81
2015-12-29 16:00:00,52.0
2015-12-29 17:00:00,55.86
2015-12-29 18:00:00,49.98
2015-12-29 19:00:00,38.39
2015-12-29 20:00:00,34.95
2015-12-29 21:00:00,33.28
2015-12-29 22:00:00,29.94
2015-12-29 23:00:00,29.26
2015-12-30 00:00:00,28.52
2015-12-30 01:00:00,23.55
2015-12-30 02:00:00,18.01
2015-12-30 03:00:00,15.95
2015-12-30 04:00:00,20.78
2015-12-30 05:00:00,23.71
2015-12-30 06:00:00,29.23
2015-12-30 07:00:00,36.92
2015-12-30 08:00:00,36.21
2015-12-30 09:00:00,37.67
2015-12-30 10:00:00,35.0
2015-12-30 11:00:00,32.13
2015-12-30 12:00:00,28.46
2015-12-30 13:00:00,27.44
2015-12-30 14:00:00,27.53
2015-12-30 15:00:00,30.68
2015-12-30 16:00:00,39.26
2015-12-30 17:00:00,38.8
2015-12-30 18:00:00,38.93
2015-12-30 19:00:00,36.9
2015-12-30 20:00:00,26.42
2015-12-30 21:00:00,33.91
2015-12-30 22:00:00,33.11
2015-12-30 23:00:00,14.46
2015-12-31 00:00:00,12.71
2015-12-31 01:00:00,11.67
2015-12-31 02:00:00,9.21
2015-12-31 03:00:00,4.65
2015-12-31 04:00:00,6.41
2015-12-31 05:00:00,14.94
2015-12-31 06:00:00,19.22
2015-12-31 07:00:00,21.14
2015-12-31 08:00:00,24.04
2015-12-31 09:00:00,25.11
2015-12-31 10:00:00,26.02
2015-12-31 11:00:00,27.38
2015-12-31 12:00:00,28.19
2015-12-31 13:00:00,27.48
2015-12-31 14:00:00,29.0
2015-12-31 15:00:00,32.87
2015-12-31 16:00:00,40.03
2015-12-31 17:00:00,40.25
2015-12-31 18:00:00,36.79
2015-12-31 19:00:00,28.81
2015-12-31 20:00:00,26.27
2015-12-31 21:00:00,29.99
2015-12-31 22:00:00,31.59
2015-12-31 23:00:00,23.86
2016-01-01 00:00:00,22.39
2016-01-01 01:00:00,20.59
2016-01-01 02:00:00,16.81
2016-01-01 03:00:00,17.41
2016-01-01 04:00:00,17.02
2016-01-01 05:00:00,15.86
2016-01-01 06:00:00,18.16
2016-01-01 07:00:00,17.73
2016-01-01 08:00:00,19.77
2016-01-01 09:00:00,23.75
2016-01-01 10:00:00,26.03
2016-01-01 11:00:00,27.06
2016-01-01 12:00:00,26.59
2016-01-01 13:00:00,25.0
2016-01-01 14:00:00,20.06
2016-01-01 15:00:00,19.43
2016-01-01 16:00:00,24.57
2016-01-01 17:00:00,33.11
2016-01-01 18:00:00,35.34
2016-01-01 19:00:00,33.07
2016-01-01 20:00:00,29.52
2016-01-01 21:00:00,30.1
2016-01-01 22:00:00,24.57
2016-01-01 23:00:00,22.2
2016-01-02 00:00:00,16.57
2016-01-02 01:00:00,15.35
2016-01-02 02:00:00,12.77
2016-01-02 03:00:00,11.27
2016-01-02 04:00:00,11.91
2016-01-02 05:00:00,12.62
2016-01-02 06:00:00,14.17
2016-01-02 07:00:00,17.73
2016-01-02 08:00:00,20.29
2016-01-02 09:00:00,24.3
2016-01-02 10:00:00,25.05
2016-01-02 11:00:00,29.31
2016-01-02 12:00:00,26.31
2016-01-02 13:00:00,22.63
2016-01-02 14:00:00,19.61
2016-01-02 15:00:00,20.65
2016-01-02 16:00:00,34.21
2016-01-02 17:00:00,42.23
2016-01-02 18:00:00,37.36
2016-01-02 19:00:00,32.84
2016-01-02 20:00:00,26.15
2016-01-02 21:00:00,30.62
2016-01-02 22:00:00,36.19
2016-01-02 23:00:00,19.65
2016-01-03 00:00:00,18.91
2016-01-03 01:00:00,14.64
2016-01-03 02:00:00,10.12
2016-01-03 03:00:00,7.14
2016-01-03 04:00:00,9.41
2016-01-03 05:00:00,4.14
2016-01-03 06:00:00,7.08
2016-01-03 07:00:00,11.4
2016-01-03 08:00:00,17.64
2016-01-03 09:00:00,19.99
2016-01-03 10:00:00,22.11
2016-01-03 11:00:00,22.68
2016-01-03 12:00:00,22.0
2016-01-03 13:00:00,19.89
2016-01-03 14:00:00,17.75
2016-01-03 15:00:00,18.76
2016-01-03 16:00:00,22.21
2016-01-03 17:00:00,26.76
2016-01-03 18:00:00,27.23
2016-01-03 19:00:00,25.33
2016-01-03 20:00:00,22.11
2016-01-03 21:00:00,22.57
2016-01-03 22:00:00,21.01
2016-01-03 23:00:00,13.78
2016-01-04 00:00:00,13.44
2016-01-04 01:00:00,11.46
2016-01-04 02:00:00,5.55
2016-01-04 03:00:00,5.0
2016-01-04 04:00:00,10.05
2016-01-04 05:00:00,19.11
2016-01-04 06:00:00,31.44
2016-01-04 07:00:00,36.31
2016-01-04 08:00:00,33.46
2016-01-04 09:00:00,33.24
2016-01-04 10:00:00,35.09
2016-01-04 11:00:00,35.0
2016-01-04 12:00:00,35.0
2016-01-04 13:00:00,34.94
2016-01-04 14:00:00,34.92
2016-01-04 15:00:00,38.0
2016-01-04 16:00:00,41.21
2016-01-04 17:00:00,42.95
2016-01-04 18:00:00,41.96
2016-01-04 19:00:00,34.94
2016-01-04 20:00:00,30.66
2016-01-04 21:00:00,30.0
2016-01-04 22:00:00,23.9
2016-01-04 23:00:00,25.03
2016-01-05 00:00:00,24.42
2016-01-05 01:00:00,22.34
2016-01-05 02:00:00,21.5
2016-01-05 03:00:00,20.0
2016-01-05 04:00:00,23.53
2016-01-05 05:00:00,28.96
2016-01-05 06:00:00,38.32
2016-01-05 07:00:00,41.45
2016-01-05 08:00:00,40.72
2016-01-05 09:00:00,40.66
2016-01-05 10:00:00,40.33
2016-01-05 11:00:00,38.25
2016-01-05 12:00:00,36.98
2016-01-05 13:00:00,34.91
2016-01-05 14:00:00,33.5
2016-01-05 15:00:00,35.1
2016-01-05 16:00:00,42.44
2016-01-05 17:00:00,42.94
2016-01-05 18:00:00,42.92
2016-01-05 19:00:00,38.35
2016-01-05 20:00:00,34.42
2016-01-05 21:00:00,32.99
2016-01-05 22:00:00,32.0
2016-01-05 23:00:00,26.62
2016-01-06 00:00:00,25.58
2016-01-06 01:00:00,24.59
2016-01-06 02:00:00,22.5
2016-01-06 03:00:00,23.16
2016-01-06 04:00:00,24.99
2016-01-06 05:00:00,26.62
2016-01-06 06:00:00,38.92
2016-01-06 07:00:00,41.96
2016-01-06 08:00:00,40.96
2016-01-06 09:00:00,39.13
2016-01-06 10:00:00,40.08
2016-01-06 11:00:00,40.73
2016-01-06 12:00:00,38.26
2016-01-06 13:00:00,35.44
2016-01-06 14:00:00,36.92
2016-01-06 15:00:00,41.28
2016-01-06 16:00:00,44.95
2016-01-06 17:00:00,46.9
2016-01-06 18:00:00,43.95
2016-01-06 19:00:00,39.94
2016-01-06 20:00:00,32.4
2016-01-06 21:00:00,33.51
2016-01-06 22:00:00,30.11
2016-01-06 23:00:00,26.41
2016-01-07 00:00:00,26.05
2016-01-07 01:00:00,24.93
2016-01-07 02:00:00,22.39
2016-01-07 03:00:00,22.32
2016-01-07 04:00:00,24.2
2016-01-07 05:00:00,31.0
2016-01-07 06:00:00,42.47
2016-01-07 07:00:00,42.97
2016-01-07 08:00:00,41.93
2016-01-07 09:00:00,41.62
2016-01-07 10:00:00,41.5
2016-01-07 11:00:00,40.66
2016-01-07 12:00:00,40.33
2016-01-07 13:00:00,36.51
2016-01-07 14:00:00,33.49
2016-01-07 15:00:00,34.19
2016-01-07 16:00:00,40.66
2016-01-07 17:00:00,40.8
2016-01-07 18:00:00,42.1
2016-01-07 19:00:00,36.5
2016-01-07 20:00:00,34.5
2016-01-07 21:00:00,33.49
2016-01-07 22:00:00,28.76
2016-01-07 23:00:00,24.36
2016-01-08 00:00:00,19.33
2016-01-08 01:00:00,16.1
2016-01-08 02:00:00,15.0
2016-01-08 03:00:00,15.0
2016-01-08 04:00:00,18.14
2016-01-08 05:00:00,25.21
2016-01-08 06:00:00,36.46
2016-01-08 07:00:00,39.53
2016-01-08 08:00:00,37.69
2016-01-08 09:00:00,37.66
2016-01-08 10:00:00,36.91
2016-01-08 11:00:00,36.13
2016-01-08 12:00:00,36.13
2016-01-08 13:00:00,32.99
2016-01-08 14:00:00,32.08
2016-01-08 15:00:00,37.16
2016-01-08 16:00:00,45.0
2016-01-08 17:00:00,46.97
2016-01-08 18:00:00,40.09
2016-01-08 19:00:00,34.61
2016-01-08 20:00:00,31.52
2016-01-08 21:00:00,32.5
2016-01-08 22:00:00,36.1
2016-01-08 23:00:00,31.11
2016-01-09 00:00:00,29.0
2016-01-09 01:00:00,24.3
2016-01-09 02:00:00,23.23
2016-01-09 03:00:00,21.96
2016-01-09 04:00:00,22.45
2016-01-09 05:00:00,23.07
2016-01-09 06:00:00,25.0
2016-01-09 07:00:00,32.11
2016-01-09 08:00:00,37.12
2016-01-09 09:00:00,36.13
2016-01-09 10:00:00,35.76
2016-01-09 11:00:00,34.06
2016-01-09 12:00:00,31.54
2016-01-09 13:00:00,27.92
2016-01-09 14:00:00,27.0
2016-01-09 15:00:00,30.5
2016-01-09 16:00:00,36.99
2016-01-09 17:00:00,36.8
2016-01-09 18:00:00,35.0
2016-01-09 19:00:00,29.0
2016-01-09 20:00:00,25.01
2016-01-09 21:00:00,25.1
2016-01-09 22:00:00,22.28
2016-01-09 23:00:00,15.58
2016-01-10 00:00:00,19.05
2016-01-10 01:00:00,16.96
2016-01-10 02:00:00,12.75
2016-01-10 03:00:00,10.81
2016-01-10 04:00:00,10.85
2016-01-10 05:00:00,9.85
2016-01-10 06:00:00,13.47
2016-01-10 07:00:00,16.24
2016-01-10 08:00:00,19.41
2016-01-10 09:00:00,20.12
2016-01-10 10:00:00,21.85
2016-01-10 11:00:00,22.93
2016-01-10 12:00:00,21.24
2016-01-10 13:00:00,20.53
2016-01-10 14:00:00,21.45
2016-01-10 15:00:00,23.92
2016-01-10 16:00:00,26.58
2016-01-10 17:00:00,35.0
2016-01-10 18:00:00,33.0
2016-01-10 19:00:00,30.66
2016-01-10 20:00:00,26.89
2016-01-10 21:00:00,26.93
2016-01-10 22:00:00,23.12
2016-01-10 23:00:00,21.95
2016-01-11 00:00:00,20.04
2016-01-11 01:00:00,19.78
2016-01-11 02:00:00,19.36
2016-01-11 03:00:00,19.56
2016-01-11 04:00:00,21.67
2016-01-11 05:00:00,28.5
2016-01-11 06:00:00,41.61
2016-01-11 07:00:00,45.93
2016-01-11 08:00:00,44.0
2016-01-11 09:00:00,41.94
2016-01-11 10:00:00,41.96
2016-01-11 11:00:00,37.96
2016-01-11 12:00:00,36.24
2016-01-11 13:00:00,33.57
2016-01-11 14:00:00,31.0
2016-01-11 15:00:00,32.0
2016-01-11 16:00:00,37.21
2016-01-11 17:00:00,42.88
2016-01-11 18:00:00,40.0
2016-01-11 19:00:00,33.09
2016-01-11 20:00:00,30.26
2016-01-11 21:00:00,33.18
2016-01-11 22:00:00,28.1
2016-01-11 23:00:00,21.51
2016-01-12 00:00:00,19.81
2016-01-12 01:00:00,19.1
2016-01-12 02:00:00,15.74
2016-01-12 03:00:00,13.78
2016-01-12 04:00:00,20.19
2016-01-12 05:00:00,24.38
2016-01-12 06:00:00,35.92
2016-01-12 07:00:00,40.5
2016-01-12 08:00:00,41.0
2016-01-12 09:00:00,38.66
2016-01-12 10:00:00,36.46
2016-01-12 11:00:00,35.0
2016-01-12 12:00:00,33.3
2016-01-12 13:00:00,32.21
2016-01-12 14:00:00,33.0
2016-01-12 15:00:00,36.08
2016-01-12 16:00:00,41.94
2016-01-12 17:00:00,46.99
2016-01-12 18:00:00,45.39
2016-01-12 19:00:00,38.08
2016-01-12 20:00:00,30.51
2016-01-12 21:00:00,29.93
2016-01-12 22:00:00,26.24
2016-01-12 23:00:00,21.0
2016-01-13 00:00:00,19.66
2016-01-13 01:00:00,18.13
2016-01-13 02:00:00,15.76
2016-01-13 03:00:00,18.05
2016-01-13 04:00:00,20.83
2016-01-13 05:00:00,29.88
2016-01-13 06:00:00,46.83
2016-01-13 07:00:00,47.05
2016-01-13 08:00:00,47.39
2016-01-13 09:00:00,46.82
2016-01-13 10:00:00,46.5
2016-01-13 11:00:00,45.8
2016-01-13 12:00:00,41.34
2016-01-13 13:00:00,39.02
2016-01-13 14:00:00,37.44
2016-01-13 15:00:00,39.58
2016-01-13 16:00:00,43.0
2016-01-13 17:00:00,50.07
2016-01-13 18:00:00,49.98
2016-01-13 19:00:00,41.1
2016-01-13 20:00:00,34.15
2016-01-13 21:00:00,38.09
2016-01-13 22:00:00,36.0
2016-01-13 23:00:00,26.4
2016-01-14 00:00:00,23.06
2016-01-14 01:00:00,22.22
2016-01-14 02:00:00,22.03
2016-01-14 03:00:00,22.53
2016-01-14 04:00:00,23.9
2016-01-14 05:00:00,33.18
2016-01-14 06:00:00,44.41
2016-01-14 07:00:00,46.94
2016-01-14 08:00:00,46.3
2016-01-14 09:00:00,47.51
2016-01-14 10:00:00,47.21
2016-01-14 11:00:00,48.37
2016-01-14 12:00:00,50.0
2016-01-14 13:00:00,45.7
2016-01-14 14:00:00,42.99
2016-01-14 15:00:00,42.34
2016-01-14 16:00:00,47.52
2016-01-14 17:00:00,54.1
2016-01-14 18:00:00,53.9
2016-01-14 19:00:00,47.28
2016-01-14 20:00:00,34.37
2016-01-14 21:00:00,35.51
2016-01-14 22:00:00,30.16
2016-01-14 23:00:00,35.64
2016-01-15 00:00:00,28.0
2016-01-15 01:00:00,24.36
2016-01-15 02:00:00,23.5
2016-01-15 03:00:00,22.94
2016-01-15 04:00:00,27.0
2016-01-15 05:00:00,33.4
2016-01-15 06:00:00,42.69
2016-01-15 07:00:00,47.52
2016-01-15 08:00:00,48.0
2016-01-15 09:00:00,48.0
2016-01-15 10:00:00,46.95
2016-01-15 11:00:00,44.0
2016-01-15 12:00:00,42.05
2016-01-15 13:00:00,39.99
2016-01-15 14:00:00,37.65
2016-01-15 15:00:00,38.0
2016-01-15 16:00:00,45.26
2016-01-15 17:00:00,48.04
2016-01-15 18:00:00,49.98
2016-01-15 19:00:00,46.0
2016-01-15 20:00:00,42.7
2016-01-15 21:00:00,42.1
2016-01-15 22:00:00,40.5
2016-01-15 23:00:00,32.1
2016-01-16 00:00:00,29.31
2016-01-16 01:00:00,25.58
2016-01-16 02:00:00,24.73
2016-01-16 03:00:00,24.08
2016-01-16 04:00:00,25.32
2016-01-16 05:00:00,24.77
2016-01-16 06:00:00,27.61
2016-01-16 07:00:00,33.27
2016-01-16 08:00:00,38.75
2016-01-16 09:00:00,40.35
2016-01-16 10:00:00,39.0
2016-01-16 11:00:00,37.06
2016-01-16 12:00:00,36.06
2016-01-16 13:00:00,33.32
2016-01-16 14:00:00,32.1
2016-01-16 15:00:00,34.1
2016-01-16 16:00:00,39.77
2016-01-16 17:00:00,49.5
2016-01-16 18:00:00,52.56
2016-01-16 19:00:00,44.78
2016-01-16 20:00:00,39.24
2016-01-16 21:00:00,41.95
2016-01-16 22:00:00,40.06
2016-01-16 23:00:00,37.86
2016-01-17 00:00:00,34.6
2016-01-17 01:00:00,32.12
2016-01-17 02:00:00,29.01
2016-01-17 03:00:00,24.37
2016-01-17 04:00:00,24.36
2016-01-17 05:00:00,27.64
2016-01-17 06:00:00,29.99
2016-01-17 07:00:00,32.4
2016-01-17 08:00:00,34.56
2016-01-17 09:00:00,37.06
2016-01-17 10:00:00,38.1
2016-01-17 11:00:00,38.56
2016-01-17 12:00:00,36.2
2016-01-17 13:00:00,34.88
2016-01-17 14:00:00,32.45
2016-01-17 15:00:00,31.94
2016-01-17 16:00:00,39.49
2016-01-17 17:00:00,47.84
2016-01-17 18:00:00,51.81
2016-01-17 19:00:00,46.5
2016-01-17 20:00:00,40.87
2016-01-17 21:00:00,40.63
2016-01-17 22:00:00,38.79
2016-01-17 23:00:00,38.14
2016-01-18 00:00:00,35.66
2016-01-18 01:00:00,31.92
2016-01-18 02:00:00,25.94
2016-01-18 03:00:00,23.51
2016-01-18 04:00:00,31.21
2016-01-18 05:00:00,39.3
2016-01-18 06:00:00,51.23
2016-01-18 07:00:00,49.98
2016-01-18 08:00:00,50.54
2016-01-18 09:00:00,50.5
2016-01-18 10:00:00,51.01
2016-01-18 11:00:00,50.37
2016-01-18 12:00:00,52.99
2016-01-18 13:00:00,54.2
2016-01-18 14:00:00,52.06
2016-01-18 15:00:00,49.66
2016-01-18 16:00:00,62.55
2016-01-18 17:00:00,73.07
2016-01-18 18:00:00,66.37
2016-01-18 19:00:00,55.14
2016-01-18 20:00:00,51.8
2016-01-18 21:00:00,49.98
2016-01-18 22:00:00,46.75
2016-01-18 23:00:00,39.8
2016-01-19 00:00:00,36.79
2016-01-19 01:00:00,35.87
2016-01-19 02:00:00,32.0
2016-01-19 03:00:00,31.83
2016-01-19 04:00:00,38.88
2016-01-19 05:00:00,43.47
2016-01-19 06:00:00,54.1
2016-01-19 07:00:00,65.71
2016-01-19 08:00:00,65.35
2016-01-19 09:00:00,64.54
2016-01-19 10:00:00,62.01
2016-01-19 11:00:00,58.98
2016-01-19 12:00:00,58.53
2016-01-19 13:00:00,55.81
2016-01-19 14:00:00,55.5
2016-01-19 15:00:00,56.21
2016-01-19 16:00:00,70.07
2016-01-19 17:00:00,90.08
2016-01-19 18:00:00,78.91
2016-01-19 19:00:00,60.03
2016-01-19 20:00:00,53.03
2016-01-19 21:00:00,49.74
2016-01-19 22:00:00,45.0
2016-01-19 23:00:00,42.21
2016-01-20 00:00:00,39.68
2016-01-20 01:00:00,36.64
2016-01-20 02:00:00,34.47
2016-01-20 03:00:00,33.49
2016-01-20 04:00:00,37.27
2016-01-20 05:00:00,42.04
2016-01-20 06:00:00,55.08
2016-01-20 07:00:00,61.08
2016-01-20 08:00:00,62.5
2016-01-20 09:00:00,64.64
2016-01-20 10:00:00,61.58
2016-01-20 11:00:00,58.6
2016-01-20 12:00:00,57.8
2016-01-20 13:00:00,54.95
2016-01-20 14:00:00,52.42
2016-01-20 15:00:00,72.01
2016-01-20 16:00:00,103.18
2016-01-20 17:00:00,127.65
2016-01-20 18:00:00,93.62
2016-01-20 19:00:00,67.62
2016-01-20 20:00:00,60.33
2016-01-20 21:00:00,52.32
2016-01-20 22:00:00,46.57
2016-01-20 23:00:00,41.73
2016-01-21 00:00:00,40.1
2016-01-21 01:00:00,38.53
2016-01-21 02:00:00,37.33
2016-01-21 03:00:00,36.62
2016-01-21 04:00:00,38.41
2016-01-21 05:00:00,43.91
2016-01-21 06:00:00,70.01
2016-01-21 07:00:00,86.87
2016-01-21 08:00:00,85.3
2016-01-21 09:00:00,74.94
2016-01-21 10:00:00,70.12
2016-01-21 11:00:00,59.91
2016-01-21 12:00:00,57.69
2016-01-21 13:00:00,57.99
2016-01-21 14:00:00,61.05
2016-01-21 15:00:00,57.43
2016-01-21 16:00:00,88.96
2016-01-21 17:00:00,95.95
2016-01-21 18:00:00,85.46
2016-01-21 19:00:00,60.01
2016-01-21 20:00:00,46.38
2016-01-21 21:00:00,45.82
2016-01-21 22:00:00,44.57
2016-01-21 23:00:00,40.45
2016-01-22 00:00:00,39.21
2016-01-22 01:00:00,37.48
2016-01-22 02:00:00,36.07
2016-01-22 03:00:00,34.55
2016-01-22 04:00:00,34.55
2016-01-22 05:00:00,39.8
2016-01-22 06:00:00,49.26
2016-01-22 07:00:00,52.5
2016-01-22 08:00:00,52.51
2016-01-22 09:00:00,50.37
2016-01-22 10:00:00,49.06
2016-01-22 11:00:00,50.37
2016-01-22 12:00:00,44.18
2016-01-22 13:00:00,41.0
2016-01-22 14:00:00,37.77
2016-01-22 15:00:00,37.24
2016-01-22 16:00:00,46.52
2016-01-22 17:00:00,53.1
2016-01-22 18:00:00,48.25
2016-01-22 19:00:00,41.49
2016-01-22 20:00:00,36.5
2016-01-22 21:00:00,40.62
2016-01-22 22:00:00,39.12
2016-01-22 23:00:00,33.26
2016-01-23 00:00:00,29.47
2016-01-23 01:00:00,25.07
2016-01-23 02:00:00,22.99
2016-01-23 03:00:00,22.68
2016-01-23 04:00:00,25.21
2016-01-23 05:00:00,32.16
2016-01-23 06:00:00,33.44
2016-01-23 07:00:00,34.72
2016-01-23 08:00:00,35.99
2016-01-23 09:00:00,37.0
2016-01-23 10:00:00,37.13
2016-01-23 11:00:00,39.44
2016-01-23 12:00:00,35.61
2016-01-23 13:00:00,29.88
2016-01-23 14:00:00,30.0
2016-01-23 15:00:00,29.7
2016-01-23 16:00:00,36.97
2016-01-23 17:00:00,42.6
2016-01-23 18:00:00,41.37
2016-01-23 19:00:00,37.29
2016-01-23 20:00:00,32.71
2016-01-23 21:00:00,36.96
2016-01-23 22:00:00,33.26
2016-01-23 23:00:00,36.35
2016-01-24 00:00:00,30.64
2016-01-24 01:00:00,31.26
2016-01-24 02:00:00,29.85
2016-01-24 03:00:00,25.67
2016-01-24 04:00:00,23.41
2016-01-24 05:00:00,21.41
2016-01-24 06:00:00,30.55
2016-01-24 07:00:00,32.0
2016-01-24 08:00:00,33.14
2016-01-24 09:00:00,33.98
2016-01-24 10:00:00,34.0
2016-01-24 11:00:00,34.93
2016-01-24 12:00:00,31.08
2016-01-24 13:00:00,24.84
2016-01-24 14:00:00,23.99
2016-01-24 15:00:00,25.04
2016-01-24 16:00:00,32.88
2016-01-24 17:00:00,36.09
2016-01-24 18:00:00,36.59
2016-01-24 19:00:00,36.5
2016-01-24 20:00:00,34.7
2016-01-24 21:00:00,36.26
2016-01-24 22:00:00,36.09
2016-01-24 23:00:00,33.64
2016-01-25 00:00:00,30.95
2016-01-25 01:00:00,24.99
2016-01-25 02:00:00,23.12
2016-01-25 03:00:00,20.33
2016-01-25 04:00:00,24.96
2016-01-25 05:00:00,33.34
2016-01-25 06:00:00,42.57
2016-01-25 07:00:00,42.75
2016-01-25 08:00:00,39.5
2016-01-25 09:00:00,36.62
2016-01-25 10:00:00,35.6
2016-01-25 11:00:00,34.75
2016-01-25 12:00:00,32.26
2016-01-25 13:00:00,30.61
2016-01-25 14:00:00,29.73
2016-01-25 15:00:00,31.17
2016-01-25 16:00:00,34.96
2016-01-25 17:00:00,38.47
2016-01-25 18:00:00,38.04
2016-01-25 19:00:00,33.08
2016-01-25 20:00:00,25.32
2016-01-25 21:00:00,23.93
2016-01-25 22:00:00,26.11
2016-01-25 23:00:00,25.07
2016-01-26 00:00:00,25.62
2016-01-26 01:00:00,24.95
2016-01-26 02:00:00,17.48
2016-01-26 03:00:00,18.33
2016-01-26 04:00:00,21.87
2016-01-26 05:00:00,27.09
2016-01-26 06:00:00,37.02
2016-01-26 07:00:00,43.14
2016-01-26 08:00:00,40.18
2016-01-26 09:00:00,38.03
2016-01-26 10:00:00,36.84
2016-01-26 11:00:00,36.62
2016-01-26 12:00:00,32.31
2016-01-26 13:00:00,32.15
2016-01-26 14:00:00,30.09
2016-01-26 15:00:00,30.62
2016-01-26 16:00:00,32.87
2016-01-26 17:00:00,38.98
2016-01-26 18:00:00,40.93
2016-01-26 19:00:00,30.23
2016-01-26 20:00:00,27.12
2016-01-26 21:00:00,29.08
2016-01-26 22:00:00,28.59
2016-01-26 23:00:00,24.95
2016-01-27 00:00:00,21.9
2016-01-27 01:00:00,21.19
2016-01-27 02:00:00,13.41
2016-01-27 03:00:00,12.2
2016-01-27 04:00:00,17.65
2016-01-27 05:00:00,26.79
2016-01-27 06:00:00,35.07
2016-01-27 07:00:00,36.14
2016-01-27 08:00:00,32.96
2016-01-27 09:00:00,31.66
2016-01-27 10:00:00,33.93
2016-01-27 11:00:00,30.53
2016-01-27 12:00:00,27.11
2016-01-27 13:00:00,27.06
2016-01-27 14:00:00,25.62
2016-01-27 15:00:00,26.87
2016-01-27 16:00:00,31.18
2016-01-27 17:00:00,36.59
2016-01-27 18:00:00,36.29
2016-01-27 19:00:00,27.85
2016-01-27 20:00:00,25.52
2016-01-27 21:00:00,27.21
2016-01-27 22:00:00,27.55
2016-01-27 23:00:00,16.4
2016-01-28 00:00:00,16.04
2016-01-28 01:00:00,15.11
2016-01-28 02:00:00,12.95
2016-01-28 03:00:00,13.23
2016-01-28 04:00:00,17.39
2016-01-28 05:00:00,23.41
2016-01-28 06:00:00,32.39
2016-01-28 07:00:00,34.52
2016-01-28 08:00:00,34.71
2016-01-28 09:00:00,35.9
2016-01-28 10:00:00,39.92
2016-01-28 11:00:00,38.61
2016-01-28 12:00:00,37.45
2016-01-28 13:00:00,33.4
2016-01-28 14:00:00,31.02
2016-01-28 15:00:00,33.58
2016-01-28 16:00:00,39.05
2016-01-28 17:00:00,51.78
2016-01-28 18:00:00,47.03
2016-01-28 19:00:00,35.4
2016-01-28 20:00:00,27.61
2016-01-28 21:00:00,28.06
2016-01-28 22:00:00,29.27
2016-01-28 23:00:00,32.23
2016-01-29 00:00:00,21.91
2016-01-29 01:00:00,19.06
2016-01-29 02:00:00,18.08
2016-01-29 03:00:00,16.03
2016-01-29 04:00:00,19.63
2016-01-29 05:00:00,28.27
2016-01-29 06:00:00,40.1
2016-01-29 07:00:00,36.65
2016-01-29 08:00:00,38.61
2016-01-29 09:00:00,38.52
2016-01-29 10:00:00,36.44
2016-01-29 11:00:00,32.59
2016-01-29 12:00:00,30.01
2016-01-29 13:00:00,28.62
2016-01-29 14:00:00,27.81
2016-01-29 15:00:00,26.2
2016-01-29 16:00:00,29.4
2016-01-29 17:00:00,37.74
2016-01-29 18:00:00,32.65
2016-01-29 19:00:00,27.2
2016-01-29 20:00:00,29.03
2016-01-29 21:00:00,27.11
2016-01-29 22:00:00,33.57
2016-01-29 23:00:00,22.87
2016-01-30 00:00:00,16.8
2016-01-30 01:00:00,18.67
2016-01-30 02:00:00,13.67
2016-01-30 03:00:00,8.52
2016-01-30 04:00:00,12.22
2016-01-30 05:00:00,13.69
2016-01-30 06:00:00,20.54
2016-01-30 07:00:00,17.32
2016-01-30 08:00:00,20.93
2016-01-30 09:00:00,19.42
2016-01-30 10:00:00,19.06
2016-01-30 11:00:00,19.48
2016-01-30 12:00:00,18.13
2016-01-30 13:00:00,16.85
2016-01-30 14:00:00,17.41
2016-01-30 15:00:00,17.51
2016-01-30 16:00:00,20.75
2016-01-30 17:00:00,28.19
2016-01-30 18:00:00,28.37
2016-01-30 19:00:00,20.72
2016-01-30 20:00:00,17.88
2016-01-30 21:00:00,24.62
2016-01-30 22:00:00,24.75
2016-01-30 23:00:00,16.74
2016-01-31 00:00:00,14.78
2016-01-31 01:00:00,14.78
2016-01-31 02:00:00,8.83
2016-01-31 03:00:00,4.71
2016-01-31 04:00:00,4.98
2016-01-31 05:00:00,6.68
2016-01-31 06:00:00,11.35
2016-01-31 07:00:00,15.52
2016-01-31 08:00:00,16.26
2016-01-31 09:00:00,19.13
2016-01-31 10:00:00,26.24
2016-01-31 11:00:00,19.89
2016-01-31 12:00:00,21.27
2016-01-31 13:00:00,15.53
2016-01-31 14:00:00,15.0
2016-01-31 15:00:00,16.8
2016-01-31 16:00:00,22.06
2016-01-31 17:00:00,26.28
2016-01-31 18:00:00,25.83
2016-01-31 19:00:00,22.37
2016-01-31 20:00:00,18.56
2016-01-31 21:00:00,18.79
2016-01-31 22:00:00,16.45
2016-01-31 23:00:00,16.31
2016-02-01 00:00:00,14.42
2016-02-01 01:00:00,15.07
2016-02-01 02:00:00,11.76
2016-02-01 03:00:00,4.57
2016-02-01 04:00:00,12.91
2016-02-01 05:00:00,23.93
2016-02-01 06:00:00,35.9
2016-02-01 07:00:00,37.99
2016-02-01 08:00:00,36.05
2016-02-01 09:00:00,33.34
2016-02-01 10:00:00,29.24
2016-02-01 11:00:00,28.11
2016-02-01 12:00:00,25.55
2016-02-01 13:00:00,24.25
2016-02-01 14:00:00,23.99
2016-02-01 15:00:00,19.39
2016-02-01 16:00:00,26.21
2016-02-01 17:00:00,33.53
2016-02-01 18:00:00,33.16
2016-02-01 19:00:00,28.07
2016-02-01 20:00:00,18.74
2016-02-01 21:00:00,16.69
2016-02-01 22:00:00,15.62
2016-02-01 23:00:00,14.32
2016-02-02 00:00:00,10.27
2016-02-02 01:00:00,8.71
2016-02-02 02:00:00,4.73
2016-02-02 03:00:00,4.06
2016-02-02 04:00:00,9.52
2016-02-02 05:00:00,21.12
2016-02-02 06:00:00,30.54
2016-02-02 07:00:00,31.6
2016-02-02 08:00:00,31.18
2016-02-02 09:00:00,31.79
2016-02-02 10:00:00,31.99
2016-02-02 11:00:00,31.92
2016-02-02 12:00:00,27.14
2016-02-02 13:00:00,25.37
2016-02-02 14:00:00,24.64
2016-02-02 15:00:00,25.24
2016-02-02 16:00:00,29.48
2016-02-02 17:00:00,35.96
2016-02-02 18:00:00,33.29
2016-02-02 19:00:00,27.26
2016-02-02 20:00:00,22.28
2016-02-02 21:00:00,23.27
2016-02-02 22:00:00,22.56
2016-02-02 23:00:00,16.17
2016-02-03 00:00:00,12.98
2016-02-03 01:00:00,11.69
2016-02-03 02:00:00,10.27
2016-02-03 03:00:00,10.98
2016-02-03 04:00:00,15.06
2016-02-03 05:00:00,21.41
2016-02-03 06:00:00,33.25
2016-02-03 07:00:00,35.0
2016-02-03 08:00:00,33.96
2016-02-03 09:00:00,28.24
2016-02-03 10:00:00,26.43
2016-02-03 11:00:00,24.18
2016-02-03 12:00:00,24.18
2016-02-03 13:00:00,24.42
2016-02-03 14:00:00,23.04
2016-02-03 15:00:00,26.4
2016-02-03 16:00:00,32.62
2016-02-03 17:00:00,36.69
2016-02-03 18:00:00,36.19
2016-02-03 19:00:00,30.13
2016-02-03 20:00:00,23.75
2016-02-03 21:00:00,25.42
2016-02-03 22:00:00,29.0
2016-02-03 23:00:00,18.04
2016-02-04 00:00:00,17.78
2016-02-04 01:00:00,16.52
2016-02-04 02:00:00,15.4
2016-02-04 03:00:00,14.33
2016-02-04 04:00:00,17.01
2016-02-04 05:00:00,22.43
2016-02-04 06:00:00,31.96
2016-02-04 07:00:00,31.4
2016-02-04 08:00:00,28.55
2016-02-04 09:00:00,29.19
2016-02-04 10:00:00,30.22
2016-02-04 11:00:00,27.97
2016-02-04 12:00:00,26.87
2016-02-04 13:00:00,25.85
2016-02-04 14:00:00,27.94
2016-02-04 15:00:00,27.81
2016-02-04 16:00:00,35.0
2016-02-04 17:00:00,42.18
2016-02-04 18:00:00,39.01
2016-02-04 19:00:00,32.04
2016-02-04 20:00:00,26.96
2016-02-04 21:00:00,27.83
2016-02-04 22:00:00,23.98
2016-02-04 23:00:00,24.61
2016-02-05 00:00:00,23.0
2016-02-05 01:00:00,22.22
2016-02-05 02:00:00,20.1
2016-02-05 03:00:00,21.18
2016-02-05 04:00:00,21.18
2016-02-05 05:00:00,28.32
2016-02-05 06:00:00,38.27
2016-02-05 07:00:00,38.4
2016-02-05 08:00:00,37.49
2016-02-05 09:00:00,36.5
2016-02-05 10:00:00,35.94
2016-02-05 11:00:00,34.36
2016-02-05 12:00:00,31.95
2016-02-05 13:00:00,27.74
2016-02-05 14:00:00,25.33
2016-02-05 15:00:00,24.78
2016-02-05 16:00:00,29.96
2016-02-05 17:00:00,33.09
2016-02-05 18:00:00,31.98
2016-02-05 19:00:00,27.02
2016-02-05 20:00:00,25.64
2016-02-05 21:00:00,25.95
2016-02-05 22:00:00,23.93
2016-02-05 23:00:00,18.42
2016-02-06 00:00:00,15.82
2016-02-06 01:00:00,16.13
2016-02-06 02:00:00,14.56
2016-02-06 03:00:00,14.06
2016-02-06 04:00:00,14.26
2016-02-06 05:00:00,15.2
2016-02-06 06:00:00,17.12
2016-02-06 07:00:00,19.01
2016-02-06 08:00:00,20.03
2016-02-06 09:00:00,18.53
2016-02-06 10:00:00,17.61
2016-02-06 11:00:00,17.05
2016-02-06 12:00:00,16.01
2016-02-06 13:00:00,14.34
2016-02-06 14:00:00,15.43
2016-02-06 15:00:00,17.01
2016-02-06 16:00:00,19.97
2016-02-06 17:00:00,23.15
2016-02-06 18:00:00,21.74
2016-02-06 19:00:00,16.79
2016-02-06 20:00:00,14.07
2016-02-06 21:00:00,16.1
2016-02-06 22:00:00,14.28
2016-02-06 23:00:00,8.72
2016-02-07 00:00:00,9.15
2016-02-07 01:00:00,8.48
2016-02-07 02:00:00,6.23
2016-02-07 03:00:00,5.1
2016-02-07 04:00:00,5.0
2016-02-07 05:00:00,3.04
2016-02-07 06:00:00,5.1
2016-02-07 07:00:00,8.0
2016-02-07 08:00:00,10.63
2016-02-07 09:00:00,15.71
2016-02-07 10:00:00,15.39
2016-02-07 11:00:00,16.0
2016-02-07 12:00:00,13.63
2016-02-07 13:00:00,12.4
2016-02-07 14:00:00,10.96
2016-02-07 15:00:00,13.49
2016-02-07 16:00:00,16.64
2016-02-07 17:00:00,24.48
2016-02-07 18:00:00,19.56
2016-02-07 19:00:00,49.03
2016-02-07 20:00:00,14.67
2016-02-07 21:00:00,16.72
2016-02-07 22:00:00,16.0
2016-02-07 23:00:00,10.02
2016-02-08 00:00:00,8.31
2016-02-08 01:00:00,6.48
2016-02-08 02:00:00,2.97
2016-02-08 03:00:00,3.83
2016-02-08 04:00:00,7.86
2016-02-08 05:00:00,17.19
2016-02-08 06:00:00,26.69
2016-02-08 07:00:00,27.12
2016-02-08 08:00:00,25.25
2016-02-08 09:00:00,25.58
2016-02-08 10:00:00,24.98
2016-02-08 11:00:00,24.48
2016-02-08 12:00:00,23.05
2016-02-08 13:00:00,22.58
2016-02-08 14:00:00,21.52
2016-02-08 15:00:00,20.78
2016-02-08 16:00:00,25.42
2016-02-08 17:00:00,33.28
2016-02-08 18:00:00,29.83
2016-02-08 19:00:00,23.68
2016-02-08 20:00:00,19.98
2016-02-08 21:00:00,19.89
2016-02-08 22:00:00,17.95
2016-02-08 23:00:00,19.7
2016-02-09 00:00:00,15.0
2016-02-09 01:00:00,12.5
2016-02-09 02:00:00,6.04
2016-02-09 03:00:00,7.2
2016-02-09 04:00:00,12.4
2016-02-09 05:00:00,18.5
2016-02-09 06:00:00,28.26
2016-02-09 07:00:00,30.1
2016-02-09 08:00:00,30.1
2016-02-09 09:00:00,26.5
2016-02-09 10:00:00,28.16
2016-02-09 11:00:00,27.03
2016-02-09 12:00:00,28.69
2016-02-09 13:00:00,27.44
2016-02-09 14:00:00,26.97
2016-02-09 15:00:00,27.24
2016-02-09 16:00:00,31.01
2016-02-09 17:00:00,39.98
2016-02-09 18:00:00,34.06
2016-02-09 19:00:00,30.1
2016-02-09 20:00:00,26.0
2016-02-09 21:00:00,24.74
2016-02-09 22:00:00,25.0
2016-02-09 23:00:00,17.75
2016-02-10 00:00:00,14.28
2016-02-10 01:00:00,13.85
2016-02-10 02:00:00,14.0
2016-02-10 03:00:00,14.75
2016-02-10 04:00:00,16.2
2016-02-10 05:00:00,22.8
2016-02-10 06:00:00,30.59
2016-02-10 07:00:00,32.05
2016-02-10 08:00:00,33.3
2016-02-10 09:00:00,33.15
2016-02-10 10:00:00,32.26
2016-02-10 11:00:00,30.35
2016-02-10 12:00:00,27.74
2016-02-10 13:00:00,27.44
2016-02-10 14:00:00,27.77
2016-02-10 15:00:00,28.68
2016-02-10 16:00:00,32.1
2016-02-10 17:00:00,39.24
2016-02-10 18:00:00,41.91
2016-02-10 19:00:00,39.43
2016-02-10 20:00:00,34.19
2016-02-10 21:00:00,32.1
2016-02-10 22:00:00,28.3
2016-02-10 23:00:00,23.82
2016-02-11 00:00:00,21.48
2016-02-11 01:00:00,21.0
2016-02-11 02:00:00,19.94
2016-02-11 03:00:00,18.6
2016-02-11 04:00:00,21.79
2016-02-11 05:00:00,28.63
2016-02-11 06:00:00,37.2
2016-02-11 07:00:00,43.83
2016-02-11 08:00:00,43.79
2016-02-11 09:00:00,41.55
2016-02-11 10:00:00,37.0
2016-02-11 11:00:00,32.07
2016-02-11 12:00:00,34.49
2016-02-11 13:00:00,34.69
2016-02-11 14:00:00,30.0
2016-02-11 15:00:00,32.1
2016-02-11 16:00:00,36.0
2016-02-11 17:00:00,41.02
2016-02-11 18:00:00,42.0
2016-02-11 19:00:00,37.2
2016-02-11 20:00:00,32.54
2016-02-11 21:00:00,30.33
2016-02-11 22:00:00,26.1
2016-02-11 23:00:00,22.81
2016-02-12 00:00:00,21.59
2016-02-12 01:00:00,21.3
2016-02-12 02:00:00,19.86
2016-02-12 03:00:00,20.69
2016-02-12 04:00:00,21.64
2016-02-12 05:00:00,27.18
2016-02-12 06:00:00,36.43
2016-02-12 07:00:00,37.3
2016-02-12 08:00:00,34.97
2016-02-12 09:00:00,34.7
2016-02-12 10:00:00,33.48
2016-02-12 11:00:00,30.0
2016-02-12 12:00:00,26.93
2016-02-12 13:00:00,25.62
2016-02-12 14:00:00,25.0
2016-02-12 15:00:00,27.18
2016-02-12 16:00:00,34.56
2016-02-12 17:00:00,40.36
2016-02-12 18:00:00,35.56
2016-02-12 19:00:00,29.96
2016-02-12 20:00:00,26.45
2016-02-12 21:00:00,27.18
2016-02-12 22:00:00,26.09
2016-02-12 23:00:00,22.23
2016-02-13 00:00:00,21.1
2016-02-13 01:00:00,20.21
2016-02-13 02:00:00,19.94
2016-02-13 03:00:00,19.9
2016-02-13 04:00:00,19.98
2016-02-13 05:00:00,19.9
2016-02-13 06:00:00,21.48
2016-02-13 07:00:00,28.38
2016-02-13 08:00:00,30.36
2016-02-13 09:00:00,30.09
2016-02-13 10:00:00,29.84
2016-02-13 11:00:00,26.75
2016-02-13 12:00:00,23.93
2016-02-13 13:00:00,21.37
2016-02-13 14:00:00,21.15
2016-02-13 15:00:00,20.96
2016-02-13 16:00:00,24.69
2016-02-13 17:00:00,30.1
2016-02-13 18:00:00,26.02
2016-02-13 19:00:00,21.46
2016-02-13 20:00:00,19.76
2016-02-13 21:00:00,20.33
2016-02-13 22:00:00,19.59
2016-02-13 23:00:00,13.06
2016-02-14 00:00:00,12.17
2016-02-14 01:00:00,8.81
2016-02-14 02:00:00,6.74
2016-02-14 03:00:00,6.41
2016-02-14 04:00:00,6.78
2016-02-14 05:00:00,7.28
2016-02-14 06:00:00,10.1
2016-02-14 07:00:00,12.47
2016-02-14 08:00:00,16.32
2016-02-14 09:00:00,17.59
2016-02-14 10:00:00,18.01
2016-02-14 11:00:00,18.4
2016-02-14 12:00:00,17.87
2016-02-14 13:00:00,16.62
2016-02-14 14:00:00,15.13
2016-02-14 15:00:00,16.96
2016-02-14 16:00:00,21.21
2016-02-14 17:00:00,29.94
2016-02-14 18:00:00,30.38
2016-02-14 19:00:00,25.33
2016-02-14 20:00:00,20.21
2016-02-14 21:00:00,20.33
2016-02-14 22:00:00,17.86
2016-02-14 23:00:00,16.57
2016-02-15 00:00:00,16.0
2016-02-15 01:00:00,14.55
2016-02-15 02:00:00,13.14
2016-02-15 03:00:00,12.68
2016-02-15 04:00:00,14.65
2016-02-15 05:00:00,25.38
2016-02-15 06:00:00,36.2
2016-02-15 07:00:00,30.11
2016-02-15 08:00:00,34.82
2016-02-15 09:00:00,30.91
2016-02-15 10:00:00,29.93
2016-02-15 11:00:00,27.22
2016-02-15 12:00:00,25.39
2016-02-15 13:00:00,24.81
2016-02-15 14:00:00,24.4
2016-02-15 15:00:00,24.93
2016-02-15 16:00:00,28.45
2016-02-15 17:00:00,38.23
2016-02-15 18:00:00,40.13
2016-02-15 19:00:00,36.37
2016-02-15 20:00:00,30.0
2016-02-15 21:00:00,25.87
2016-02-15 22:00:00,25.97
2016-02-15 23:00:00,25.99
2016-02-16 00:00:00,23.65
2016-02-16 01:00:00,22.91
2016-02-16 02:00:00,22.04
2016-02-16 03:00:00,21.83
2016-02-16 04:00:00,22.74
2016-02-16 05:00:00,29.39
2016-02-16 06:00:00,40.43
2016-02-16 07:00:00,42.46
2016-02-16 08:00:00,42.42
2016-02-16 09:00:00,37.91
2016-02-16 10:00:00,35.72
2016-02-16 11:00:00,34.12
2016-02-16 12:00:00,32.77
2016-02-16 13:00:00,31.7
2016-02-16 14:00:00,32.09
2016-02-16 15:00:00,34.88
2016-02-16 16:00:00,39.81
2016-02-16 17:00:00,53.46
2016-02-16 18:00:00,52.21
2016-02-16 19:00:00,46.53
2016-02-16 20:00:00,39.8
2016-02-16 21:00:00,38.92
2016-02-16 22:00:00,35.24
2016-02-16 23:00:00,32.45
2016-02-17 00:00:00,31.27
2016-02-17 01:00:00,29.72
2016-02-17 02:00:00,27.44
2016-02-17 03:00:00,26.62
2016-02-17 04:00:00,28.0
2016-02-17 05:00:00,36.1
2016-02-17 06:00:00,42.69
2016-02-17 07:00:00,44.69
2016-02-17 08:00:00,47.33
2016-02-17 09:00:00,46.25
2016-02-17 10:00:00,42.6
2016-02-17 11:00:00,40.0
2016-02-17 12:00:00,39.98
2016-02-17 13:00:00,40.0
2016-02-17 14:00:00,38.02
2016-02-17 15:00:00,38.58
2016-02-17 16:00:00,41.44
2016-02-17 17:00:00,60.13
2016-02-17 18:00:00,55.76
2016-02-17 19:00:00,45.44
2016-02-17 20:00:00,40.0
2016-02-17 21:00:00,37.08
2016-02-17 22:00:00,35.06
2016-02-17 23:00:00,29.0
2016-02-18 00:00:00,25.05
2016-02-18 01:00:00,26.18
2016-02-18 02:00:00,21.03
2016-02-18 03:00:00,19.89
2016-02-18 04:00:00,21.97
2016-02-18 05:00:00,31.92
2016-02-18 06:00:00,42.99
2016-02-18 07:00:00,45.47
2016-02-18 08:00:00,47.15
2016-02-18 09:00:00,46.0
2016-02-18 10:00:00,42.99
2016-02-18 11:00:00,39.62
2016-02-18 12:00:00,37.99
2016-02-18 13:00:00,37.99
2016-02-18 14:00:00,37.2
2016-02-18 15:00:00,38.98
2016-02-18 16:00:00,40.7
2016-02-18 17:00:00,53.17
2016-02-18 18:00:00,49.89
2016-02-18 19:00:00,45.0
2016-02-18 20:00:00,39.0
2016-02-18 21:00:00,35.77
2016-02-18 22:00:00,34.09
2016-02-18 23:00:00,30.79
2016-02-19 00:00:00,26.69
2016-02-19 01:00:00,26.0
2016-02-19 02:00:00,22.19
2016-02-19 03:00:00,22.37
2016-02-19 04:00:00,26.83
2016-02-19 05:00:00,32.3
2016-02-19 06:00:00,42.99
2016-02-19 07:00:00,45.25
2016-02-19 08:00:00,45.5
2016-02-19 09:00:00,43.97
2016-02-19 10:00:00,41.67
2016-02-19 11:00:00,37.74
2016-02-19 12:00:00,36.35
2016-02-19 13:00:00,33.68
2016-02-19 14:00:00,29.25
2016-02-19 15:00:00,26.55
2016-02-19 16:00:00,30.04
2016-02-19 17:00:00,42.35
2016-02-19 18:00:00,42.29
2016-02-19 19:00:00,30.09
2016-02-19 20:00:00,28.3
2016-02-19 21:00:00,28.71
2016-02-19 22:00:00,27.71
2016-02-19 23:00:00,18.3
2016-02-20 00:00:00,17.06
2016-02-20 01:00:00,18.04
2016-02-20 02:00:00,15.56
2016-02-20 03:00:00,12.73
2016-02-20 04:00:00,13.01
2016-02-20 05:00:00,15.81
2016-02-20 06:00:00,18.82
2016-02-20 07:00:00,19.4
2016-02-20 08:00:00,22.25
2016-02-20 09:00:00,23.0
2016-02-20 10:00:00,22.31
2016-02-20 11:00:00,23.32
2016-02-20 12:00:00,21.57
2016-02-20 13:00:00,20.01
2016-02-20 14:00:00,18.34
2016-02-20 15:00:00,17.8
2016-02-20 16:00:00,20.12
2016-02-20 17:00:00,24.64
2016-02-20 18:00:00,24.18
2016-02-20 19:00:00,20.2
2016-02-20 20:00:00,17.49
2016-02-20 21:00:00,20.18
2016-02-20 22:00:00,21.11
2016-02-20 23:00:00,16.0
2016-02-21 00:00:00,14.96
2016-02-21 01:00:00,13.05
2016-02-21 02:00:00,7.6
2016-02-21 03:00:00,5.95
2016-02-21 04:00:00,6.75
2016-02-21 05:00:00,7.13
2016-02-21 06:00:00,5.21
2016-02-21 07:00:00,7.68
2016-02-21 08:00:00,12.03
2016-02-21 09:00:00,13.89
2016-02-21 10:00:00,15.38
2016-02-21 11:00:00,15.36
2016-02-21 12:00:00,11.72
2016-02-21 13:00:00,7.75
2016-02-21 14:00:00,7.13
2016-02-21 15:00:00,9.15
2016-02-21 16:00:00,14.34
2016-02-21 17:00:00,18.86
2016-02-21 18:00:00,22.78
2016-02-21 19:00:00,19.08
2016-02-21 20:00:00,17.37
2016-02-21 21:00:00,17.51
2016-02-21 22:00:00,18.36
2016-02-21 23:00:00,7.72
2016-02-22 00:00:00,8.35
2016-02-22 01:00:00,6.29
2016-02-22 02:00:00,3.23
2016-02-22 03:00:00,3.73
2016-02-22 04:00:00,8.09
2016-02-22 05:00:00,18.05
2016-02-22 06:00:00,26.38
2016-02-22 07:00:00,27.92
2016-02-22 08:00:00,29.31
2016-02-22 09:00:00,28.94
2016-02-22 10:00:00,27.39
2016-02-22 11:00:00,25.3
2016-02-22 12:00:00,24.52
2016-02-22 13:00:00,23.98
2016-02-22 14:00:00,23.91
2016-02-22 15:00:00,23.92
2016-02-22 16:00:00,27.93
2016-02-22 17:00:00,40.13
2016-02-22 18:00:00,39.45
2016-02-22 19:00:00,29.37
2016-02-22 20:00:00,24.69
2016-02-22 21:00:00,25.08
2016-02-22 22:00:00,21.72
2016-02-22 23:00:00,27.45
2016-02-23 00:00:00,22.36
2016-02-23 01:00:00,21.12
2016-02-23 02:00:00,17.47
2016-02-23 03:00:00,17.83
2016-02-23 04:00:00,20.96
2016-02-23 05:00:00,27.32
2016-02-23 06:00:00,34.67
2016-02-23 07:00:00,37.8
2016-02-23 08:00:00,37.01
2016-02-23 09:00:00,36.5
2016-02-23 10:00:00,32.98
2016-02-23 11:00:00,35.15
2016-02-23 12:00:00,33.83
2016-02-23 13:00:00,32.52
2016-02-23 14:00:00,32.5
2016-02-23 15:00:00,32.5
2016-02-23 16:00:00,30.08
2016-02-23 17:00:00,36.75
2016-02-23 18:00:00,42.3
2016-02-23 19:00:00,33.75
2016-02-23 20:00:00,24.6
2016-02-23 21:00:00,29.08
2016-02-23 22:00:00,28.46
2016-02-23 23:00:00,23.99
2016-02-24 00:00:00,22.8
2016-02-24 01:00:00,22.17
2016-02-24 02:00:00,18.3
2016-02-24 03:00:00,17.82
2016-02-24 04:00:00,20.76
2016-02-24 05:00:00,24.39
2016-02-24 06:00:00,33.69
2016-02-24 07:00:00,35.06
2016-02-24 08:00:00,35.97
2016-02-24 09:00:00,30.59
2016-02-24 10:00:00,33.84
2016-02-24 11:00:00,30.98
2016-02-24 12:00:00,28.28
2016-02-24 13:00:00,26.18
2016-02-24 14:00:00,24.0
2016-02-24 15:00:00,27.75
2016-02-24 16:00:00,32.5
2016-02-24 17:00:00,40.0
2016-02-24 18:00:00,45.02
2016-02-24 19:00:00,38.95
2016-02-24 20:00:00,35.51
2016-02-24 21:00:00,32.79
2016-02-24 22:00:00,30.17
2016-02-24 23:00:00,24.04
2016-02-25 00:00:00,22.58
2016-02-25 01:00:00,21.26
2016-02-25 02:00:00,20.09
2016-02-25 03:00:00,19.94
2016-02-25 04:00:00,21.7
2016-02-25 05:00:00,27.19
2016-02-25 06:00:00,36.04
2016-02-25 07:00:00,38.29
2016-02-25 08:00:00,34.44
2016-02-25 09:00:00,32.12
2016-02-25 10:00:00,30.44
2016-02-25 11:00:00,30.07
2016-02-25 12:00:00,27.59
2016-02-25 13:00:00,25.0
2016-02-25 14:00:00,24.78
2016-02-25 15:00:00,25.39
2016-02-25 16:00:00,31.16
2016-02-25 17:00:00,39.91
2016-02-25 18:00:00,47.0
2016-02-25 19:00:00,40.7
2016-02-25 20:00:00,31.65
2016-02-25 21:00:00,31.0
2016-02-25 22:00:00,27.09
2016-02-25 23:00:00,25.44
2016-02-26 00:00:00,23.0
2016-02-26 01:00:00,21.11
2016-02-26 02:00:00,20.0
2016-02-26 03:00:00,21.02
2016-02-26 04:00:00,22.07
2016-02-26 05:00:00,27.35
2016-02-26 06:00:00,32.93
2016-02-26 07:00:00,36.08
2016-02-26 08:00:00,33.48
2016-02-26 09:00:00,32.6
2016-02-26 10:00:00,29.5
2016-02-26 11:00:00,27.57
2016-02-26 12:00:00,25.06
2016-02-26 13:00:00,24.0
2016-02-26 14:00:00,25.11
2016-02-26 15:00:00,26.94
2016-02-26 16:00:00,33.98
2016-02-26 17:00:00,39.94
2016-02-26 18:00:00,37.55
2016-02-26 19:00:00,31.18
2016-02-26 20:00:00,26.35
2016-02-26 21:00:00,26.86
2016-02-26 22:00:00,25.0
2016-02-26 23:00:00,26.94
2016-02-27 00:00:00,23.02
2016-02-27 01:00:00,21.77
2016-02-27 02:00:00,19.76
2016-02-27 03:00:00,19.83
2016-02-27 04:00:00,20.16
2016-02-27 05:00:00,21.18
2016-02-27 06:00:00,22.76
2016-02-27 07:00:00,25.71
2016-02-27 08:00:00,26.79
2016-02-27 09:00:00,23.83
2016-02-27 10:00:00,21.9
2016-02-27 11:00:00,22.03
2016-02-27 12:00:00,19.65
2016-02-27 13:00:00,19.68
2016-02-27 14:00:00,19.93
2016-02-27 15:00:00,20.21
2016-02-27 16:00:00,24.97
2016-02-27 17:00:00,32.04
2016-02-27 18:00:00,31.91
2016-02-27 19:00:00,25.72
2016-02-27 20:00:00,21.74
2016-02-27 21:00:00,23.1
2016-02-27 22:00:00,23.4
2016-02-27 23:00:00,19.9
2016-02-28 00:00:00,18.39
2016-02-28 01:00:00,18.01
2016-02-28 02:00:00,17.62
2016-02-28 03:00:00,17.31
2016-02-28 04:00:00,17.46
2016-02-28 05:00:00,17.51
2016-02-28 06:00:00,17.58
2016-02-28 07:00:00,17.9
2016-02-28 08:00:00,19.02
2016-02-28 09:00:00,19.01
2016-02-28 10:00:00,19.02
2016-02-28 11:00:00,16.6
2016-02-28 12:00:00,14.06
2016-02-28 13:00:00,12.45
2016-02-28 14:00:00,12.21
2016-02-28 15:00:00,13.26
2016-02-28 16:00:00,19.11
2016-02-28 17:00:00,24.6
2016-02-28 18:00:00,26.98
2016-02-28 19:00:00,21.81
2016-02-28 20:00:00,20.03
2016-02-28 21:00:00,20.44
2016-02-28 22:00:00,20.19
2016-02-28 23:00:00,20.57
2016-02-29 00:00:00,18.19
2016-02-29 01:00:00,17.6
2016-02-29 02:00:00,17.0
2016-02-29 03:00:00,17.01
2016-02-29 04:00:00,19.02
2016-02-29 05:00:00,28.23
2016-02-29 06:00:00,35.05
2016-02-29 07:00:00,33.31
2016-02-29 08:00:00,31.58
2016-02-29 09:00:00,31.05
2016-02-29 10:00:00,30.61
2016-02-29 11:00:00,28.06
2016-02-29 12:00:00,24.68
2016-02-29 13:00:00,22.76
2016-02-29 14:00:00,22.78
2016-02-29 15:00:00,23.4
2016-02-29 16:00:00,26.58
2016-02-29 17:00:00,34.03
2016-02-29 18:00:00,42.78
2016-02-29 19:00:00,40.0
2016-02-29 20:00:00,36.71
2016-02-29 21:00:00,33.07
2016-02-29 22:00:00,32.0
2016-02-29 23:00:00,25.81
2016-03-01 00:00:00,22.46
2016-03-01 01:00:00,25.0
2016-03-01 02:00:00,25.0
2016-03-01 03:00:00,25.0
2016-03-01 04:00:00,24.14
2016-03-01 05:00:00,34.73
2016-03-01 06:00:00,37.99
2016-03-01 07:00:00,41.16
2016-03-01 08:00:00,41.76
2016-03-01 09:00:00,37.99
2016-03-01 10:00:00,35.96
2016-03-01 11:00:00,33.16
2016-03-01 12:00:00,33.0
2016-03-01 13:00:00,30.35
2016-03-01 14:00:00,29.39
2016-03-01 15:00:00,26.48
2016-03-01 16:00:00,26.95
2016-03-01 17:00:00,31.75
2016-03-01 18:00:00,37.24
2016-03-01 19:00:00,37.24
2016-03-01 20:00:00,33.79
2016-03-01 21:00:00,30.75
2016-03-01 22:00:00,23.05
2016-03-01 23:00:00,24.7
2016-03-02 00:00:00,18.35
2016-03-02 01:00:00,14.13
2016-03-02 02:00:00,13.54
2016-03-02 03:00:00,13.94
2016-03-02 04:00:00,15.88
2016-03-02 05:00:00,21.45
2016-03-02 06:00:00,30.58
2016-03-02 07:00:00,28.67
2016-03-02 08:00:00,30.25
2016-03-02 09:00:00,30.0
2016-03-02 10:00:00,28.0
2016-03-02 11:00:00,27.43
2016-03-02 12:00:00,26.0
2016-03-02 13:00:00,25.92
2016-03-02 14:00:00,28.06
2016-03-02 15:00:00,28.56
2016-03-02 16:00:00,31.99
2016-03-02 17:00:00,40.0
2016-03-02 18:00:00,41.19
2016-03-02 19:00:00,31.0
2016-03-02 20:00:00,28.75
2016-03-02 21:00:00,28.0
2016-03-02 22:00:00,31.28
2016-03-02 23:00:00,21.19
2016-03-03 00:00:00,19.5
2016-03-03 01:00:00,18.64
2016-03-03 02:00:00,17.93
2016-03-03 03:00:00,18.26
2016-03-03 04:00:00,19.38
2016-03-03 05:00:00,24.58
2016-03-03 06:00:00,31.02
2016-03-03 07:00:00,31.04
2016-03-03 08:00:00,31.86
2016-03-03 09:00:00,32.32
2016-03-03 10:00:00,31.94
2016-03-03 11:00:00,31.53
2016-03-03 12:00:00,30.53
2016-03-03 13:00:00,30.06
2016-03-03 14:00:00,30.97
2016-03-03 15:00:00,30.96
2016-03-03 16:00:00,32.85
2016-03-03 17:00:00,42.71
2016-03-03 18:00:00,42.92
2016-03-03 19:00:00,37.13
2016-03-03 20:00:00,33.0
2016-03-03 21:00:00,32.62
2016-03-03 22:00:00,29.1
2016-03-03 23:00:00,27.42
2016-03-04 00:00:00,24.55
2016-03-04 01:00:00,21.41
2016-03-04 02:00:00,19.19
2016-03-04 03:00:00,18.99
2016-03-04 04:00:00,20.18
2016-03-04 05:00:00,26.92
2016-03-04 06:00:00,31.73
2016-03-04 07:00:00,33.97
2016-03-04 08:00:00,33.48
2016-03-04 09:00:00,32.03
2016-03-04 10:00:00,37.0
2016-03-04 11:00:00,33.94
2016-03-04 12:00:00,32.52
2016-03-04 13:00:00,34.0
2016-03-04 14:00:00,27.84
2016-03-04 15:00:00,26.2
2016-03-04 16:00:00,30.38
2016-03-04 17:00:00,33.99
2016-03-04 18:00:00,38.57
2016-03-04 19:00:00,37.65
2016-03-04 20:00:00,33.95
2016-03-04 21:00:00,33.94
2016-03-04 22:00:00,29.23
2016-03-04 23:00:00,27.37
2016-03-05 00:00:00,22.24
2016-03-05 01:00:00,19.42
2016-03-05 02:00:00,18.96
2016-03-05 03:00:00,18.88
2016-03-05 04:00:00,19.01
2016-03-05 05:00:00,19.16
2016-03-05 06:00:00,20.75
2016-03-05 07:00:00,24.55
2016-03-05 08:00:00,27.08
2016-03-05 09:00:00,28.88
2016-03-05 10:00:00,25.35
2016-03-05 11:00:00,24.49
2016-03-05 12:00:00,22.44
2016-03-05 13:00:00,20.9
2016-03-05 14:00:00,20.57
2016-03-05 15:00:00,21.25
2016-03-05 16:00:00,25.92
2016-03-05 17:00:00,34.02
2016-03-05 18:00:00,35.0
2016-03-05 19:00:00,27.86
2016-03-05 20:00:00,24.44
2016-03-05 21:00:00,25.18
2016-03-05 22:00:00,25.12
2016-03-05 23:00:00,20.69
2016-03-06 00:00:00,19.94
2016-03-06 01:00:00,19.13
2016-03-06 02:00:00,18.69
2016-03-06 03:00:00,18.58
2016-03-06 04:00:00,18.83
2016-03-06 05:00:00,18.65
2016-03-06 06:00:00,18.78
2016-03-06 07:00:00,19.28
2016-03-06 08:00:00,19.99
2016-03-06 09:00:00,20.26
2016-03-06 10:00:00,20.51
2016-03-06 11:00:00,20.03
2016-03-06 12:00:00,19.14
2016-03-06 13:00:00,18.24
2016-03-06 14:00:00,18.23
2016-03-06 15:00:00,18.73
2016-03-06 16:00:00,20.57
2016-03-06 17:00:00,28.93
2016-03-06 18:00:00,31.62
2016-03-06 19:00:00,29.17
2016-03-06 20:00:00,26.1
2016-03-06 21:00:00,27.44
2016-03-06 22:00:00,27.09
2016-03-06 23:00:00,25.45
2016-03-07 00:00:00,23.3
2016-03-07 01:00:00,22.23
2016-03-07 02:00:00,20.02
2016-03-07 03:00:00,20.44
2016-03-07 04:00:00,21.87
2016-03-07 05:00:00,34.27
2016-03-07 06:00:00,40.42
2016-03-07 07:00:00,47.58
2016-03-07 08:00:00,45.8
2016-03-07 09:00:00,43.0
2016-03-07 10:00:00,40.82
2016-03-07 11:00:00,34.38
2016-03-07 12:00:00,29.88
2016-03-07 13:00:00,27.72
2016-03-07 14:00:00,27.1
2016-03-07 15:00:00,30.07
2016-03-07 16:00:00,34.52
2016-03-07 17:00:00,48.29
2016-03-07 18:00:00,50.0
2016-03-07 19:00:00,35.55
2016-03-07 20:00:00,32.0
2016-03-07 21:00:00,31.05
2016-03-07 22:00:00,26.02
2016-03-07 23:00:00,22.39
2016-03-08 00:00:00,22.91
2016-03-08 01:00:00,22.81
2016-03-08 02:00:00,22.0
2016-03-08 03:00:00,21.67
2016-03-08 04:00:00,22.7
2016-03-08 05:00:00,27.44
2016-03-08 06:00:00,37.73
2016-03-08 07:00:00,43.33
2016-03-08 08:00:00,44.16
2016-03-08 09:00:00,37.68
2016-03-08 10:00:00,34.61
2016-03-08 11:00:00,30.0
2016-03-08 12:00:00,36.01
2016-03-08 13:00:00,32.38
2016-03-08 14:00:00,32.44
2016-03-08 15:00:00,27.92
2016-03-08 16:00:00,33.1
2016-03-08 17:00:00,44.93
2016-03-08 18:00:00,50.6
2016-03-08 19:00:00,40.28
2016-03-08 20:00:00,28.17
2016-03-08 21:00:00,30.22
2016-03-08 22:00:00,28.21
2016-03-08 23:00:00,23.8
2016-03-09 00:00:00,24.1
2016-03-09 01:00:00,20.94
2016-03-09 02:00:00,20.08
2016-03-09 03:00:00,20.01
2016-03-09 04:00:00,21.14
2016-03-09 05:00:00,24.95
2016-03-09 06:00:00,31.92
2016-03-09 07:00:00,39.92
2016-03-09 08:00:00,34.82
2016-03-09 09:00:00,28.67
2016-03-09 10:00:00,24.51
2016-03-09 11:00:00,23.38
2016-03-09 12:00:00,23.7
2016-03-09 13:00:00,22.97
2016-03-09 14:00:00,24.56
2016-03-09 15:00:00,24.83
2016-03-09 16:00:00,33.0
2016-03-09 17:00:00,38.77
2016-03-09 18:00:00,50.78
2016-03-09 19:00:00,29.81
2016-03-09 20:00:00,25.8
2016-03-09 21:00:00,27.51
2016-03-09 22:00:00,25.91
2016-03-09 23:00:00,34.2
2016-03-10 00:00:00,27.71
2016-03-10 01:00:00,27.95
2016-03-10 02:00:00,25.18
2016-03-10 03:00:00,24.56
2016-03-10 04:00:00,25.44
2016-03-10 05:00:00,28.48
2016-03-10 06:00:00,35.44
2016-03-10 07:00:00,45.09
2016-03-10 08:00:00,44.01
2016-03-10 09:00:00,37.69
2016-03-10 10:00:00,35.27
2016-03-10 11:00:00,26.35
2016-03-10 12:00:00,25.0
2016-03-10 13:00:00,25.0
2016-03-10 14:00:00,24.89
2016-03-10 15:00:00,25.03
2016-03-10 16:00:00,29.95
2016-03-10 17:00:00,35.49
2016-03-10 18:00:00,44.98
2016-03-10 19:00:00,36.85
2016-03-10 20:00:00,31.3
2016-03-10 21:00:00,28.69
2016-03-10 22:00:00,31.82
2016-03-10 23:00:00,28.97
2016-03-11 00:00:00,26.97
2016-03-11 01:00:00,24.18
2016-03-11 02:00:00,22.34
2016-03-11 03:00:00,21.75
2016-03-11 04:00:00,25.4
2016-03-11 05:00:00,30.0
2016-03-11 06:00:00,35.7
2016-03-11 07:00:00,38.34
2016-03-11 08:00:00,36.69
2016-03-11 09:00:00,32.91
2016-03-11 10:00:00,32.1
2016-03-11 11:00:00,31.17
2016-03-11 12:00:00,27.03
2016-03-11 13:00:00,25.01
2016-03-11 14:00:00,24.92
2016-03-11 15:00:00,24.88
2016-03-11 16:00:00,27.9
2016-03-11 17:00:00,32.55
2016-03-11 18:00:00,35.69
2016-03-11 19:00:00,35.38
2016-03-11 20:00:00,27.19
2016-03-11 21:00:00,31.82
2016-03-11 22:00:00,33.44
2016-03-11 23:00:00,29.01
2016-03-12 00:00:00,26.1
2016-03-12 01:00:00,25.69
2016-03-12 02:00:00,24.5
2016-03-12 03:00:00,23.26
2016-03-12 04:00:00,24.5
2016-03-12 05:00:00,25.45
2016-03-12 06:00:00,25.51
2016-03-12 07:00:00,28.91
2016-03-12 08:00:00,30.09
2016-03-12 09:00:00,29.26
2016-03-12 10:00:00,28.44
2016-03-12 11:00:00,27.6
2016-03-12 12:00:00,25.01
2016-03-12 13:00:00,23.38
2016-03-12 14:00:00,22.96
2016-03-12 15:00:00,23.67
2016-03-12 16:00:00,27.07
2016-03-12 17:00:00,34.09
2016-03-12 18:00:00,36.97
2016-03-12 19:00:00,35.0
2016-03-12 20:00:00,30.17
2016-03-12 21:00:00,30.91
2016-03-12 22:00:00,30.0
2016-03-12 23:00:00,26.51
2016-03-13 00:00:00,22.84
2016-03-13 01:00:00,21.67
2016-03-13 02:00:00,21.05
2016-03-13 03:00:00,21.12
2016-03-13 04:00:00,21.17
2016-03-13 05:00:00,21.11
2016-03-13 06:00:00,21.08
2016-03-13 07:00:00,21.31
2016-03-13 08:00:00,21.69
2016-03-13 09:00:00,21.73
2016-03-13 10:00:00,21.69
2016-03-13 11:00:00,21.07
2016-03-13 12:00:00,19.4
2016-03-13 13:00:00,16.47
2016-03-13 14:00:00,15.71
2016-03-13 15:00:00,16.41
2016-03-13 16:00:00,20.19
2016-03-13 17:00:00,26.08
2016-03-13 18:00:00,33.55
2016-03-13 19:00:00,31.05
2016-03-13 20:00:00,27.24
2016-03-13 21:00:00,28.93
2016-03-13 22:00:00,26.63
2016-03-13 23:00:00,23.38
2016-03-14 00:00:00,20.7
2016-03-14 01:00:00,20.22
2016-03-14 02:00:00,19.99
2016-03-14 03:00:00,20.36
2016-03-14 04:00:00,23.76
2016-03-14 05:00:00,31.82
2016-03-14 06:00:00,35.43
2016-03-14 07:00:00,35.81
2016-03-14 08:00:00,31.75
2016-03-14 09:00:00,28.82
2016-03-14 10:00:00,24.33
2016-03-14 11:00:00,23.31
2016-03-14 12:00:00,22.84
2016-03-14 13:00:00,22.55
2016-03-14 14:00:00,23.04
2016-03-14 15:00:00,24.8
2016-03-14 16:00:00,29.19
2016-03-14 17:00:00,39.48
2016-03-14 18:00:00,47.92
2016-03-14 19:00:00,34.32
2016-03-14 20:00:00,29.48
2016-03-14 21:00:00,26.37
2016-03-14 22:00:00,29.18
2016-03-14 23:00:00,25.91
2016-03-15 00:00:00,22.47
2016-03-15 01:00:00,21.17
2016-03-15 02:00:00,20.74
2016-03-15 03:00:00,20.91
2016-03-15 04:00:00,25.57
2016-03-15 05:00:00,35.38
2016-03-15 06:00:00,40.68
2016-03-15 07:00:00,42.71
2016-03-15 08:00:00,43.59
2016-03-15 09:00:00,36.09
2016-03-15 10:00:00,34.31
2016-03-15 11:00:00,30.93
2016-03-15 12:00:00,27.44
2016-03-15 13:00:00,24.78
2016-03-15 14:00:00,23.71
2016-03-15 15:00:00,23.3
2016-03-15 16:00:00,25.45
2016-03-15 17:00:00,31.91
2016-03-15 18:00:00,35.44
2016-03-15 19:00:00,33.89
2016-03-15 20:00:00,26.99
2016-03-15 21:00:00,34.27
2016-03-15 22:00:00,24.56
2016-03-15 23:00:00,24.26
2016-03-16 00:00:00,23.84
2016-03-16 01:00:00,23.28
2016-03-16 02:00:00,20.06
2016-03-16 03:00:00,20.49
2016-03-16 04:00:00,23.32
2016-03-16 05:00:00,30.0
2016-03-16 06:00:00,34.91
2016-03-16 07:00:00,35.3
2016-03-16 08:00:00,36.0
2016-03-16 09:00:00,34.32
2016-03-16 10:00:00,29.35
2016-03-16 11:00:00,25.22
2016-03-16 12:00:00,25.55
2016-03-16 13:00:00,22.23
2016-03-16 14:00:00,22.37
2016-03-16 15:00:00,24.6
2016-03-16 16:00:00,29.92
2016-03-16 17:00:00,35.6
2016-03-16 18:00:00,41.36
2016-03-16 19:00:00,34.86
2016-03-16 20:00:00,31.2
2016-03-16 21:00:00,32.48
2016-03-16 22:00:00,29.09
2016-03-16 23:00:00,23.08
2016-03-17 00:00:00,22.58
2016-03-17 01:00:00,23.72
2016-03-17 02:00:00,22.69
2016-03-17 03:00:00,23.28
2016-03-17 04:00:00,25.12
2016-03-17 05:00:00,33.9
2016-03-17 06:00:00,38.16
2016-03-17 07:00:00,40.58
2016-03-17 08:00:00,31.92
2016-03-17 09:00:00,29.04
2016-03-17 10:00:00,25.66
2016-03-17 11:00:00,22.96
2016-03-17 12:00:00,22.85
2016-03-17 13:00:00,22.45
2016-03-17 14:00:00,26.21
2016-03-17 15:00:00,25.85
2016-03-17 16:00:00,31.92
2016-03-17 17:00:00,38.81
2016-03-17 18:00:00,46.69
2016-03-17 19:00:00,37.76
2016-03-17 20:00:00,30.98
2016-03-17 21:00:00,34.0
2016-03-17 22:00:00,33.41
2016-03-17 23:00:00,35.66
2016-03-18 00:00:00,30.83
2016-03-18 01:00:00,27.68
2016-03-18 02:00:00,26.57
2016-03-18 03:00:00,26.05
2016-03-18 04:00:00,28.68
2016-03-18 05:00:00,35.85
2016-03-18 06:00:00,39.43
2016-03-18 07:00:00,45.0
2016-03-18 08:00:00,40.46
2016-03-18 09:00:00,38.01
2016-03-18 10:00:00,33.34
2016-03-18 11:00:00,27.74
2016-03-18 12:00:00,25.48
2016-03-18 13:00:00,24.23
2016-03-18 14:00:00,23.46
2016-03-18 15:00:00,24.42
2016-03-18 16:00:00,27.82
2016-03-18 17:00:00,33.99
2016-03-18 18:00:00,39.3
2016-03-18 19:00:00,33.91
2016-03-18 20:00:00,27.09
2016-03-18 21:00:00,26.92
2016-03-18 22:00:00,29.6
2016-03-18 23:00:00,35.45
2016-03-19 00:00:00,31.08
2016-03-19 01:00:00,29.9
2016-03-19 02:00:00,24.5
2016-03-19 03:00:00,23.62
2016-03-19 04:00:00,24.68
2016-03-19 05:00:00,29.64
2016-03-19 06:00:00,29.79
2016-03-19 07:00:00,29.38
2016-03-19 08:00:00,28.58
2016-03-19 09:00:00,26.96
2016-03-19 10:00:00,24.94
2016-03-19 11:00:00,25.87
2016-03-19 12:00:00,23.45
2016-03-19 13:00:00,21.2
2016-03-19 14:00:00,20.93
2016-03-19 15:00:00,21.3
2016-03-19 16:00:00,24.0
2016-03-19 17:00:00,31.21
2016-03-19 18:00:00,35.42
2016-03-19 19:00:00,32.83
2016-03-19 20:00:00,24.92
2016-03-19 21:00:00,25.7
2016-03-19 22:00:00,29.09
2016-03-19 23:00:00,24.75
2016-03-20 00:00:00,21.53
2016-03-20 01:00:00,20.82
2016-03-20 02:00:00,20.4
2016-03-20 03:00:00,20.0
2016-03-20 04:00:00,19.89
2016-03-20 05:00:00,19.18
2016-03-20 06:00:00,18.14
2016-03-20 07:00:00,17.51
2016-03-20 08:00:00,17.65
2016-03-20 09:00:00,17.72
2016-03-20 10:00:00,18.87
2016-03-20 11:00:00,18.49
2016-03-20 12:00:00,14.65
2016-03-20 13:00:00,13.96
2016-03-20 14:00:00,14.25
2016-03-20 15:00:00,14.67
2016-03-20 16:00:00,19.8
2016-03-20 17:00:00,24.4
2016-03-20 18:00:00,31.63
2016-03-20 19:00:00,29.09
2016-03-20 20:00:00,28.0
2016-03-20 21:00:00,28.76
2016-03-20 22:00:00,29.64
2016-03-20 23:00:00,27.6
2016-03-21 00:00:00,25.99
2016-03-21 01:00:00,24.98
2016-03-21 02:00:00,21.0
2016-03-21 03:00:00,21.62
2016-03-21 04:00:00,25.75
2016-03-21 05:00:00,32.01
2016-03-21 06:00:00,38.0
2016-03-21 07:00:00,40.14
2016-03-21 08:00:00,41.22
2016-03-21 09:00:00,38.55
2016-03-21 10:00:00,36.89
2016-03-21 11:00:00,33.53
2016-03-21 12:00:00,33.41
2016-03-21 13:00:00,34.75
2016-03-21 14:00:00,28.79
2016-03-21 15:00:00,26.83
2016-03-21 16:00:00,29.62
2016-03-21 17:00:00,34.37
2016-03-21 18:00:00,40.2
2016-03-21 19:00:00,36.61
2016-03-21 20:00:00,34.23
2016-03-21 21:00:00,35.45
2016-03-21 22:00:00,32.78
2016-03-21 23:00:00,31.83
2016-03-22 00:00:00,28.01
2016-03-22 01:00:00,27.7
2016-03-22 02:00:00,26.94
2016-03-22 03:00:00,25.69
2016-03-22 04:00:00,27.59
2016-03-22 05:00:00,33.02
2016-03-22 06:00:00,38.1
2016-03-22 07:00:00,39.72
2016-03-22 08:00:00,38.91
2016-03-22 09:00:00,38.0
2016-03-22 10:00:00,36.2
2016-03-22 11:00:00,32.99
2016-03-22 12:00:00,32.22
2016-03-22 13:00:00,31.02
2016-03-22 14:00:00,29.29
2016-03-22 15:00:00,30.08
2016-03-22 16:00:00,34.01
2016-03-22 17:00:00,36.73
2016-03-22 18:00:00,40.64
2016-03-22 19:00:00,38.1
2016-03-22 20:00:00,33.05
2016-03-22 21:00:00,33.35
2016-03-22 22:00:00,31.48
2016-03-22 23:00:00,30.21
2016-03-23 00:00:00,27.79
2016-03-23 01:00:00,25.42
2016-03-23 02:00:00,23.13
2016-03-23 03:00:00,22.42
2016-03-23 04:00:00,24.56
2016-03-23 05:00:00,29.2
2016-03-23 06:00:00,37.0
2016-03-23 07:00:00,36.5
2016-03-23 08:00:00,35.0
2016-03-23 09:00:00,33.25
2016-03-23 10:00:00,32.19
2016-03-23 11:00:00,31.6
2016-03-23 12:00:00,30.1
2016-03-23 13:00:00,27.03
2016-03-23 14:00:00,24.69
2016-03-23 15:00:00,24.18
2016-03-23 16:00:00,28.0
2016-03-23 17:00:00,32.44
2016-03-23 18:00:00,37.16
2016-03-23 19:00:00,36.8
2016-03-23 20:00:00,32.96
2016-03-23 21:00:00,32.51
2016-03-23 22:00:00,30.1
2016-03-23 23:00:00,25.0
2016-03-24 00:00:00,23.12
2016-03-24 01:00:00,22.17
2016-03-24 02:00:00,21.38
2016-03-24 03:00:00,21.75
2016-03-24 04:00:00,23.08
2016-03-24 05:00:00,31.49
2016-03-24 06:00:00,35.0
2016-03-24 07:00:00,34.94
2016-03-24 08:00:00,32.4
2016-03-24 09:00:00,31.69
2016-03-24 10:00:00,31.0
2016-03-24 11:00:00,28.62
2016-03-24 12:00:00,27.27
2016-03-24 13:00:00,26.5
2016-03-24 14:00:00,25.35
2016-03-24 15:00:00,26.6
2016-03-24 16:00:00,30.0
2016-03-24 17:00:00,32.47
2016-03-24 18:00:00,35.18
2016-03-24 19:00:00,33.97
2016-03-24 20:00:00,32.69
2016-03-24 21:00:00,32.0
2016-03-24 22:00:00,28.54
2016-03-24 23:00:00,25.13
2016-03-25 00:00:00,21.8
2016-03-25 01:00:00,21.51
2016-03-25 02:00:00,20.0
2016-03-25 03:00:00,20.01
2016-03-25 04:00:00,20.3
2016-03-25 05:00:00,23.31
2016-03-25 06:00:00,29.64
2016-03-25 07:00:00,27.44
2016-03-25 08:00:00,27.44
2016-03-25 09:00:00,27.26
2016-03-25 10:00:00,28.91
2016-03-25 11:00:00,27.87
2016-03-25 12:00:00,27.06
2016-03-25 13:00:00,26.5
2016-03-25 14:00:00,24.44
2016-03-25 15:00:00,23.5
2016-03-25 16:00:00,26.1
2016-03-25 17:00:00,29.44
2016-03-25 18:00:00,33.08
2016-03-25 19:00:00,32.95
2016-03-25 20:00:00,31.48
2016-03-25 21:00:00,31.91
2016-03-25 22:00:00,30.0
2016-03-25 23:00:00,30.0
2016-03-26 00:00:00,24.32
2016-03-26 01:00:00,21.11
2016-03-26 02:00:00,20.0
2016-03-26 03:00:00,20.0
2016-03-26 04:00:00,20.01
2016-03-26 05:00:00,20.01
2016-03-26 06:00:00,21.69
2016-03-26 07:00:00,22.49
2016-03-26 08:00:00,24.0
2016-03-26 09:00:00,21.6
2016-03-26 10:00:00,19.97
2016-03-26 11:00:00,19.06
2016-03-26 12:00:00,18.07
2016-03-26 13:00:00,16.28
2016-03-26 14:00:00,13.56
2016-03-26 15:00:00,13.6
2016-03-26 16:00:00,14.38
2016-03-26 17:00:00,17.63
2016-03-26 18:00:00,22.12
2016-03-26 19:00:00,20.75
2016-03-26 20:00:00,18.22
2016-03-26 21:00:00,18.03
2016-03-26 22:00:00,15.32
2016-03-26 23:00:00,10.3
2016-03-27 00:00:00,9.2
2016-03-27 01:00:00,8.56
2016-03-27 02:00:00,6.69
2016-03-27 03:00:00,6.5
2016-03-27 04:00:00,6.47
2016-03-27 05:00:00,8.22
2016-03-27 06:00:00,8.53
2016-03-27 07:00:00,11.64
2016-03-27 08:00:00,12.28
2016-03-27 09:00:00,12.43
2016-03-27 10:00:00,12.38
2016-03-27 11:00:00,9.19
2016-03-27 12:00:00,6.49
2016-03-27 13:00:00,5.44
2016-03-27 14:00:00,5.56
2016-03-27 15:00:00,6.49
2016-03-27 16:00:00,14.94
2016-03-27 17:00:00,19.45
2016-03-27 18:00:00,22.86
2016-03-27 19:00:00,20.36
2016-03-27 20:00:00,19.98
2016-03-27 21:00:00,18.5
2016-03-27 22:00:00,12.88
2016-03-27 23:00:00,8.28
2016-03-28 00:00:00,7.43
2016-03-28 01:00:00,6.5
2016-03-28 02:00:00,5.27
2016-03-28 03:00:00,6.28
2016-03-28 04:00:00,5.86
2016-03-28 05:00:00,8.0
2016-03-28 06:00:00,10.06
2016-03-28 07:00:00,9.75
2016-03-28 08:00:00,8.47
2016-03-28 09:00:00,10.0
2016-03-28 10:00:00,10.94
2016-03-28 11:00:00,7.71
2016-03-28 12:00:00,2.78
2016-03-28 13:00:00,1.7
2016-03-28 14:00:00,2.95
2016-03-28 15:00:00,6.77
2016-03-28 16:00:00,9.7
2016-03-28 17:00:00,15.94
2016-03-28 18:00:00,20.65
2016-03-28 19:00:00,20.8
2016-03-28 20:00:00,16.96
2016-03-28 21:00:00,16.94
2016-03-28 22:00:00,14.61
2016-03-28 23:00:00,12.27
2016-03-29 00:00:00,12.52
2016-03-29 01:00:00,10.31
2016-03-29 02:00:00,8.3
2016-03-29 03:00:00,13.49
2016-03-29 04:00:00,25.35
2016-03-29 05:00:00,34.0
2016-03-29 06:00:00,38.01
2016-03-29 07:00:00,34.25
2016-03-29 08:00:00,31.14
2016-03-29 09:00:00,31.59
2016-03-29 10:00:00,30.0
2016-03-29 11:00:00,30.2
2016-03-29 12:00:00,30.0
2016-03-29 13:00:00,30.61
2016-03-29 14:00:00,29.69
2016-03-29 15:00:00,27.02
2016-03-29 16:00:00,30.52
2016-03-29 17:00:00,35.79
2016-03-29 18:00:00,39.54
2016-03-29 19:00:00,32.64
2016-03-29 20:00:00,30.76
2016-03-29 21:00:00,29.2
2016-03-29 22:00:00,24.9
2016-03-29 23:00:00,22.0
2016-03-30 00:00:00,20.87
2016-03-30 01:00:00,19.92
2016-03-30 02:00:00,20.18
2016-03-30 03:00:00,21.65
2016-03-30 04:00:00,29.6
2016-03-30 05:00:00,32.27
2016-03-30 06:00:00,38.4
2016-03-30 07:00:00,38.4
2016-03-30 08:00:00,36.0
2016-03-30 09:00:00,34.0
2016-03-30 10:00:00,30.81
2016-03-30 11:00:00,30.73
2016-03-30 12:00:00,28.48
2016-03-30 13:00:00,26.8
2016-03-30 14:00:00,25.64
2016-03-30 15:00:00,29.04
2016-03-30 16:00:00,31.9
2016-03-30 17:00:00,37.44
2016-03-30 18:00:00,37.0
2016-03-30 19:00:00,36.0
2016-03-30 20:00:00,31.69
2016-03-30 21:00:00,28.76
2016-03-30 22:00:00,23.34
2016-03-30 23:00:00,22.27
2016-03-31 00:00:00,21.5
2016-03-31 01:00:00,21.11
2016-03-31 02:00:00,21.29
2016-03-31 03:00:00,22.86
2016-03-31 04:00:00,29.08
2016-03-31 05:00:00,36.09
2016-03-31 06:00:00,40.96
2016-03-31 07:00:00,36.46
2016-03-31 08:00:00,34.64
2016-03-31 09:00:00,33.95
2016-03-31 10:00:00,30.03
2016-03-31 11:00:00,30.03
2016-03-31 12:00:00,27.92
2016-03-31 13:00:00,25.12
2016-03-31 14:00:00,24.73
2016-03-31 15:00:00,24.93
2016-03-31 16:00:00,27.44
2016-03-31 17:00:00,31.07
2016-03-31 18:00:00,31.99
2016-03-31 19:00:00,28.0
2016-03-31 20:00:00,26.7
2016-03-31 21:00:00,24.95
2016-03-31 22:00:00,23.4
2016-03-31 23:00:00,20.98
2016-04-01 00:00:00,21.19
2016-04-01 01:00:00,20.64
2016-04-01 02:00:00,21.13
2016-04-01 03:00:00,21.78
2016-04-01 04:00:00,29.73
2016-04-01 05:00:00,36.5
2016-04-01 06:00:00,40.44
2016-04-01 07:00:00,39.75
2016-04-01 08:00:00,37.05
2016-04-01 09:00:00,36.5
2016-04-01 10:00:00,35.18
2016-04-01 11:00:00,34.15
2016-04-01 12:00:00,31.52
2016-04-01 13:00:00,29.26
2016-04-01 14:00:00,27.9
2016-04-01 15:00:00,32.72
2016-04-01 16:00:00,33.17
2016-04-01 17:00:00,35.53
2016-04-01 18:00:00,37.96
2016-04-01 19:00:00,37.18
2016-04-01 20:00:00,35.62
2016-04-01 21:00:00,33.41
2016-04-01 22:00:00,34.15
2016-04-01 23:00:00,31.08
2016-04-02 00:00:00,29.5
2016-04-02 01:00:00,29.0
2016-04-02 02:00:00,28.04
2016-04-02 03:00:00,28.3
2016-04-02 04:00:00,28.78
2016-04-02 05:00:00,27.5
2016-04-02 06:00:00,28.0
2016-04-02 07:00:00,29.81
2016-04-02 08:00:00,30.0
2016-04-02 09:00:00,28.15
2016-04-02 10:00:00,27.02
2016-04-02 11:00:00,25.81
2016-04-02 12:00:00,17.47
2016-04-02 13:00:00,16.6
2016-04-02 14:00:00,18.73
2016-04-02 15:00:00,20.12
2016-04-02 16:00:00,23.41
2016-04-02 17:00:00,28.2
2016-04-02 18:00:00,30.43
2016-04-02 19:00:00,30.1
2016-04-02 20:00:00,26.79
2016-04-02 21:00:00,23.14
2016-04-02 22:00:00,19.59
2016-04-02 23:00:00,18.07
2016-04-03 00:00:00,17.5
2016-04-03 01:00:00,14.98
2016-04-03 02:00:00,14.3
2016-04-03 03:00:00,13.89
2016-04-03 04:00:00,13.32
2016-04-03 05:00:00,14.6
2016-04-03 06:00:00,17.48
2016-04-03 07:00:00,18.38
2016-04-03 08:00:00,17.36
2016-04-03 09:00:00,17.46
2016-04-03 10:00:00,16.15
2016-04-03 11:00:00,13.48
2016-04-03 12:00:00,9.2
2016-04-03 13:00:00,7.59
2016-04-03 14:00:00,6.63
2016-04-03 15:00:00,10.58
2016-04-03 16:00:00,15.2
2016-04-03 17:00:00,19.62
2016-04-03 18:00:00,22.09
2016-04-03 19:00:00,25.01
2016-04-03 20:00:00,24.32
2016-04-03 21:00:00,20.9
2016-04-03 22:00:00,21.0
2016-04-03 23:00:00,19.59
2016-04-04 00:00:00,19.15
2016-04-04 01:00:00,18.75
2016-04-04 02:00:00,18.72
2016-04-04 03:00:00,20.39
2016-04-04 04:00:00,29.1
2016-04-04 05:00:00,34.19
2016-04-04 06:00:00,35.42
2016-04-04 07:00:00,35.76
2016-04-04 08:00:00,33.08
2016-04-04 09:00:00,31.2
2016-04-04 10:00:00,29.55
2016-04-04 11:00:00,29.01
2016-04-04 12:00:00,29.0
2016-04-04 13:00:00,30.19
2016-04-04 14:00:00,27.59
2016-04-04 15:00:00,29.25
2016-04-04 16:00:00,32.96
2016-04-04 17:00:00,35.05
2016-04-04 18:00:00,36.1
2016-04-04 19:00:00,35.6
2016-04-04 20:00:00,30.3
2016-04-04 21:00:00,25.96
2016-04-04 22:00:00,21.39
2016-04-04 23:00:00,20.8
2016-04-05 00:00:00,20.76
2016-04-05 01:00:00,20.31
2016-04-05 02:00:00,20.34
2016-04-05 03:00:00,21.79
2016-04-05 04:00:00,27.84
2016-04-05 05:00:00,32.76
2016-04-05 06:00:00,35.18
2016-04-05 07:00:00,34.92
2016-04-05 08:00:00,34.1
2016-04-05 09:00:00,32.93
2016-04-05 10:00:00,29.52
2016-04-05 11:00:00,26.58
2016-04-05 12:00:00,24.74
2016-04-05 13:00:00,24.19
2016-04-05 14:00:00,23.96
2016-04-05 15:00:00,27.05
2016-04-05 16:00:00,29.79
2016-04-05 17:00:00,30.66
2016-04-05 18:00:00,30.04
2016-04-05 19:00:00,28.0
2016-04-05 20:00:00,25.32
2016-04-05 21:00:00,23.75
2016-04-05 22:00:00,23.44
2016-04-05 23:00:00,20.47
2016-04-06 00:00:00,19.06
2016-04-06 01:00:00,18.95
2016-04-06 02:00:00,19.02
2016-04-06 03:00:00,20.0
2016-04-06 04:00:00,26.0
2016-04-06 05:00:00,32.97
2016-04-06 06:00:00,37.38
2016-04-06 07:00:00,39.01
2016-04-06 08:00:00,35.08
2016-04-06 09:00:00,32.9
2016-04-06 10:00:00,29.38
2016-04-06 11:00:00,27.37
2016-04-06 12:00:00,25.44
2016-04-06 13:00:00,23.48
2016-04-06 14:00:00,22.04
2016-04-06 15:00:00,21.65
2016-04-06 16:00:00,23.79
2016-04-06 17:00:00,26.71
2016-04-06 18:00:00,28.26
2016-04-06 19:00:00,29.02
2016-04-06 20:00:00,30.25
2016-04-06 21:00:00,28.09
2016-04-06 22:00:00,21.0
2016-04-06 23:00:00,16.0
2016-04-07 00:00:00,13.97
2016-04-07 01:00:00,13.05
2016-04-07 02:00:00,13.49
2016-04-07 03:00:00,17.37
2016-04-07 04:00:00,22.62
2016-04-07 05:00:00,28.4
2016-04-07 06:00:00,31.31
2016-04-07 07:00:00,30.0
2016-04-07 08:00:00,28.59
2016-04-07 09:00:00,27.1
2016-04-07 10:00:00,26.14
2016-04-07 11:00:00,24.44
2016-04-07 12:00:00,22.57
2016-04-07 13:00:00,21.86
2016-04-07 14:00:00,21.94
2016-04-07 15:00:00,22.73
2016-04-07 16:00:00,28.59
2016-04-07 17:00:00,31.11
2016-04-07 18:00:00,32.68
2016-04-07 19:00:00,29.41
2016-04-07 20:00:00,28.27
2016-04-07 21:00:00,27.2
2016-04-07 22:00:00,23.39
2016-04-07 23:00:00,21.69
2016-04-08 00:00:00,21.18
2016-04-08 01:00:00,20.52
2016-04-08 02:00:00,21.04
2016-04-08 03:00:00,21.72
2016-04-08 04:00:00,29.12
2016-04-08 05:00:00,35.0
2016-04-08 06:00:00,38.2
2016-04-08 07:00:00,37.55
2016-04-08 08:00:00,34.22
2016-04-08 09:00:00,32.96
2016-04-08 10:00:00,29.74
2016-04-08 11:00:00,27.9
2016-04-08 12:00:00,26.36
2016-04-08 13:00:00,24.66
2016-04-08 14:00:00,23.95
2016-04-08 15:00:00,27.03
2016-04-08 16:00:00,29.58
2016-04-08 17:00:00,32.22
2016-04-08 18:00:00,31.96
2016-04-08 19:00:00,30.66
2016-04-08 20:00:00,30.68
2016-04-08 21:00:00,29.0
2016-04-08 22:00:00,28.45
2016-04-08 23:00:00,24.18
2016-04-09 00:00:00,23.28
2016-04-09 01:00:00,21.84
2016-04-09 02:00:00,21.46
2016-04-09 03:00:00,21.72
2016-04-09 04:00:00,22.42
2016-04-09 05:00:00,23.42
2016-04-09 06:00:00,27.21
2016-04-09 07:00:00,25.12
2016-04-09 08:00:00,23.24
2016-04-09 09:00:00,22.7
2016-04-09 10:00:00,22.04
2016-04-09 11:00:00,21.01
2016-04-09 12:00:00,19.94
2016-04-09 13:00:00,20.35
2016-04-09 14:00:00,20.3
2016-04-09 15:00:00,22.27
2016-04-09 16:00:00,26.91
2016-04-09 17:00:00,29.62
2016-04-09 18:00:00,31.81
2016-04-09 19:00:00,29.56
2016-04-09 20:00:00,27.44
2016-04-09 21:00:00,24.0
2016-04-09 22:00:00,21.29
2016-04-09 23:00:00,20.15
2016-04-10 00:00:00,19.43
2016-04-10 01:00:00,18.96
2016-04-10 02:00:00,19.02
2016-04-10 03:00:00,18.88
2016-04-10 04:00:00,19.15
2016-04-10 05:00:00,19.19
2016-04-10 06:00:00,20.22
2016-04-10 07:00:00,20.97
2016-04-10 08:00:00,20.49
2016-04-10 09:00:00,19.79
2016-04-10 10:00:00,19.29
2016-04-10 11:00:00,14.82
2016-04-10 12:00:00,10.78
2016-04-10 13:00:00,8.84
2016-04-10 14:00:00,4.91
2016-04-10 15:00:00,6.19
2016-04-10 16:00:00,15.93
2016-04-10 17:00:00,21.97
2016-04-10 18:00:00,20.99
2016-04-10 19:00:00,23.0
2016-04-10 20:00:00,21.84
2016-04-10 21:00:00,19.57
2016-04-10 22:00:00,16.84
2016-04-10 23:00:00,13.7
2016-04-11 00:00:00,12.81
2016-04-11 01:00:00,10.66
2016-04-11 02:00:00,12.31
2016-04-11 03:00:00,16.92
2016-04-11 04:00:00,25.49
2016-04-11 05:00:00,32.0
2016-04-11 06:00:00,34.61
2016-04-11 07:00:00,28.98
2016-04-11 08:00:00,25.63
2016-04-11 09:00:00,24.3
2016-04-11 10:00:00,23.07
2016-04-11 11:00:00,22.62
2016-04-11 12:00:00,22.12
2016-04-11 13:00:00,21.83
2016-04-11 14:00:00,22.11
2016-04-11 15:00:00,23.68
2016-04-11 16:00:00,28.47
2016-04-11 17:00:00,31.27
2016-04-11 18:00:00,32.01
2016-04-11 19:00:00,31.49
2016-04-11 20:00:00,27.86
2016-04-11 21:00:00,25.65
2016-04-11 22:00:00,24.08
2016-04-11 23:00:00,22.2
2016-04-12 00:00:00,21.69
2016-04-12 01:00:00,21.05
2016-04-12 02:00:00,21.32
2016-04-12 03:00:00,22.15
2016-04-12 04:00:00,28.98
2016-04-12 05:00:00,36.0
2016-04-12 06:00:00,38.94
2016-04-12 07:00:00,37.6
2016-04-12 08:00:00,34.0
2016-04-12 09:00:00,31.02
2016-04-12 10:00:00,27.97
2016-04-12 11:00:00,26.41
2016-04-12 12:00:00,24.7
2016-04-12 13:00:00,24.25
2016-04-12 14:00:00,25.13
2016-04-12 15:00:00,25.94
2016-04-12 16:00:00,29.84
2016-04-12 17:00:00,32.09
2016-04-12 18:00:00,32.18
2016-04-12 19:00:00,32.24
2016-04-12 20:00:00,30.0
2016-04-12 21:00:00,25.76
2016-04-12 22:00:00,22.93
2016-04-12 23:00:00,21.68
2016-04-13 00:00:00,21.68
2016-04-13 01:00:00,21.41
2016-04-13 02:00:00,21.71
2016-04-13 03:00:00,22.77
2016-04-13 04:00:00,27.22
2016-04-13 05:00:00,34.99
2016-04-13 06:00:00,39.41
2016-04-13 07:00:00,35.06
2016-04-13 08:00:00,33.23
2016-04-13 09:00:00,31.94
2016-04-13 10:00:00,28.9
2016-04-13 11:00:00,27.01
2016-04-13 12:00:00,25.96
2016-04-13 13:00:00,26.0
2016-04-13 14:00:00,24.99
2016-04-13 15:00:00,23.84
2016-04-13 16:00:00,28.22
2016-04-13 17:00:00,30.56
2016-04-13 18:00:00,30.36
2016-04-13 19:00:00,31.31
2016-04-13 20:00:00,28.0
2016-04-13 21:00:00,26.95
2016-04-13 22:00:00,25.12
2016-04-13 23:00:00,21.93
2016-04-14 00:00:00,21.18
2016-04-14 01:00:00,20.94
2016-04-14 02:00:00,21.06
2016-04-14 03:00:00,21.74
2016-04-14 04:00:00,27.0
2016-04-14 05:00:00,32.03
2016-04-14 06:00:00,37.28
2016-04-14 07:00:00,34.59
2016-04-14 08:00:00,30.91
2016-04-14 09:00:00,28.08
2016-04-14 10:00:00,26.4
2016-04-14 11:00:00,25.05
2016-04-14 12:00:00,23.83
2016-04-14 13:00:00,23.44
2016-04-14 14:00:00,23.22
2016-04-14 15:00:00,24.2
2016-04-14 16:00:00,27.25
2016-04-14 17:00:00,28.33
2016-04-14 18:00:00,31.38
2016-04-14 19:00:00,31.53
2016-04-14 20:00:00,28.33
2016-04-14 21:00:00,27.53
2016-04-14 22:00:00,24.39
2016-04-14 23:00:00,21.42
2016-04-15 00:00:00,20.45
2016-04-15 01:00:00,20.14
2016-04-15 02:00:00,20.34
2016-04-15 03:00:00,21.08
2016-04-15 04:00:00,25.0
2016-04-15 05:00:00,31.69
2016-04-15 06:00:00,34.7
2016-04-15 07:00:00,34.01
2016-04-15 08:00:00,30.98
2016-04-15 09:00:00,29.96
2016-04-15 10:00:00,28.0
2016-04-15 11:00:00,25.73
2016-04-15 12:00:00,23.19
2016-04-15 13:00:00,21.74
2016-04-15 14:00:00,21.32
2016-04-15 15:00:00,21.49
2016-04-15 16:00:00,23.45
2016-04-15 17:00:00,26.34
2016-04-15 18:00:00,26.4
2016-04-15 19:00:00,26.42
2016-04-15 20:00:00,25.0
2016-04-15 21:00:00,24.69
2016-04-15 22:00:00,21.3
2016-04-15 23:00:00,19.7
2016-04-16 00:00:00,19.24
2016-04-16 01:00:00,18.28
2016-04-16 02:00:00,17.19
2016-04-16 03:00:00,18.76
2016-04-16 04:00:00,19.46
2016-04-16 05:00:00,19.54
2016-04-16 06:00:00,19.15
2016-04-16 07:00:00,20.15
2016-04-16 08:00:00,19.8
2016-04-16 09:00:00,19.21
2016-04-16 10:00:00,18.34
2016-04-16 11:00:00,15.67
2016-04-16 12:00:00,14.69
2016-04-16 13:00:00,13.66
2016-04-16 14:00:00,12.69
2016-04-16 15:00:00,14.26
2016-04-16 16:00:00,17.69
2016-04-16 17:00:00,22.05
2016-04-16 18:00:00,23.7
2016-04-16 19:00:00,24.31
2016-04-16 20:00:00,23.94
2016-04-16 21:00:00,21.25
2016-04-16 22:00:00,19.33
2016-04-16 23:00:00,17.74
2016-04-17 00:00:00,15.85
2016-04-17 01:00:00,15.13
2016-04-17 02:00:00,15.15
2016-04-17 03:00:00,14.57
2016-04-17 04:00:00,14.8
2016-04-17 05:00:00,14.9
2016-04-17 06:00:00,16.69
2016-04-17 07:00:00,18.69
2016-04-17 08:00:00,18.69
2016-04-17 09:00:00,18.94
2016-04-17 10:00:00,18.5
2016-04-17 11:00:00,16.86
2016-04-17 12:00:00,14.89
2016-04-17 13:00:00,13.58
2016-04-17 14:00:00,12.26
2016-04-17 15:00:00,14.8
2016-04-17 16:00:00,17.65
2016-04-17 17:00:00,21.19
2016-04-17 18:00:00,26.4
2016-04-17 19:00:00,29.65
2016-04-17 20:00:00,30.16
2016-04-17 21:00:00,27.25
2016-04-17 22:00:00,23.72
2016-04-17 23:00:00,20.9
2016-04-18 00:00:00,19.7
2016-04-18 01:00:00,18.9
2016-04-18 02:00:00,19.0
2016-04-18 03:00:00,20.6
2016-04-18 04:00:00,30.0
2016-04-18 05:00:00,37.06
2016-04-18 06:00:00,39.74
2016-04-18 07:00:00,41.51
2016-04-18 08:00:00,32.24
2016-04-18 09:00:00,29.71
2016-04-18 10:00:00,28.03
2016-04-18 11:00:00,26.74
2016-04-18 12:00:00,23.73
2016-04-18 13:00:00,21.8
2016-04-18 14:00:00,20.5
2016-04-18 15:00:00,21.05
2016-04-18 16:00:00,23.19
2016-04-18 17:00:00,25.62
2016-04-18 18:00:00,27.92
2016-04-18 19:00:00,29.22
2016-04-18 20:00:00,27.0
2016-04-18 21:00:00,26.49
2016-04-18 22:00:00,22.4
2016-04-18 23:00:00,19.69
2016-04-19 00:00:00,18.37
2016-04-19 01:00:00,17.84
2016-04-19 02:00:00,18.44
2016-04-19 03:00:00,19.8
2016-04-19 04:00:00,26.93
2016-04-19 05:00:00,30.41
2016-04-19 06:00:00,37.56
2016-04-19 07:00:00,36.0
2016-04-19 08:00:00,30.2
2016-04-19 09:00:00,27.83
2016-04-19 10:00:00,25.0
2016-04-19 11:00:00,23.0
2016-04-19 12:00:00,23.0
2016-04-19 13:00:00,19.61
2016-04-19 14:00:00,19.01
2016-04-19 15:00:00,20.5
2016-04-19 16:00:00,23.06
2016-04-19 17:00:00,24.5
2016-04-19 18:00:00,27.02
2016-04-19 19:00:00,30.5
2016-04-19 20:00:00,27.0
2016-04-19 21:00:00,24.09
2016-04-19 22:00:00,21.3
2016-04-19 23:00:00,19.06
2016-04-20 00:00:00,17.33
2016-04-20 01:00:00,17.49
2016-04-20 02:00:00,18.63
2016-04-20 03:00:00,20.0
2016-04-20 04:00:00,25.76
2016-04-20 05:00:00,30.55
2016-04-20 06:00:00,31.91
2016-04-20 07:00:00,31.13
2016-04-20 08:00:00,26.34
2016-04-20 09:00:00,23.99
2016-04-20 10:00:00,21.8
2016-04-20 11:00:00,21.0
2016-04-20 12:00:00,21.24
2016-04-20 13:00:00,21.57
2016-04-20 14:00:00,21.59
2016-04-20 15:00:00,22.89
2016-04-20 16:00:00,27.24
2016-04-20 17:00:00,31.09
2016-04-20 18:00:00,32.16
2016-04-20 19:00:00,30.66
2016-04-20 20:00:00,28.52
2016-04-20 21:00:00,24.5
2016-04-20 22:00:00,22.51
2016-04-20 23:00:00,20.5
2016-04-21 00:00:00,19.93
2016-04-21 01:00:00,19.58
2016-04-21 02:00:00,19.84
2016-04-21 03:00:00,21.11
2016-04-21 04:00:00,29.1
2016-04-21 05:00:00,34.58
2016-04-21 06:00:00,35.38
2016-04-21 07:00:00,32.92
2016-04-21 08:00:00,29.08
2016-04-21 09:00:00,27.7
2016-04-21 10:00:00,24.01
2016-04-21 11:00:00,23.43
2016-04-21 12:00:00,23.47
2016-04-21 13:00:00,23.93
2016-04-21 14:00:00,23.95
2016-04-21 15:00:00,27.61
2016-04-21 16:00:00,30.74
2016-04-21 17:00:00,32.33
2016-04-21 18:00:00,32.34
2016-04-21 19:00:00,32.02
2016-04-21 20:00:00,29.19
2016-04-21 21:00:00,25.0
2016-04-21 22:00:00,21.95
2016-04-21 23:00:00,20.7
2016-04-22 00:00:00,19.59
2016-04-22 01:00:00,19.32
2016-04-22 02:00:00,19.85
2016-04-22 03:00:00,22.94
2016-04-22 04:00:00,28.0
2016-04-22 05:00:00,33.14
2016-04-22 06:00:00,34.61
2016-04-22 07:00:00,31.87
2016-04-22 08:00:00,29.9
2016-04-22 09:00:00,27.49
2016-04-22 10:00:00,25.59
2016-04-22 11:00:00,24.76
2016-04-22 12:00:00,24.13
2016-04-22 13:00:00,22.95
2016-04-22 14:00:00,23.46
2016-04-22 15:00:00,24.75
2016-04-22 16:00:00,28.99
2016-04-22 17:00:00,30.93
2016-04-22 18:00:00,30.94
2016-04-22 19:00:00,29.33
2016-04-22 20:00:00,27.94
2016-04-22 21:00:00,25.04
2016-04-22 22:00:00,27.72
2016-04-22 23:00:00,22.45
2016-04-23 00:00:00,21.47
2016-04-23 01:00:00,20.99
2016-04-23 02:00:00,20.99
2016-04-23 03:00:00,20.9
2016-04-23 04:00:00,21.05
2016-04-23 05:00:00,21.48
2016-04-23 06:00:00,23.62
2016-04-23 07:00:00,27.29
2016-04-23 08:00:00,26.91
2016-04-23 09:00:00,25.76
2016-04-23 10:00:00,23.4
2016-04-23 11:00:00,21.36
2016-04-23 12:00:00,20.42
2016-04-23 13:00:00,18.29
2016-04-23 14:00:00,16.27
2016-04-23 15:00:00,19.13
2016-04-23 16:00:00,21.07
2016-04-23 17:00:00,22.46
2016-04-23 18:00:00,25.0
2016-04-23 19:00:00,27.19
2016-04-23 20:00:00,25.05
2016-04-23 21:00:00,22.1
2016-04-23 22:00:00,18.21
2016-04-23 23:00:00,15.96
2016-04-24 00:00:00,14.31
2016-04-24 01:00:00,12.59
2016-04-24 02:00:00,12.79
2016-04-24 03:00:00,13.62
2016-04-24 04:00:00,12.76
2016-04-24 05:00:00,12.2
2016-04-24 06:00:00,13.75
2016-04-24 07:00:00,13.98
2016-04-24 08:00:00,14.0
2016-04-24 09:00:00,14.91
2016-04-24 10:00:00,15.28
2016-04-24 11:00:00,11.88
2016-04-24 12:00:00,9.44
2016-04-24 13:00:00,9.5
2016-04-24 14:00:00,6.61
2016-04-24 15:00:00,7.53
2016-04-24 16:00:00,13.36
2016-04-24 17:00:00,21.96
2016-04-24 18:00:00,23.93
2016-04-24 19:00:00,24.37
2016-04-24 20:00:00,27.87
2016-04-24 21:00:00,24.04
2016-04-24 22:00:00,22.56
2016-04-24 23:00:00,21.46
2016-04-25 00:00:00,20.82
2016-04-25 01:00:00,20.23
2016-04-25 02:00:00,20.26
2016-04-25 03:00:00,21.1
2016-04-25 04:00:00,29.02
2016-04-25 05:00:00,32.97
2016-04-25 06:00:00,34.48
2016-04-25 07:00:00,32.0
2016-04-25 08:00:00,30.69
2016-04-25 09:00:00,30.85
2016-04-25 10:00:00,29.69
2016-04-25 11:00:00,28.05
2016-04-25 12:00:00,24.64
2016-04-25 13:00:00,23.99
2016-04-25 14:00:00,24.0
2016-04-25 15:00:00,25.95
2016-04-25 16:00:00,28.41
2016-04-25 17:00:00,31.19
2016-04-25 18:00:00,31.46
2016-04-25 19:00:00,31.06
2016-04-25 20:00:00,30.32
2016-04-25 21:00:00,30.11
2016-04-25 22:00:00,21.81
2016-04-25 23:00:00,21.69
2016-04-26 00:00:00,20.96
2016-04-26 01:00:00,20.62
2016-04-26 02:00:00,21.07
2016-04-26 03:00:00,22.73
2016-04-26 04:00:00,29.91
2016-04-26 05:00:00,34.69
2016-04-26 06:00:00,38.01
2016-04-26 07:00:00,40.4
2016-04-26 08:00:00,38.02
2016-04-26 09:00:00,34.51
2016-04-26 10:00:00,32.98
2016-04-26 11:00:00,29.53
2016-04-26 12:00:00,27.32
2016-04-26 13:00:00,25.56
2016-04-26 14:00:00,24.78
2016-04-26 15:00:00,25.29
2016-04-26 16:00:00,28.92
2016-04-26 17:00:00,31.11
2016-04-26 18:00:00,31.61
2016-04-26 19:00:00,34.55
2016-04-26 20:00:00,32.0
2016-04-26 21:00:00,28.7
2016-04-26 22:00:00,31.11
2016-04-26 23:00:00,27.01
2016-04-27 00:00:00,23.69
2016-04-27 01:00:00,22.04
2016-04-27 02:00:00,22.17
2016-04-27 03:00:00,23.77
2016-04-27 04:00:00,31.31
2016-04-27 05:00:00,36.7
2016-04-27 06:00:00,39.98
2016-04-27 07:00:00,41.4
2016-04-27 08:00:00,38.7
2016-04-27 09:00:00,36.76
2016-04-27 10:00:00,35.58
2016-04-27 11:00:00,34.19
2016-04-27 12:00:00,33.11
2016-04-27 13:00:00,29.9
2016-04-27 14:00:00,27.4
2016-04-27 15:00:00,31.22
2016-04-27 16:00:00,32.69
2016-04-27 17:00:00,34.61
2016-04-27 18:00:00,35.53
2016-04-27 19:00:00,40.69
2016-04-27 20:00:00,38.29
2016-04-27 21:00:00,33.61
2016-04-27 22:00:00,29.03
2016-04-27 23:00:00,25.25
2016-04-28 00:00:00,24.55
2016-04-28 01:00:00,23.28
2016-04-28 02:00:00,23.73
2016-04-28 03:00:00,25.59
2016-04-28 04:00:00,31.7
2016-04-28 05:00:00,46.9
2016-04-28 06:00:00,62.53
2016-04-28 07:00:00,55.01
2016-04-28 08:00:00,41.75
2016-04-28 09:00:00,37.04
2016-04-28 10:00:00,36.07
2016-04-28 11:00:00,36.0
2016-04-28 12:00:00,27.46
2016-04-28 13:00:00,26.96
2016-04-28 14:00:00,26.5
2016-04-28 15:00:00,30.0
2016-04-28 16:00:00,34.79
2016-04-28 17:00:00,38.43
2016-04-28 18:00:00,35.75
2016-04-28 19:00:00,37.19
2016-04-28 20:00:00,34.92
2016-04-28 21:00:00,30.3
2016-04-28 22:00:00,26.41
2016-04-28 23:00:00,25.01
2016-04-29 00:00:00,23.99
2016-04-29 01:00:00,22.46
2016-04-29 02:00:00,22.35
2016-04-29 03:00:00,23.47
2016-04-29 04:00:00,26.8
2016-04-29 05:00:00,30.68
2016-04-29 06:00:00,35.19
2016-04-29 07:00:00,37.03
2016-04-29 08:00:00,36.19
2016-04-29 09:00:00,35.06
2016-04-29 10:00:00,30.47
2016-04-29 11:00:00,30.84
2016-04-29 12:00:00,30.45
2016-04-29 13:00:00,26.98
2016-04-29 14:00:00,25.48
2016-04-29 15:00:00,26.01
2016-04-29 16:00:00,30.82
2016-04-29 17:00:00,34.83
2016-04-29 18:00:00,35.18
2016-04-29 19:00:00,35.64
2016-04-29 20:00:00,35.18
2016-04-29 21:00:00,31.61
2016-04-29 22:00:00,33.08
2016-04-29 23:00:00,29.52
2016-04-30 00:00:00,29.4
2016-04-30 01:00:00,25.04
2016-04-30 02:00:00,24.0
2016-04-30 03:00:00,24.0
2016-04-30 04:00:00,24.22
2016-04-30 05:00:00,25.45
2016-04-30 06:00:00,26.81
2016-04-30 07:00:00,28.69
2016-04-30 08:00:00,26.54
2016-04-30 09:00:00,24.73
2016-04-30 10:00:00,22.71
2016-04-30 11:00:00,22.17
2016-04-30 12:00:00,21.48
2016-04-30 13:00:00,21.17
2016-04-30 14:00:00,21.54
2016-04-30 15:00:00,22.34
2016-04-30 16:00:00,25.02
2016-04-30 17:00:00,25.51
2016-04-30 18:00:00,25.61
2016-04-30 19:00:00,28.53
2016-04-30 20:00:00,27.92
2016-04-30 21:00:00,25.04
2016-04-30 22:00:00,20.8
2016-04-30 23:00:00,19.81
2016-05-01 00:00:00,18.72
2016-05-01 01:00:00,17.03
2016-05-01 02:00:00,17.17
2016-05-01 03:00:00,17.92
2016-05-01 04:00:00,17.64
2016-05-01 05:00:00,17.59
2016-05-01 06:00:00,17.48
2016-05-01 07:00:00,17.7
2016-05-01 08:00:00,17.51
2016-05-01 09:00:00,17.27
2016-05-01 10:00:00,16.84
2016-05-01 11:00:00,14.98
2016-05-01 12:00:00,14.69
2016-05-01 13:00:00,13.54
2016-05-01 14:00:00,14.25
2016-05-01 15:00:00,15.71
2016-05-01 16:00:00,21.35
2016-05-01 17:00:00,23.57
2016-05-01 18:00:00,25.08
2016-05-01 19:00:00,25.74
2016-05-01 20:00:00,26.35
2016-05-01 21:00:00,25.38
2016-05-01 22:00:00,21.9
2016-05-01 23:00:00,20.23
2016-05-02 00:00:00,20.03
2016-05-02 01:00:00,19.94
2016-05-02 02:00:00,20.08
2016-05-02 03:00:00,23.47
2016-05-02 04:00:00,31.12
2016-05-02 05:00:00,36.17
2016-05-02 06:00:00,34.96
2016-05-02 07:00:00,31.69
2016-05-02 08:00:00,29.85
2016-05-02 09:00:00,29.7
2016-05-02 10:00:00,28.84
2016-05-02 11:00:00,28.53
2016-05-02 12:00:00,27.03
2016-05-02 13:00:00,25.72
2016-05-02 14:00:00,26.94
2016-05-02 15:00:00,29.06
2016-05-02 16:00:00,33.0
2016-05-02 17:00:00,35.79
2016-05-02 18:00:00,35.76
2016-05-02 19:00:00,34.08
2016-05-02 20:00:00,31.93
2016-05-02 21:00:00,31.05
2016-05-02 22:00:00,23.91
2016-05-02 23:00:00,22.7
2016-05-03 00:00:00,21.84
2016-05-03 01:00:00,21.37
2016-05-03 02:00:00,21.85
2016-05-03 03:00:00,23.26
2016-05-03 04:00:00,30.39
2016-05-03 05:00:00,33.9
2016-05-03 06:00:00,36.48
2016-05-03 07:00:00,35.95
2016-05-03 08:00:00,35.58
2016-05-03 09:00:00,34.9
2016-05-03 10:00:00,31.55
2016-05-03 11:00:00,29.72
2016-05-03 12:00:00,30.0
2016-05-03 13:00:00,28.11
2016-05-03 14:00:00,28.16
2016-05-03 15:00:00,25.17
2016-05-03 16:00:00,28.51
2016-05-03 17:00:00,31.69
2016-05-03 18:00:00,32.1
2016-05-03 19:00:00,32.8
2016-05-03 20:00:00,32.43
2016-05-03 21:00:00,30.93
2016-05-03 22:00:00,24.56
2016-05-03 23:00:00,22.04
2016-05-04 00:00:00,21.95
2016-05-04 01:00:00,21.69
2016-05-04 02:00:00,22.14
2016-05-04 03:00:00,23.59
2016-05-04 04:00:00,31.47
2016-05-04 05:00:00,35.05
2016-05-04 06:00:00,35.97
2016-05-04 07:00:00,32.79
2016-05-04 08:00:00,28.8
2016-05-04 09:00:00,27.42
2016-05-04 10:00:00,25.96
2016-05-04 11:00:00,24.87
2016-05-04 12:00:00,24.25
2016-05-04 13:00:00,23.64
2016-05-04 14:00:00,23.88
2016-05-04 15:00:00,25.1
2016-05-04 16:00:00,28.96
2016-05-04 17:00:00,31.73
2016-05-04 18:00:00,32.0
2016-05-04 19:00:00,32.9
2016-05-04 20:00:00,31.93
2016-05-04 21:00:00,27.8
2016-05-04 22:00:00,23.69
2016-05-04 23:00:00,21.86
2016-05-05 00:00:00,21.26
2016-05-05 01:00:00,20.26
2016-05-05 02:00:00,19.79
2016-05-05 03:00:00,19.79
2016-05-05 04:00:00,19.95
2016-05-05 05:00:00,20.07
2016-05-05 06:00:00,20.0
2016-05-05 07:00:00,19.57
2016-05-05 08:00:00,19.01
2016-05-05 09:00:00,17.76
2016-05-05 10:00:00,17.08
2016-05-05 11:00:00,14.53
2016-05-05 12:00:00,12.43
2016-05-05 13:00:00,11.32
2016-05-05 14:00:00,13.06
2016-05-05 15:00:00,17.77
2016-05-05 16:00:00,20.67
2016-05-05 17:00:00,24.2
2016-05-05 18:00:00,24.08
2016-05-05 19:00:00,24.87
2016-05-05 20:00:00,25.79
2016-05-05 21:00:00,21.75
2016-05-05 22:00:00,20.73
2016-05-05 23:00:00,19.08
2016-05-06 00:00:00,18.46
2016-05-06 01:00:00,17.87
2016-05-06 02:00:00,19.11
2016-05-06 03:00:00,20.0
2016-05-06 04:00:00,24.44
2016-05-06 05:00:00,30.33
2016-05-06 06:00:00,30.99
2016-05-06 07:00:00,29.98
2016-05-06 08:00:00,24.28
2016-05-06 09:00:00,22.77
2016-05-06 10:00:00,20.66
2016-05-06 11:00:00,18.13
2016-05-06 12:00:00,16.63
2016-05-06 13:00:00,16.84
2016-05-06 14:00:00,18.96
2016-05-06 15:00:00,22.26
2016-05-06 16:00:00,28.66
2016-05-06 17:00:00,30.94
2016-05-06 18:00:00,28.96
2016-05-06 19:00:00,28.86
2016-05-06 20:00:00,28.82
2016-05-06 21:00:00,27.39
2016-05-06 22:00:00,19.85
2016-05-06 23:00:00,17.01
2016-05-07 00:00:00,14.95
2016-05-07 01:00:00,14.64
2016-05-07 02:00:00,14.96
2016-05-07 03:00:00,15.2
2016-05-07 04:00:00,16.27
2016-05-07 05:00:00,16.45
2016-05-07 06:00:00,16.74
2016-05-07 07:00:00,16.53
2016-05-07 08:00:00,14.21
2016-05-07 09:00:00,12.16
2016-05-07 10:00:00,10.41
2016-05-07 11:00:00,8.04
2016-05-07 12:00:00,5.97
2016-05-07 13:00:00,6.52
2016-05-07 14:00:00,10.39
2016-05-07 15:00:00,14.59
2016-05-07 16:00:00,18.4
2016-05-07 17:00:00,21.43
2016-05-07 18:00:00,19.93
2016-05-07 19:00:00,20.44
2016-05-07 20:00:00,20.55
2016-05-07 21:00:00,18.69
2016-05-07 22:00:00,14.45
2016-05-07 23:00:00,10.73
2016-05-08 00:00:00,8.63
2016-05-08 01:00:00,5.45
2016-05-08 02:00:00,4.0
2016-05-08 03:00:00,3.0
2016-05-08 04:00:00,2.91
2016-05-08 05:00:00,2.79
2016-05-08 06:00:00,4.0
2016-05-08 07:00:00,4.5
2016-05-08 08:00:00,2.44
2016-05-08 09:00:00,4.14
2016-05-08 10:00:00,4.04
2016-05-08 11:00:00,4.55
2016-05-08 12:00:00,1.44
2016-05-08 13:00:00,-1.33
2016-05-08 14:00:00,-10.69
2016-05-08 15:00:00,2.64
2016-05-08 16:00:00,10.4
2016-05-08 17:00:00,19.35
2016-05-08 18:00:00,19.4
2016-05-08 19:00:00,20.02
2016-05-08 20:00:00,20.12
2016-05-08 21:00:00,18.66
2016-05-08 22:00:00,14.61
2016-05-08 23:00:00,12.68
2016-05-09 00:00:00,12.09
2016-05-09 01:00:00,9.57
2016-05-09 02:00:00,11.0
2016-05-09 03:00:00,14.18
2016-05-09 04:00:00,28.57
2016-05-09 05:00:00,32.95
2016-05-09 06:00:00,34.69
2016-05-09 07:00:00,31.24
2016-05-09 08:00:00,31.03
2016-05-09 09:00:00,29.01
2016-05-09 10:00:00,31.65
2016-05-09 11:00:00,33.22
2016-05-09 12:00:00,32.82
2016-05-09 13:00:00,25.54
2016-05-09 14:00:00,24.16
2016-05-09 15:00:00,25.54
2016-05-09 16:00:00,27.12
2016-05-09 17:00:00,31.46
2016-05-09 18:00:00,31.28
2016-05-09 19:00:00,30.0
2016-05-09 20:00:00,27.29
2016-05-09 21:00:00,22.28
2016-05-09 22:00:00,22.55
2016-05-09 23:00:00,21.09
2016-05-10 00:00:00,19.61
2016-05-10 01:00:00,19.33
2016-05-10 02:00:00,19.87
2016-05-10 03:00:00,21.56
2016-05-10 04:00:00,28.5
2016-05-10 05:00:00,31.87
2016-05-10 06:00:00,36.66
2016-05-10 07:00:00,38.0
2016-05-10 08:00:00,36.0
2016-05-10 09:00:00,39.39
2016-05-10 10:00:00,37.43
2016-05-10 11:00:00,36.62
2016-05-10 12:00:00,32.82
2016-05-10 13:00:00,29.21
2016-05-10 14:00:00,28.76
2016-05-10 15:00:00,30.69
2016-05-10 16:00:00,31.93
2016-05-10 17:00:00,32.5
2016-05-10 18:00:00,32.25
2016-05-10 19:00:00,31.99
2016-05-10 20:00:00,31.94
2016-05-10 21:00:00,31.18
2016-05-10 22:00:00,22.4
2016-05-10 23:00:00,20.54
2016-05-11 00:00:00,19.92
2016-05-11 01:00:00,19.11
2016-05-11 02:00:00,19.87
2016-05-11 03:00:00,21.84
2016-05-11 04:00:00,28.96
2016-05-11 05:00:00,35.27
2016-05-11 06:00:00,39.6
2016-05-11 07:00:00,34.94
2016-05-11 08:00:00,32.86
2016-05-11 09:00:00,31.87
2016-05-11 10:00:00,32.12
2016-05-11 11:00:00,32.09
2016-05-11 12:00:00,32.36
2016-05-11 13:00:00,29.91
2016-05-11 14:00:00,29.19
2016-05-11 15:00:00,28.52
2016-05-11 16:00:00,27.51
2016-05-11 17:00:00,31.32
2016-05-11 18:00:00,29.94
2016-05-11 19:00:00,25.09
2016-05-11 20:00:00,22.52
2016-05-11 21:00:00,21.67
2016-05-11 22:00:00,19.79
2016-05-11 23:00:00,17.89
2016-05-12 00:00:00,15.0
2016-05-12 01:00:00,14.0
2016-05-12 02:00:00,13.02
2016-05-12 03:00:00,18.31
2016-05-12 04:00:00,24.08
2016-05-12 05:00:00,30.93
2016-05-12 06:00:00,34.05
2016-05-12 07:00:00,33.96
2016-05-12 08:00:00,30.93
2016-05-12 09:00:00,30.42
2016-05-12 10:00:00,29.1
2016-05-12 11:00:00,28.81
2016-05-12 12:00:00,27.44
2016-05-12 13:00:00,26.7
2016-05-12 14:00:00,27.53
2016-05-12 15:00:00,29.08
2016-05-12 16:00:00,32.28
2016-05-12 17:00:00,34.36
2016-05-12 18:00:00,32.85
2016-05-12 19:00:00,31.69
2016-05-12 20:00:00,28.11
2016-05-12 21:00:00,25.14
2016-05-12 22:00:00,23.07
2016-05-12 23:00:00,21.41
2016-05-13 00:00:00,21.04
2016-05-13 01:00:00,20.55
2016-05-13 02:00:00,21.13
2016-05-13 03:00:00,23.0
2016-05-13 04:00:00,28.07
2016-05-13 05:00:00,36.14
2016-05-13 06:00:00,40.21
2016-05-13 07:00:00,38.23
2016-05-13 08:00:00,35.37
2016-05-13 09:00:00,35.45
2016-05-13 10:00:00,30.94
2016-05-13 11:00:00,27.99
2016-05-13 12:00:00,25.28
2016-05-13 13:00:00,23.84
2016-05-13 14:00:00,23.53
2016-05-13 15:00:00,24.01
2016-05-13 16:00:00,26.37
2016-05-13 17:00:00,29.0
2016-05-13 18:00:00,27.1
2016-05-13 19:00:00,25.03
2016-05-13 20:00:00,26.96
2016-05-13 21:00:00,23.02
2016-05-13 22:00:00,13.76
2016-05-13 23:00:00,13.1
2016-05-14 00:00:00,11.51
2016-05-14 01:00:00,9.71
2016-05-14 02:00:00,8.39
2016-05-14 03:00:00,8.6
2016-05-14 04:00:00,9.91
2016-05-14 05:00:00,11.24
2016-05-14 06:00:00,15.57
2016-05-14 07:00:00,16.0
2016-05-14 08:00:00,15.02
2016-05-14 09:00:00,15.18
2016-05-14 10:00:00,13.98
2016-05-14 11:00:00,11.41
2016-05-14 12:00:00,10.0
2016-05-14 13:00:00,8.27
2016-05-14 14:00:00,6.69
2016-05-14 15:00:00,9.91
2016-05-14 16:00:00,15.01
2016-05-14 17:00:00,20.71
2016-05-14 18:00:00,19.31
2016-05-14 19:00:00,19.3
2016-05-14 20:00:00,23.6
2016-05-14 21:00:00,20.63
2016-05-14 22:00:00,20.51
2016-05-14 23:00:00,13.92
2016-05-15 00:00:00,12.95
2016-05-15 01:00:00,10.42
2016-05-15 02:00:00,9.19
2016-05-15 03:00:00,9.56
2016-05-15 04:00:00,8.19
2016-05-15 05:00:00,6.69
2016-05-15 06:00:00,7.5
2016-05-15 07:00:00,8.42
2016-05-15 08:00:00,9.0
2016-05-15 09:00:00,8.76
2016-05-15 10:00:00,10.16
2016-05-15 11:00:00,8.19
2016-05-15 12:00:00,4.91
2016-05-15 13:00:00,0.81
2016-05-15 14:00:00,3.41
2016-05-15 15:00:00,5.69
2016-05-15 16:00:00,15.38
2016-05-15 17:00:00,21.51
2016-05-15 18:00:00,21.79
2016-05-15 19:00:00,22.95
2016-05-15 20:00:00,24.52
2016-05-15 21:00:00,23.39
2016-05-15 22:00:00,23.51
2016-05-15 23:00:00,18.0
2016-05-16 00:00:00,17.03
2016-05-16 01:00:00,16.27
2016-05-16 02:00:00,15.57
2016-05-16 03:00:00,17.19
2016-05-16 04:00:00,17.69
2016-05-16 05:00:00,20.0
2016-05-16 06:00:00,22.54
2016-05-16 07:00:00,23.13
2016-05-16 08:00:00,23.34
2016-05-16 09:00:00,23.74
2016-05-16 10:00:00,23.53
2016-05-16 11:00:00,20.02
2016-05-16 12:00:00,17.55
2016-05-16 13:00:00,17.09
2016-05-16 14:00:00,17.74
2016-05-16 15:00:00,19.47
2016-05-16 16:00:00,24.0
2016-05-16 17:00:00,27.16
2016-05-16 18:00:00,28.37
2016-05-16 19:00:00,31.97
2016-05-16 20:00:00,32.41
2016-05-16 21:00:00,28.53
2016-05-16 22:00:00,30.0
2016-05-16 23:00:00,24.0
2016-05-17 00:00:00,22.82
2016-05-17 01:00:00,21.6
2016-05-17 02:00:00,21.73
2016-05-17 03:00:00,22.91
2016-05-17 04:00:00,29.95
2016-05-17 05:00:00,36.36
2016-05-17 06:00:00,38.0
2016-05-17 07:00:00,35.46
2016-05-17 08:00:00,33.99
2016-05-17 09:00:00,33.34
2016-05-17 10:00:00,31.8
2016-05-17 11:00:00,31.32
2016-05-17 12:00:00,31.78
2016-05-17 13:00:00,31.62
2016-05-17 14:00:00,30.02
2016-05-17 15:00:00,32.59
2016-05-17 16:00:00,34.64
2016-05-17 17:00:00,34.92
2016-05-17 18:00:00,36.76
2016-05-17 19:00:00,37.44
2016-05-17 20:00:00,33.22
2016-05-17 21:00:00,29.0
2016-05-17 22:00:00,27.23
2016-05-17 23:00:00,25.39
2016-05-18 00:00:00,23.89
2016-05-18 01:00:00,22.92
2016-05-18 02:00:00,23.31
2016-05-18 03:00:00,24.57
2016-05-18 04:00:00,31.12
2016-05-18 05:00:00,37.06
2016-05-18 06:00:00,39.48
2016-05-18 07:00:00,36.81
2016-05-18 08:00:00,35.41
2016-05-18 09:00:00,35.69
2016-05-18 10:00:00,34.21
2016-05-18 11:00:00,33.38
2016-05-18 12:00:00,31.69
2016-05-18 13:00:00,30.85
2016-05-18 14:00:00,31.32
2016-05-18 15:00:00,31.69
2016-05-18 16:00:00,31.87
2016-05-18 17:00:00,34.94
2016-05-18 18:00:00,34.64
2016-05-18 19:00:00,34.95
2016-05-18 20:00:00,33.09
2016-05-18 21:00:00,30.94
2016-05-18 22:00:00,25.0
2016-05-18 23:00:00,22.91
2016-05-19 00:00:00,22.23
2016-05-19 01:00:00,21.85
2016-05-19 02:00:00,22.29
2016-05-19 03:00:00,23.9
2016-05-19 04:00:00,31.58
2016-05-19 05:00:00,39.4
2016-05-19 06:00:00,46.0
2016-05-19 07:00:00,44.13
2016-05-19 08:00:00,45.0
2016-05-19 09:00:00,44.91
2016-05-19 10:00:00,40.07
2016-05-19 11:00:00,38.96
2016-05-19 12:00:00,35.0
2016-05-19 13:00:00,33.06
2016-05-19 14:00:00,31.91
2016-05-19 15:00:00,32.35
2016-05-19 16:00:00,34.0
2016-05-19 17:00:00,36.08
2016-05-19 18:00:00,34.96
2016-05-19 19:00:00,33.85
2016-05-19 20:00:00,32.08
2016-05-19 21:00:00,30.69
2016-05-19 22:00:00,24.73
2016-05-19 23:00:00,23.42
2016-05-20 00:00:00,21.5
2016-05-20 01:00:00,21.34
2016-05-20 02:00:00,21.52
2016-05-20 03:00:00,23.23
2016-05-20 04:00:00,27.71
2016-05-20 05:00:00,33.07
2016-05-20 06:00:00,34.97
2016-05-20 07:00:00,34.01
2016-05-20 08:00:00,34.06
2016-05-20 09:00:00,32.64
2016-05-20 10:00:00,29.71
2016-05-20 11:00:00,29.1
2016-05-20 12:00:00,26.86
2016-05-20 13:00:00,26.0
2016-05-20 14:00:00,25.54
2016-05-20 15:00:00,28.9
2016-05-20 16:00:00,32.69
2016-05-20 17:00:00,33.92
2016-05-20 18:00:00,34.06
2016-05-20 19:00:00,33.21
2016-05-20 20:00:00,33.66
2016-05-20 21:00:00,28.85
2016-05-20 22:00:00,25.45
2016-05-20 23:00:00,23.49
2016-05-21 00:00:00,22.6
2016-05-21 01:00:00,21.26
2016-05-21 02:00:00,20.0
2016-05-21 03:00:00,19.38
2016-05-21 04:00:00,20.03
2016-05-21 05:00:00,20.88
2016-05-21 06:00:00,21.5
2016-05-21 07:00:00,22.32
2016-05-21 08:00:00,20.79
2016-05-21 09:00:00,19.04
2016-05-21 10:00:00,18.4
2016-05-21 11:00:00,16.81
2016-05-21 12:00:00,15.3
2016-05-21 13:00:00,13.29
2016-05-21 14:00:00,11.19
2016-05-21 15:00:00,18.63
2016-05-21 16:00:00,23.9
2016-05-21 17:00:00,26.28
2016-05-21 18:00:00,21.0
2016-05-21 19:00:00,23.85
2016-05-21 20:00:00,27.0
2016-05-21 21:00:00,23.42
2016-05-21 22:00:00,17.79
2016-05-21 23:00:00,12.03
2016-05-22 00:00:00,9.39
2016-05-22 01:00:00,6.99
2016-05-22 02:00:00,5.49
2016-05-22 03:00:00,3.31
2016-05-22 04:00:00,2.19
2016-05-22 05:00:00,3.45
2016-05-22 06:00:00,5.4
2016-05-22 07:00:00,6.99
2016-05-22 08:00:00,7.06
2016-05-22 09:00:00,8.28
2016-05-22 10:00:00,8.2
2016-05-22 11:00:00,5.86
2016-05-22 12:00:00,4.0
2016-05-22 13:00:00,2.3
2016-05-22 14:00:00,2.5
2016-05-22 15:00:00,7.17
2016-05-22 16:00:00,21.33
2016-05-22 17:00:00,23.69
2016-05-22 18:00:00,25.32
2016-05-22 19:00:00,26.11
2016-05-22 20:00:00,27.9
2016-05-22 21:00:00,25.56
2016-05-22 22:00:00,22.67
2016-05-22 23:00:00,20.89
2016-05-23 00:00:00,19.51
2016-05-23 01:00:00,18.69
2016-05-23 02:00:00,17.02
2016-05-23 03:00:00,20.69
2016-05-23 04:00:00,28.05
2016-05-23 05:00:00,34.51
2016-05-23 06:00:00,39.15
2016-05-23 07:00:00,37.7
2016-05-23 08:00:00,36.0
2016-05-23 09:00:00,35.94
2016-05-23 10:00:00,33.91
2016-05-23 11:00:00,33.54
2016-05-23 12:00:00,32.5
2016-05-23 13:00:00,32.78
2016-05-23 14:00:00,31.96
2016-05-23 15:00:00,31.68
2016-05-23 16:00:00,32.49
2016-05-23 17:00:00,33.09
2016-05-23 18:00:00,34.7
2016-05-23 19:00:00,36.61
2016-05-23 20:00:00,35.61
2016-05-23 21:00:00,33.0
2016-05-23 22:00:00,25.51
2016-05-23 23:00:00,21.75
2016-05-24 00:00:00,20.48
2016-05-24 01:00:00,20.0
2016-05-24 02:00:00,20.72
2016-05-24 03:00:00,22.61
2016-05-24 04:00:00,27.0
2016-05-24 05:00:00,34.38
2016-05-24 06:00:00,37.09
2016-05-24 07:00:00,36.19
2016-05-24 08:00:00,36.94
2016-05-24 09:00:00,36.06
2016-05-24 10:00:00,33.09
2016-05-24 11:00:00,33.0
2016-05-24 12:00:00,32.69
2016-05-24 13:00:00,30.92
2016-05-24 14:00:00,29.12
2016-05-24 15:00:00,29.8
2016-05-24 16:00:00,31.25
2016-05-24 17:00:00,32.2
2016-05-24 18:00:00,31.64
2016-05-24 19:00:00,32.38
2016-05-24 20:00:00,32.0
2016-05-24 21:00:00,29.85
2016-05-24 22:00:00,26.76
2016-05-24 23:00:00,23.29
2016-05-25 00:00:00,21.57
2016-05-25 01:00:00,21.02
2016-05-25 02:00:00,21.63
2016-05-25 03:00:00,22.99
2016-05-25 04:00:00,30.92
2016-05-25 05:00:00,35.8
2016-05-25 06:00:00,39.2
2016-05-25 07:00:00,36.53
2016-05-25 08:00:00,36.0
2016-05-25 09:00:00,35.05
2016-05-25 10:00:00,32.91
2016-05-25 11:00:00,30.86
2016-05-25 12:00:00,30.75
2016-05-25 13:00:00,31.18
2016-05-25 14:00:00,31.29
2016-05-25 15:00:00,34.19
2016-05-25 16:00:00,35.8
2016-05-25 17:00:00,36.61
2016-05-25 18:00:00,36.76
2016-05-25 19:00:00,35.49
2016-05-25 20:00:00,34.92
2016-05-25 21:00:00,32.75
2016-05-25 22:00:00,25.74
2016-05-25 23:00:00,24.16
2016-05-26 00:00:00,23.42
2016-05-26 01:00:00,23.27
2016-05-26 02:00:00,23.33
2016-05-26 03:00:00,23.79
2016-05-26 04:00:00,26.15
2016-05-26 05:00:00,30.96
2016-05-26 06:00:00,34.86
2016-05-26 07:00:00,33.59
2016-05-26 08:00:00,29.18
2016-05-26 09:00:00,31.92
2016-05-26 10:00:00,29.8
2016-05-26 11:00:00,31.14
2016-05-26 12:00:00,28.1
2016-05-26 13:00:00,27.35
2016-05-26 14:00:00,29.9
2016-05-26 15:00:00,35.18
2016-05-26 16:00:00,34.0
2016-05-26 17:00:00,35.27
2016-05-26 18:00:00,34.95
2016-05-26 19:00:00,32.94
2016-05-26 20:00:00,33.1
2016-05-26 21:00:00,29.75
2016-05-26 22:00:00,24.43
2016-05-26 23:00:00,23.47
2016-05-27 00:00:00,21.95
2016-05-27 01:00:00,20.61
2016-05-27 02:00:00,21.69
2016-05-27 03:00:00,23.45
2016-05-27 04:00:00,27.88
2016-05-27 05:00:00,32.99
2016-05-27 06:00:00,35.48
2016-05-27 07:00:00,37.38
2016-05-27 08:00:00,36.17
2016-05-27 09:00:00,34.92
2016-05-27 10:00:00,33.11
2016-05-27 11:00:00,30.35
2016-05-27 12:00:00,31.06
2016-05-27 13:00:00,29.54
2016-05-27 14:00:00,29.92
2016-05-27 15:00:00,33.42
2016-05-27 16:00:00,32.91
2016-05-27 17:00:00,33.2
2016-05-27 18:00:00,32.19
2016-05-27 19:00:00,31.85
2016-05-27 20:00:00,32.72
2016-05-27 21:00:00,30.82
2016-05-27 22:00:00,28.92
2016-05-27 23:00:00,24.38
2016-05-28 00:00:00,22.79
2016-05-28 01:00:00,22.14
2016-05-28 02:00:00,21.62
2016-05-28 03:00:00,21.91
2016-05-28 04:00:00,22.56
2016-05-28 05:00:00,24.0
2016-05-28 06:00:00,26.57
2016-05-28 07:00:00,28.95
2016-05-28 08:00:00,28.39
2016-05-28 09:00:00,27.55
2016-05-28 10:00:00,25.45
2016-05-28 11:00:00,23.2
2016-05-28 12:00:00,21.87
2016-05-28 13:00:00,20.8
2016-05-28 14:00:00,19.72
2016-05-28 15:00:00,21.85
2016-05-28 16:00:00,20.57
2016-05-28 17:00:00,26.42
2016-05-28 18:00:00,22.4
2016-05-28 19:00:00,26.06
2016-05-28 20:00:00,29.7
2016-05-28 21:00:00,27.13
2016-05-28 22:00:00,17.69
2016-05-28 23:00:00,12.4
2016-05-29 00:00:00,11.19
2016-05-29 01:00:00,9.84
2016-05-29 02:00:00,7.63
2016-05-29 03:00:00,6.16
2016-05-29 04:00:00,6.33
2016-05-29 05:00:00,6.66
2016-05-29 06:00:00,6.24
2016-05-29 07:00:00,7.21
2016-05-29 08:00:00,11.19
2016-05-29 09:00:00,13.19
2016-05-29 10:00:00,13.05
2016-05-29 11:00:00,11.18
2016-05-29 12:00:00,7.85
2016-05-29 13:00:00,7.03
2016-05-29 14:00:00,5.32
2016-05-29 15:00:00,7.07
2016-05-29 16:00:00,9.05
2016-05-29 17:00:00,12.94
2016-05-29 18:00:00,17.45
2016-05-29 19:00:00,22.62
2016-05-29 20:00:00,23.1
2016-05-29 21:00:00,19.97
2016-05-29 22:00:00,18.07
2016-05-29 23:00:00,13.87
2016-05-30 00:00:00,12.27
2016-05-30 01:00:00,11.28
2016-05-30 02:00:00,11.86
2016-05-30 03:00:00,18.01
2016-05-30 04:00:00,26.16
2016-05-30 05:00:00,34.94
2016-05-30 06:00:00,35.25
2016-05-30 07:00:00,35.43
2016-05-30 08:00:00,34.79
2016-05-30 09:00:00,35.5
2016-05-30 10:00:00,32.3
2016-05-30 11:00:00,29.96
2016-05-30 12:00:00,30.3
2016-05-30 13:00:00,26.35
2016-05-30 14:00:00,25.07
2016-05-30 15:00:00,26.18
2016-05-30 16:00:00,28.74
2016-05-30 17:00:00,28.99
2016-05-30 18:00:00,25.48
2016-05-30 19:00:00,24.69
2016-05-30 20:00:00,27.22
2016-05-30 21:00:00,22.87
2016-05-30 22:00:00,21.17
2016-05-30 23:00:00,19.25
2016-05-31 00:00:00,16.44
2016-05-31 01:00:00,8.09
2016-05-31 02:00:00,9.54
2016-05-31 03:00:00,16.94
2016-05-31 04:00:00,24.52
2016-05-31 05:00:00,32.93
2016-05-31 06:00:00,35.81
2016-05-31 07:00:00,35.47
2016-05-31 08:00:00,34.94
2016-05-31 09:00:00,35.8
2016-05-31 10:00:00,32.78
2016-05-31 11:00:00,30.94
2016-05-31 12:00:00,31.23
2016-05-31 13:00:00,31.05
2016-05-31 14:00:00,32.04
2016-05-31 15:00:00,32.37
2016-05-31 16:00:00,34.94
2016-05-31 17:00:00,35.92
2016-05-31 18:00:00,32.95
2016-05-31 19:00:00,31.98
2016-05-31 20:00:00,30.78
2016-05-31 21:00:00,28.33
2016-05-31 22:00:00,24.0
2016-05-31 23:00:00,22.23
2016-06-01 00:00:00,21.07
2016-06-01 01:00:00,20.08
2016-06-01 02:00:00,20.18
2016-06-01 03:00:00,23.1
2016-06-01 04:00:00,29.9
2016-06-01 05:00:00,37.49
2016-06-01 06:00:00,40.87
2016-06-01 07:00:00,41.0
2016-06-01 08:00:00,40.44
2016-06-01 09:00:00,40.51
2016-06-01 10:00:00,36.64
2016-06-01 11:00:00,33.37
2016-06-01 12:00:00,33.01
2016-06-01 13:00:00,30.67
2016-06-01 14:00:00,29.75
2016-06-01 15:00:00,30.11
2016-06-01 16:00:00,32.66
2016-06-01 17:00:00,32.92
2016-06-01 18:00:00,30.95
2016-06-01 19:00:00,29.57
2016-06-01 20:00:00,30.9
2016-06-01 21:00:00,27.18
2016-06-01 22:00:00,21.96
2016-06-01 23:00:00,20.75
2016-06-02 00:00:00,20.06
2016-06-02 01:00:00,20.0
2016-06-02 02:00:00,16.39
2016-06-02 03:00:00,17.58
2016-06-02 04:00:00,25.53
2016-06-02 05:00:00,29.69
2016-06-02 06:00:00,39.54
2016-06-02 07:00:00,37.98
2016-06-02 08:00:00,37.09
2016-06-02 09:00:00,36.37
2016-06-02 10:00:00,32.08
2016-06-02 11:00:00,28.07
2016-06-02 12:00:00,26.68
2016-06-02 13:00:00,25.95
2016-06-02 14:00:00,27.29
2016-06-02 15:00:00,30.62
2016-06-02 16:00:00,31.84
2016-06-02 17:00:00,32.96
2016-06-02 18:00:00,31.96
2016-06-02 19:00:00,28.85
2016-06-02 20:00:00,28.49
2016-06-02 21:00:00,24.59
2016-06-02 22:00:00,24.1
2016-06-02 23:00:00,21.68
2016-06-03 00:00:00,19.97
2016-06-03 01:00:00,16.03
2016-06-03 02:00:00,17.14
2016-06-03 03:00:00,22.5
2016-06-03 04:00:00,27.46
2016-06-03 05:00:00,35.45
2016-06-03 06:00:00,40.08
2016-06-03 07:00:00,39.95
2016-06-03 08:00:00,34.11
2016-06-03 09:00:00,33.39
2016-06-03 10:00:00,33.62
2016-06-03 11:00:00,34.32
2016-06-03 12:00:00,29.63
2016-06-03 13:00:00,26.64
2016-06-03 14:00:00,26.81
2016-06-03 15:00:00,28.0
2016-06-03 16:00:00,31.82
2016-06-03 17:00:00,33.61
2016-06-03 18:00:00,31.98
2016-06-03 19:00:00,30.66
2016-06-03 20:00:00,32.16
2016-06-03 21:00:00,28.94
2016-06-03 22:00:00,30.98
2016-06-03 23:00:00,23.21
2016-06-04 00:00:00,21.63
2016-06-04 01:00:00,21.29
2016-06-04 02:00:00,21.26
2016-06-04 03:00:00,21.3
2016-06-04 04:00:00,21.53
2016-06-04 05:00:00,23.5
2016-06-04 06:00:00,27.49
2016-06-04 07:00:00,28.98
2016-06-04 08:00:00,26.56
2016-06-04 09:00:00,26.91
2016-06-04 10:00:00,25.73
2016-06-04 11:00:00,22.78
2016-06-04 12:00:00,21.58
2016-06-04 13:00:00,21.41
2016-06-04 14:00:00,21.53
2016-06-04 15:00:00,25.29
2016-06-04 16:00:00,28.19
2016-06-04 17:00:00,30.07
2016-06-04 18:00:00,29.87
2016-06-04 19:00:00,29.88
2016-06-04 20:00:00,30.99
2016-06-04 21:00:00,28.88
2016-06-04 22:00:00,24.43
2016-06-04 23:00:00,22.0
2016-06-05 00:00:00,20.08
2016-06-05 01:00:00,18.32
2016-06-05 02:00:00,15.77
2016-06-05 03:00:00,14.98
2016-06-05 04:00:00,13.33
2016-06-05 05:00:00,15.52
2016-06-05 06:00:00,17.89
2016-06-05 07:00:00,17.83
2016-06-05 08:00:00,17.84
2016-06-05 09:00:00,18.06
2016-06-05 10:00:00,17.94
2016-06-05 11:00:00,15.15
2016-06-05 12:00:00,10.9
2016-06-05 13:00:00,10.22
2016-06-05 14:00:00,11.1
2016-06-05 15:00:00,17.61
2016-06-05 16:00:00,23.91
2016-06-05 17:00:00,26.92
2016-06-05 18:00:00,28.85
2016-06-05 19:00:00,29.14
2016-06-05 20:00:00,30.74
2016-06-05 21:00:00,28.64
2016-06-05 22:00:00,24.59
2016-06-05 23:00:00,22.76
2016-06-06 00:00:00,21.87
2016-06-06 01:00:00,18.38
2016-06-06 02:00:00,15.61
2016-06-06 03:00:00,19.51
2016-06-06 04:00:00,24.01
2016-06-06 05:00:00,29.81
2016-06-06 06:00:00,37.82
2016-06-06 07:00:00,34.94
2016-06-06 08:00:00,32.57
2016-06-06 09:00:00,34.53
2016-06-06 10:00:00,32.39
2016-06-06 11:00:00,32.05
2016-06-06 12:00:00,32.52
2016-06-06 13:00:00,32.76
2016-06-06 14:00:00,33.55
2016-06-06 15:00:00,36.3
2016-06-06 16:00:00,38.76
2016-06-06 17:00:00,41.06
2016-06-06 18:00:00,37.31
2016-06-06 19:00:00,34.2
2016-06-06 20:00:00,33.81
2016-06-06 21:00:00,30.65
2016-06-06 22:00:00,24.85
2016-06-06 23:00:00,23.34
2016-06-07 00:00:00,22.59
2016-06-07 01:00:00,18.66
2016-06-07 02:00:00,19.89
2016-06-07 03:00:00,21.19
2016-06-07 04:00:00,24.94
2016-06-07 05:00:00,34.79
2016-06-07 06:00:00,39.48
2016-06-07 07:00:00,36.3
2016-06-07 08:00:00,32.85
2016-06-07 09:00:00,32.38
2016-06-07 10:00:00,30.02
2016-06-07 11:00:00,28.62
2016-06-07 12:00:00,28.94
2016-06-07 13:00:00,27.83
2016-06-07 14:00:00,30.18
2016-06-07 15:00:00,32.13
2016-06-07 16:00:00,36.02
2016-06-07 17:00:00,38.48
2016-06-07 18:00:00,33.55
2016-06-07 19:00:00,32.97
2016-06-07 20:00:00,32.59
2016-06-07 21:00:00,27.54
2016-06-07 22:00:00,25.98
2016-06-07 23:00:00,23.89
2016-06-08 00:00:00,22.83
2016-06-08 01:00:00,19.63
2016-06-08 02:00:00,19.87
2016-06-08 03:00:00,23.03
2016-06-08 04:00:00,27.61
2016-06-08 05:00:00,35.07
2016-06-08 06:00:00,41.31
2016-06-08 07:00:00,37.33
2016-06-08 08:00:00,35.14
2016-06-08 09:00:00,33.7
2016-06-08 10:00:00,29.04
2016-06-08 11:00:00,27.6
2016-06-08 12:00:00,27.18
2016-06-08 13:00:00,26.37
2016-06-08 14:00:00,26.0
2016-06-08 15:00:00,28.24
2016-06-08 16:00:00,30.68
2016-06-08 17:00:00,32.9
2016-06-08 18:00:00,32.12
2016-06-08 19:00:00,32.55
2016-06-08 20:00:00,30.9
2016-06-08 21:00:00,26.5
2016-06-08 22:00:00,23.67
2016-06-08 23:00:00,21.87
2016-06-09 00:00:00,20.81
2016-06-09 01:00:00,16.1
2016-06-09 02:00:00,14.87
2016-06-09 03:00:00,17.65
2016-06-09 04:00:00,26.9
2016-06-09 05:00:00,33.85
2016-06-09 06:00:00,43.08
2016-06-09 07:00:00,44.0
2016-06-09 08:00:00,42.89
2016-06-09 09:00:00,41.4
2016-06-09 10:00:00,34.99
2016-06-09 11:00:00,33.93
2016-06-09 12:00:00,31.07
2016-06-09 13:00:00,28.36
2016-06-09 14:00:00,28.19
2016-06-09 15:00:00,28.86
2016-06-09 16:00:00,32.95
2016-06-09 17:00:00,34.94
2016-06-09 18:00:00,33.7
2016-06-09 19:00:00,31.51
2016-06-09 20:00:00,30.49
2016-06-09 21:00:00,27.91
2016-06-09 22:00:00,24.91
2016-06-09 23:00:00,22.34
2016-06-10 00:00:00,21.03
2016-06-10 01:00:00,19.91
2016-06-10 02:00:00,18.27
2016-06-10 03:00:00,20.97
2016-06-10 04:00:00,27.25
2016-06-10 05:00:00,33.94
2016-06-10 06:00:00,35.95
2016-06-10 07:00:00,33.89
2016-06-10 08:00:00,33.29
2016-06-10 09:00:00,33.06
2016-06-10 10:00:00,32.0
2016-06-10 11:00:00,31.92
2016-06-10 12:00:00,30.65
2016-06-10 13:00:00,28.03
2016-06-10 14:00:00,25.46
2016-06-10 15:00:00,27.58
2016-06-10 16:00:00,30.01
2016-06-10 17:00:00,32.85
2016-06-10 18:00:00,32.06
2016-06-10 19:00:00,31.67
2016-06-10 20:00:00,32.86
2016-06-10 21:00:00,31.51
2016-06-10 22:00:00,26.14
2016-06-10 23:00:00,24.2
2016-06-11 00:00:00,23.01
2016-06-11 01:00:00,20.99
2016-06-11 02:00:00,20.0
2016-06-11 03:00:00,19.03
2016-06-11 04:00:00,17.34
2016-06-11 05:00:00,19.0
2016-06-11 06:00:00,26.06
2016-06-11 07:00:00,29.47
2016-06-11 08:00:00,29.46
2016-06-11 09:00:00,30.03
2016-06-11 10:00:00,28.49
2016-06-11 11:00:00,25.69
2016-06-11 12:00:00,23.99
2016-06-11 13:00:00,23.8
2016-06-11 14:00:00,23.42
2016-06-11 15:00:00,24.34
2016-06-11 16:00:00,28.49
2016-06-11 17:00:00,29.46
2016-06-11 18:00:00,28.49
2016-06-11 19:00:00,29.47
2016-06-11 20:00:00,30.94
2016-06-11 21:00:00,29.47
2016-06-11 22:00:00,28.85
2016-06-11 23:00:00,20.83
2016-06-12 00:00:00,20.08
2016-06-12 01:00:00,16.0
2016-06-12 02:00:00,14.47
2016-06-12 03:00:00,10.14
2016-06-12 04:00:00,8.58
2016-06-12 05:00:00,14.28
2016-06-12 06:00:00,19.47
2016-06-12 07:00:00,22.76
2016-06-12 08:00:00,21.19
2016-06-12 09:00:00,25.3
2016-06-12 10:00:00,22.94
2016-06-12 11:00:00,19.16
2016-06-12 12:00:00,18.53
2016-06-12 13:00:00,19.07
2016-06-12 14:00:00,18.58
2016-06-12 15:00:00,20.38
2016-06-12 16:00:00,24.42
2016-06-12 17:00:00,26.5
2016-06-12 18:00:00,29.03
2016-06-12 19:00:00,29.0
2016-06-12 20:00:00,30.81
2016-06-12 21:00:00,28.61
2016-06-12 22:00:00,22.89
2016-06-12 23:00:00,21.38
2016-06-13 00:00:00,20.03
2016-06-13 01:00:00,12.13
2016-06-13 02:00:00,10.75
2016-06-13 03:00:00,18.16
2016-06-13 04:00:00,24.9
2016-06-13 05:00:00,31.6
2016-06-13 06:00:00,35.98
2016-06-13 07:00:00,36.04
2016-06-13 08:00:00,37.08
2016-06-13 09:00:00,39.24
2016-06-13 10:00:00,34.92
2016-06-13 11:00:00,34.52
2016-06-13 12:00:00,34.4
2016-06-13 13:00:00,30.67
2016-06-13 14:00:00,31.01
2016-06-13 15:00:00,32.21
2016-06-13 16:00:00,32.24
2016-06-13 17:00:00,32.21
2016-06-13 18:00:00,31.22
2016-06-13 19:00:00,27.25
2016-06-13 20:00:00,30.99
2016-06-13 21:00:00,29.56
2016-06-13 22:00:00,25.39
2016-06-13 23:00:00,23.41
2016-06-14 00:00:00,22.41
2016-06-14 01:00:00,21.88
2016-06-14 02:00:00,21.9
2016-06-14 03:00:00,23.55
2016-06-14 04:00:00,27.4
2016-06-14 05:00:00,35.29
2016-06-14 06:00:00,39.0
2016-06-14 07:00:00,38.44
2016-06-14 08:00:00,36.55
2016-06-14 09:00:00,35.53
2016-06-14 10:00:00,32.0
2016-06-14 11:00:00,29.37
2016-06-14 12:00:00,27.55
2016-06-14 13:00:00,27.38
2016-06-14 14:00:00,28.64
2016-06-14 15:00:00,32.51
2016-06-14 16:00:00,35.08
2016-06-14 17:00:00,37.5
2016-06-14 18:00:00,36.0
2016-06-14 19:00:00,32.01
2016-06-14 20:00:00,30.73
2016-06-14 21:00:00,28.95
2016-06-14 22:00:00,26.61
2016-06-14 23:00:00,25.53
2016-06-15 00:00:00,24.32
2016-06-15 01:00:00,23.73
2016-06-15 02:00:00,22.64
2016-06-15 03:00:00,25.31
2016-06-15 04:00:00,28.37
2016-06-15 05:00:00,34.98
2016-06-15 06:00:00,38.79
2016-06-15 07:00:00,36.2
2016-06-15 08:00:00,35.91
2016-06-15 09:00:00,35.9
2016-06-15 10:00:00,34.07
2016-06-15 11:00:00,32.57
2016-06-15 12:00:00,31.73
2016-06-15 13:00:00,29.21
2016-06-15 14:00:00,29.12
2016-06-15 15:00:00,31.0
2016-06-15 16:00:00,34.53
2016-06-15 17:00:00,36.91
2016-06-15 18:00:00,35.49
2016-06-15 19:00:00,33.25
2016-06-15 20:00:00,34.46
2016-06-15 21:00:00,32.6
2016-06-15 22:00:00,30.13
2016-06-15 23:00:00,25.97
2016-06-16 00:00:00,24.93
2016-06-16 01:00:00,24.18
2016-06-16 02:00:00,24.58
2016-06-16 03:00:00,24.95
2016-06-16 04:00:00,29.84
2016-06-16 05:00:00,37.82
2016-06-16 06:00:00,39.96
2016-06-16 07:00:00,38.09
2016-06-16 08:00:00,37.66
2016-06-16 09:00:00,36.99
2016-06-16 10:00:00,32.64
2016-06-16 11:00:00,32.04
2016-06-16 12:00:00,32.75
2016-06-16 13:00:00,31.97
2016-06-16 14:00:00,33.01
2016-06-16 15:00:00,33.03
2016-06-16 16:00:00,34.71
2016-06-16 17:00:00,35.2
2016-06-16 18:00:00,35.28
2016-06-16 19:00:00,33.02
2016-06-16 20:00:00,31.39
2016-06-16 21:00:00,29.0
2016-06-16 22:00:00,26.87
2016-06-16 23:00:00,24.0
2016-06-17 00:00:00,22.16
2016-06-17 01:00:00,21.37
2016-06-17 02:00:00,21.72
2016-06-17 03:00:00,22.45
2016-06-17 04:00:00,27.85
2016-06-17 05:00:00,35.3
2016-06-17 06:00:00,39.7
2016-06-17 07:00:00,37.5
2016-06-17 08:00:00,34.94
2016-06-17 09:00:00,33.25
2016-06-17 10:00:00,29.07
2016-06-17 11:00:00,28.4
2016-06-17 12:00:00,26.24
2016-06-17 13:00:00,24.97
2016-06-17 14:00:00,24.64
2016-06-17 15:00:00,27.69
2016-06-17 16:00:00,31.28
2016-06-17 17:00:00,32.15
2016-06-17 18:00:00,30.59
2016-06-17 19:00:00,28.16
2016-06-17 20:00:00,31.96
2016-06-17 21:00:00,27.46
2016-06-17 22:00:00,25.46
2016-06-17 23:00:00,20.7
2016-06-18 00:00:00,18.5
2016-06-18 01:00:00,15.92
2016-06-18 02:00:00,14.31
2016-06-18 03:00:00,13.84
2016-06-18 04:00:00,17.04
2016-06-18 05:00:00,17.11
2016-06-18 06:00:00,21.57
2016-06-18 07:00:00,27.51
2016-06-18 08:00:00,25.78
2016-06-18 09:00:00,23.66
2016-06-18 10:00:00,23.88
2016-06-18 11:00:00,19.7
2016-06-18 12:00:00,19.67
2016-06-18 13:00:00,20.0
2016-06-18 14:00:00,18.32
2016-06-18 15:00:00,20.69
2016-06-18 16:00:00,23.32
2016-06-18 17:00:00,25.17
2016-06-18 18:00:00,21.57
2016-06-18 19:00:00,21.24
2016-06-18 20:00:00,28.0
2016-06-18 21:00:00,26.5
2016-06-18 22:00:00,22.58
2016-06-18 23:00:00,17.02
2016-06-19 00:00:00,15.0
2016-06-19 01:00:00,13.03
2016-06-19 02:00:00,13.27
2016-06-19 03:00:00,9.58
2016-06-19 04:00:00,12.14
2016-06-19 05:00:00,10.63
2016-06-19 06:00:00,10.48
2016-06-19 07:00:00,12.47
2016-06-19 08:00:00,13.41
2016-06-19 09:00:00,13.83
2016-06-19 10:00:00,14.2
2016-06-19 11:00:00,12.59
2016-06-19 12:00:00,12.28
2016-06-19 13:00:00,9.5
2016-06-19 14:00:00,5.54
2016-06-19 15:00:00,10.4
2016-06-19 16:00:00,16.32
2016-06-19 17:00:00,22.11
2016-06-19 18:00:00,23.96
2016-06-19 19:00:00,25.23
2016-06-19 20:00:00,32.27
2016-06-19 21:00:00,28.4
2016-06-19 22:00:00,24.92
2016-06-19 23:00:00,19.8
2016-06-20 00:00:00,19.69
2016-06-20 01:00:00,15.0
2016-06-20 02:00:00,15.12
2016-06-20 03:00:00,19.99
2016-06-20 04:00:00,28.97
2016-06-20 05:00:00,34.42
2016-06-20 06:00:00,34.94
2016-06-20 07:00:00,32.74
2016-06-20 08:00:00,31.2
2016-06-20 09:00:00,33.75
2016-06-20 10:00:00,32.12
2016-06-20 11:00:00,30.78
2016-06-20 12:00:00,29.74
2016-06-20 13:00:00,32.44
2016-06-20 14:00:00,31.26
2016-06-20 15:00:00,29.5
2016-06-20 16:00:00,32.97
2016-06-20 17:00:00,34.96
2016-06-20 18:00:00,33.57
2016-06-20 19:00:00,31.76
2016-06-20 20:00:00,33.47
2016-06-20 21:00:00,33.8
2016-06-20 22:00:00,25.31
2016-06-20 23:00:00,23.64
2016-06-21 00:00:00,22.81
2016-06-21 01:00:00,21.23
2016-06-21 02:00:00,21.89
2016-06-21 03:00:00,23.93
2016-06-21 04:00:00,29.54
2016-06-21 05:00:00,38.73
2016-06-21 06:00:00,40.78
2016-06-21 07:00:00,42.95
2016-06-21 08:00:00,41.79
2016-06-21 09:00:00,43.73
2016-06-21 10:00:00,39.59
2016-06-21 11:00:00,37.64
2016-06-21 12:00:00,35.84
2016-06-21 13:00:00,34.16
2016-06-21 14:00:00,32.45
2016-06-21 15:00:00,33.05
2016-06-21 16:00:00,34.94
2016-06-21 17:00:00,35.91
2016-06-21 18:00:00,37.44
2016-06-21 19:00:00,34.98
2016-06-21 20:00:00,34.31
2016-06-21 21:00:00,31.84
2016-06-21 22:00:00,28.06
2016-06-21 23:00:00,24.95
2016-06-22 00:00:00,24.23
2016-06-22 01:00:00,23.14
2016-06-22 02:00:00,22.97
2016-06-22 03:00:00,24.06
2016-06-22 04:00:00,29.98
2016-06-22 05:00:00,40.0
2016-06-22 06:00:00,42.0
2016-06-22 07:00:00,40.0
2016-06-22 08:00:00,37.27
2016-06-22 09:00:00,36.66
2016-06-22 10:00:00,36.49
2016-06-22 11:00:00,34.09
2016-06-22 12:00:00,32.55
2016-06-22 13:00:00,32.36
2016-06-22 14:00:00,33.39
2016-06-22 15:00:00,35.38
2016-06-22 16:00:00,38.12
2016-06-22 17:00:00,39.8
2016-06-22 18:00:00,38.3
2016-06-22 19:00:00,37.39
2016-06-22 20:00:00,37.46
2016-06-22 21:00:00,33.88
2016-06-22 22:00:00,28.09
2016-06-22 23:00:00,25.64
2016-06-23 00:00:00,24.38
2016-06-23 01:00:00,22.8
2016-06-23 02:00:00,22.76
2016-06-23 03:00:00,24.14
2016-06-23 04:00:00,28.16
2016-06-23 05:00:00,35.91
2016-06-23 06:00:00,35.91
2016-06-23 07:00:00,34.97
2016-06-23 08:00:00,34.0
2016-06-23 09:00:00,34.19
2016-06-23 10:00:00,33.99
2016-06-23 11:00:00,34.18
2016-06-23 12:00:00,34.35
2016-06-23 13:00:00,33.81
2016-06-23 14:00:00,36.45
2016-06-23 15:00:00,40.71
2016-06-23 16:00:00,41.0
2016-06-23 17:00:00,41.43
2016-06-23 18:00:00,38.72
2016-06-23 19:00:00,32.72
2016-06-23 20:00:00,35.61
2016-06-23 21:00:00,31.45
2016-06-23 22:00:00,31.47
2016-06-23 23:00:00,24.94
2016-06-24 00:00:00,24.71
2016-06-24 01:00:00,23.66
2016-06-24 02:00:00,24.13
2016-06-24 03:00:00,26.43
2016-06-24 04:00:00,31.86
2016-06-24 05:00:00,37.03
2016-06-24 06:00:00,41.14
2016-06-24 07:00:00,43.26
2016-06-24 08:00:00,43.59
2016-06-24 09:00:00,42.79
2016-06-24 10:00:00,41.48
2016-06-24 11:00:00,39.09
2016-06-24 12:00:00,36.06
2016-06-24 13:00:00,32.49
2016-06-24 14:00:00,32.73
2016-06-24 15:00:00,32.82
2016-06-24 16:00:00,34.98
2016-06-24 17:00:00,35.53
2016-06-24 18:00:00,34.95
2016-06-24 19:00:00,33.28
2016-06-24 20:00:00,34.12
2016-06-24 21:00:00,35.0
2016-06-24 22:00:00,30.14
2016-06-24 23:00:00,26.12
2016-06-25 00:00:00,26.31
2016-06-25 01:00:00,23.96
2016-06-25 02:00:00,21.39
2016-06-25 03:00:00,20.81
2016-06-25 04:00:00,21.35
2016-06-25 05:00:00,23.42
2016-06-25 06:00:00,29.61
2016-06-25 07:00:00,30.46
2016-06-25 08:00:00,24.92
2016-06-25 09:00:00,27.26
2016-06-25 10:00:00,30.06
2016-06-25 11:00:00,26.71
2016-06-25 12:00:00,23.76
2016-06-25 13:00:00,21.72
2016-06-25 14:00:00,21.36
2016-06-25 15:00:00,21.66
2016-06-25 16:00:00,22.7
2016-06-25 17:00:00,27.26
2016-06-25 18:00:00,25.7
2016-06-25 19:00:00,25.57
2016-06-25 20:00:00,29.61
2016-06-25 21:00:00,28.35
2016-06-25 22:00:00,17.29
2016-06-25 23:00:00,12.78
2016-06-26 00:00:00,10.58
2016-06-26 01:00:00,9.34
2016-06-26 02:00:00,9.03
2016-06-26 03:00:00,7.97
2016-06-26 04:00:00,5.79
2016-06-26 05:00:00,8.09
2016-06-26 06:00:00,9.3
2016-06-26 07:00:00,9.68
2016-06-26 08:00:00,9.79
2016-06-26 09:00:00,12.86
2016-06-26 10:00:00,13.49
2016-06-26 11:00:00,10.67
2016-06-26 12:00:00,9.81
2016-06-26 13:00:00,8.65
2016-06-26 14:00:00,7.6
2016-06-26 15:00:00,9.77
2016-06-26 16:00:00,18.36
2016-06-26 17:00:00,23.78
2016-06-26 18:00:00,24.36
2016-06-26 19:00:00,22.51
2016-06-26 20:00:00,31.91
2016-06-26 21:00:00,28.12
2016-06-26 22:00:00,24.1
2016-06-26 23:00:00,20.99
2016-06-27 00:00:00,19.04
2016-06-27 01:00:00,13.27
2016-06-27 02:00:00,13.87
2016-06-27 03:00:00,19.02
2016-06-27 04:00:00,27.75
2016-06-27 05:00:00,33.07
2016-06-27 06:00:00,34.26
2016-06-27 07:00:00,31.91
2016-06-27 08:00:00,33.26
2016-06-27 09:00:00,33.44
2016-06-27 10:00:00,30.77
2016-06-27 11:00:00,31.19
2016-06-27 12:00:00,30.24
2016-06-27 13:00:00,30.09
2016-06-27 14:00:00,30.3
2016-06-27 15:00:00,33.87
2016-06-27 16:00:00,36.24
2016-06-27 17:00:00,39.05
2016-06-27 18:00:00,38.31
2016-06-27 19:00:00,36.52
2016-06-27 20:00:00,40.03
2016-06-27 21:00:00,37.79
2016-06-27 22:00:00,26.84
2016-06-27 23:00:00,24.4
2016-06-28 00:00:00,24.09
2016-06-28 01:00:00,23.13
2016-06-28 02:00:00,22.76
2016-06-28 03:00:00,24.19
2016-06-28 04:00:00,29.44
2016-06-28 05:00:00,40.08
2016-06-28 06:00:00,41.91
2016-06-28 07:00:00,41.98
2016-06-28 08:00:00,38.94
2016-06-28 09:00:00,37.88
2016-06-28 10:00:00,35.36
2016-06-28 11:00:00,34.34
2016-06-28 12:00:00,35.08
2016-06-28 13:00:00,32.57
2016-06-28 14:00:00,30.95
2016-06-28 15:00:00,36.04
2016-06-28 16:00:00,39.85
2016-06-28 17:00:00,41.74
2016-06-28 18:00:00,38.99
2016-06-28 19:00:00,34.56
2016-06-28 20:00:00,33.84
2016-06-28 21:00:00,28.34
2016-06-28 22:00:00,24.03
2016-06-28 23:00:00,22.14
2016-06-29 00:00:00,20.64
2016-06-29 01:00:00,14.76
2016-06-29 02:00:00,12.09
2016-06-29 03:00:00,18.8
2016-06-29 04:00:00,24.58
2016-06-29 05:00:00,32.91
2016-06-29 06:00:00,34.94
2016-06-29 07:00:00,31.82
2016-06-29 08:00:00,33.5
2016-06-29 09:00:00,35.14
2016-06-29 10:00:00,33.51
2016-06-29 11:00:00,33.66
2016-06-29 12:00:00,32.6
2016-06-29 13:00:00,26.87
2016-06-29 14:00:00,25.07
2016-06-29 15:00:00,26.54
2016-06-29 16:00:00,33.46
2016-06-29 17:00:00,38.99
2016-06-29 18:00:00,37.49
2016-06-29 19:00:00,34.98
2016-06-29 20:00:00,34.94
2016-06-29 21:00:00,29.96
2016-06-29 22:00:00,25.16
2016-06-29 23:00:00,23.34
2016-06-30 00:00:00,22.08
2016-06-30 01:00:00,20.11
2016-06-30 02:00:00,19.82
2016-06-30 03:00:00,21.58
2016-06-30 04:00:00,26.61
2016-06-30 05:00:00,34.94
2016-06-30 06:00:00,39.86
2016-06-30 07:00:00,39.27
2016-06-30 08:00:00,38.49
2016-06-30 09:00:00,37.73
2016-06-30 10:00:00,35.89
2016-06-30 11:00:00,33.21
2016-06-30 12:00:00,30.24
2016-06-30 13:00:00,29.96
2016-06-30 14:00:00,30.34
2016-06-30 15:00:00,30.6
2016-06-30 16:00:00,34.23
2016-06-30 17:00:00,38.28
2016-06-30 18:00:00,34.91
2016-06-30 19:00:00,31.11
2016-06-30 20:00:00,32.38
2016-06-30 21:00:00,27.72
2016-06-30 22:00:00,29.36
2016-06-30 23:00:00,24.69
2016-07-01 00:00:00,23.42
2016-07-01 01:00:00,21.91
2016-07-01 02:00:00,20.19
2016-07-01 03:00:00,22.44
2016-07-01 04:00:00,26.84
2016-07-01 05:00:00,33.58
2016-07-01 06:00:00,35.78
2016-07-01 07:00:00,34.1
2016-07-01 08:00:00,34.48
2016-07-01 09:00:00,34.66
2016-07-01 10:00:00,33.99
2016-07-01 11:00:00,33.88
2016-07-01 12:00:00,28.01
2016-07-01 13:00:00,26.08
2016-07-01 14:00:00,27.42
2016-07-01 15:00:00,28.75
2016-07-01 16:00:00,32.43
2016-07-01 17:00:00,33.95
2016-07-01 18:00:00,32.67
2016-07-01 19:00:00,30.07
2016-07-01 20:00:00,31.91
2016-07-01 21:00:00,31.76
2016-07-01 22:00:00,22.03
2016-07-01 23:00:00,20.38
2016-07-02 00:00:00,19.4
2016-07-02 01:00:00,17.09
2016-07-02 02:00:00,16.79
2016-07-02 03:00:00,16.58
2016-07-02 04:00:00,17.99
2016-07-02 05:00:00,20.05
2016-07-02 06:00:00,21.41
2016-07-02 07:00:00,23.93
2016-07-02 08:00:00,22.63
2016-07-02 09:00:00,22.33
2016-07-02 10:00:00,22.17
2016-07-02 11:00:00,21.07
2016-07-02 12:00:00,19.69
2016-07-02 13:00:00,18.52
2016-07-02 14:00:00,17.95
2016-07-02 15:00:00,19.96
2016-07-02 16:00:00,23.11
2016-07-02 17:00:00,25.33
2016-07-02 18:00:00,25.48
2016-07-02 19:00:00,25.03
2016-07-02 20:00:00,29.23
2016-07-02 21:00:00,27.76
2016-07-02 22:00:00,18.07
2016-07-02 23:00:00,11.74
2016-07-03 00:00:00,11.28
2016-07-03 01:00:00,10.18
2016-07-03 02:00:00,9.58
2016-07-03 03:00:00,8.72
2016-07-03 04:00:00,9.5
2016-07-03 05:00:00,10.71
2016-07-03 06:00:00,12.37
2016-07-03 07:00:00,12.85
2016-07-03 08:00:00,12.07
2016-07-03 09:00:00,12.51
2016-07-03 10:00:00,13.97
2016-07-03 11:00:00,11.51
2016-07-03 12:00:00,9.75
2016-07-03 13:00:00,9.83
2016-07-03 14:00:00,10.92
2016-07-03 15:00:00,15.84
2016-07-03 16:00:00,20.43
2016-07-03 17:00:00,26.76
2016-07-03 18:00:00,27.97
2016-07-03 19:00:00,24.32
2016-07-03 20:00:00,32.35
2016-07-03 21:00:00,31.22
2016-07-03 22:00:00,30.97
2016-07-03 23:00:00,23.27
2016-07-04 00:00:00,22.26
2016-07-04 01:00:00,21.65
2016-07-04 02:00:00,21.69
2016-07-04 03:00:00,23.37
2016-07-04 04:00:00,31.93
2016-07-04 05:00:00,35.19
2016-07-04 06:00:00,39.36
2016-07-04 07:00:00,40.49
2016-07-04 08:00:00,41.54
2016-07-04 09:00:00,42.91
2016-07-04 10:00:00,41.82
2016-07-04 11:00:00,41.57
2016-07-04 12:00:00,37.6
2016-07-04 13:00:00,37.28
2016-07-04 14:00:00,37.23
2016-07-04 15:00:00,40.9
2016-07-04 16:00:00,37.46
2016-07-04 17:00:00,39.8
2016-07-04 18:00:00,38.65
2016-07-04 19:00:00,35.56
2016-07-04 20:00:00,37.91
2016-07-04 21:00:00,35.91
2016-07-04 22:00:00,29.93
2016-07-04 23:00:00,27.0
2016-07-05 00:00:00,25.46
2016-07-05 01:00:00,23.88
2016-07-05 02:00:00,23.43
2016-07-05 03:00:00,25.31
2016-07-05 04:00:00,30.28
2016-07-05 05:00:00,34.94
2016-07-05 06:00:00,36.46
2016-07-05 07:00:00,35.05
2016-07-05 08:00:00,35.89
2016-07-05 09:00:00,35.33
2016-07-05 10:00:00,32.47
2016-07-05 11:00:00,30.2
2016-07-05 12:00:00,28.33
2016-07-05 13:00:00,25.95
2016-07-05 14:00:00,24.07
2016-07-05 15:00:00,26.93
2016-07-05 16:00:00,30.81
2016-07-05 17:00:00,33.37
2016-07-05 18:00:00,32.01
2016-07-05 19:00:00,26.32
2016-07-05 20:00:00,31.3
2016-07-05 21:00:00,28.96
2016-07-05 22:00:00,19.18
2016-07-05 23:00:00,15.65
2016-07-06 00:00:00,12.36
2016-07-06 01:00:00,8.75
2016-07-06 02:00:00,7.72
2016-07-06 03:00:00,11.59
2016-07-06 04:00:00,20.3
2016-07-06 05:00:00,25.17
2016-07-06 06:00:00,30.75
2016-07-06 07:00:00,35.35
2016-07-06 08:00:00,38.24
2016-07-06 09:00:00,38.51
2016-07-06 10:00:00,38.98
2016-07-06 11:00:00,32.0
2016-07-06 12:00:00,34.87
2016-07-06 13:00:00,28.76
2016-07-06 14:00:00,26.68
2016-07-06 15:00:00,27.45
2016-07-06 16:00:00,29.54
2016-07-06 17:00:00,32.35
2016-07-06 18:00:00,31.92
2016-07-06 19:00:00,29.6
2016-07-06 20:00:00,33.71
2016-07-06 21:00:00,30.4
2016-07-06 22:00:00,29.09
2016-07-06 23:00:00,26.32
2016-07-07 00:00:00,24.99
2016-07-07 01:00:00,22.11
2016-07-07 02:00:00,22.98
2016-07-07 03:00:00,23.74
2016-07-07 04:00:00,30.6
2016-07-07 05:00:00,34.28
2016-07-07 06:00:00,36.01
2016-07-07 07:00:00,34.18
2016-07-07 08:00:00,33.26
2016-07-07 09:00:00,35.05
2016-07-07 10:00:00,34.62
2016-07-07 11:00:00,34.97
2016-07-07 12:00:00,29.02
2016-07-07 13:00:00,28.39
2016-07-07 14:00:00,29.68
2016-07-07 15:00:00,32.52
2016-07-07 16:00:00,36.66
2016-07-07 17:00:00,38.4
2016-07-07 18:00:00,37.91
2016-07-07 19:00:00,32.49
2016-07-07 20:00:00,36.53
2016-07-07 21:00:00,34.54
2016-07-07 22:00:00,28.62
2016-07-07 23:00:00,26.7
2016-07-08 00:00:00,25.04
2016-07-08 01:00:00,23.46
2016-07-08 02:00:00,23.18
2016-07-08 03:00:00,25.02
2016-07-08 04:00:00,30.0
2016-07-08 05:00:00,34.99
2016-07-08 06:00:00,39.0
2016-07-08 07:00:00,38.49
2016-07-08 08:00:00,39.04
2016-07-08 09:00:00,39.16
2016-07-08 10:00:00,35.67
2016-07-08 11:00:00,33.33
2016-07-08 12:00:00,31.1
2016-07-08 13:00:00,28.75
2016-07-08 14:00:00,26.94
2016-07-08 15:00:00,27.38
2016-07-08 16:00:00,28.54
2016-07-08 17:00:00,29.79
2016-07-08 18:00:00,28.1
2016-07-08 19:00:00,26.91
2016-07-08 20:00:00,30.94
2016-07-08 21:00:00,31.9
2016-07-08 22:00:00,23.31
2016-07-08 23:00:00,21.94
2016-07-09 00:00:00,19.8
2016-07-09 01:00:00,20.23
2016-07-09 02:00:00,16.42
2016-07-09 03:00:00,17.32
2016-07-09 04:00:00,19.52
2016-07-09 05:00:00,22.44
2016-07-09 06:00:00,23.19
2016-07-09 07:00:00,25.49
2016-07-09 08:00:00,27.22
2016-07-09 09:00:00,26.6
2016-07-09 10:00:00,27.0
2016-07-09 11:00:00,22.75
2016-07-09 12:00:00,18.25
2016-07-09 13:00:00,16.55
2016-07-09 14:00:00,18.78
2016-07-09 15:00:00,22.0
2016-07-09 16:00:00,27.92
2016-07-09 17:00:00,30.63
2016-07-09 18:00:00,28.61
2016-07-09 19:00:00,29.86
2016-07-09 20:00:00,30.61
2016-07-09 21:00:00,29.6
2016-07-09 22:00:00,27.97
2016-07-09 23:00:00,21.58
2016-07-10 00:00:00,18.93
2016-07-10 01:00:00,15.79
2016-07-10 02:00:00,13.76
2016-07-10 03:00:00,12.47
2016-07-10 04:00:00,12.72
2016-07-10 05:00:00,13.1
2016-07-10 06:00:00,13.93
2016-07-10 07:00:00,13.85
2016-07-10 08:00:00,14.51
2016-07-10 09:00:00,17.03
2016-07-10 10:00:00,18.29
2016-07-10 11:00:00,14.41
2016-07-10 12:00:00,11.66
2016-07-10 13:00:00,11.82
2016-07-10 14:00:00,12.42
2016-07-10 15:00:00,14.23
2016-07-10 16:00:00,18.66
2016-07-10 17:00:00,27.9
2016-07-10 18:00:00,27.41
2016-07-10 19:00:00,27.91
2016-07-10 20:00:00,31.49
2016-07-10 21:00:00,31.63
2016-07-10 22:00:00,26.04
2016-07-10 23:00:00,22.47
2016-07-11 00:00:00,22.04
2016-07-11 01:00:00,19.96
2016-07-11 02:00:00,19.77
2016-07-11 03:00:00,22.1
2016-07-11 04:00:00,27.67
2016-07-11 05:00:00,32.03
2016-07-11 06:00:00,32.94
2016-07-11 07:00:00,32.25
2016-07-11 08:00:00,31.33
2016-07-11 09:00:00,35.9
2016-07-11 10:00:00,33.47
2016-07-11 11:00:00,31.79
2016-07-11 12:00:00,34.33
2016-07-11 13:00:00,32.12
2016-07-11 14:00:00,27.57
2016-07-11 15:00:00,26.52
2016-07-11 16:00:00,31.98
2016-07-11 17:00:00,34.4
2016-07-11 18:00:00,31.48
2016-07-11 19:00:00,30.02
2016-07-11 20:00:00,35.4
2016-07-11 21:00:00,31.99
2016-07-11 22:00:00,29.55
2016-07-11 23:00:00,25.05
2016-07-12 00:00:00,23.98
2016-07-12 01:00:00,22.59
2016-07-12 02:00:00,22.58
2016-07-12 03:00:00,24.51
2016-07-12 04:00:00,28.53
2016-07-12 05:00:00,35.17
2016-07-12 06:00:00,35.23
2016-07-12 07:00:00,39.51
2016-07-12 08:00:00,39.13
2016-07-12 09:00:00,42.97
2016-07-12 10:00:00,39.15
2016-07-12 11:00:00,38.97
2016-07-12 12:00:00,36.14
2016-07-12 13:00:00,32.48
2016-07-12 14:00:00,32.84
2016-07-12 15:00:00,32.47
2016-07-12 16:00:00,37.91
2016-07-12 17:00:00,38.43
2016-07-12 18:00:00,33.06
2016-07-12 19:00:00,33.67
2016-07-12 20:00:00,35.07
2016-07-12 21:00:00,34.34
2016-07-12 22:00:00,27.95
2016-07-12 23:00:00,27.16
2016-07-13 00:00:00,26.05
2016-07-13 01:00:00,25.0
2016-07-13 02:00:00,25.1
2016-07-13 03:00:00,26.18
2016-07-13 04:00:00,31.85
2016-07-13 05:00:00,34.94
2016-07-13 06:00:00,40.42
2016-07-13 07:00:00,44.17
2016-07-13 08:00:00,44.5
2016-07-13 09:00:00,43.99
2016-07-13 10:00:00,40.61
2016-07-13 11:00:00,38.93
2016-07-13 12:00:00,36.97
2016-07-13 13:00:00,33.53
2016-07-13 14:00:00,31.94
2016-07-13 15:00:00,32.94
2016-07-13 16:00:00,34.22
2016-07-13 17:00:00,35.06
2016-07-13 18:00:00,33.01
2016-07-13 19:00:00,30.81
2016-07-13 20:00:00,34.13
2016-07-13 21:00:00,30.88
2016-07-13 22:00:00,30.36
2016-07-13 23:00:00,28.5
2016-07-14 00:00:00,25.69
2016-07-14 01:00:00,22.08
2016-07-14 02:00:00,21.39
2016-07-14 03:00:00,22.21
2016-07-14 04:00:00,24.06
2016-07-14 05:00:00,29.42
2016-07-14 06:00:00,32.05
2016-07-14 07:00:00,31.02
2016-07-14 08:00:00,29.8
2016-07-14 09:00:00,30.43
2016-07-14 10:00:00,30.12
2016-07-14 11:00:00,25.06
2016-07-14 12:00:00,22.54
2016-07-14 13:00:00,20.65
2016-07-14 14:00:00,20.66
2016-07-14 15:00:00,23.37
2016-07-14 16:00:00,26.01
2016-07-14 17:00:00,28.95
2016-07-14 18:00:00,29.86
2016-07-14 19:00:00,27.7
2016-07-14 20:00:00,31.29
2016-07-14 21:00:00,29.42
2016-07-14 22:00:00,22.56
2016-07-14 23:00:00,20.77
2016-07-15 00:00:00,18.32
2016-07-15 01:00:00,14.57
2016-07-15 02:00:00,16.05
2016-07-15 03:00:00,19.68
2016-07-15 04:00:00,23.44
2016-07-15 05:00:00,29.08
2016-07-15 06:00:00,30.08
2016-07-15 07:00:00,32.38
2016-07-15 08:00:00,32.87
2016-07-15 09:00:00,33.32
2016-07-15 10:00:00,30.6
2016-07-15 11:00:00,25.58
2016-07-15 12:00:00,24.32
2016-07-15 13:00:00,23.5
2016-07-15 14:00:00,23.6
2016-07-15 15:00:00,27.71
2016-07-15 16:00:00,31.92
2016-07-15 17:00:00,34.67
2016-07-15 18:00:00,32.73
2016-07-15 19:00:00,32.25
2016-07-15 20:00:00,34.94
2016-07-15 21:00:00,34.7
2016-07-15 22:00:00,27.53
2016-07-15 23:00:00,23.82
2016-07-16 00:00:00,23.0
2016-07-16 01:00:00,22.0
2016-07-16 02:00:00,21.91
2016-07-16 03:00:00,21.79
2016-07-16 04:00:00,22.01
2016-07-16 05:00:00,22.47
2016-07-16 06:00:00,23.53
2016-07-16 07:00:00,26.87
2016-07-16 08:00:00,26.77
2016-07-16 09:00:00,26.42
2016-07-16 10:00:00,25.42
2016-07-16 11:00:00,23.09
2016-07-16 12:00:00,22.94
2016-07-16 13:00:00,22.65
2016-07-16 14:00:00,23.52
2016-07-16 15:00:00,25.38
2016-07-16 16:00:00,30.3
2016-07-16 17:00:00,33.06
2016-07-16 18:00:00,30.61
2016-07-16 19:00:00,30.99
2016-07-16 20:00:00,32.16
2016-07-16 21:00:00,32.8
2016-07-16 22:00:00,26.74
2016-07-16 23:00:00,22.36
2016-07-17 00:00:00,21.46
2016-07-17 01:00:00,20.17
2016-07-17 02:00:00,19.74
2016-07-17 03:00:00,19.4
2016-07-17 04:00:00,19.01
2016-07-17 05:00:00,20.96
2016-07-17 06:00:00,21.13
2016-07-17 07:00:00,22.3
2016-07-17 08:00:00,22.28
2016-07-17 09:00:00,23.24
2016-07-17 10:00:00,22.81
2016-07-17 11:00:00,19.09
2016-07-17 12:00:00,18.06
2016-07-17 13:00:00,17.54
2016-07-17 14:00:00,18.01
2016-07-17 15:00:00,21.72
2016-07-17 16:00:00,23.81
2016-07-17 17:00:00,29.89
2016-07-17 18:00:00,33.37
2016-07-17 19:00:00,32.77
2016-07-17 20:00:00,40.38
2016-07-17 21:00:00,33.41
2016-07-17 22:00:00,31.4
2016-07-17 23:00:00,27.64
2016-07-18 00:00:00,23.91
2016-07-18 01:00:00,22.61
2016-07-18 02:00:00,23.02
2016-07-18 03:00:00,24.14
2016-07-18 04:00:00,28.82
2016-07-18 05:00:00,33.09
2016-07-18 06:00:00,38.72
2016-07-18 07:00:00,40.64
2016-07-18 08:00:00,40.21
2016-07-18 09:00:00,43.0
2016-07-18 10:00:00,38.18
2016-07-18 11:00:00,38.55
2016-07-18 12:00:00,41.89
2016-07-18 13:00:00,37.95
2016-07-18 14:00:00,42.01
2016-07-18 15:00:00,39.81
2016-07-18 16:00:00,41.16
2016-07-18 17:00:00,42.87
2016-07-18 18:00:00,41.89
2016-07-18 19:00:00,38.61
2016-07-18 20:00:00,42.95
2016-07-18 21:00:00,40.21
2016-07-18 22:00:00,30.94
2016-07-18 23:00:00,27.09
2016-07-19 00:00:00,26.41
2016-07-19 01:00:00,25.89
2016-07-19 02:00:00,25.61
2016-07-19 03:00:00,26.14
2016-07-19 04:00:00,31.0
2016-07-19 05:00:00,36.99
2016-07-19 06:00:00,40.01
2016-07-19 07:00:00,45.0
2016-07-19 08:00:00,43.68
2016-07-19 09:00:00,43.8
2016-07-19 10:00:00,43.6
2016-07-19 11:00:00,43.45
2016-07-19 12:00:00,43.84
2016-07-19 13:00:00,42.0
2016-07-19 14:00:00,42.58
2016-07-19 15:00:00,42.1
2016-07-19 16:00:00,42.0
2016-07-19 17:00:00,44.0
2016-07-19 18:00:00,43.6
2016-07-19 19:00:00,41.75
2016-07-19 20:00:00,44.0
2016-07-19 21:00:00,36.17
2016-07-19 22:00:00,28.01
2016-07-19 23:00:00,26.32
2016-07-20 00:00:00,25.1
2016-07-20 01:00:00,24.79
2016-07-20 02:00:00,24.83
2016-07-20 03:00:00,25.85
2016-07-20 04:00:00,29.35
2016-07-20 05:00:00,33.52
2016-07-20 06:00:00,37.71
2016-07-20 07:00:00,44.1
2016-07-20 08:00:00,45.0
2016-07-20 09:00:00,44.65
2016-07-20 10:00:00,44.78
2016-07-20 11:00:00,44.69
2016-07-20 12:00:00,45.81
2016-07-20 13:00:00,45.5
2016-07-20 14:00:00,44.4
2016-07-20 15:00:00,40.22
2016-07-20 16:00:00,40.07
2016-07-20 17:00:00,39.72
2016-07-20 18:00:00,36.31
2016-07-20 19:00:00,31.96
2016-07-20 20:00:00,44.14
2016-07-20 21:00:00,40.0
2016-07-20 22:00:00,33.5
2016-07-20 23:00:00,26.46
2016-07-21 00:00:00,25.9
2016-07-21 01:00:00,25.52
2016-07-21 02:00:00,25.55
2016-07-21 03:00:00,27.49
2016-07-21 04:00:00,32.84
2016-07-21 05:00:00,36.61
2016-07-21 06:00:00,47.4
2016-07-21 07:00:00,50.0
2016-07-21 08:00:00,49.13
2016-07-21 09:00:00,50.0
2016-07-21 10:00:00,48.33
2016-07-21 11:00:00,48.0
2016-07-21 12:00:00,47.12
2016-07-21 13:00:00,45.0
2016-07-21 14:00:00,44.86
2016-07-21 15:00:00,44.69
2016-07-21 16:00:00,44.01
2016-07-21 17:00:00,42.76
2016-07-21 18:00:00,38.52
2016-07-21 19:00:00,40.12
2016-07-21 20:00:00,44.69
2016-07-21 21:00:00,42.1
2016-07-21 22:00:00,30.05
2016-07-21 23:00:00,32.26
2016-07-22 00:00:00,30.41
2016-07-22 01:00:00,26.56
2016-07-22 02:00:00,26.5
2016-07-22 03:00:00,28.06
2016-07-22 04:00:00,32.36
2016-07-22 05:00:00,35.99
2016-07-22 06:00:00,39.74
2016-07-22 07:00:00,44.69
2016-07-22 08:00:00,45.1
2016-07-22 09:00:00,45.49
2016-07-22 10:00:00,44.0
2016-07-22 11:00:00,42.53
2016-07-22 12:00:00,41.03
2016-07-22 13:00:00,36.33
2016-07-22 14:00:00,36.58
2016-07-22 15:00:00,37.0
2016-07-22 16:00:00,38.88
2016-07-22 17:00:00,37.81
2016-07-22 18:00:00,33.26
2016-07-22 19:00:00,31.97
2016-07-22 20:00:00,33.97
2016-07-22 21:00:00,35.04
2016-07-22 22:00:00,31.8
2016-07-22 23:00:00,30.83
2016-07-23 00:00:00,29.1
2016-07-23 01:00:00,27.02
2016-07-23 02:00:00,25.77
2016-07-23 03:00:00,25.65
2016-07-23 04:00:00,26.22
2016-07-23 05:00:00,30.32
2016-07-23 06:00:00,32.91
2016-07-23 07:00:00,39.48
2016-07-23 08:00:00,38.45
2016-07-23 09:00:00,38.53
2016-07-23 10:00:00,39.31
2016-07-23 11:00:00,34.79
2016-07-23 12:00:00,30.58
2016-07-23 13:00:00,30.27
2016-07-23 14:00:00,27.72
2016-07-23 15:00:00,30.57
2016-07-23 16:00:00,39.93
2016-07-23 17:00:00,33.62
2016-07-23 18:00:00,32.9
2016-07-23 19:00:00,32.38
2016-07-23 20:00:00,42.34
2016-07-23 21:00:00,40.87
2016-07-23 22:00:00,30.11
2016-07-23 23:00:00,28.11
2016-07-24 00:00:00,25.99
2016-07-24 01:00:00,24.93
2016-07-24 02:00:00,24.25
2016-07-24 03:00:00,23.44
2016-07-24 04:00:00,23.29
2016-07-24 05:00:00,23.58
2016-07-24 06:00:00,24.72
2016-07-24 07:00:00,25.6
2016-07-24 08:00:00,24.49
2016-07-24 09:00:00,25.16
2016-07-24 10:00:00,25.07
2016-07-24 11:00:00,23.82
2016-07-24 12:00:00,23.3
2016-07-24 13:00:00,22.68
2016-07-24 14:00:00,24.32
2016-07-24 15:00:00,26.23
2016-07-24 16:00:00,29.91
2016-07-24 17:00:00,31.94
2016-07-24 18:00:00,32.95
2016-07-24 19:00:00,34.06
2016-07-24 20:00:00,38.56
2016-07-24 21:00:00,34.46
2016-07-24 22:00:00,33.66
2016-07-24 23:00:00,27.32
2016-07-25 00:00:00,26.32
2016-07-25 01:00:00,25.93
2016-07-25 02:00:00,25.92
2016-07-25 03:00:00,27.8
2016-07-25 04:00:00,35.0
2016-07-25 05:00:00,38.08
2016-07-25 06:00:00,39.52
2016-07-25 07:00:00,41.9
2016-07-25 08:00:00,44.0
2016-07-25 09:00:00,46.33
2016-07-25 10:00:00,45.23
2016-07-25 11:00:00,44.64
2016-07-25 12:00:00,43.0
2016-07-25 13:00:00,37.18
2016-07-25 14:00:00,33.32
2016-07-25 15:00:00,35.18
2016-07-25 16:00:00,35.99
2016-07-25 17:00:00,38.27
2016-07-25 18:00:00,36.47
2016-07-25 19:00:00,36.08
2016-07-25 20:00:00,35.47
2016-07-25 21:00:00,39.0
2016-07-25 22:00:00,27.98
2016-07-25 23:00:00,27.5
2016-07-26 00:00:00,26.38
2016-07-26 01:00:00,25.88
2016-07-26 02:00:00,25.91
2016-07-26 03:00:00,26.53
2016-07-26 04:00:00,30.97
2016-07-26 05:00:00,35.9
2016-07-26 06:00:00,39.16
2016-07-26 07:00:00,41.39
2016-07-26 08:00:00,39.61
2016-07-26 09:00:00,41.05
2016-07-26 10:00:00,42.9
2016-07-26 11:00:00,41.68
2016-07-26 12:00:00,41.25
2016-07-26 13:00:00,35.68
2016-07-26 14:00:00,35.85
2016-07-26 15:00:00,37.1
2016-07-26 16:00:00,38.86
2016-07-26 17:00:00,39.57
2016-07-26 18:00:00,37.28
2016-07-26 19:00:00,36.54
2016-07-26 20:00:00,35.81
2016-07-26 21:00:00,33.11
2016-07-26 22:00:00,35.4
2016-07-26 23:00:00,27.61
2016-07-27 00:00:00,27.85
2016-07-27 01:00:00,25.87
2016-07-27 02:00:00,26.0
2016-07-27 03:00:00,26.63
2016-07-27 04:00:00,31.53
2016-07-27 05:00:00,36.43
2016-07-27 06:00:00,39.11
2016-07-27 07:00:00,40.67
2016-07-27 08:00:00,40.92
2016-07-27 09:00:00,41.25
2016-07-27 10:00:00,38.33
2016-07-27 11:00:00,36.53
2016-07-27 12:00:00,36.96
2016-07-27 13:00:00,35.77
2016-07-27 14:00:00,32.7
2016-07-27 15:00:00,33.15
2016-07-27 16:00:00,35.97
2016-07-27 17:00:00,36.61
2016-07-27 18:00:00,36.37
2016-07-27 19:00:00,35.56
2016-07-27 20:00:00,36.51
2016-07-27 21:00:00,36.61
2016-07-27 22:00:00,26.9
2016-07-27 23:00:00,26.39
2016-07-28 00:00:00,25.8
2016-07-28 01:00:00,25.29
2016-07-28 02:00:00,25.26
2016-07-28 03:00:00,26.39
2016-07-28 04:00:00,29.92
2016-07-28 05:00:00,34.91
2016-07-28 06:00:00,36.94
2016-07-28 07:00:00,38.38
2016-07-28 08:00:00,43.91
2016-07-28 09:00:00,44.99
2016-07-28 10:00:00,42.49
2016-07-28 11:00:00,38.35
2016-07-28 12:00:00,34.09
2016-07-28 13:00:00,31.43
2016-07-28 14:00:00,31.43
2016-07-28 15:00:00,32.98
2016-07-28 16:00:00,34.97
2016-07-28 17:00:00,36.72
2016-07-28 18:00:00,35.5
2016-07-28 19:00:00,34.04
2016-07-28 20:00:00,33.93
2016-07-28 21:00:00,34.04
2016-07-28 22:00:00,28.21
2016-07-28 23:00:00,27.04
2016-07-29 00:00:00,26.03
2016-07-29 01:00:00,24.58
2016-07-29 02:00:00,24.84
2016-07-29 03:00:00,25.95
2016-07-29 04:00:00,29.68
2016-07-29 05:00:00,33.99
2016-07-29 06:00:00,36.13
2016-07-29 07:00:00,36.09
2016-07-29 08:00:00,34.16
2016-07-29 09:00:00,35.29
2016-07-29 10:00:00,32.27
2016-07-29 11:00:00,29.78
2016-07-29 12:00:00,27.94
2016-07-29 13:00:00,28.83
2016-07-29 14:00:00,28.67
2016-07-29 15:00:00,29.11
2016-07-29 16:00:00,31.5
2016-07-29 17:00:00,34.13
2016-07-29 18:00:00,32.98
2016-07-29 19:00:00,30.95
2016-07-29 20:00:00,40.14
2016-07-29 21:00:00,39.23
2016-07-29 22:00:00,31.07
2016-07-29 23:00:00,26.51
2016-07-30 00:00:00,25.59
2016-07-30 01:00:00,24.56
2016-07-30 02:00:00,24.17
2016-07-30 03:00:00,24.39
2016-07-30 04:00:00,24.72
2016-07-30 05:00:00,25.46
2016-07-30 06:00:00,26.74
2016-07-30 07:00:00,28.97
2016-07-30 08:00:00,28.38
2016-07-30 09:00:00,27.93
2016-07-30 10:00:00,28.0
2016-07-30 11:00:00,27.0
2016-07-30 12:00:00,25.98
2016-07-30 13:00:00,25.58
2016-07-30 14:00:00,25.09
2016-07-30 15:00:00,26.1
2016-07-30 16:00:00,30.51
2016-07-30 17:00:00,31.92
2016-07-30 18:00:00,32.55
2016-07-30 19:00:00,32.09
2016-07-30 20:00:00,36.02
2016-07-30 21:00:00,33.3
2016-07-30 22:00:00,28.08
2016-07-30 23:00:00,25.36
2016-07-31 00:00:00,23.8
2016-07-31 01:00:00,22.56
2016-07-31 02:00:00,22.14
2016-07-31 03:00:00,21.65
2016-07-31 04:00:00,20.98
2016-07-31 05:00:00,21.99
2016-07-31 06:00:00,23.8
2016-07-31 07:00:00,25.12
2016-07-31 08:00:00,25.28
2016-07-31 09:00:00,26.77
2016-07-31 10:00:00,26.34
2016-07-31 11:00:00,25.56
2016-07-31 12:00:00,24.35
2016-07-31 13:00:00,23.32
2016-07-31 14:00:00,22.78
2016-07-31 15:00:00,25.25
2016-07-31 16:00:00,25.09
2016-07-31 17:00:00,28.23
2016-07-31 18:00:00,28.92
2016-07-31 19:00:00,30.19
2016-07-31 20:00:00,33.3
2016-07-31 21:00:00,31.63
2016-07-31 22:00:00,25.14
2016-07-31 23:00:00,24.03
2016-08-01 00:00:00,22.85
2016-08-01 01:00:00,22.14
2016-08-01 02:00:00,22.42
2016-08-01 03:00:00,23.93
2016-08-01 04:00:00,29.06
2016-08-01 05:00:00,32.17
2016-08-01 06:00:00,35.0
2016-08-01 07:00:00,33.21
2016-08-01 08:00:00,30.13
2016-08-01 09:00:00,29.8
2016-08-01 10:00:00,29.8
2016-08-01 11:00:00,29.8
2016-08-01 12:00:00,28.39
2016-08-01 13:00:00,27.14
2016-08-01 14:00:00,28.48
2016-08-01 15:00:00,32.05
2016-08-01 16:00:00,35.97
2016-08-01 17:00:00,37.15
2016-08-01 18:00:00,38.33
2016-08-01 19:00:00,36.95
2016-08-01 20:00:00,35.99
2016-08-01 21:00:00,31.99
2016-08-01 22:00:00,27.56
2016-08-01 23:00:00,25.79
2016-08-02 00:00:00,25.35
2016-08-02 01:00:00,24.7
2016-08-02 02:00:00,24.27
2016-08-02 03:00:00,25.9
2016-08-02 04:00:00,30.43
2016-08-02 05:00:00,34.87
2016-08-02 06:00:00,36.87
2016-08-02 07:00:00,36.92
2016-08-02 08:00:00,36.97
2016-08-02 09:00:00,38.09
2016-08-02 10:00:00,37.83
2016-08-02 11:00:00,36.85
2016-08-02 12:00:00,35.98
2016-08-02 13:00:00,35.73
2016-08-02 14:00:00,34.92
2016-08-02 15:00:00,35.94
2016-08-02 16:00:00,35.92
2016-08-02 17:00:00,34.95
2016-08-02 18:00:00,32.83
2016-08-02 19:00:00,32.4
2016-08-02 20:00:00,31.19
2016-08-02 21:00:00,28.98
2016-08-02 22:00:00,26.03
2016-08-02 23:00:00,24.53
2016-08-03 00:00:00,23.74
2016-08-03 01:00:00,22.69
2016-08-03 02:00:00,22.48
2016-08-03 03:00:00,23.66
2016-08-03 04:00:00,27.06
2016-08-03 05:00:00,31.82
2016-08-03 06:00:00,33.95
2016-08-03 07:00:00,34.97
2016-08-03 08:00:00,35.02
2016-08-03 09:00:00,34.95
2016-08-03 10:00:00,33.57
2016-08-03 11:00:00,32.98
2016-08-03 12:00:00,30.49
2016-08-03 13:00:00,28.84
2016-08-03 14:00:00,28.45
2016-08-03 15:00:00,29.95
2016-08-03 16:00:00,32.52
2016-08-03 17:00:00,33.0
2016-08-03 18:00:00,31.25
2016-08-03 19:00:00,30.33
2016-08-03 20:00:00,32.42
2016-08-03 21:00:00,28.64
2016-08-03 22:00:00,24.52
2016-08-03 23:00:00,22.43
2016-08-04 00:00:00,20.05
2016-08-04 01:00:00,19.42
2016-08-04 02:00:00,19.83
2016-08-04 03:00:00,22.42
2016-08-04 04:00:00,25.49
2016-08-04 05:00:00,30.01
2016-08-04 06:00:00,33.05
2016-08-04 07:00:00,32.03
2016-08-04 08:00:00,33.23
2016-08-04 09:00:00,35.54
2016-08-04 10:00:00,33.51
2016-08-04 11:00:00,32.03
2016-08-04 12:00:00,30.61
2016-08-04 13:00:00,29.25
2016-08-04 14:00:00,29.29
2016-08-04 15:00:00,32.98
2016-08-04 16:00:00,34.58
2016-08-04 17:00:00,34.9
2016-08-04 18:00:00,34.58
2016-08-04 19:00:00,34.46
2016-08-04 20:00:00,33.91
2016-08-04 21:00:00,29.37
2016-08-04 22:00:00,28.13
2016-08-04 23:00:00,26.83
2016-08-05 00:00:00,25.12
2016-08-05 01:00:00,23.95
2016-08-05 02:00:00,24.07
2016-08-05 03:00:00,26.24
2016-08-05 04:00:00,30.45
2016-08-05 05:00:00,34.01
2016-08-05 06:00:00,37.19
2016-08-05 07:00:00,38.69
2016-08-05 08:00:00,38.54
2016-08-05 09:00:00,38.0
2016-08-05 10:00:00,36.0
2016-08-05 11:00:00,33.96
2016-08-05 12:00:00,31.39
2016-08-05 13:00:00,28.23
2016-08-05 14:00:00,28.46
2016-08-05 15:00:00,31.29
2016-08-05 16:00:00,33.89
2016-08-05 17:00:00,34.4
2016-08-05 18:00:00,34.15
2016-08-05 19:00:00,33.02
2016-08-05 20:00:00,34.31
2016-08-05 21:00:00,36.08
2016-08-05 22:00:00,29.58
2016-08-05 23:00:00,26.68
2016-08-06 00:00:00,25.34
2016-08-06 01:00:00,23.77
2016-08-06 02:00:00,22.4
2016-08-06 03:00:00,22.01
2016-08-06 04:00:00,22.97
2016-08-06 05:00:00,25.02
2016-08-06 06:00:00,26.36
2016-08-06 07:00:00,26.47
2016-08-06 08:00:00,24.94
2016-08-06 09:00:00,23.86
2016-08-06 10:00:00,22.41
2016-08-06 11:00:00,20.48
2016-08-06 12:00:00,19.33
2016-08-06 13:00:00,18.82
2016-08-06 14:00:00,18.28
2016-08-06 15:00:00,23.01
2016-08-06 16:00:00,26.32
2016-08-06 17:00:00,30.98
2016-08-06 18:00:00,31.83
2016-08-06 19:00:00,32.64
2016-08-06 20:00:00,33.39
2016-08-06 21:00:00,30.16
2016-08-06 22:00:00,24.6
2016-08-06 23:00:00,20.05
2016-08-07 00:00:00,17.99
2016-08-07 01:00:00,12.86
2016-08-07 02:00:00,12.38
2016-08-07 03:00:00,12.35
2016-08-07 04:00:00,12.51
2016-08-07 05:00:00,11.93
2016-08-07 06:00:00,12.25
2016-08-07 07:00:00,12.79
2016-08-07 08:00:00,12.32
2016-08-07 09:00:00,11.21
2016-08-07 10:00:00,9.94
2016-08-07 11:00:00,9.46
2016-08-07 12:00:00,6.16
2016-08-07 13:00:00,5.54
2016-08-07 14:00:00,8.23
2016-08-07 15:00:00,14.53
2016-08-07 16:00:00,24.7
2016-08-07 17:00:00,27.77
2016-08-07 18:00:00,30.48
2016-08-07 19:00:00,32.37
2016-08-07 20:00:00,32.65
2016-08-07 21:00:00,26.33
2016-08-07 22:00:00,20.62
2016-08-07 23:00:00,16.44
2016-08-08 00:00:00,12.91
2016-08-08 01:00:00,8.16
2016-08-08 02:00:00,8.12
2016-08-08 03:00:00,8.94
2016-08-08 04:00:00,17.85
2016-08-08 05:00:00,23.71
2016-08-08 06:00:00,26.29
2016-08-08 07:00:00,24.45
2016-08-08 08:00:00,28.29
2016-08-08 09:00:00,30.51
2016-08-08 10:00:00,31.89
2016-08-08 11:00:00,29.01
2016-08-08 12:00:00,27.67
2016-08-08 13:00:00,25.17
2016-08-08 14:00:00,25.46
2016-08-08 15:00:00,27.35
2016-08-08 16:00:00,31.29
2016-08-08 17:00:00,34.39
2016-08-08 18:00:00,33.23
2016-08-08 19:00:00,34.0
2016-08-08 20:00:00,33.93
2016-08-08 21:00:00,31.75
2016-08-08 22:00:00,23.88
2016-08-08 23:00:00,23.06
2016-08-09 00:00:00,22.6
2016-08-09 01:00:00,20.32
2016-08-09 02:00:00,19.94
2016-08-09 03:00:00,22.97
2016-08-09 04:00:00,28.33
2016-08-09 05:00:00,32.86
2016-08-09 06:00:00,34.83
2016-08-09 07:00:00,35.03
2016-08-09 08:00:00,34.6
2016-08-09 09:00:00,34.26
2016-08-09 10:00:00,33.6
2016-08-09 11:00:00,32.78
2016-08-09 12:00:00,30.22
2016-08-09 13:00:00,27.84
2016-08-09 14:00:00,25.97
2016-08-09 15:00:00,28.12
2016-08-09 16:00:00,30.35
2016-08-09 17:00:00,32.02
2016-08-09 18:00:00,30.91
2016-08-09 19:00:00,30.47
2016-08-09 20:00:00,29.1
2016-08-09 21:00:00,26.45
2016-08-09 22:00:00,23.35
2016-08-09 23:00:00,23.11
2016-08-10 00:00:00,22.0
2016-08-10 01:00:00,19.99
2016-08-10 02:00:00,20.19
2016-08-10 03:00:00,23.18
2016-08-10 04:00:00,23.09
2016-08-10 05:00:00,31.05
2016-08-10 06:00:00,33.95
2016-08-10 07:00:00,33.5
2016-08-10 08:00:00,32.01
2016-08-10 09:00:00,31.87
2016-08-10 10:00:00,29.66
2016-08-10 11:00:00,26.91
2016-08-10 12:00:00,25.43
2016-08-10 13:00:00,24.51
2016-08-10 14:00:00,24.31
2016-08-10 15:00:00,27.33
2016-08-10 16:00:00,31.48
2016-08-10 17:00:00,33.68
2016-08-10 18:00:00,33.72
2016-08-10 19:00:00,33.93
2016-08-10 20:00:00,32.93
2016-08-10 21:00:00,28.65
2016-08-10 22:00:00,24.23
2016-08-10 23:00:00,23.01
2016-08-11 00:00:00,22.72
2016-08-11 01:00:00,20.49
2016-08-11 02:00:00,18.57
2016-08-11 03:00:00,22.77
2016-08-11 04:00:00,24.24
2016-08-11 05:00:00,25.55
2016-08-11 06:00:00,32.77
2016-08-11 07:00:00,33.07
2016-08-11 08:00:00,30.86
2016-08-11 09:00:00,30.48
2016-08-11 10:00:00,28.57
2016-08-11 11:00:00,27.17
2016-08-11 12:00:00,24.99
2016-08-11 13:00:00,25.62
2016-08-11 14:00:00,25.69
2016-08-11 15:00:00,31.4
2016-08-11 16:00:00,34.37
2016-08-11 17:00:00,34.95
2016-08-11 18:00:00,35.11
2016-08-11 19:00:00,34.82
2016-08-11 20:00:00,33.87
2016-08-11 21:00:00,28.82
2016-08-11 22:00:00,24.07
2016-08-11 23:00:00,22.97
2016-08-12 00:00:00,21.05
2016-08-12 01:00:00,19.9
2016-08-12 02:00:00,20.05
2016-08-12 03:00:00,22.98
2016-08-12 04:00:00,27.93
2016-08-12 05:00:00,32.55
2016-08-12 06:00:00,33.8
2016-08-12 07:00:00,34.04
2016-08-12 08:00:00,34.91
2016-08-12 09:00:00,35.25
2016-08-12 10:00:00,34.95
2016-08-12 11:00:00,32.1
2016-08-12 12:00:00,29.5
2016-08-12 13:00:00,27.12
2016-08-12 14:00:00,24.2
2016-08-12 15:00:00,26.9
2016-08-12 16:00:00,28.09
2016-08-12 17:00:00,29.06
2016-08-12 18:00:00,29.13
2016-08-12 19:00:00,28.99
2016-08-12 20:00:00,28.34
2016-08-12 21:00:00,34.74
2016-08-12 22:00:00,21.7
2016-08-12 23:00:00,19.97
2016-08-13 00:00:00,18.09
2016-08-13 01:00:00,16.89
2016-08-13 02:00:00,16.1
2016-08-13 03:00:00,14.46
2016-08-13 04:00:00,16.08
2016-08-13 05:00:00,18.05
2016-08-13 06:00:00,20.06
2016-08-13 07:00:00,20.1
2016-08-13 08:00:00,18.73
2016-08-13 09:00:00,18.13
2016-08-13 10:00:00,18.02
2016-08-13 11:00:00,15.26
2016-08-13 12:00:00,12.59
2016-08-13 13:00:00,13.02
2016-08-13 14:00:00,14.71
2016-08-13 15:00:00,20.09
2016-08-13 16:00:00,24.72
2016-08-13 17:00:00,26.88
2016-08-13 18:00:00,27.7
2016-08-13 19:00:00,29.08
2016-08-13 20:00:00,28.31
2016-08-13 21:00:00,25.73
2016-08-13 22:00:00,23.44
2016-08-13 23:00:00,21.18
2016-08-14 00:00:00,19.7
2016-08-14 01:00:00,19.03
2016-08-14 02:00:00,18.05
2016-08-14 03:00:00,18.08
2016-08-14 04:00:00,18.06
2016-08-14 05:00:00,19.25
2016-08-14 06:00:00,20.01
2016-08-14 07:00:00,19.07
2016-08-14 08:00:00,19.74
2016-08-14 09:00:00,20.49
2016-08-14 10:00:00,19.47
2016-08-14 11:00:00,17.41
2016-08-14 12:00:00,15.96
2016-08-14 13:00:00,16.57
2016-08-14 14:00:00,16.09
2016-08-14 15:00:00,19.98
2016-08-14 16:00:00,26.75
2016-08-14 17:00:00,29.57
2016-08-14 18:00:00,31.56
2016-08-14 19:00:00,32.3
2016-08-14 20:00:00,31.56
2016-08-14 21:00:00,29.35
2016-08-14 22:00:00,25.15
2016-08-14 23:00:00,22.94
2016-08-15 00:00:00,21.61
2016-08-15 01:00:00,21.01
2016-08-15 02:00:00,21.5
2016-08-15 03:00:00,23.29
2016-08-15 04:00:00,27.21
2016-08-15 05:00:00,25.94
2016-08-15 06:00:00,31.71
2016-08-15 07:00:00,30.59
2016-08-15 08:00:00,28.65
2016-08-15 09:00:00,28.32
2016-08-15 10:00:00,27.02
2016-08-15 11:00:00,25.0
2016-08-15 12:00:00,23.9
2016-08-15 13:00:00,24.1
2016-08-15 14:00:00,25.54
2016-08-15 15:00:00,30.62
2016-08-15 16:00:00,33.98
2016-08-15 17:00:00,35.88
2016-08-15 18:00:00,34.32
2016-08-15 19:00:00,34.47
2016-08-15 20:00:00,33.22
2016-08-15 21:00:00,30.42
2016-08-15 22:00:00,26.26
2016-08-15 23:00:00,23.99
2016-08-16 00:00:00,22.94
2016-08-16 01:00:00,22.03
2016-08-16 02:00:00,22.1
2016-08-16 03:00:00,24.1
2016-08-16 04:00:00,28.71
2016-08-16 05:00:00,33.63
2016-08-16 06:00:00,34.14
2016-08-16 07:00:00,33.9
2016-08-16 08:00:00,31.73
2016-08-16 09:00:00,30.13
2016-08-16 10:00:00,29.09
2016-08-16 11:00:00,30.44
2016-08-16 12:00:00,28.94
2016-08-16 13:00:00,29.29
2016-08-16 14:00:00,30.58
2016-08-16 15:00:00,33.12
2016-08-16 16:00:00,34.33
2016-08-16 17:00:00,35.79
2016-08-16 18:00:00,34.81
2016-08-16 19:00:00,34.36
2016-08-16 20:00:00,37.13
2016-08-16 21:00:00,33.2
2016-08-16 22:00:00,30.8
2016-08-16 23:00:00,24.01
2016-08-17 00:00:00,23.51
2016-08-17 01:00:00,21.9
2016-08-17 02:00:00,22.56
2016-08-17 03:00:00,25.05
2016-08-17 04:00:00,29.74
2016-08-17 05:00:00,34.75
2016-08-17 06:00:00,36.1
2016-08-17 07:00:00,36.0
2016-08-17 08:00:00,34.73
2016-08-17 09:00:00,34.73
2016-08-17 10:00:00,36.36
2016-08-17 11:00:00,35.83
2016-08-17 12:00:00,34.13
2016-08-17 13:00:00,34.99
2016-08-17 14:00:00,36.44
2016-08-17 15:00:00,35.91
2016-08-17 16:00:00,37.9
2016-08-17 17:00:00,38.66
2016-08-17 18:00:00,36.45
2016-08-17 19:00:00,36.39
2016-08-17 20:00:00,38.0
2016-08-17 21:00:00,34.82
2016-08-17 22:00:00,27.03
2016-08-17 23:00:00,24.12
2016-08-18 00:00:00,24.2
2016-08-18 01:00:00,21.83
2016-08-18 02:00:00,22.49
2016-08-18 03:00:00,25.05
2016-08-18 04:00:00,30.26
2016-08-18 05:00:00,33.79
2016-08-18 06:00:00,35.67
2016-08-18 07:00:00,35.33
2016-08-18 08:00:00,35.0
2016-08-18 09:00:00,36.11
2016-08-18 10:00:00,35.82
2016-08-18 11:00:00,34.03
2016-08-18 12:00:00,33.11
2016-08-18 13:00:00,34.04
2016-08-18 14:00:00,33.99
2016-08-18 15:00:00,35.01
2016-08-18 16:00:00,36.05
2016-08-18 17:00:00,37.34
2016-08-18 18:00:00,36.85
2016-08-18 19:00:00,36.01
2016-08-18 20:00:00,36.24
2016-08-18 21:00:00,33.68
2016-08-18 22:00:00,31.46
2016-08-18 23:00:00,26.62
2016-08-19 00:00:00,25.0
2016-08-19 01:00:00,23.91
2016-08-19 02:00:00,24.96
2016-08-19 03:00:00,26.08
2016-08-19 04:00:00,32.25
2016-08-19 05:00:00,36.25
2016-08-19 06:00:00,37.27
2016-08-19 07:00:00,40.8
2016-08-19 08:00:00,38.4
2016-08-19 09:00:00,38.55
2016-08-19 10:00:00,37.3
2016-08-19 11:00:00,36.07
2016-08-19 12:00:00,35.11
2016-08-19 13:00:00,33.03
2016-08-19 14:00:00,31.76
2016-08-19 15:00:00,34.09
2016-08-19 16:00:00,36.09
2016-08-19 17:00:00,36.46
2016-08-19 18:00:00,34.99
2016-08-19 19:00:00,34.6
2016-08-19 20:00:00,37.69
2016-08-19 21:00:00,35.05
2016-08-19 22:00:00,26.54
2016-08-19 23:00:00,25.04
2016-08-20 00:00:00,23.31
2016-08-20 01:00:00,22.81
2016-08-20 02:00:00,22.32
2016-08-20 03:00:00,22.02
2016-08-20 04:00:00,22.44
2016-08-20 05:00:00,23.08
2016-08-20 06:00:00,26.94
2016-08-20 07:00:00,29.03
2016-08-20 08:00:00,25.79
2016-08-20 09:00:00,24.22
2016-08-20 10:00:00,23.12
2016-08-20 11:00:00,22.09
2016-08-20 12:00:00,21.71
2016-08-20 13:00:00,22.0
2016-08-20 14:00:00,20.95
2016-08-20 15:00:00,22.73
2016-08-20 16:00:00,26.99
2016-08-20 17:00:00,29.34
2016-08-20 18:00:00,30.0
2016-08-20 19:00:00,30.38
2016-08-20 20:00:00,29.11
2016-08-20 21:00:00,27.08
2016-08-20 22:00:00,18.51
2016-08-20 23:00:00,15.01
2016-08-21 00:00:00,12.13
2016-08-21 01:00:00,9.72
2016-08-21 02:00:00,9.83
2016-08-21 03:00:00,9.74
2016-08-21 04:00:00,9.62
2016-08-21 05:00:00,9.13
2016-08-21 06:00:00,11.34
2016-08-21 07:00:00,11.55
2016-08-21 08:00:00,11.59
2016-08-21 09:00:00,12.95
2016-08-21 10:00:00,12.9
2016-08-21 11:00:00,10.93
2016-08-21 12:00:00,9.32
2016-08-21 13:00:00,9.58
2016-08-21 14:00:00,8.21
2016-08-21 15:00:00,10.86
2016-08-21 16:00:00,22.04
2016-08-21 17:00:00,28.13
2016-08-21 18:00:00,30.74
2016-08-21 19:00:00,31.9
2016-08-21 20:00:00,30.59
2016-08-21 21:00:00,29.76
2016-08-21 22:00:00,20.68
2016-08-21 23:00:00,19.04
2016-08-22 00:00:00,18.78
2016-08-22 01:00:00,17.5
2016-08-22 02:00:00,18.07
2016-08-22 03:00:00,20.81
2016-08-22 04:00:00,26.82
2016-08-22 05:00:00,31.42
2016-08-22 06:00:00,34.41
2016-08-22 07:00:00,35.1
2016-08-22 08:00:00,34.0
2016-08-22 09:00:00,34.01
2016-08-22 10:00:00,34.5
2016-08-22 11:00:00,34.04
2016-08-22 12:00:00,34.0
2016-08-22 13:00:00,33.87
2016-08-22 14:00:00,33.86
2016-08-22 15:00:00,32.9
2016-08-22 16:00:00,36.59
2016-08-22 17:00:00,37.71
2016-08-22 18:00:00,38.0
2016-08-22 19:00:00,36.03
2016-08-22 20:00:00,35.78
2016-08-22 21:00:00,33.18
2016-08-22 22:00:00,29.56
2016-08-22 23:00:00,22.49
2016-08-23 00:00:00,21.62
2016-08-23 01:00:00,20.29
2016-08-23 02:00:00,22.01
2016-08-23 03:00:00,23.52
2016-08-23 04:00:00,30.56
2016-08-23 05:00:00,35.24
2016-08-23 06:00:00,37.31
2016-08-23 07:00:00,37.95
2016-08-23 08:00:00,36.84
2016-08-23 09:00:00,38.0
2016-08-23 10:00:00,36.6
2016-08-23 11:00:00,36.0
2016-08-23 12:00:00,35.78
2016-08-23 13:00:00,33.8
2016-08-23 14:00:00,34.63
2016-08-23 15:00:00,38.0
2016-08-23 16:00:00,40.2
2016-08-23 17:00:00,41.6
2016-08-23 18:00:00,42.0
2016-08-23 19:00:00,38.92
2016-08-23 20:00:00,37.28
2016-08-23 21:00:00,33.47
2016-08-23 22:00:00,29.54
2016-08-23 23:00:00,23.9
2016-08-24 00:00:00,22.82
2016-08-24 01:00:00,22.24
2016-08-24 02:00:00,22.25
2016-08-24 03:00:00,24.23
2016-08-24 04:00:00,30.85
2016-08-24 05:00:00,34.9
2016-08-24 06:00:00,36.02
2016-08-24 07:00:00,36.85
2016-08-24 08:00:00,36.6
2016-08-24 09:00:00,37.0
2016-08-24 10:00:00,36.9
2016-08-24 11:00:00,36.5
2016-08-24 12:00:00,36.9
2016-08-24 13:00:00,35.42
2016-08-24 14:00:00,35.97
2016-08-24 15:00:00,39.46
2016-08-24 16:00:00,41.63
2016-08-24 17:00:00,42.0
2016-08-24 18:00:00,43.0
2016-08-24 19:00:00,41.33
2016-08-24 20:00:00,39.0
2016-08-24 21:00:00,35.82
2016-08-24 22:00:00,30.33
2016-08-24 23:00:00,27.5
2016-08-25 00:00:00,23.25
2016-08-25 01:00:00,21.16
2016-08-25 02:00:00,21.45
2016-08-25 03:00:00,23.3
2016-08-25 04:00:00,30.33
2016-08-25 05:00:00,34.2
2016-08-25 06:00:00,35.78
2016-08-25 07:00:00,37.25
2016-08-25 08:00:00,37.28
2016-08-25 09:00:00,38.09
2016-08-25 10:00:00,37.51
2016-08-25 11:00:00,37.98
2016-08-25 12:00:00,37.3
2016-08-25 13:00:00,37.25
2016-08-25 14:00:00,37.61
2016-08-25 15:00:00,39.71
2016-08-25 16:00:00,40.53
2016-08-25 17:00:00,41.0
2016-08-25 18:00:00,41.5
2016-08-25 19:00:00,39.78
2016-08-25 20:00:00,38.2
2016-08-25 21:00:00,35.97
2016-08-25 22:00:00,35.97
2016-08-25 23:00:00,30.05
2016-08-26 00:00:00,27.85
2016-08-26 01:00:00,22.78
2016-08-26 02:00:00,21.25
2016-08-26 03:00:00,23.26
2016-08-26 04:00:00,29.72
2016-08-26 05:00:00,34.86
2016-08-26 06:00:00,39.3
2016-08-26 07:00:00,44.02
2016-08-26 08:00:00,44.53
2016-08-26 09:00:00,43.12
2016-08-26 10:00:00,42.42
2016-08-26 11:00:00,40.0
2016-08-26 12:00:00,38.8
2016-08-26 13:00:00,37.44
2016-08-26 14:00:00,36.02
2016-08-26 15:00:00,39.01
2016-08-26 16:00:00,42.0
2016-08-26 17:00:00,44.0
2016-08-26 18:00:00,43.87
2016-08-26 19:00:00,41.62
2016-08-26 20:00:00,42.33
2016-08-26 21:00:00,40.82
2016-08-26 22:00:00,35.94
2016-08-26 23:00:00,26.77
2016-08-27 00:00:00,28.07
2016-08-27 01:00:00,27.18
2016-08-27 02:00:00,24.78
2016-08-27 03:00:00,23.18
2016-08-27 04:00:00,25.28
2016-08-27 05:00:00,26.84
2016-08-27 06:00:00,29.5
2016-08-27 07:00:00,30.57
2016-08-27 08:00:00,33.2
2016-08-27 09:00:00,35.83
2016-08-27 10:00:00,36.5
2016-08-27 11:00:00,34.22
2016-08-27 12:00:00,31.8
2016-08-27 13:00:00,31.91
2016-08-27 14:00:00,30.89
2016-08-27 15:00:00,35.0
2016-08-27 16:00:00,37.91
2016-08-27 17:00:00,41.0
2016-08-27 18:00:00,41.27
2016-08-27 19:00:00,41.66
2016-08-27 20:00:00,40.0
2016-08-27 21:00:00,36.5
2016-08-27 22:00:00,37.24
2016-08-27 23:00:00,36.38
2016-08-28 00:00:00,33.0
2016-08-28 01:00:00,26.83
2016-08-28 02:00:00,22.21
2016-08-28 03:00:00,19.83
2016-08-28 04:00:00,20.48
2016-08-28 05:00:00,20.18
2016-08-28 06:00:00,22.07
2016-08-28 07:00:00,24.24
2016-08-28 08:00:00,22.39
2016-08-28 09:00:00,22.38
2016-08-28 10:00:00,26.49
2016-08-28 11:00:00,23.27
2016-08-28 12:00:00,26.52
2016-08-28 13:00:00,24.94
2016-08-28 14:00:00,18.15
2016-08-28 15:00:00,22.26
2016-08-28 16:00:00,29.01
2016-08-28 17:00:00,32.95
2016-08-28 18:00:00,33.92
2016-08-28 19:00:00,36.99
2016-08-28 20:00:00,41.0
2016-08-28 21:00:00,38.0
2016-08-28 22:00:00,39.96
2016-08-28 23:00:00,31.16
2016-08-29 00:00:00,28.47
2016-08-29 01:00:00,22.46
2016-08-29 02:00:00,22.61
2016-08-29 03:00:00,30.4
2016-08-29 04:00:00,36.66
2016-08-29 05:00:00,40.26
2016-08-29 06:00:00,42.11
2016-08-29 07:00:00,44.19
2016-08-29 08:00:00,47.12
2016-08-29 09:00:00,46.6
2016-08-29 10:00:00,46.5
2016-08-29 11:00:00,46.19
2016-08-29 12:00:00,45.46
2016-08-29 13:00:00,44.69
2016-08-29 14:00:00,42.69
2016-08-29 15:00:00,43.35
2016-08-29 16:00:00,44.41
2016-08-29 17:00:00,48.29
2016-08-29 18:00:00,47.87
2016-08-29 19:00:00,45.89
2016-08-29 20:00:00,43.52
2016-08-29 21:00:00,40.0
2016-08-29 22:00:00,36.42
2016-08-29 23:00:00,31.38
2016-08-30 00:00:00,27.09
2016-08-30 01:00:00,23.9
2016-08-30 02:00:00,22.74
2016-08-30 03:00:00,25.38
2016-08-30 04:00:00,33.82
2016-08-30 05:00:00,40.59
2016-08-30 06:00:00,43.82
2016-08-30 07:00:00,47.85
2016-08-30 08:00:00,47.19
2016-08-30 09:00:00,47.47
2016-08-30 10:00:00,45.61
2016-08-30 11:00:00,45.79
2016-08-30 12:00:00,44.69
2016-08-30 13:00:00,39.03
2016-08-30 14:00:00,39.51
2016-08-30 15:00:00,45.0
2016-08-30 16:00:00,47.05
2016-08-30 17:00:00,47.69
2016-08-30 18:00:00,46.3
2016-08-30 19:00:00,46.69
2016-08-30 20:00:00,43.0
2016-08-30 21:00:00,39.0
2016-08-30 22:00:00,30.7
2016-08-30 23:00:00,25.36
2016-08-31 00:00:00,24.96
2016-08-31 01:00:00,22.77
2016-08-31 02:00:00,22.79
2016-08-31 03:00:00,26.74
2016-08-31 04:00:00,33.8
2016-08-31 05:00:00,40.75
2016-08-31 06:00:00,44.0
2016-08-31 07:00:00,46.69
2016-08-31 08:00:00,46.6
2016-08-31 09:00:00,43.61
2016-08-31 10:00:00,43.01
2016-08-31 11:00:00,41.6
2016-08-31 12:00:00,40.74
2016-08-31 13:00:00,39.14
2016-08-31 14:00:00,38.0
2016-08-31 15:00:00,38.66
2016-08-31 16:00:00,44.35
2016-08-31 17:00:00,45.66
2016-08-31 18:00:00,45.65
2016-08-31 19:00:00,45.82
2016-08-31 20:00:00,43.0
2016-08-31 21:00:00,38.06
2016-08-31 22:00:00,37.76
2016-08-31 23:00:00,32.19
2016-09-01 00:00:00,25.96
2016-09-01 01:00:00,22.98
2016-09-01 02:00:00,23.59
2016-09-01 03:00:00,28.63
2016-09-01 04:00:00,34.27
2016-09-01 05:00:00,44.4
2016-09-01 06:00:00,44.92
2016-09-01 07:00:00,46.7
2016-09-01 08:00:00,46.7
2016-09-01 09:00:00,45.69
2016-09-01 10:00:00,45.09
2016-09-01 11:00:00,42.69
2016-09-01 12:00:00,40.73
2016-09-01 13:00:00,41.0
2016-09-01 14:00:00,41.08
2016-09-01 15:00:00,45.22
2016-09-01 16:00:00,45.69
2016-09-01 17:00:00,45.76
2016-09-01 18:00:00,46.74
2016-09-01 19:00:00,47.19
2016-09-01 20:00:00,43.05
2016-09-01 21:00:00,38.03
2016-09-01 22:00:00,30.66
2016-09-01 23:00:00,26.79
2016-09-02 00:00:00,25.45
2016-09-02 01:00:00,22.92
2016-09-02 02:00:00,23.12
2016-09-02 03:00:00,26.29
2016-09-02 04:00:00,33.2
2016-09-02 05:00:00,39.95
2016-09-02 06:00:00,40.5
2016-09-02 07:00:00,45.08
2016-09-02 08:00:00,46.35
2016-09-02 09:00:00,46.89
2016-09-02 10:00:00,47.19
2016-09-02 11:00:00,46.2
2016-09-02 12:00:00,46.03
2016-09-02 13:00:00,40.59
2016-09-02 14:00:00,36.34
2016-09-02 15:00:00,37.19
2016-09-02 16:00:00,41.18
2016-09-02 17:00:00,40.4
2016-09-02 18:00:00,39.42
2016-09-02 19:00:00,39.04
2016-09-02 20:00:00,37.87
2016-09-02 21:00:00,32.6
2016-09-02 22:00:00,40.56
2016-09-02 23:00:00,35.85
2016-09-03 00:00:00,28.87
2016-09-03 01:00:00,24.91
2016-09-03 02:00:00,24.02
2016-09-03 03:00:00,24.92
2016-09-03 04:00:00,27.3
2016-09-03 05:00:00,30.09
2016-09-03 06:00:00,32.95
2016-09-03 07:00:00,36.08
2016-09-03 08:00:00,36.39
2016-09-03 09:00:00,34.93
2016-09-03 10:00:00,34.92
2016-09-03 11:00:00,32.13
2016-09-03 12:00:00,31.57
2016-09-03 13:00:00,29.74
2016-09-03 14:00:00,27.18
2016-09-03 15:00:00,30.56
2016-09-03 16:00:00,34.45
2016-09-03 17:00:00,37.71
2016-09-03 18:00:00,38.56
2016-09-03 19:00:00,37.86
2016-09-03 20:00:00,33.14
2016-09-03 21:00:00,29.94
2016-09-03 22:00:00,38.02
2016-09-03 23:00:00,25.38
2016-09-04 00:00:00,23.09
2016-09-04 01:00:00,22.04
2016-09-04 02:00:00,20.81
2016-09-04 03:00:00,20.09
2016-09-04 04:00:00,20.03
2016-09-04 05:00:00,22.02
2016-09-04 06:00:00,22.38
2016-09-04 07:00:00,23.5
2016-09-04 08:00:00,23.58
2016-09-04 09:00:00,24.99
2016-09-04 10:00:00,26.11
2016-09-04 11:00:00,23.49
2016-09-04 12:00:00,20.79
2016-09-04 13:00:00,20.52
2016-09-04 14:00:00,21.26
2016-09-04 15:00:00,22.94
2016-09-04 16:00:00,26.94
2016-09-04 17:00:00,30.31
2016-09-04 18:00:00,33.83
2016-09-04 19:00:00,31.79
2016-09-04 20:00:00,30.99
2016-09-04 21:00:00,36.43
2016-09-04 22:00:00,33.54
2016-09-04 23:00:00,29.5
2016-09-05 00:00:00,24.78
2016-09-05 01:00:00,21.73
2016-09-05 02:00:00,22.96
2016-09-05 03:00:00,26.84
2016-09-05 04:00:00,33.6
2016-09-05 05:00:00,44.0
2016-09-05 06:00:00,47.98
2016-09-05 07:00:00,51.03
2016-09-05 08:00:00,50.86
2016-09-05 09:00:00,50.85
2016-09-05 10:00:00,49.14
2016-09-05 11:00:00,48.81
2016-09-05 12:00:00,47.83
2016-09-05 13:00:00,47.25
2016-09-05 14:00:00,47.25
2016-09-05 15:00:00,47.75
2016-09-05 16:00:00,50.2
2016-09-05 17:00:00,54.74
2016-09-05 18:00:00,51.32
2016-09-05 19:00:00,50.6
2016-09-05 20:00:00,44.34
2016-09-05 21:00:00,37.19
2016-09-05 22:00:00,35.06
2016-09-05 23:00:00,29.3
2016-09-06 00:00:00,24.84
2016-09-06 01:00:00,23.76
2016-09-06 02:00:00,23.92
2016-09-06 03:00:00,26.43
2016-09-06 04:00:00,34.37
2016-09-06 05:00:00,42.97
2016-09-06 06:00:00,44.63
2016-09-06 07:00:00,45.45
2016-09-06 08:00:00,46.62
2016-09-06 09:00:00,46.35
2016-09-06 10:00:00,46.81
2016-09-06 11:00:00,45.01
2016-09-06 12:00:00,43.79
2016-09-06 13:00:00,40.37
2016-09-06 14:00:00,39.64
2016-09-06 15:00:00,44.94
2016-09-06 16:00:00,49.21
2016-09-06 17:00:00,50.69
2016-09-06 18:00:00,52.0
2016-09-06 19:00:00,50.45
2016-09-06 20:00:00,45.01
2016-09-06 21:00:00,37.33
2016-09-06 22:00:00,36.85
2016-09-06 23:00:00,31.59
2016-09-07 00:00:00,29.03
2016-09-07 01:00:00,23.99
2016-09-07 02:00:00,23.18
2016-09-07 03:00:00,26.94
2016-09-07 04:00:00,33.99
2016-09-07 05:00:00,37.97
2016-09-07 06:00:00,42.5
2016-09-07 07:00:00,51.56
2016-09-07 08:00:00,49.77
2016-09-07 09:00:00,50.11
2016-09-07 10:00:00,45.77
2016-09-07 11:00:00,44.11
2016-09-07 12:00:00,43.8
2016-09-07 13:00:00,42.71
2016-09-07 14:00:00,46.08
2016-09-07 15:00:00,44.65
2016-09-07 16:00:00,47.25
2016-09-07 17:00:00,47.87
2016-09-07 18:00:00,50.5
2016-09-07 19:00:00,47.92
2016-09-07 20:00:00,37.96
2016-09-07 21:00:00,33.91
2016-09-07 22:00:00,29.96
2016-09-07 23:00:00,24.07
2016-09-08 00:00:00,23.5
2016-09-08 01:00:00,23.08
2016-09-08 02:00:00,23.1
2016-09-08 03:00:00,24.24
2016-09-08 04:00:00,31.91
2016-09-08 05:00:00,38.71
2016-09-08 06:00:00,39.62
2016-09-08 07:00:00,39.8
2016-09-08 08:00:00,37.92
2016-09-08 09:00:00,35.99
2016-09-08 10:00:00,32.85
2016-09-08 11:00:00,31.45
2016-09-08 12:00:00,31.36
2016-09-08 13:00:00,30.56
2016-09-08 14:00:00,30.22
2016-09-08 15:00:00,35.92
2016-09-08 16:00:00,40.41
2016-09-08 17:00:00,45.35
2016-09-08 18:00:00,47.01
2016-09-08 19:00:00,45.0
2016-09-08 20:00:00,40.1
2016-09-08 21:00:00,34.89
2016-09-08 22:00:00,32.29
2016-09-08 23:00:00,27.68
2016-09-09 00:00:00,25.36
2016-09-09 01:00:00,22.97
2016-09-09 02:00:00,23.26
2016-09-09 03:00:00,24.82
2016-09-09 04:00:00,33.77
2016-09-09 05:00:00,42.81
2016-09-09 06:00:00,47.8
2016-09-09 07:00:00,45.87
2016-09-09 08:00:00,47.15
2016-09-09 09:00:00,41.7
2016-09-09 10:00:00,38.41
2016-09-09 11:00:00,34.81
2016-09-09 12:00:00,31.55
2016-09-09 13:00:00,29.49
2016-09-09 14:00:00,30.88
2016-09-09 15:00:00,35.89
2016-09-09 16:00:00,40.73
2016-09-09 17:00:00,42.06
2016-09-09 18:00:00,45.61
2016-09-09 19:00:00,38.42
2016-09-09 20:00:00,40.07
2016-09-09 21:00:00,37.0
2016-09-09 22:00:00,33.63
2016-09-09 23:00:00,31.33
2016-09-10 00:00:00,27.42
2016-09-10 01:00:00,24.25
2016-09-10 02:00:00,23.75
2016-09-10 03:00:00,24.2
2016-09-10 04:00:00,25.51
2016-09-10 05:00:00,29.04
2016-09-10 06:00:00,29.75
2016-09-10 07:00:00,29.94
2016-09-10 08:00:00,32.62
2016-09-10 09:00:00,33.99
2016-09-10 10:00:00,32.89
2016-09-10 11:00:00,31.0
2016-09-10 12:00:00,30.99
2016-09-10 13:00:00,29.59
2016-09-10 14:00:00,28.65
2016-09-10 15:00:00,31.99
2016-09-10 16:00:00,34.05
2016-09-10 17:00:00,38.7
2016-09-10 18:00:00,38.98
2016-09-10 19:00:00,34.08
2016-09-10 20:00:00,35.93
2016-09-10 21:00:00,35.0
2016-09-10 22:00:00,27.57
2016-09-10 23:00:00,22.87
2016-09-11 00:00:00,22.51
2016-09-11 01:00:00,21.73
2016-09-11 02:00:00,21.1
2016-09-11 03:00:00,22.09
2016-09-11 04:00:00,22.94
2016-09-11 05:00:00,22.93
2016-09-11 06:00:00,24.07
2016-09-11 07:00:00,25.11
2016-09-11 08:00:00,24.96
2016-09-11 09:00:00,25.48
2016-09-11 10:00:00,25.16
2016-09-11 11:00:00,24.54
2016-09-11 12:00:00,23.48
2016-09-11 13:00:00,23.42
2016-09-11 14:00:00,24.01
2016-09-11 15:00:00,28.73
2016-09-11 16:00:00,36.36
2016-09-11 17:00:00,39.85
2016-09-11 18:00:00,42.57
2016-09-11 19:00:00,38.93
2016-09-11 20:00:00,36.04
2016-09-11 21:00:00,31.94
2016-09-11 22:00:00,34.51
2016-09-11 23:00:00,30.78
2016-09-12 00:00:00,25.82
2016-09-12 01:00:00,22.15
2016-09-12 02:00:00,22.75
2016-09-12 03:00:00,25.3
2016-09-12 04:00:00,36.69
2016-09-12 05:00:00,43.0
2016-09-12 06:00:00,47.65
2016-09-12 07:00:00,48.48
2016-09-12 08:00:00,48.16
2016-09-12 09:00:00,47.87
2016-09-12 10:00:00,45.7
2016-09-12 11:00:00,45.4
2016-09-12 12:00:00,44.0
2016-09-12 13:00:00,43.74
2016-09-12 14:00:00,45.6
2016-09-12 15:00:00,46.96
2016-09-12 16:00:00,50.75
2016-09-12 17:00:00,57.53
2016-09-12 18:00:00,56.03
2016-09-12 19:00:00,50.09
2016-09-12 20:00:00,45.0
2016-09-12 21:00:00,39.3
2016-09-12 22:00:00,31.02
2016-09-12 23:00:00,27.26
2016-09-13 00:00:00,24.17
2016-09-13 01:00:00,23.52
2016-09-13 02:00:00,23.55
2016-09-13 03:00:00,26.39
2016-09-13 04:00:00,37.48
2016-09-13 05:00:00,44.44
2016-09-13 06:00:00,47.87
2016-09-13 07:00:00,49.65
2016-09-13 08:00:00,48.06
2016-09-13 09:00:00,48.19
2016-09-13 10:00:00,46.29
2016-09-13 11:00:00,45.04
2016-09-13 12:00:00,42.37
2016-09-13 13:00:00,44.34
2016-09-13 14:00:00,44.08
2016-09-13 15:00:00,46.72
2016-09-13 16:00:00,46.63
2016-09-13 17:00:00,46.69
2016-09-13 18:00:00,47.33
2016-09-13 19:00:00,43.77
2016-09-13 20:00:00,41.04
2016-09-13 21:00:00,34.1
2016-09-13 22:00:00,31.04
2016-09-13 23:00:00,27.82
2016-09-14 00:00:00,27.01
2016-09-14 01:00:00,24.59
2016-09-14 02:00:00,22.9
2016-09-14 03:00:00,27.06
2016-09-14 04:00:00,34.97
2016-09-14 05:00:00,44.51
2016-09-14 06:00:00,48.48
2016-09-14 07:00:00,49.0
2016-09-14 08:00:00,47.31
2016-09-14 09:00:00,47.0
2016-09-14 10:00:00,45.24
2016-09-14 11:00:00,44.69
2016-09-14 12:00:00,46.75
2016-09-14 13:00:00,46.21
2016-09-14 14:00:00,42.29
2016-09-14 15:00:00,44.0
2016-09-14 16:00:00,45.15
2016-09-14 17:00:00,48.7
2016-09-14 18:00:00,48.77
2016-09-14 19:00:00,44.0
2016-09-14 20:00:00,43.0
2016-09-14 21:00:00,35.79
2016-09-14 22:00:00,33.08
2016-09-14 23:00:00,29.07
2016-09-15 00:00:00,27.05
2016-09-15 01:00:00,21.28
2016-09-15 02:00:00,21.35
2016-09-15 03:00:00,24.67
2016-09-15 04:00:00,30.89
2016-09-15 05:00:00,44.06
2016-09-15 06:00:00,49.32
2016-09-15 07:00:00,49.69
2016-09-15 08:00:00,48.38
2016-09-15 09:00:00,47.87
2016-09-15 10:00:00,46.69
2016-09-15 11:00:00,45.68
2016-09-15 12:00:00,46.69
2016-09-15 13:00:00,45.6
2016-09-15 14:00:00,44.87
2016-09-15 15:00:00,45.15
2016-09-15 16:00:00,45.8
2016-09-15 17:00:00,47.45
2016-09-15 18:00:00,48.42
2016-09-15 19:00:00,44.0
2016-09-15 20:00:00,41.74
2016-09-15 21:00:00,38.48
2016-09-15 22:00:00,35.38
2016-09-15 23:00:00,28.24
2016-09-16 00:00:00,26.73
2016-09-16 01:00:00,21.66
2016-09-16 02:00:00,20.35
2016-09-16 03:00:00,22.59
2016-09-16 04:00:00,32.49
2016-09-16 05:00:00,40.94
2016-09-16 06:00:00,46.26
2016-09-16 07:00:00,47.38
2016-09-16 08:00:00,45.56
2016-09-16 09:00:00,45.47
2016-09-16 10:00:00,42.57
2016-09-16 11:00:00,39.95
2016-09-16 12:00:00,38.28
2016-09-16 13:00:00,35.38
2016-09-16 14:00:00,35.61
2016-09-16 15:00:00,38.28
2016-09-16 16:00:00,40.1
2016-09-16 17:00:00,41.75
2016-09-16 18:00:00,40.99
2016-09-16 19:00:00,36.5
2016-09-16 20:00:00,31.9
2016-09-16 21:00:00,30.05
2016-09-16 22:00:00,32.87
2016-09-16 23:00:00,26.32
2016-09-17 00:00:00,24.08
2016-09-17 01:00:00,22.81
2016-09-17 02:00:00,22.25
2016-09-17 03:00:00,22.91
2016-09-17 04:00:00,24.91
2016-09-17 05:00:00,27.92
2016-09-17 06:00:00,31.41
2016-09-17 07:00:00,36.93
2016-09-17 08:00:00,36.91
2016-09-17 09:00:00,36.08
2016-09-17 10:00:00,34.38
2016-09-17 11:00:00,31.28
2016-09-17 12:00:00,29.99
2016-09-17 13:00:00,30.41
2016-09-17 14:00:00,24.93
2016-09-17 15:00:00,27.85
2016-09-17 16:00:00,36.88
2016-09-17 17:00:00,32.52
2016-09-17 18:00:00,35.1
2016-09-17 19:00:00,34.09
2016-09-17 20:00:00,38.57
2016-09-17 21:00:00,34.66
2016-09-17 22:00:00,38.0
2016-09-17 23:00:00,30.46
2016-09-18 00:00:00,21.5
2016-09-18 01:00:00,20.38
2016-09-18 02:00:00,18.52
2016-09-18 03:00:00,19.53
2016-09-18 04:00:00,20.62
2016-09-18 05:00:00,20.73
2016-09-18 06:00:00,22.77
2016-09-18 07:00:00,24.78
2016-09-18 08:00:00,24.56
2016-09-18 09:00:00,30.43
2016-09-18 10:00:00,33.5
2016-09-18 11:00:00,24.7
2016-09-18 12:00:00,23.31
2016-09-18 13:00:00,22.93
2016-09-18 14:00:00,23.2
2016-09-18 15:00:00,27.16
2016-09-18 16:00:00,32.54
2016-09-18 17:00:00,38.5
2016-09-18 18:00:00,44.0
2016-09-18 19:00:00,41.0
2016-09-18 20:00:00,41.0
2016-09-18 21:00:00,34.3
2016-09-18 22:00:00,31.88
2016-09-18 23:00:00,26.56
2016-09-19 00:00:00,23.78
2016-09-19 01:00:00,22.44
2016-09-19 02:00:00,22.05
2016-09-19 03:00:00,23.91
2016-09-19 04:00:00,36.06
2016-09-19 05:00:00,42.31
2016-09-19 06:00:00,44.6
2016-09-19 07:00:00,43.91
2016-09-19 08:00:00,43.95
2016-09-19 09:00:00,43.97
2016-09-19 10:00:00,44.35
2016-09-19 11:00:00,41.98
2016-09-19 12:00:00,43.25
2016-09-19 13:00:00,43.0
2016-09-19 14:00:00,42.63
2016-09-19 15:00:00,44.0
2016-09-19 16:00:00,45.19
2016-09-19 17:00:00,46.59
2016-09-19 18:00:00,47.36
2016-09-19 19:00:00,44.0
2016-09-19 20:00:00,43.94
2016-09-19 21:00:00,40.5
2016-09-19 22:00:00,37.21
2016-09-19 23:00:00,26.4
2016-09-20 00:00:00,27.71
2016-09-20 01:00:00,23.06
2016-09-20 02:00:00,23.44
2016-09-20 03:00:00,26.21
2016-09-20 04:00:00,40.69
2016-09-20 05:00:00,46.0
2016-09-20 06:00:00,46.69
2016-09-20 07:00:00,47.87
2016-09-20 08:00:00,46.79
2016-09-20 09:00:00,46.69
2016-09-20 10:00:00,47.25
2016-09-20 11:00:00,45.89
2016-09-20 12:00:00,45.0
2016-09-20 13:00:00,45.69
2016-09-20 14:00:00,44.7
2016-09-20 15:00:00,45.47
2016-09-20 16:00:00,46.0
2016-09-20 17:00:00,48.07
2016-09-20 18:00:00,49.04
2016-09-20 19:00:00,45.2
2016-09-20 20:00:00,45.0
2016-09-20 21:00:00,41.02
2016-09-20 22:00:00,39.8
2016-09-20 23:00:00,33.07
2016-09-21 00:00:00,28.45
2016-09-21 01:00:00,24.13
2016-09-21 02:00:00,24.09
2016-09-21 03:00:00,27.07
2016-09-21 04:00:00,36.97
2016-09-21 05:00:00,48.19
2016-09-21 06:00:00,49.71
2016-09-21 07:00:00,49.69
2016-09-21 08:00:00,49.04
2016-09-21 09:00:00,48.36
2016-09-21 10:00:00,44.96
2016-09-21 11:00:00,43.5
2016-09-21 12:00:00,43.52
2016-09-21 13:00:00,43.07
2016-09-21 14:00:00,42.14
2016-09-21 15:00:00,43.0
2016-09-21 16:00:00,45.0
2016-09-21 17:00:00,48.75
2016-09-21 18:00:00,48.69
2016-09-21 19:00:00,46.22
2016-09-21 20:00:00,44.0
2016-09-21 21:00:00,42.0
2016-09-21 22:00:00,40.0
2016-09-21 23:00:00,34.4
2016-09-22 00:00:00,27.79
2016-09-22 01:00:00,24.26
2016-09-22 02:00:00,24.24
2016-09-22 03:00:00,27.03
2016-09-22 04:00:00,40.31
2016-09-22 05:00:00,46.01
2016-09-22 06:00:00,49.09
2016-09-22 07:00:00,49.6
2016-09-22 08:00:00,47.5
2016-09-22 09:00:00,45.29
2016-09-22 10:00:00,42.21
2016-09-22 11:00:00,42.87
2016-09-22 12:00:00,43.56
2016-09-22 13:00:00,43.6
2016-09-22 14:00:00,43.0
2016-09-22 15:00:00,43.3
2016-09-22 16:00:00,45.15
2016-09-22 17:00:00,49.06
2016-09-22 18:00:00,49.09
2016-09-22 19:00:00,43.25
2016-09-22 20:00:00,42.41
2016-09-22 21:00:00,40.0
2016-09-22 22:00:00,41.0
2016-09-22 23:00:00,32.7
2016-09-23 00:00:00,31.33
2016-09-23 01:00:00,25.99
2016-09-23 02:00:00,25.62
2016-09-23 03:00:00,31.54
2016-09-23 04:00:00,42.5
2016-09-23 05:00:00,49.0
2016-09-23 06:00:00,50.44
2016-09-23 07:00:00,50.69
2016-09-23 08:00:00,50.02
2016-09-23 09:00:00,47.8
2016-09-23 10:00:00,45.0
2016-09-23 11:00:00,43.94
2016-09-23 12:00:00,43.74
2016-09-23 13:00:00,41.8
2016-09-23 14:00:00,41.52
2016-09-23 15:00:00,41.44
2016-09-23 16:00:00,44.29
2016-09-23 17:00:00,47.06
2016-09-23 18:00:00,49.2
2016-09-23 19:00:00,43.54
2016-09-23 20:00:00,44.0
2016-09-23 21:00:00,42.41
2016-09-23 22:00:00,41.47
2016-09-23 23:00:00,34.58
2016-09-24 00:00:00,35.66
2016-09-24 01:00:00,27.88
2016-09-24 02:00:00,24.65
2016-09-24 03:00:00,24.59
2016-09-24 04:00:00,28.01
2016-09-24 05:00:00,31.15
2016-09-24 06:00:00,34.72
2016-09-24 07:00:00,36.1
2016-09-24 08:00:00,35.73
2016-09-24 09:00:00,34.08
2016-09-24 10:00:00,33.02
2016-09-24 11:00:00,28.01
2016-09-24 12:00:00,24.4
2016-09-24 13:00:00,24.93
2016-09-24 14:00:00,28.01
2016-09-24 15:00:00,34.58
2016-09-24 16:00:00,38.08
2016-09-24 17:00:00,42.63
2016-09-24 18:00:00,40.99
2016-09-24 19:00:00,34.53
2016-09-24 20:00:00,31.15
2016-09-24 21:00:00,29.57
2016-09-24 22:00:00,24.51
2016-09-24 23:00:00,22.24
2016-09-25 00:00:00,20.55
2016-09-25 01:00:00,17.84
2016-09-25 02:00:00,17.7
2016-09-25 03:00:00,19.68
2016-09-25 04:00:00,20.09
2016-09-25 05:00:00,21.47
2016-09-25 06:00:00,22.45
2016-09-25 07:00:00,22.95
2016-09-25 08:00:00,21.36
2016-09-25 09:00:00,22.13
2016-09-25 10:00:00,23.8
2016-09-25 11:00:00,19.34
2016-09-25 12:00:00,14.37
2016-09-25 13:00:00,14.17
2016-09-25 14:00:00,19.76
2016-09-25 15:00:00,26.55
2016-09-25 16:00:00,35.09
2016-09-25 17:00:00,40.95
2016-09-25 18:00:00,43.81
2016-09-25 19:00:00,39.98
2016-09-25 20:00:00,43.0
2016-09-25 21:00:00,39.89
2016-09-25 22:00:00,37.77
2016-09-25 23:00:00,33.9
2016-09-26 00:00:00,30.63
2016-09-26 01:00:00,26.05
2016-09-26 02:00:00,28.34
2016-09-26 03:00:00,31.38
2016-09-26 04:00:00,41.3
2016-09-26 05:00:00,46.53
2016-09-26 06:00:00,49.0
2016-09-26 07:00:00,46.84
2016-09-26 08:00:00,46.69
2016-09-26 09:00:00,50.44
2016-09-26 10:00:00,50.69
2016-09-26 11:00:00,46.49
2016-09-26 12:00:00,47.75
2016-09-26 13:00:00,45.53
2016-09-26 14:00:00,46.15
2016-09-26 15:00:00,44.83
2016-09-26 16:00:00,49.55
2016-09-26 17:00:00,54.12
2016-09-26 18:00:00,51.23
2016-09-26 19:00:00,45.46
2016-09-26 20:00:00,45.15
2016-09-26 21:00:00,42.1
2016-09-26 22:00:00,34.89
2016-09-26 23:00:00,30.74
2016-09-27 00:00:00,29.75
2016-09-27 01:00:00,28.73
2016-09-27 02:00:00,27.84
2016-09-27 03:00:00,29.56
2016-09-27 04:00:00,43.0
2016-09-27 05:00:00,49.0
2016-09-27 06:00:00,50.0
2016-09-27 07:00:00,47.69
2016-09-27 08:00:00,46.59
2016-09-27 09:00:00,46.33
2016-09-27 10:00:00,44.51
2016-09-27 11:00:00,45.06
2016-09-27 12:00:00,45.0
2016-09-27 13:00:00,44.94
2016-09-27 14:00:00,44.97
2016-09-27 15:00:00,44.96
2016-09-27 16:00:00,45.76
2016-09-27 17:00:00,49.1
2016-09-27 18:00:00,48.87
2016-09-27 19:00:00,46.3
2016-09-27 20:00:00,43.5
2016-09-27 21:00:00,38.81
2016-09-27 22:00:00,39.0
2016-09-27 23:00:00,33.94
2016-09-28 00:00:00,32.41
2016-09-28 01:00:00,28.89
2016-09-28 02:00:00,25.85
2016-09-28 03:00:00,32.41
2016-09-28 04:00:00,39.98
2016-09-28 05:00:00,47.3
2016-09-28 06:00:00,48.26
2016-09-28 07:00:00,49.72
2016-09-28 08:00:00,48.69
2016-09-28 09:00:00,48.0
2016-09-28 10:00:00,46.88
2016-09-28 11:00:00,46.23
2016-09-28 12:00:00,45.0
2016-09-28 13:00:00,44.06
2016-09-28 14:00:00,44.26
2016-09-28 15:00:00,47.0
2016-09-28 16:00:00,47.88
2016-09-28 17:00:00,51.63
2016-09-28 18:00:00,50.87
2016-09-28 19:00:00,48.69
2016-09-28 20:00:00,45.15
2016-09-28 21:00:00,40.0
2016-09-28 22:00:00,40.36
2016-09-28 23:00:00,36.35
2016-09-29 00:00:00,22.35
2016-09-29 01:00:00,14.57
2016-09-29 02:00:00,14.15
2016-09-29 03:00:00,22.25
2016-09-29 04:00:00,38.07
2016-09-29 05:00:00,47.2
2016-09-29 06:00:00,46.8
2016-09-29 07:00:00,47.01
2016-09-29 08:00:00,46.31
2016-09-29 09:00:00,45.11
2016-09-29 10:00:00,40.74
2016-09-29 11:00:00,37.55
2016-09-29 12:00:00,37.71
2016-09-29 13:00:00,38.03
2016-09-29 14:00:00,42.0
2016-09-29 15:00:00,44.0
2016-09-29 16:00:00,48.02
2016-09-29 17:00:00,55.02
2016-09-29 18:00:00,52.48
2016-09-29 19:00:00,50.0
2016-09-29 20:00:00,48.27
2016-09-29 21:00:00,43.0
2016-09-29 22:00:00,27.0
2016-09-29 23:00:00,25.7
2016-09-30 00:00:00,24.71
2016-09-30 01:00:00,23.09
2016-09-30 02:00:00,24.02
2016-09-30 03:00:00,31.44
2016-09-30 04:00:00,42.91
2016-09-30 05:00:00,49.66
2016-09-30 06:00:00,50.03
2016-09-30 07:00:00,49.69
2016-09-30 08:00:00,48.54
2016-09-30 09:00:00,47.57
2016-09-30 10:00:00,44.5
2016-09-30 11:00:00,42.25
2016-09-30 12:00:00,43.3
2016-09-30 13:00:00,41.73
2016-09-30 14:00:00,43.89
2016-09-30 15:00:00,48.0
2016-09-30 16:00:00,48.44
2016-09-30 17:00:00,53.9
2016-09-30 18:00:00,50.49
2016-09-30 19:00:00,49.87
2016-09-30 20:00:00,48.0
2016-09-30 21:00:00,44.0
2016-09-30 22:00:00,45.29
2016-09-30 23:00:00,34.53
2016-10-01 00:00:00,35.72
2016-10-01 01:00:00,29.02
2016-10-01 02:00:00,30.82
2016-10-01 03:00:00,29.62
2016-10-01 04:00:00,32.55
2016-10-01 05:00:00,40.71
2016-10-01 06:00:00,38.63
2016-10-01 07:00:00,48.49
2016-10-01 08:00:00,43.13
2016-10-01 09:00:00,43.0
2016-10-01 10:00:00,42.0
2016-10-01 11:00:00,37.66
2016-10-01 12:00:00,32.64
2016-10-01 13:00:00,29.18
2016-10-01 14:00:00,29.44
2016-10-01 15:00:00,34.63
2016-10-01 16:00:00,39.93
2016-10-01 17:00:00,45.03
2016-10-01 18:00:00,46.42
2016-10-01 19:00:00,45.8
2016-10-01 20:00:00,46.61
2016-10-01 21:00:00,35.75
2016-10-01 22:00:00,32.68
2016-10-01 23:00:00,31.23
2016-10-02 00:00:00,26.28
2016-10-02 01:00:00,25.13
2016-10-02 02:00:00,24.9
2016-10-02 03:00:00,25.03
2016-10-02 04:00:00,25.43
2016-10-02 05:00:00,26.09
2016-10-02 06:00:00,29.7
2016-10-02 07:00:00,30.99
2016-10-02 08:00:00,29.88
2016-10-02 09:00:00,32.38
2016-10-02 10:00:00,30.79
2016-10-02 11:00:00,26.64
2016-10-02 12:00:00,25.01
2016-10-02 13:00:00,24.65
2016-10-02 14:00:00,25.06
2016-10-02 15:00:00,31.65
2016-10-02 16:00:00,41.22
2016-10-02 17:00:00,49.35
2016-10-02 18:00:00,51.18
2016-10-02 19:00:00,45.89
2016-10-02 20:00:00,45.0
2016-10-02 21:00:00,43.31
2016-10-02 22:00:00,30.81
2016-10-02 23:00:00,26.11
2016-10-03 00:00:00,25.09
2016-10-03 01:00:00,24.54
2016-10-03 02:00:00,24.59
2016-10-03 03:00:00,25.78
2016-10-03 04:00:00,36.12
2016-10-03 05:00:00,52.23
2016-10-03 06:00:00,53.49
2016-10-03 07:00:00,53.39
2016-10-03 08:00:00,52.75
2016-10-03 09:00:00,51.16
2016-10-03 10:00:00,50.94
2016-10-03 11:00:00,49.64
2016-10-03 12:00:00,49.89
2016-10-03 13:00:00,39.15
2016-10-03 14:00:00,37.29
2016-10-03 15:00:00,48.0
2016-10-03 16:00:00,51.66
2016-10-03 17:00:00,73.0
2016-10-03 18:00:00,56.65
2016-10-03 19:00:00,49.17
2016-10-03 20:00:00,47.44
2016-10-03 21:00:00,45.0
2016-10-03 22:00:00,28.58
2016-10-03 23:00:00,26.11
2016-10-04 00:00:00,24.23
2016-10-04 01:00:00,22.18
2016-10-04 02:00:00,23.25
2016-10-04 03:00:00,25.54
2016-10-04 04:00:00,46.39
2016-10-04 05:00:00,57.44
2016-10-04 06:00:00,55.17
2016-10-04 07:00:00,54.13
2016-10-04 08:00:00,54.08
2016-10-04 09:00:00,54.07
2016-10-04 10:00:00,46.0
2016-10-04 11:00:00,40.49
2016-10-04 12:00:00,40.39
2016-10-04 13:00:00,38.16
2016-10-04 14:00:00,40.44
2016-10-04 15:00:00,45.31
2016-10-04 16:00:00,53.02
2016-10-04 17:00:00,54.85
2016-10-04 18:00:00,52.37
2016-10-04 19:00:00,47.86
2016-10-04 20:00:00,44.0
2016-10-04 21:00:00,34.53
2016-10-04 22:00:00,25.06
2016-10-04 23:00:00,23.67
2016-10-05 00:00:00,22.45
2016-10-05 01:00:00,22.23
2016-10-05 02:00:00,22.71
2016-10-05 03:00:00,24.3
2016-10-05 04:00:00,31.17
2016-10-05 05:00:00,47.54
2016-10-05 06:00:00,53.58
2016-10-05 07:00:00,53.76
2016-10-05 08:00:00,48.61
2016-10-05 09:00:00,46.0
2016-10-05 10:00:00,41.56
2016-10-05 11:00:00,34.49
2016-10-05 12:00:00,29.57
2016-10-05 13:00:00,28.18
2016-10-05 14:00:00,29.99
2016-10-05 15:00:00,35.0
2016-10-05 16:00:00,45.56
2016-10-05 17:00:00,56.95
2016-10-05 18:00:00,55.08
2016-10-05 19:00:00,49.43
2016-10-05 20:00:00,41.51
2016-10-05 21:00:00,34.01
2016-10-05 22:00:00,42.15
2016-10-05 23:00:00,40.0
2016-10-06 00:00:00,35.25
2016-10-06 01:00:00,26.92
2016-10-06 02:00:00,20.87
2016-10-06 03:00:00,33.03
2016-10-06 04:00:00,50.0
2016-10-06 05:00:00,62.54
2016-10-06 06:00:00,60.15
2016-10-06 07:00:00,59.37
2016-10-06 08:00:00,57.17
2016-10-06 09:00:00,54.07
2016-10-06 10:00:00,53.58
2016-10-06 11:00:00,52.98
2016-10-06 12:00:00,51.9
2016-10-06 13:00:00,50.4
2016-10-06 14:00:00,50.67
2016-10-06 15:00:00,46.14
2016-10-06 16:00:00,52.2
2016-10-06 17:00:00,57.93
2016-10-06 18:00:00,57.54
2016-10-06 19:00:00,49.8
2016-10-06 20:00:00,50.0
2016-10-06 21:00:00,44.0
2016-10-06 22:00:00,43.0
2016-10-06 23:00:00,40.17
2016-10-07 00:00:00,36.3
2016-10-07 01:00:00,28.35
2016-10-07 02:00:00,27.96
2016-10-07 03:00:00,38.74
2016-10-07 04:00:00,54.07
2016-10-07 05:00:00,80.25
2016-10-07 06:00:00,79.45
2016-10-07 07:00:00,76.86
2016-10-07 08:00:00,79.94
2016-10-07 09:00:00,79.45
2016-10-07 10:00:00,65.91
2016-10-07 11:00:00,60.0
2016-10-07 12:00:00,57.2
2016-10-07 13:00:00,53.82
2016-10-07 14:00:00,53.64
2016-10-07 15:00:00,58.41
2016-10-07 16:00:00,66.56
2016-10-07 17:00:00,70.65
2016-10-07 18:00:00,62.21
2016-10-07 19:00:00,57.69
2016-10-07 20:00:00,56.1
2016-10-07 21:00:00,48.28
2016-10-07 22:00:00,53.24
2016-10-07 23:00:00,44.13
2016-10-08 00:00:00,39.42
2016-10-08 01:00:00,37.0
2016-10-08 02:00:00,29.99
2016-10-08 03:00:00,37.31
2016-10-08 04:00:00,40.47
2016-10-08 05:00:00,43.67
2016-10-08 06:00:00,44.5
2016-10-08 07:00:00,47.7
2016-10-08 08:00:00,46.46
2016-10-08 09:00:00,47.91
2016-10-08 10:00:00,52.98
2016-10-08 11:00:00,45.49
2016-10-08 12:00:00,38.24
2016-10-08 13:00:00,37.65
2016-10-08 14:00:00,37.25
2016-10-08 15:00:00,42.69
2016-10-08 16:00:00,46.0
2016-10-08 17:00:00,52.75
2016-10-08 18:00:00,54.49
2016-10-08 19:00:00,49.71
2016-10-08 20:00:00,49.89
2016-10-08 21:00:00,45.55
2016-10-08 22:00:00,43.67
2016-10-08 23:00:00,41.56
2016-10-09 00:00:00,37.5
2016-10-09 01:00:00,29.27
2016-10-09 02:00:00,28.72
2016-10-09 03:00:00,28.09
2016-10-09 04:00:00,29.27
2016-10-09 05:00:00,34.77
2016-10-09 06:00:00,33.05
2016-10-09 07:00:00,35.91
2016-10-09 08:00:00,35.48
2016-10-09 09:00:00,34.57
2016-10-09 10:00:00,32.77
2016-10-09 11:00:00,29.07
2016-10-09 12:00:00,28.23
2016-10-09 13:00:00,28.21
2016-10-09 14:00:00,28.8
2016-10-09 15:00:00,32.95
2016-10-09 16:00:00,41.29
2016-10-09 17:00:00,52.75
2016-10-09 18:00:00,54.49
2016-10-09 19:00:00,49.0
2016-10-09 20:00:00,47.9
2016-10-09 21:00:00,43.6
2016-10-09 22:00:00,45.03
2016-10-09 23:00:00,40.0
2016-10-10 00:00:00,35.74
2016-10-10 01:00:00,31.5
2016-10-10 02:00:00,31.55
2016-10-10 03:00:00,41.88
2016-10-10 04:00:00,52.98
2016-10-10 05:00:00,73.63
2016-10-10 06:00:00,75.67
2016-10-10 07:00:00,70.16
2016-10-10 08:00:00,64.3
2016-10-10 09:00:00,60.52
2016-10-10 10:00:00,57.56
2016-10-10 11:00:00,57.56
2016-10-10 12:00:00,56.33
2016-10-10 13:00:00,54.01
2016-10-10 14:00:00,55.0
2016-10-10 15:00:00,57.24
2016-10-10 16:00:00,69.94
2016-10-10 17:00:00,81.93
2016-10-10 18:00:00,72.75
2016-10-10 19:00:00,62.12
2016-10-10 20:00:00,58.45
2016-10-10 21:00:00,55.0
2016-10-10 22:00:00,58.69
2016-10-10 23:00:00,53.58
2016-10-11 00:00:00,50.0
2016-10-11 01:00:00,45.94
2016-10-11 02:00:00,46.12
2016-10-11 03:00:00,51.4
2016-10-11 04:00:00,69.0
2016-10-11 05:00:00,81.33
2016-10-11 06:00:00,87.4
2016-10-11 07:00:00,84.39
2016-10-11 08:00:00,84.03
2016-10-11 09:00:00,83.97
2016-10-11 10:00:00,82.34
2016-10-11 11:00:00,73.83
2016-10-11 12:00:00,76.01
2016-10-11 13:00:00,73.0
2016-10-11 14:00:00,65.71
2016-10-11 15:00:00,67.46
2016-10-11 16:00:00,72.91
2016-10-11 17:00:00,105.07
2016-10-11 18:00:00,84.94
2016-10-11 19:00:00,73.06
2016-10-11 20:00:00,70.12
2016-10-11 21:00:00,68.79
2016-10-11 22:00:00,50.51
2016-10-11 23:00:00,47.06
2016-10-12 00:00:00,44.78
2016-10-12 01:00:00,41.33
2016-10-12 02:00:00,41.04
2016-10-12 03:00:00,43.2
2016-10-12 04:00:00,63.15
2016-10-12 05:00:00,75.98
2016-10-12 06:00:00,77.97
2016-10-12 07:00:00,79.2
2016-10-12 08:00:00,79.31
2016-10-12 09:00:00,77.3
2016-10-12 10:00:00,73.17
2016-10-12 11:00:00,67.62
2016-10-12 12:00:00,67.01
2016-10-12 13:00:00,63.81
2016-10-12 14:00:00,56.91
2016-10-12 15:00:00,61.19
2016-10-12 16:00:00,68.3
2016-10-12 17:00:00,78.86
2016-10-12 18:00:00,75.0
2016-10-12 19:00:00,62.08
2016-10-12 20:00:00,58.6
2016-10-12 21:00:00,54.07
2016-10-12 22:00:00,56.1
2016-10-12 23:00:00,50.29
2016-10-13 00:00:00,45.48
2016-10-13 01:00:00,40.81
2016-10-13 02:00:00,41.68
2016-10-13 03:00:00,46.6
2016-10-13 04:00:00,57.05
2016-10-13 05:00:00,76.0
2016-10-13 06:00:00,78.2
2016-10-13 07:00:00,77.36
2016-10-13 08:00:00,76.0
2016-10-13 09:00:00,74.63
2016-10-13 10:00:00,71.97
2016-10-13 11:00:00,70.02
2016-10-13 12:00:00,69.78
2016-10-13 13:00:00,64.5
2016-10-13 14:00:00,63.72
2016-10-13 15:00:00,63.74
2016-10-13 16:00:00,74.52
2016-10-13 17:00:00,84.91
2016-10-13 18:00:00,74.67
2016-10-13 19:00:00,64.5
2016-10-13 20:00:00,61.5
2016-10-13 21:00:00,57.99
2016-10-13 22:00:00,57.05
2016-10-13 23:00:00,50.0
2016-10-14 00:00:00,45.91
2016-10-14 01:00:00,43.27
2016-10-14 02:00:00,42.41
2016-10-14 03:00:00,45.69
2016-10-14 04:00:00,62.0
2016-10-14 05:00:00,75.7
2016-10-14 06:00:00,85.0
2016-10-14 07:00:00,79.03
2016-10-14 08:00:00,78.12
2016-10-14 09:00:00,78.04
2016-10-14 10:00:00,75.0
2016-10-14 11:00:00,71.48
2016-10-14 12:00:00,66.86
2016-10-14 13:00:00,60.43
2016-10-14 14:00:00,59.57
2016-10-14 15:00:00,57.1
2016-10-14 16:00:00,70.07
2016-10-14 17:00:00,90.03
2016-10-14 18:00:00,76.15
2016-10-14 19:00:00,59.98
2016-10-14 20:00:00,56.6
2016-10-14 21:00:00,53.0
2016-10-14 22:00:00,50.0
2016-10-14 23:00:00,45.8
2016-10-15 00:00:00,43.04
2016-10-15 01:00:00,39.2
2016-10-15 02:00:00,34.89
2016-10-15 03:00:00,36.0
2016-10-15 04:00:00,43.02
2016-10-15 05:00:00,45.8
2016-10-15 06:00:00,46.69
2016-10-15 07:00:00,47.6
2016-10-15 08:00:00,48.39
2016-10-15 09:00:00,44.72
2016-10-15 10:00:00,43.32
2016-10-15 11:00:00,42.67
2016-10-15 12:00:00,39.02
2016-10-15 13:00:00,38.02
2016-10-15 14:00:00,38.14
2016-10-15 15:00:00,42.86
2016-10-15 16:00:00,49.92
2016-10-15 17:00:00,57.05
2016-10-15 18:00:00,54.61
2016-10-15 19:00:00,45.2
2016-10-15 20:00:00,43.89
2016-10-15 21:00:00,42.9
2016-10-15 22:00:00,42.41
2016-10-15 23:00:00,39.25
2016-10-16 00:00:00,35.69
2016-10-16 01:00:00,30.59
2016-10-16 02:00:00,30.66
2016-10-16 03:00:00,30.61
2016-10-16 04:00:00,30.91
2016-10-16 05:00:00,31.79
2016-10-16 06:00:00,36.63
2016-10-16 07:00:00,38.59
2016-10-16 08:00:00,40.21
2016-10-16 09:00:00,38.54
2016-10-16 10:00:00,38.67
2016-10-16 11:00:00,31.73
2016-10-16 12:00:00,30.08
2016-10-16 13:00:00,30.44
2016-10-16 14:00:00,31.05
2016-10-16 15:00:00,42.0
2016-10-16 16:00:00,51.57
2016-10-16 17:00:00,60.2
2016-10-16 18:00:00,63.01
2016-10-16 19:00:00,52.7
2016-10-16 20:00:00,50.1
2016-10-16 21:00:00,52.97
2016-10-16 22:00:00,41.0
2016-10-16 23:00:00,29.94
2016-10-17 00:00:00,29.26
2016-10-17 01:00:00,28.44
2016-10-17 02:00:00,28.53
2016-10-17 03:00:00,30.46
2016-10-17 04:00:00,46.64
2016-10-17 05:00:00,66.12
2016-10-17 06:00:00,71.04
2016-10-17 07:00:00,73.01
2016-10-17 08:00:00,71.58
2016-10-17 09:00:00,70.73
2016-10-17 10:00:00,65.69
2016-10-17 11:00:00,63.77
2016-10-17 12:00:00,62.49
2016-10-17 13:00:00,60.1
2016-10-17 14:00:00,59.69
2016-10-17 15:00:00,61.33
2016-10-17 16:00:00,70.0
2016-10-17 17:00:00,81.93
2016-10-17 18:00:00,73.01
2016-10-17 19:00:00,63.33
2016-10-17 20:00:00,53.51
2016-10-17 21:00:00,52.23
2016-10-17 22:00:00,57.43
2016-10-17 23:00:00,52.22
2016-10-18 00:00:00,46.1
2016-10-18 01:00:00,43.4
2016-10-18 02:00:00,43.27
2016-10-18 03:00:00,46.41
2016-10-18 04:00:00,66.25
2016-10-18 05:00:00,89.97
2016-10-18 06:00:00,86.34
2016-10-18 07:00:00,83.54
2016-10-18 08:00:00,83.84
2016-10-18 09:00:00,78.0
2016-10-18 10:00:00,70.0
2016-10-18 11:00:00,67.4
2016-10-18 12:00:00,65.03
2016-10-18 13:00:00,65.9
2016-10-18 14:00:00,64.7
2016-10-18 15:00:00,64.88
2016-10-18 16:00:00,72.61
2016-10-18 17:00:00,89.57
2016-10-18 18:00:00,81.64
2016-10-18 19:00:00,65.99
2016-10-18 20:00:00,62.35
2016-10-18 21:00:00,59.81
2016-10-18 22:00:00,55.83
2016-10-18 23:00:00,51.57
2016-10-19 00:00:00,45.81
2016-10-19 01:00:00,43.38
2016-10-19 02:00:00,39.25
2016-10-19 03:00:00,47.69
2016-10-19 04:00:00,62.91
2016-10-19 05:00:00,79.0
2016-10-19 06:00:00,82.51
2016-10-19 07:00:00,81.68
2016-10-19 08:00:00,80.0
2016-10-19 09:00:00,81.93
2016-10-19 10:00:00,74.0
2016-10-19 11:00:00,70.32
2016-10-19 12:00:00,68.86
2016-10-19 13:00:00,68.69
2016-10-19 14:00:00,70.0
2016-10-19 15:00:00,70.04
2016-10-19 16:00:00,81.55
2016-10-19 17:00:00,91.33
2016-10-19 18:00:00,77.66
2016-10-19 19:00:00,67.51
2016-10-19 20:00:00,66.98
2016-10-19 21:00:00,66.01
2016-10-19 22:00:00,63.06
2016-10-19 23:00:00,54.1
2016-10-20 00:00:00,50.36
2016-10-20 01:00:00,46.34
2016-10-20 02:00:00,46.34
2016-10-20 03:00:00,53.01
2016-10-20 04:00:00,74.9
2016-10-20 05:00:00,97.0
2016-10-20 06:00:00,97.48
2016-10-20 07:00:00,100.0
2016-10-20 08:00:00,89.84
2016-10-20 09:00:00,89.68
2016-10-20 10:00:00,89.98
2016-10-20 11:00:00,82.51
2016-10-20 12:00:00,78.48
2016-10-20 13:00:00,77.87
2016-10-20 14:00:00,74.92
2016-10-20 15:00:00,73.51
2016-10-20 16:00:00,82.42
2016-10-20 17:00:00,100.27
2016-10-20 18:00:00,89.08
2016-10-20 19:00:00,74.34
2016-10-20 20:00:00,71.82
2016-10-20 21:00:00,74.0
2016-10-20 22:00:00,66.14
2016-10-20 23:00:00,52.75
2016-10-21 00:00:00,47.74
2016-10-21 01:00:00,43.49
2016-10-21 02:00:00,43.42
2016-10-21 03:00:00,50.5
2016-10-21 04:00:00,71.2
2016-10-21 05:00:00,84.88
2016-10-21 06:00:00,90.0
2016-10-21 07:00:00,86.94
2016-10-21 08:00:00,86.41
2016-10-21 09:00:00,84.08
2016-10-21 10:00:00,81.62
2016-10-21 11:00:00,75.06
2016-10-21 12:00:00,74.28
2016-10-21 13:00:00,72.09
2016-10-21 14:00:00,73.0
2016-10-21 15:00:00,76.98
2016-10-21 16:00:00,85.17
2016-10-21 17:00:00,99.22
2016-10-21 18:00:00,83.43
2016-10-21 19:00:00,75.74
2016-10-21 20:00:00,74.7
2016-10-21 21:00:00,71.95
2016-10-21 22:00:00,54.7
2016-10-21 23:00:00,51.16
2016-10-22 00:00:00,48.86
2016-10-22 01:00:00,45.93
2016-10-22 02:00:00,41.21
2016-10-22 03:00:00,41.41
2016-10-22 04:00:00,44.37
2016-10-22 05:00:00,52.01
2016-10-22 06:00:00,64.5
2016-10-22 07:00:00,61.15
2016-10-22 08:00:00,63.05
2016-10-22 09:00:00,61.69
2016-10-22 10:00:00,58.13
2016-10-22 11:00:00,56.01
2016-10-22 12:00:00,47.56
2016-10-22 13:00:00,47.21
2016-10-22 14:00:00,47.21
2016-10-22 15:00:00,51.81
2016-10-22 16:00:00,67.98
2016-10-22 17:00:00,84.48
2016-10-22 18:00:00,75.0
2016-10-22 19:00:00,60.45
2016-10-22 20:00:00,55.1
2016-10-22 21:00:00,56.32
2016-10-22 22:00:00,53.0
2016-10-22 23:00:00,45.49
2016-10-23 00:00:00,41.69
2016-10-23 01:00:00,34.73
2016-10-23 02:00:00,32.03
2016-10-23 03:00:00,32.17
2016-10-23 04:00:00,33.32
2016-10-23 05:00:00,42.59
2016-10-23 06:00:00,38.58
2016-10-23 07:00:00,40.91
2016-10-23 08:00:00,42.67
2016-10-23 09:00:00,50.0
2016-10-23 10:00:00,47.27
2016-10-23 11:00:00,39.5
2016-10-23 12:00:00,33.09
2016-10-23 13:00:00,32.66
2016-10-23 14:00:00,34.44
2016-10-23 15:00:00,41.61
2016-10-23 16:00:00,57.46
2016-10-23 17:00:00,71.64
2016-10-23 18:00:00,63.49
2016-10-23 19:00:00,56.3
2016-10-23 20:00:00,55.0
2016-10-23 21:00:00,50.0
2016-10-23 22:00:00,46.1
2016-10-23 23:00:00,42.04
2016-10-24 00:00:00,38.06
2016-10-24 01:00:00,37.02
2016-10-24 02:00:00,33.2
2016-10-24 03:00:00,39.12
2016-10-24 04:00:00,51.57
2016-10-24 05:00:00,77.81
2016-10-24 06:00:00,84.33
2016-10-24 07:00:00,82.0
2016-10-24 08:00:00,85.0
2016-10-24 09:00:00,84.5
2016-10-24 10:00:00,95.11
2016-10-24 11:00:00,109.43
2016-10-24 12:00:00,92.7
2016-10-24 13:00:00,85.84
2016-10-24 14:00:00,84.69
2016-10-24 15:00:00,87.0
2016-10-24 16:00:00,91.1
2016-10-24 17:00:00,102.26
2016-10-24 18:00:00,93.67
2016-10-24 19:00:00,74.29
2016-10-24 20:00:00,66.22
2016-10-24 21:00:00,60.15
2016-10-24 22:00:00,54.43
2016-10-24 23:00:00,46.36
2016-10-25 00:00:00,43.21
2016-10-25 01:00:00,41.06
2016-10-25 02:00:00,41.42
2016-10-25 03:00:00,46.46
2016-10-25 04:00:00,70.86
2016-10-25 05:00:00,85.8
2016-10-25 06:00:00,100.15
2016-10-25 07:00:00,109.21
2016-10-25 08:00:00,104.53
2016-10-25 09:00:00,99.0
2016-10-25 10:00:00,84.21
2016-10-25 11:00:00,84.6
2016-10-25 12:00:00,84.5
2016-10-25 13:00:00,85.5
2016-10-25 14:00:00,87.14
2016-10-25 15:00:00,90.0
2016-10-25 16:00:00,101.55
2016-10-25 17:00:00,123.08
2016-10-25 18:00:00,111.2
2016-10-25 19:00:00,86.04
2016-10-25 20:00:00,73.74
2016-10-25 21:00:00,63.91
2016-10-25 22:00:00,60.0
2016-10-25 23:00:00,51.57
2016-10-26 00:00:00,46.36
2016-10-26 01:00:00,43.04
2016-10-26 02:00:00,43.23
2016-10-26 03:00:00,47.8
2016-10-26 04:00:00,60.7
2016-10-26 05:00:00,83.79
2016-10-26 06:00:00,89.14
2016-10-26 07:00:00,89.95
2016-10-26 08:00:00,87.09
2016-10-26 09:00:00,85.95
2016-10-26 10:00:00,78.05
2016-10-26 11:00:00,76.7
2016-10-26 12:00:00,77.16
2016-10-26 13:00:00,77.0
2016-10-26 14:00:00,72.97
2016-10-26 15:00:00,72.9
2016-10-26 16:00:00,83.92
2016-10-26 17:00:00,92.67
2016-10-26 18:00:00,83.34
2016-10-26 19:00:00,70.97
2016-10-26 20:00:00,61.45
2016-10-26 21:00:00,57.05
2016-10-26 22:00:00,52.58
2016-10-26 23:00:00,46.17
2016-10-27 00:00:00,43.42
2016-10-27 01:00:00,40.55
2016-10-27 02:00:00,39.66
2016-10-27 03:00:00,42.31
2016-10-27 04:00:00,51.57
2016-10-27 05:00:00,75.69
2016-10-27 06:00:00,80.03
2016-10-27 07:00:00,77.0
2016-10-27 08:00:00,74.78
2016-10-27 09:00:00,73.4
2016-10-27 10:00:00,63.24
2016-10-27 11:00:00,60.91
2016-10-27 12:00:00,59.98
2016-10-27 13:00:00,59.9
2016-10-27 14:00:00,60.56
2016-10-27 15:00:00,61.86
2016-10-27 16:00:00,77.0
2016-10-27 17:00:00,85.87
2016-10-27 18:00:00,73.27
2016-10-27 19:00:00,62.69
2016-10-27 20:00:00,57.59
2016-10-27 21:00:00,55.7
2016-10-27 22:00:00,48.75
2016-10-27 23:00:00,42.67
2016-10-28 00:00:00,38.99
2016-10-28 01:00:00,36.14
2016-10-28 02:00:00,36.2
2016-10-28 03:00:00,38.99
2016-10-28 04:00:00,58.3
2016-10-28 05:00:00,70.0
2016-10-28 06:00:00,76.0
2016-10-28 07:00:00,74.56
2016-10-28 08:00:00,72.0
2016-10-28 09:00:00,68.78
2016-10-28 10:00:00,62.15
2016-10-28 11:00:00,60.0
2016-10-28 12:00:00,57.98
2016-10-28 13:00:00,56.28
2016-10-28 14:00:00,56.3
2016-10-28 15:00:00,60.56
2016-10-28 16:00:00,71.61
2016-10-28 17:00:00,81.24
2016-10-28 18:00:00,69.09
2016-10-28 19:00:00,57.69
2016-10-28 20:00:00,55.35
2016-10-28 21:00:00,51.57
2016-10-28 22:00:00,55.2
2016-10-28 23:00:00,49.33
2016-10-29 00:00:00,48.22
2016-10-29 01:00:00,44.94
2016-10-29 02:00:00,40.74
2016-10-29 03:00:00,41.38
2016-10-29 04:00:00,45.56
2016-10-29 05:00:00,51.6
2016-10-29 06:00:00,53.57
2016-10-29 07:00:00,58.69
2016-10-29 08:00:00,59.98
2016-10-29 09:00:00,56.92
2016-10-29 10:00:00,55.0
2016-10-29 11:00:00,51.65
2016-10-29 12:00:00,41.36
2016-10-29 13:00:00,42.37
2016-10-29 14:00:00,44.71
2016-10-29 15:00:00,51.16
2016-10-29 16:00:00,58.89
2016-10-29 17:00:00,67.98
2016-10-29 18:00:00,65.0
2016-10-29 19:00:00,62.03
2016-10-29 20:00:00,55.84
2016-10-29 21:00:00,48.73
2016-10-29 22:00:00,53.0
2016-10-29 23:00:00,53.0
2016-10-30 00:00:00,53.0
2016-10-30 01:00:00,46.7
2016-10-30 02:00:00,31.4
2016-10-30 03:00:00,31.45
2016-10-30 04:00:00,32.03
2016-10-30 05:00:00,38.14
2016-10-30 06:00:00,39.14
2016-10-30 07:00:00,35.47
2016-10-30 08:00:00,41.32
2016-10-30 09:00:00,36.99
2016-10-30 10:00:00,38.33
2016-10-30 11:00:00,37.2
2016-10-30 12:00:00,33.9
2016-10-30 13:00:00,32.48
2016-10-30 14:00:00,33.09
2016-10-30 15:00:00,34.64
2016-10-30 16:00:00,49.2
2016-10-30 17:00:00,57.56
2016-10-30 18:00:00,56.65
2016-10-30 19:00:00,51.47
2016-10-30 20:00:00,39.0
2016-10-30 21:00:00,43.41
2016-10-30 22:00:00,40.45
2016-10-30 23:00:00,46.63
2016-10-31 00:00:00,41.22
2016-10-31 01:00:00,34.92
2016-10-31 02:00:00,33.92
2016-10-31 03:00:00,34.39
2016-10-31 04:00:00,40.33
2016-10-31 05:00:00,46.44
2016-10-31 06:00:00,52.6
2016-10-31 07:00:00,56.65
2016-10-31 08:00:00,56.7
2016-10-31 09:00:00,47.98
2016-10-31 10:00:00,45.52
2016-10-31 11:00:00,54.2
2016-10-31 12:00:00,45.3
2016-10-31 13:00:00,44.05
2016-10-31 14:00:00,46.48
2016-10-31 15:00:00,49.73
2016-10-31 16:00:00,59.69
2016-10-31 17:00:00,63.5
2016-10-31 18:00:00,63.89
2016-10-31 19:00:00,61.99
2016-10-31 20:00:00,52.7
2016-10-31 21:00:00,50.6
2016-10-31 22:00:00,45.47
2016-10-31 23:00:00,47.44
2016-11-01 00:00:00,42.74
2016-11-01 01:00:00,41.54
2016-11-01 02:00:00,37.06
2016-11-01 03:00:00,32.99
2016-11-01 04:00:00,33.31
2016-11-01 05:00:00,40.14
2016-11-01 06:00:00,43.17
2016-11-01 07:00:00,45.43
2016-11-01 08:00:00,47.52
2016-11-01 09:00:00,48.49
2016-11-01 10:00:00,48.3
2016-11-01 11:00:00,48.27
2016-11-01 12:00:00,45.45
2016-11-01 13:00:00,32.61
2016-11-01 14:00:00,33.88
2016-11-01 15:00:00,39.34
2016-11-01 16:00:00,54.4
2016-11-01 17:00:00,69.87
2016-11-01 18:00:00,67.15
2016-11-01 19:00:00,66.46
2016-11-01 20:00:00,63.57
2016-11-01 21:00:00,59.98
2016-11-01 22:00:00,53.92
2016-11-01 23:00:00,52.0
2016-11-02 00:00:00,46.21
2016-11-02 01:00:00,44.19
2016-11-02 02:00:00,34.49
2016-11-02 03:00:00,34.6
2016-11-02 04:00:00,43.94
2016-11-02 05:00:00,56.74
2016-11-02 06:00:00,65.73
2016-11-02 07:00:00,70.0
2016-11-02 08:00:00,68.95
2016-11-02 09:00:00,68.32
2016-11-02 10:00:00,67.27
2016-11-02 11:00:00,64.58
2016-11-02 12:00:00,64.3
2016-11-02 13:00:00,64.69
2016-11-02 14:00:00,64.89
2016-11-02 15:00:00,73.93
2016-11-02 16:00:00,83.2
2016-11-02 17:00:00,95.69
2016-11-02 18:00:00,104.94
2016-11-02 19:00:00,80.46
2016-11-02 20:00:00,68.01
2016-11-02 21:00:00,61.99
2016-11-02 22:00:00,57.0
2016-11-02 23:00:00,48.85
2016-11-03 00:00:00,44.89
2016-11-03 01:00:00,43.37
2016-11-03 02:00:00,41.14
2016-11-03 03:00:00,41.1
2016-11-03 04:00:00,44.34
2016-11-03 05:00:00,61.11
2016-11-03 06:00:00,66.54
2016-11-03 07:00:00,68.69
2016-11-03 08:00:00,69.11
2016-11-03 09:00:00,67.69
2016-11-03 10:00:00,65.89
2016-11-03 11:00:00,64.53
2016-11-03 12:00:00,64.58
2016-11-03 13:00:00,64.89
2016-11-03 14:00:00,63.2
2016-11-03 15:00:00,70.0
2016-11-03 16:00:00,90.2
2016-11-03 17:00:00,171.16
2016-11-03 18:00:00,120.7
2016-11-03 19:00:00,87.04
2016-11-03 20:00:00,68.05
2016-11-03 21:00:00,65.23
2016-11-03 22:00:00,59.45
2016-11-03 23:00:00,58.07
2016-11-04 00:00:00,53.47
2016-11-04 01:00:00,48.8
2016-11-04 02:00:00,48.35
2016-11-04 03:00:00,48.23
2016-11-04 04:00:00,51.8
2016-11-04 05:00:00,75.8
2016-11-04 06:00:00,90.0
2016-11-04 07:00:00,88.72
2016-11-04 08:00:00,85.0
2016-11-04 09:00:00,85.0
2016-11-04 10:00:00,76.6
2016-11-04 11:00:00,72.43
2016-11-04 12:00:00,70.0
2016-11-04 13:00:00,72.59
2016-11-04 14:00:00,64.83
2016-11-04 15:00:00,74.75
2016-11-04 16:00:00,92.9
2016-11-04 17:00:00,155.17
2016-11-04 18:00:00,118.99
2016-11-04 19:00:00,70.0
2016-11-04 20:00:00,62.1
2016-11-04 21:00:00,57.75
2016-11-04 22:00:00,56.45
2016-11-04 23:00:00,55.05
2016-11-05 00:00:00,50.89
2016-11-05 01:00:00,46.5
2016-11-05 02:00:00,41.68
2016-11-05 03:00:00,35.54
2016-11-05 04:00:00,36.18
2016-11-05 05:00:00,43.73
2016-11-05 06:00:00,46.53
2016-11-05 07:00:00,50.83
2016-11-05 08:00:00,57.0
2016-11-05 09:00:00,59.6
2016-11-05 10:00:00,58.0
2016-11-05 11:00:00,55.21
2016-11-05 12:00:00,50.83
2016-11-05 13:00:00,46.65
2016-11-05 14:00:00,45.69
2016-11-05 15:00:00,45.76
2016-11-05 16:00:00,54.69
2016-11-05 17:00:00,71.24
2016-11-05 18:00:00,62.0
2016-11-05 19:00:00,58.11
2016-11-05 20:00:00,52.56
2016-11-05 21:00:00,49.46
2016-11-05 22:00:00,47.9
2016-11-05 23:00:00,44.8
2016-11-06 00:00:00,42.24
2016-11-06 01:00:00,38.43
2016-11-06 02:00:00,35.99
2016-11-06 03:00:00,30.1
2016-11-06 04:00:00,29.82
2016-11-06 05:00:00,30.89
2016-11-06 06:00:00,30.89
2016-11-06 07:00:00,33.81
2016-11-06 08:00:00,37.92
2016-11-06 09:00:00,42.75
2016-11-06 10:00:00,41.68
2016-11-06 11:00:00,42.55
2016-11-06 12:00:00,41.86
2016-11-06 13:00:00,37.33
2016-11-06 14:00:00,37.0
2016-11-06 15:00:00,39.5
2016-11-06 16:00:00,49.19
2016-11-06 17:00:00,64.3
2016-11-06 18:00:00,68.18
2016-11-06 19:00:00,65.69
2016-11-06 20:00:00,54.07
2016-11-06 21:00:00,55.81
2016-11-06 22:00:00,48.51
2016-11-06 23:00:00,46.04
2016-11-07 00:00:00,43.95
2016-11-07 01:00:00,40.11
2016-11-07 02:00:00,39.37
2016-11-07 03:00:00,37.75
2016-11-07 04:00:00,43.44
2016-11-07 05:00:00,60.69
2016-11-07 06:00:00,84.77
2016-11-07 07:00:00,93.42
2016-11-07 08:00:00,90.0
2016-11-07 09:00:00,84.77
2016-11-07 10:00:00,87.99
2016-11-07 11:00:00,85.03
2016-11-07 12:00:00,86.69
2016-11-07 13:00:00,92.33
2016-11-07 14:00:00,99.56
2016-11-07 15:00:00,110.4
2016-11-07 16:00:00,137.25
2016-11-07 17:00:00,874.01
2016-11-07 18:00:00,429.46
2016-11-07 19:00:00,115.02
2016-11-07 20:00:00,100.0
2016-11-07 21:00:00,76.01
2016-11-07 22:00:00,58.1
2016-11-07 23:00:00,51.84
2016-11-08 00:00:00,48.02
2016-11-08 01:00:00,45.44
2016-11-08 02:00:00,43.5
2016-11-08 03:00:00,43.23
2016-11-08 04:00:00,45.95
2016-11-08 05:00:00,73.56
2016-11-08 06:00:00,90.0
2016-11-08 07:00:00,87.95
2016-11-08 08:00:00,91.84
2016-11-08 09:00:00,90.02
2016-11-08 10:00:00,90.0
2016-11-08 11:00:00,80.0
2016-11-08 12:00:00,76.75
2016-11-08 13:00:00,68.88
2016-11-08 14:00:00,70.8
2016-11-08 15:00:00,85.15
2016-11-08 16:00:00,122.17
2016-11-08 17:00:00,850.07
2016-11-08 18:00:00,267.65
2016-11-08 19:00:00,129.87
2016-11-08 20:00:00,60.0
2016-11-08 21:00:00,74.52
2016-11-08 22:00:00,68.4
2016-11-08 23:00:00,55.3
2016-11-09 00:00:00,51.16
2016-11-09 01:00:00,46.07
2016-11-09 02:00:00,40.29
2016-11-09 03:00:00,35.0
2016-11-09 04:00:00,42.53
2016-11-09 05:00:00,75.0
2016-11-09 06:00:00,82.3
2016-11-09 07:00:00,93.1
2016-11-09 08:00:00,103.47
2016-11-09 09:00:00,128.76
2016-11-09 10:00:00,109.41
2016-11-09 11:00:00,113.53
2016-11-09 12:00:00,121.56
2016-11-09 13:00:00,103.0
2016-11-09 14:00:00,100.08
2016-11-09 15:00:00,96.81
2016-11-09 16:00:00,117.84
2016-11-09 17:00:00,219.98
2016-11-09 18:00:00,122.87
2016-11-09 19:00:00,79.5
2016-11-09 20:00:00,63.09
2016-11-09 21:00:00,59.69
2016-11-09 22:00:00,60.0
2016-11-09 23:00:00,56.59
2016-11-10 00:00:00,51.1
2016-11-10 01:00:00,47.94
2016-11-10 02:00:00,44.36
2016-11-10 03:00:00,44.66
2016-11-10 04:00:00,49.67
2016-11-10 05:00:00,59.69
2016-11-10 06:00:00,80.13
2016-11-10 07:00:00,89.36
2016-11-10 08:00:00,81.33
2016-11-10 09:00:00,79.05
2016-11-10 10:00:00,78.36
2016-11-10 11:00:00,71.08
2016-11-10 12:00:00,71.84
2016-11-10 13:00:00,75.06
2016-11-10 14:00:00,77.53
2016-11-10 15:00:00,78.99
2016-11-10 16:00:00,99.01
2016-11-10 17:00:00,142.94
2016-11-10 18:00:00,120.35
2016-11-10 19:00:00,84.35
2016-11-10 20:00:00,67.92
2016-11-10 21:00:00,61.06
2016-11-10 22:00:00,58.72
2016-11-10 23:00:00,52.0
2016-11-11 00:00:00,50.02
2016-11-11 01:00:00,47.74
2016-11-11 02:00:00,45.97
2016-11-11 03:00:00,42.17
2016-11-11 04:00:00,46.64
2016-11-11 05:00:00,52.09
2016-11-11 06:00:00,61.07
2016-11-11 07:00:00,68.05
2016-11-11 08:00:00,67.69
2016-11-11 09:00:00,67.64
2016-11-11 10:00:00,66.8
2016-11-11 11:00:00,63.7
2016-11-11 12:00:00,60.91
2016-11-11 13:00:00,63.27
2016-11-11 14:00:00,63.01
2016-11-11 15:00:00,64.26
2016-11-11 16:00:00,78.78
2016-11-11 17:00:00,81.38
2016-11-11 18:00:00,76.57
2016-11-11 19:00:00,68.96
2016-11-11 20:00:00,65.69
2016-11-11 21:00:00,63.45
2016-11-11 22:00:00,58.72
2016-11-11 23:00:00,61.69
2016-11-12 00:00:00,56.26
2016-11-12 01:00:00,49.7
2016-11-12 02:00:00,46.47
2016-11-12 03:00:00,43.8
2016-11-12 04:00:00,44.75
2016-11-12 05:00:00,49.03
2016-11-12 06:00:00,50.77
2016-11-12 07:00:00,56.37
2016-11-12 08:00:00,58.64
2016-11-12 09:00:00,58.64
2016-11-12 10:00:00,59.43
2016-11-12 11:00:00,63.05
2016-11-12 12:00:00,59.9
2016-11-12 13:00:00,60.81
2016-11-12 14:00:00,58.75
2016-11-12 15:00:00,60.17
2016-11-12 16:00:00,70.58
2016-11-12 17:00:00,97.25
2016-11-12 18:00:00,78.0
2016-11-12 19:00:00,67.01
2016-11-12 20:00:00,65.48
2016-11-12 21:00:00,63.05
2016-11-12 22:00:00,57.17
2016-11-12 23:00:00,58.0
2016-11-13 00:00:00,55.59
2016-11-13 01:00:00,49.1
2016-11-13 02:00:00,46.51
2016-11-13 03:00:00,39.54
2016-11-13 04:00:00,38.46
2016-11-13 05:00:00,43.86
2016-11-13 06:00:00,44.8
2016-11-13 07:00:00,43.86
2016-11-13 08:00:00,45.75
2016-11-13 09:00:00,53.68
2016-11-13 10:00:00,56.1
2016-11-13 11:00:00,55.72
2016-11-13 12:00:00,52.9
2016-11-13 13:00:00,47.64
2016-11-13 14:00:00,45.65
2016-11-13 15:00:00,45.51
2016-11-13 16:00:00,57.57
2016-11-13 17:00:00,76.55
2016-11-13 18:00:00,79.04
2016-11-13 19:00:00,65.5
2016-11-13 20:00:00,59.5
2016-11-13 21:00:00,58.23
2016-11-13 22:00:00,54.65
2016-11-13 23:00:00,49.21
2016-11-14 00:00:00,47.32
2016-11-14 01:00:00,43.51
2016-11-14 02:00:00,38.86
2016-11-14 03:00:00,36.45
2016-11-14 04:00:00,43.92
2016-11-14 05:00:00,71.68
2016-11-14 06:00:00,112.84
2016-11-14 07:00:00,106.3
2016-11-14 08:00:00,99.09
2016-11-14 09:00:00,109.38
2016-11-14 10:00:00,106.7
2016-11-14 11:00:00,95.0
2016-11-14 12:00:00,98.22
2016-11-14 13:00:00,111.16
2016-11-14 14:00:00,105.09
2016-11-14 15:00:00,98.0
2016-11-14 16:00:00,138.0
2016-11-14 17:00:00,829.79
2016-11-14 18:00:00,148.6
2016-11-14 19:00:00,101.0
2016-11-14 20:00:00,80.93
2016-11-14 21:00:00,90.12
2016-11-14 22:00:00,78.69
2016-11-14 23:00:00,64.38
2016-11-15 00:00:00,56.4
2016-11-15 01:00:00,47.0
2016-11-15 02:00:00,43.8
2016-11-15 03:00:00,43.71
2016-11-15 04:00:00,48.19
2016-11-15 05:00:00,75.5
2016-11-15 06:00:00,99.0
2016-11-15 07:00:00,100.91
2016-11-15 08:00:00,104.7
2016-11-15 09:00:00,99.0
2016-11-15 10:00:00,99.0
2016-11-15 11:00:00,89.98
2016-11-15 12:00:00,88.91
2016-11-15 13:00:00,87.06
2016-11-15 14:00:00,87.96
2016-11-15 15:00:00,90.22
2016-11-15 16:00:00,120.0
2016-11-15 17:00:00,243.24
2016-11-15 18:00:00,114.19
2016-11-15 19:00:00,85.01
2016-11-15 20:00:00,71.93
2016-11-15 21:00:00,66.07
2016-11-15 22:00:00,59.43
2016-11-15 23:00:00,57.57
2016-11-16 00:00:00,54.8
2016-11-16 01:00:00,48.97
2016-11-16 02:00:00,34.75
2016-11-16 03:00:00,33.05
2016-11-16 04:00:00,39.7
2016-11-16 05:00:00,66.6
2016-11-16 06:00:00,78.38
2016-11-16 07:00:00,78.5
2016-11-16 08:00:00,71.8
2016-11-16 09:00:00,68.91
2016-11-16 10:00:00,67.86
2016-11-16 11:00:00,66.5
2016-11-16 12:00:00,67.49
2016-11-16 13:00:00,67.78
2016-11-16 14:00:00,70.55
2016-11-16 15:00:00,76.95
2016-11-16 16:00:00,88.2
2016-11-16 17:00:00,101.6
2016-11-16 18:00:00,85.08
2016-11-16 19:00:00,73.89
2016-11-16 20:00:00,68.0
2016-11-16 21:00:00,60.56
2016-11-16 22:00:00,57.0
2016-11-16 23:00:00,54.6
2016-11-17 00:00:00,48.31
2016-11-17 01:00:00,47.04
2016-11-17 02:00:00,33.8
2016-11-17 03:00:00,32.57
2016-11-17 04:00:00,41.67
2016-11-17 05:00:00,59.5
2016-11-17 06:00:00,69.0
2016-11-17 07:00:00,69.53
2016-11-17 08:00:00,68.19
2016-11-17 09:00:00,67.49
2016-11-17 10:00:00,66.32
2016-11-17 11:00:00,63.32
2016-11-17 12:00:00,63.6
2016-11-17 13:00:00,63.01
2016-11-17 14:00:00,61.6
2016-11-17 15:00:00,60.07
2016-11-17 16:00:00,73.74
2016-11-17 17:00:00,81.57
2016-11-17 18:00:00,71.36
2016-11-17 19:00:00,67.19
2016-11-17 20:00:00,59.53
2016-11-17 21:00:00,56.44
2016-11-17 22:00:00,50.14
2016-11-17 23:00:00,47.99
2016-11-18 00:00:00,44.13
2016-11-18 01:00:00,42.05
2016-11-18 02:00:00,34.38
2016-11-18 03:00:00,31.62
2016-11-18 04:00:00,41.69
2016-11-18 05:00:00,49.67
2016-11-18 06:00:00,63.65
2016-11-18 07:00:00,67.82
2016-11-18 08:00:00,67.3
2016-11-18 09:00:00,67.0
2016-11-18 10:00:00,66.57
2016-11-18 11:00:00,63.32
2016-11-18 12:00:00,63.05
2016-11-18 13:00:00,61.82
2016-11-18 14:00:00,59.32
2016-11-18 15:00:00,59.28
2016-11-18 16:00:00,70.01
2016-11-18 17:00:00,73.31
2016-11-18 18:00:00,67.89
2016-11-18 19:00:00,64.33
2016-11-18 20:00:00,59.0
2016-11-18 21:00:00,57.57
2016-11-18 22:00:00,50.77
2016-11-18 23:00:00,56.36
2016-11-19 00:00:00,52.2
2016-11-19 01:00:00,49.25
2016-11-19 02:00:00,46.73
2016-11-19 03:00:00,37.72
2016-11-19 04:00:00,40.8
2016-11-19 05:00:00,44.55
2016-11-19 06:00:00,47.36
2016-11-19 07:00:00,53.25
2016-11-19 08:00:00,58.0
2016-11-19 09:00:00,61.36
2016-11-19 10:00:00,59.29
2016-11-19 11:00:00,57.0
2016-11-19 12:00:00,54.28
2016-11-19 13:00:00,50.0
2016-11-19 14:00:00,46.94
2016-11-19 15:00:00,46.98
2016-11-19 16:00:00,56.08
2016-11-19 17:00:00,59.0
2016-11-19 18:00:00,58.78
2016-11-19 19:00:00,56.0
2016-11-19 20:00:00,49.62
2016-11-19 21:00:00,48.4
2016-11-19 22:00:00,45.34
2016-11-19 23:00:00,44.7
2016-11-20 00:00:00,42.11
2016-11-20 01:00:00,34.96
2016-11-20 02:00:00,29.99
2016-11-20 03:00:00,13.64
2016-11-20 04:00:00,25.01
2016-11-20 05:00:00,25.08
2016-11-20 06:00:00,30.26
2016-11-20 07:00:00,33.78
2016-11-20 08:00:00,41.11
2016-11-20 09:00:00,43.11
2016-11-20 10:00:00,44.11
2016-11-20 11:00:00,44.9
2016-11-20 12:00:00,44.09
2016-11-20 13:00:00,35.32
2016-11-20 14:00:00,32.7
2016-11-20 15:00:00,34.99
2016-11-20 16:00:00,44.09
2016-11-20 17:00:00,50.0
2016-11-20 18:00:00,55.0
2016-11-20 19:00:00,51.67
2016-11-20 20:00:00,51.0
2016-11-20 21:00:00,49.84
2016-11-20 22:00:00,44.9
2016-11-20 23:00:00,18.47
2016-11-21 00:00:00,12.99
2016-11-21 01:00:00,13.68
2016-11-21 02:00:00,14.58
2016-11-21 03:00:00,10.88
2016-11-21 04:00:00,20.0
2016-11-21 05:00:00,38.71
2016-11-21 06:00:00,49.86
2016-11-21 07:00:00,49.4
2016-11-21 08:00:00,48.04
2016-11-21 09:00:00,48.7
2016-11-21 10:00:00,48.7
2016-11-21 11:00:00,48.29
2016-11-21 12:00:00,48.5
2016-11-21 13:00:00,48.7
2016-11-21 14:00:00,48.1
2016-11-21 15:00:00,48.15
2016-11-21 16:00:00,54.7
2016-11-21 17:00:00,66.0
2016-11-21 18:00:00,67.0
2016-11-21 19:00:00,53.08
2016-11-21 20:00:00,35.92
2016-11-21 21:00:00,44.18
2016-11-21 22:00:00,34.65
2016-11-21 23:00:00,31.89
2016-11-22 00:00:00,31.21
2016-11-22 01:00:00,29.28
2016-11-22 02:00:00,22.5
2016-11-22 03:00:00,19.99
2016-11-22 04:00:00,29.38
2016-11-22 05:00:00,40.74
2016-11-22 06:00:00,65.0
2016-11-22 07:00:00,68.23
2016-11-22 08:00:00,67.3
2016-11-22 09:00:00,66.6
2016-11-22 10:00:00,66.9
2016-11-22 11:00:00,65.48
2016-11-22 12:00:00,65.01
2016-11-22 13:00:00,65.5
2016-11-22 14:00:00,64.46
2016-11-22 15:00:00,65.0
2016-11-22 16:00:00,66.0
2016-11-22 17:00:00,67.49
2016-11-22 18:00:00,67.02
2016-11-22 19:00:00,59.72
2016-11-22 20:00:00,55.0
2016-11-22 21:00:00,50.79
2016-11-22 22:00:00,44.7
2016-11-22 23:00:00,40.7
2016-11-23 00:00:00,34.76
2016-11-23 01:00:00,33.46
2016-11-23 02:00:00,32.08
2016-11-23 03:00:00,33.54
2016-11-23 04:00:00,35.38
2016-11-23 05:00:00,46.42
2016-11-23 06:00:00,62.05
2016-11-23 07:00:00,63.76
2016-11-23 08:00:00,64.1
2016-11-23 09:00:00,63.53
2016-11-23 10:00:00,62.99
2016-11-23 11:00:00,59.07
2016-11-23 12:00:00,58.98
2016-11-23 13:00:00,58.5
2016-11-23 14:00:00,58.93
2016-11-23 15:00:00,59.0
2016-11-23 16:00:00,64.38
2016-11-23 17:00:00,66.9
2016-11-23 18:00:00,65.65
2016-11-23 19:00:00,59.0
2016-11-23 20:00:00,51.7
2016-11-23 21:00:00,49.69
2016-11-23 22:00:00,45.0
2016-11-23 23:00:00,32.66
2016-11-24 00:00:00,31.61
2016-11-24 01:00:00,30.8
2016-11-24 02:00:00,29.58
2016-11-24 03:00:00,29.76
2016-11-24 04:00:00,32.44
2016-11-24 05:00:00,46.5
2016-11-24 06:00:00,56.79
2016-11-24 07:00:00,58.49
2016-11-24 08:00:00,58.31
2016-11-24 09:00:00,57.45
2016-11-24 10:00:00,58.29
2016-11-24 11:00:00,54.49
2016-11-24 12:00:00,55.29
2016-11-24 13:00:00,56.0
2016-11-24 14:00:00,56.89
2016-11-24 15:00:00,58.12
2016-11-24 16:00:00,62.13
2016-11-24 17:00:00,67.5
2016-11-24 18:00:00,65.56
2016-11-24 19:00:00,65.48
2016-11-24 20:00:00,55.0
2016-11-24 21:00:00,51.9
2016-11-24 22:00:00,47.32
2016-11-24 23:00:00,35.23
2016-11-25 00:00:00,32.99
2016-11-25 01:00:00,32.02
2016-11-25 02:00:00,31.05
2016-11-25 03:00:00,31.18
2016-11-25 04:00:00,34.85
2016-11-25 05:00:00,46.22
2016-11-25 06:00:00,59.9
2016-11-25 07:00:00,64.99
2016-11-25 08:00:00,63.2
2016-11-25 09:00:00,62.02
2016-11-25 10:00:00,60.5
2016-11-25 11:00:00,59.98
2016-11-25 12:00:00,58.0
2016-11-25 13:00:00,59.0
2016-11-25 14:00:00,59.0
2016-11-25 15:00:00,60.0
2016-11-25 16:00:00,64.5
2016-11-25 17:00:00,67.0
2016-11-25 18:00:00,65.01
2016-11-25 19:00:00,57.7
2016-11-25 20:00:00,54.1
2016-11-25 21:00:00,52.0
2016-11-25 22:00:00,46.68
2016-11-25 23:00:00,44.42
2016-11-26 00:00:00,43.0
2016-11-26 01:00:00,40.81
2016-11-26 02:00:00,34.7
2016-11-26 03:00:00,33.0
2016-11-26 04:00:00,35.93
2016-11-26 05:00:00,38.29
2016-11-26 06:00:00,42.22
2016-11-26 07:00:00,44.1
2016-11-26 08:00:00,46.76
2016-11-26 09:00:00,48.92
2016-11-26 10:00:00,48.56
2016-11-26 11:00:00,47.99
2016-11-26 12:00:00,43.97
2016-11-26 13:00:00,40.88
2016-11-26 14:00:00,40.44
2016-11-26 15:00:00,45.3
2016-11-26 16:00:00,51.21
2016-11-26 17:00:00,58.59
2016-11-26 18:00:00,55.83
2016-11-26 19:00:00,54.05
2016-11-26 20:00:00,44.19
2016-11-26 21:00:00,42.32
2016-11-26 22:00:00,45.0
2016-11-26 23:00:00,37.53
2016-11-27 00:00:00,35.0
2016-11-27 01:00:00,32.3
2016-11-27 02:00:00,29.59
2016-11-27 03:00:00,22.66
2016-11-27 04:00:00,27.66
2016-11-27 05:00:00,30.41
2016-11-27 06:00:00,32.99
2016-11-27 07:00:00,39.41
2016-11-27 08:00:00,37.48
2016-11-27 09:00:00,35.37
2016-11-27 10:00:00,38.13
2016-11-27 11:00:00,39.75
2016-11-27 12:00:00,37.66
2016-11-27 13:00:00,33.92
2016-11-27 14:00:00,34.2
2016-11-27 15:00:00,37.48
2016-11-27 16:00:00,49.93
2016-11-27 17:00:00,51.0
2016-11-27 18:00:00,51.3
2016-11-27 19:00:00,48.73
2016-11-27 20:00:00,42.77
2016-11-27 21:00:00,44.1
2016-11-27 22:00:00,42.58
2016-11-27 23:00:00,40.08
2016-11-28 00:00:00,30.6
2016-11-28 01:00:00,37.99
2016-11-28 02:00:00,25.16
2016-11-28 03:00:00,26.81
2016-11-28 04:00:00,31.96
2016-11-28 05:00:00,48.82
2016-11-28 06:00:00,67.85
2016-11-28 07:00:00,69.95
2016-11-28 08:00:00,67.27
2016-11-28 09:00:00,66.57
2016-11-28 10:00:00,63.04
2016-11-28 11:00:00,63.03
2016-11-28 12:00:00,59.15
2016-11-28 13:00:00,65.67
2016-11-28 14:00:00,64.99
2016-11-28 15:00:00,66.5
2016-11-28 16:00:00,70.78
2016-11-28 17:00:00,76.02
2016-11-28 18:00:00,73.17
2016-11-28 19:00:00,70.5
2016-11-28 20:00:00,54.71
2016-11-28 21:00:00,60.98
2016-11-28 22:00:00,48.72
2016-11-28 23:00:00,45.58
2016-11-29 00:00:00,42.2
2016-11-29 01:00:00,40.08
2016-11-29 02:00:00,36.99
2016-11-29 03:00:00,37.02
2016-11-29 04:00:00,40.08
2016-11-29 05:00:00,61.9
2016-11-29 06:00:00,69.24
2016-11-29 07:00:00,71.71
2016-11-29 08:00:00,70.64
2016-11-29 09:00:00,70.0
2016-11-29 10:00:00,69.98
2016-11-29 11:00:00,67.7
2016-11-29 12:00:00,67.5
2016-11-29 13:00:00,68.55
2016-11-29 14:00:00,70.06
2016-11-29 15:00:00,72.0
2016-11-29 16:00:00,87.2
2016-11-29 17:00:00,200.07
2016-11-29 18:00:00,122.56
2016-11-29 19:00:00,81.14
2016-11-29 20:00:00,64.84
2016-11-29 21:00:00,64.08
2016-11-29 22:00:00,63.96
2016-11-29 23:00:00,71.29
2016-11-30 00:00:00,61.72
2016-11-30 01:00:00,52.79
2016-11-30 02:00:00,49.96
2016-11-30 03:00:00,48.72
2016-11-30 04:00:00,65.87
2016-11-30 05:00:00,93.36
2016-11-30 06:00:00,149.6
2016-11-30 07:00:00,134.18
2016-11-30 08:00:00,143.56
2016-11-30 09:00:00,130.05
2016-11-30 10:00:00,100.48
2016-11-30 11:00:00,78.57
2016-11-30 12:00:00,74.63
2016-11-30 13:00:00,72.96
2016-11-30 14:00:00,74.25
2016-11-30 15:00:00,79.29
2016-11-30 16:00:00,94.5
2016-11-30 17:00:00,196.94
2016-11-30 18:00:00,114.93
2016-11-30 19:00:00,81.86
2016-11-30 20:00:00,66.89
2016-11-30 21:00:00,69.99
2016-11-30 22:00:00,69.32
2016-11-30 23:00:00,72.0
2016-12-01 00:00:00,65.8
2016-12-01 01:00:00,59.99
2016-12-01 02:00:00,50.69
2016-12-01 03:00:00,52.58
2016-12-01 04:00:00,65.05
2016-12-01 05:00:00,80.4
2016-12-01 06:00:00,200.0
2016-12-01 07:00:00,197.61
2016-12-01 08:00:00,152.22
2016-12-01 09:00:00,107.64
2016-12-01 10:00:00,109.12
2016-12-01 11:00:00,87.31
2016-12-01 12:00:00,82.93
2016-12-01 13:00:00,87.75
2016-12-01 14:00:00,89.61
2016-12-01 15:00:00,86.8
2016-12-01 16:00:00,110.37
2016-12-01 17:00:00,266.9
2016-12-01 18:00:00,124.41
2016-12-01 19:00:00,103.72
2016-12-01 20:00:00,72.9
2016-12-01 21:00:00,73.1
2016-12-01 22:00:00,73.0
2016-12-01 23:00:00,69.28
2016-12-02 00:00:00,66.6
2016-12-02 01:00:00,62.48
2016-12-02 02:00:00,55.73
2016-12-02 03:00:00,55.23
2016-12-02 04:00:00,61.19
2016-12-02 05:00:00,69.65
2016-12-02 06:00:00,82.46
2016-12-02 07:00:00,92.97
2016-12-02 08:00:00,84.07
2016-12-02 09:00:00,78.64
2016-12-02 10:00:00,71.0
2016-12-02 11:00:00,67.44
2016-12-02 12:00:00,67.78
2016-12-02 13:00:00,66.7
2016-12-02 14:00:00,67.83
2016-12-02 15:00:00,78.68
2016-12-02 16:00:00,88.12
2016-12-02 17:00:00,85.0
2016-12-02 18:00:00,82.97
2016-12-02 19:00:00,71.4
2016-12-02 20:00:00,65.0
2016-12-02 21:00:00,63.98
2016-12-02 22:00:00,62.18
2016-12-02 23:00:00,68.41
2016-12-03 00:00:00,59.36
2016-12-03 01:00:00,51.0
2016-12-03 02:00:00,49.09
2016-12-03 03:00:00,48.72
2016-12-03 04:00:00,49.09
2016-12-03 05:00:00,50.0
2016-12-03 06:00:00,53.0
2016-12-03 07:00:00,58.41
2016-12-03 08:00:00,62.2
2016-12-03 09:00:00,66.57
2016-12-03 10:00:00,59.58
2016-12-03 11:00:00,60.23
2016-12-03 12:00:00,53.06
2016-12-03 13:00:00,50.05
2016-12-03 14:00:00,50.33
2016-12-03 15:00:00,52.0
2016-12-03 16:00:00,64.6
2016-12-03 17:00:00,67.08
2016-12-03 18:00:00,68.33
2016-12-03 19:00:00,61.23
2016-12-03 20:00:00,54.81
2016-12-03 21:00:00,53.0
2016-12-03 22:00:00,50.1
2016-12-03 23:00:00,48.73
2016-12-04 00:00:00,44.41
2016-12-04 01:00:00,42.37
2016-12-04 02:00:00,36.35
2016-12-04 03:00:00,34.58
2016-12-04 04:00:00,35.38
2016-12-04 05:00:00,36.52
2016-12-04 06:00:00,40.67
2016-12-04 07:00:00,42.37
2016-12-04 08:00:00,44.25
2016-12-04 09:00:00,46.77
2016-12-04 10:00:00,48.0
2016-12-04 11:00:00,48.1
2016-12-04 12:00:00,35.14
2016-12-04 13:00:00,34.2
2016-12-04 14:00:00,35.68
2016-12-04 15:00:00,44.0
2016-12-04 16:00:00,50.1
2016-12-04 17:00:00,53.01
2016-12-04 18:00:00,53.01
2016-12-04 19:00:00,52.3
2016-12-04 20:00:00,44.0
2016-12-04 21:00:00,48.81
2016-12-04 22:00:00,45.14
2016-12-04 23:00:00,45.76
2016-12-05 00:00:00,43.5
2016-12-05 01:00:00,42.0
2016-12-05 02:00:00,37.6
2016-12-05 03:00:00,36.7
2016-12-05 04:00:00,44.25
2016-12-05 05:00:00,53.0
2016-12-05 06:00:00,66.57
2016-12-05 07:00:00,77.78
2016-12-05 08:00:00,80.0
2016-12-05 09:00:00,75.0
2016-12-05 10:00:00,66.57
2016-12-05 11:00:00,65.02
2016-12-05 12:00:00,63.2
2016-12-05 13:00:00,63.67
2016-12-05 14:00:00,66.0
2016-12-05 15:00:00,67.63
2016-12-05 16:00:00,81.97
2016-12-05 17:00:00,84.5
2016-12-05 18:00:00,81.08
2016-12-05 19:00:00,70.15
2016-12-05 20:00:00,65.76
2016-12-05 21:00:00,63.69
2016-12-05 22:00:00,62.42
2016-12-05 23:00:00,60.56
2016-12-06 00:00:00,50.0
2016-12-06 01:00:00,50.5
2016-12-06 02:00:00,48.0
2016-12-06 03:00:00,45.87
2016-12-06 04:00:00,50.83
2016-12-06 05:00:00,61.91
2016-12-06 06:00:00,77.65
2016-12-06 07:00:00,80.09
2016-12-06 08:00:00,76.0
2016-12-06 09:00:00,70.29
2016-12-06 10:00:00,69.0
2016-12-06 11:00:00,65.61
2016-12-06 12:00:00,65.42
2016-12-06 13:00:00,66.1
2016-12-06 14:00:00,66.9
2016-12-06 15:00:00,72.97
2016-12-06 16:00:00,89.25
2016-12-06 17:00:00,82.71
2016-12-06 18:00:00,75.84
2016-12-06 19:00:00,70.21
2016-12-06 20:00:00,66.0
2016-12-06 21:00:00,65.26
2016-12-06 22:00:00,62.1
2016-12-06 23:00:00,50.96
2016-12-07 00:00:00,50.0
2016-12-07 01:00:00,49.36
2016-12-07 02:00:00,47.18
2016-12-07 03:00:00,46.71
2016-12-07 04:00:00,49.38
2016-12-07 05:00:00,59.58
2016-12-07 06:00:00,69.94
2016-12-07 07:00:00,70.0
2016-12-07 08:00:00,69.08
2016-12-07 09:00:00,68.33
2016-12-07 10:00:00,66.05
2016-12-07 11:00:00,65.0
2016-12-07 12:00:00,64.99
2016-12-07 13:00:00,64.1
2016-12-07 14:00:00,63.1
2016-12-07 15:00:00,65.08
2016-12-07 16:00:00,69.46
2016-12-07 17:00:00,71.01
2016-12-07 18:00:00,70.0
2016-12-07 19:00:00,68.22
2016-12-07 20:00:00,58.64
2016-12-07 21:00:00,58.98
2016-12-07 22:00:00,56.79
2016-12-07 23:00:00,50.0
2016-12-08 00:00:00,49.1
2016-12-08 01:00:00,46.35
2016-12-08 02:00:00,44.3
2016-12-08 03:00:00,41.2
2016-12-08 04:00:00,44.98
2016-12-08 05:00:00,49.96
2016-12-08 06:00:00,57.71
2016-12-08 07:00:00,59.2
2016-12-08 08:00:00,57.71
2016-12-08 09:00:00,57.22
2016-12-08 10:00:00,55.06
2016-12-08 11:00:00,52.86
2016-12-08 12:00:00,52.2
2016-12-08 13:00:00,51.03
2016-12-08 14:00:00,50.14
2016-12-08 15:00:00,51.63
2016-12-08 16:00:00,60.0
2016-12-08 17:00:00,68.02
2016-12-08 18:00:00,66.55
2016-12-08 19:00:00,63.03
2016-12-08 20:00:00,58.12
2016-12-08 21:00:00,55.95
2016-12-08 22:00:00,51.54
2016-12-08 23:00:00,49.25
2016-12-09 00:00:00,47.08
2016-12-09 01:00:00,44.99
2016-12-09 02:00:00,44.06
2016-12-09 03:00:00,41.84
2016-12-09 04:00:00,44.99
2016-12-09 05:00:00,50.0
2016-12-09 06:00:00,60.37
2016-12-09 07:00:00,62.51
2016-12-09 08:00:00,62.48
2016-12-09 09:00:00,60.7
2016-12-09 10:00:00,58.23
2016-12-09 11:00:00,55.34
2016-12-09 12:00:00,55.04
2016-12-09 13:00:00,55.07
2016-12-09 14:00:00,55.98
2016-12-09 15:00:00,56.35
2016-12-09 16:00:00,66.0
2016-12-09 17:00:00,68.33
2016-12-09 18:00:00,66.0
2016-12-09 19:00:00,59.6
2016-12-09 20:00:00,53.0
2016-12-09 21:00:00,53.71
2016-12-09 22:00:00,52.95
2016-12-09 23:00:00,53.0
2016-12-10 00:00:00,48.69
2016-12-10 01:00:00,46.72
2016-12-10 02:00:00,45.25
2016-12-10 03:00:00,43.88
2016-12-10 04:00:00,43.86
2016-12-10 05:00:00,46.4
2016-12-10 06:00:00,50.6
2016-12-10 07:00:00,54.29
2016-12-10 08:00:00,58.61
2016-12-10 09:00:00,58.16
2016-12-10 10:00:00,53.43
2016-12-10 11:00:00,51.86
2016-12-10 12:00:00,49.44
2016-12-10 13:00:00,46.79
2016-12-10 14:00:00,46.02
2016-12-10 15:00:00,49.93
2016-12-10 16:00:00,55.85
2016-12-10 17:00:00,66.21
2016-12-10 18:00:00,63.66
2016-12-10 19:00:00,57.78
2016-12-10 20:00:00,52.0
2016-12-10 21:00:00,51.0
2016-12-10 22:00:00,51.91
2016-12-10 23:00:00,50.0
2016-12-11 00:00:00,47.58
2016-12-11 01:00:00,44.86
2016-12-11 02:00:00,42.93
2016-12-11 03:00:00,40.69
2016-12-11 04:00:00,38.41
2016-12-11 05:00:00,41.34
2016-12-11 06:00:00,45.75
2016-12-11 07:00:00,46.67
2016-12-11 08:00:00,47.84
2016-12-11 09:00:00,51.45
2016-12-11 10:00:00,52.83
2016-12-11 11:00:00,55.11
2016-12-11 12:00:00,50.0
2016-12-11 13:00:00,46.52
2016-12-11 14:00:00,46.67
2016-12-11 15:00:00,50.0
2016-12-11 16:00:00,63.1
2016-12-11 17:00:00,68.36
2016-12-11 18:00:00,70.0
2016-12-11 19:00:00,67.94
2016-12-11 20:00:00,59.62
2016-12-11 21:00:00,58.04
2016-12-11 22:00:00,54.24
2016-12-11 23:00:00,47.28
2016-12-12 00:00:00,45.49
2016-12-12 01:00:00,45.13
2016-12-12 02:00:00,44.49
2016-12-12 03:00:00,42.74
2016-12-12 04:00:00,45.99
2016-12-12 05:00:00,54.31
2016-12-12 06:00:00,68.69
2016-12-12 07:00:00,71.69
2016-12-12 08:00:00,70.15
2016-12-12 09:00:00,70.15
2016-12-12 10:00:00,68.89
2016-12-12 11:00:00,68.79
2016-12-12 12:00:00,68.33
2016-12-12 13:00:00,67.83
2016-12-12 14:00:00,68.33
2016-12-12 15:00:00,70.25
2016-12-12 16:00:00,80.62
2016-12-12 17:00:00,100.28
2016-12-12 18:00:00,78.62
2016-12-12 19:00:00,74.11
2016-12-12 20:00:00,68.67
2016-12-12 21:00:00,66.43
2016-12-12 22:00:00,55.42
2016-12-12 23:00:00,52.09
2016-12-13 00:00:00,47.78
2016-12-13 01:00:00,46.12
2016-12-13 02:00:00,44.01
2016-12-13 03:00:00,42.77
2016-12-13 04:00:00,50.0
2016-12-13 05:00:00,60.23
2016-12-13 06:00:00,72.25
2016-12-13 07:00:00,75.87
2016-12-13 08:00:00,74.68
2016-12-13 09:00:00,70.99
2016-12-13 10:00:00,70.0
2016-12-13 11:00:00,68.75
2016-12-13 12:00:00,67.06
2016-12-13 13:00:00,68.22
2016-12-13 14:00:00,68.33
2016-12-13 15:00:00,68.75
2016-12-13 16:00:00,75.49
2016-12-13 17:00:00,79.3
2016-12-13 18:00:00,73.45
2016-12-13 19:00:00,69.43
2016-12-13 20:00:00,63.58
2016-12-13 21:00:00,63.37
2016-12-13 22:00:00,60.15
2016-12-13 23:00:00,57.3
2016-12-14 00:00:00,51.1
2016-12-14 01:00:00,48.98
2016-12-14 02:00:00,46.01
2016-12-14 03:00:00,45.52
2016-12-14 04:00:00,49.5
2016-12-14 05:00:00,58.07
2016-12-14 06:00:00,77.02
2016-12-14 07:00:00,82.26
2016-12-14 08:00:00,78.58
2016-12-14 09:00:00,77.17
2016-12-14 10:00:00,75.94
2016-12-14 11:00:00,70.55
2016-12-14 12:00:00,69.91
2016-12-14 13:00:00,69.69
2016-12-14 14:00:00,72.52
2016-12-14 15:00:00,75.15
2016-12-14 16:00:00,91.81
2016-12-14 17:00:00,87.39
2016-12-14 18:00:00,79.18
2016-12-14 19:00:00,71.2
2016-12-14 20:00:00,64.47
2016-12-14 21:00:00,63.65
2016-12-14 22:00:00,62.45
2016-12-14 23:00:00,59.15
2016-12-15 00:00:00,55.21
2016-12-15 01:00:00,54.1
2016-12-15 02:00:00,51.8
2016-12-15 03:00:00,51.68
2016-12-15 04:00:00,56.13
2016-12-15 05:00:00,66.62
2016-12-15 06:00:00,76.92
2016-12-15 07:00:00,81.81
2016-12-15 08:00:00,77.08
2016-12-15 09:00:00,76.38
2016-12-15 10:00:00,75.16
2016-12-15 11:00:00,71.9
2016-12-15 12:00:00,70.81
2016-12-15 13:00:00,70.15
2016-12-15 14:00:00,71.65
2016-12-15 15:00:00,77.0
2016-12-15 16:00:00,81.24
2016-12-15 17:00:00,81.3
2016-12-15 18:00:00,78.37
2016-12-15 19:00:00,70.15
2016-12-15 20:00:00,64.44
2016-12-15 21:00:00,65.0
2016-12-15 22:00:00,62.04
2016-12-15 23:00:00,55.57
2016-12-16 00:00:00,50.81
2016-12-16 01:00:00,50.0
2016-12-16 02:00:00,48.6
2016-12-16 03:00:00,47.93
2016-12-16 04:00:00,50.28
2016-12-16 05:00:00,58.13
2016-12-16 06:00:00,69.22
2016-12-16 07:00:00,74.9
2016-12-16 08:00:00,73.91
2016-12-16 09:00:00,72.88
2016-12-16 10:00:00,70.1
2016-12-16 11:00:00,66.84
2016-12-16 12:00:00,66.84
2016-12-16 13:00:00,64.88
2016-12-16 14:00:00,65.1
2016-12-16 15:00:00,69.46
2016-12-16 16:00:00,82.06
2016-12-16 17:00:00,75.5
2016-12-16 18:00:00,71.71
2016-12-16 19:00:00,67.15
2016-12-16 20:00:00,59.56
2016-12-16 21:00:00,60.71
2016-12-16 22:00:00,61.63
2016-12-16 23:00:00,55.74
2016-12-17 00:00:00,50.68
2016-12-17 01:00:00,49.2
2016-12-17 02:00:00,45.78
2016-12-17 03:00:00,42.02
2016-12-17 04:00:00,42.62
2016-12-17 05:00:00,46.11
2016-12-17 06:00:00,49.63
2016-12-17 07:00:00,55.23
2016-12-17 08:00:00,57.02
2016-12-17 09:00:00,59.83
2016-12-17 10:00:00,58.05
2016-12-17 11:00:00,56.2
2016-12-17 12:00:00,52.87
2016-12-17 13:00:00,49.68
2016-12-17 14:00:00,50.68
2016-12-17 15:00:00,54.8
2016-12-17 16:00:00,61.01
2016-12-17 17:00:00,68.1
2016-12-17 18:00:00,69.28
2016-12-17 19:00:00,60.97
2016-12-17 20:00:00,55.69
2016-12-17 21:00:00,55.76
2016-12-17 22:00:00,53.93
2016-12-17 23:00:00,49.0
2016-12-18 00:00:00,47.0
2016-12-18 01:00:00,43.95
2016-12-18 02:00:00,41.11
2016-12-18 03:00:00,37.94
2016-12-18 04:00:00,39.34
2016-12-18 05:00:00,40.76
2016-12-18 06:00:00,42.62
2016-12-18 07:00:00,44.33
2016-12-18 08:00:00,46.13
2016-12-18 09:00:00,51.41
2016-12-18 10:00:00,52.29
2016-12-18 11:00:00,52.0
2016-12-18 12:00:00,49.78
2016-12-18 13:00:00,45.82
2016-12-18 14:00:00,47.43
2016-12-18 15:00:00,49.98
2016-12-18 16:00:00,59.58
2016-12-18 17:00:00,67.48
2016-12-18 18:00:00,70.01
2016-12-18 19:00:00,66.0
2016-12-18 20:00:00,57.32
2016-12-18 21:00:00,56.26
2016-12-18 22:00:00,54.59
2016-12-18 23:00:00,50.96
2016-12-19 00:00:00,48.8
2016-12-19 01:00:00,46.66
2016-12-19 02:00:00,43.93
2016-12-19 03:00:00,43.32
2016-12-19 04:00:00,47.3
2016-12-19 05:00:00,57.5
2016-12-19 06:00:00,71.27
2016-12-19 07:00:00,83.24
2016-12-19 08:00:00,75.1
2016-12-19 09:00:00,74.99
2016-12-19 10:00:00,76.88
2016-12-19 11:00:00,75.08
2016-12-19 12:00:00,71.48
2016-12-19 13:00:00,72.89
2016-12-19 14:00:00,72.99
2016-12-19 15:00:00,69.24
2016-12-19 16:00:00,79.6
2016-12-19 17:00:00,84.35
2016-12-19 18:00:00,85.14
2016-12-19 19:00:00,72.35
2016-12-19 20:00:00,69.44
2016-12-19 21:00:00,67.88
2016-12-19 22:00:00,66.16
2016-12-19 23:00:00,62.4
2016-12-20 00:00:00,54.23
2016-12-20 01:00:00,51.56
2016-12-20 02:00:00,50.05
2016-12-20 03:00:00,48.62
2016-12-20 04:00:00,51.35
2016-12-20 05:00:00,59.58
2016-12-20 06:00:00,70.0
2016-12-20 07:00:00,77.5
2016-12-20 08:00:00,75.02
2016-12-20 09:00:00,71.4
2016-12-20 10:00:00,75.5
2016-12-20 11:00:00,72.06
2016-12-20 12:00:00,69.87
2016-12-20 13:00:00,72.04
2016-12-20 14:00:00,75.7
2016-12-20 15:00:00,78.99
2016-12-20 16:00:00,79.74
2016-12-20 17:00:00,91.9
2016-12-20 18:00:00,77.0
2016-12-20 19:00:00,70.69
2016-12-20 20:00:00,68.75
2016-12-20 21:00:00,66.16
2016-12-20 22:00:00,62.51
2016-12-20 23:00:00,58.65
2016-12-21 00:00:00,53.93
2016-12-21 01:00:00,50.23
2016-12-21 02:00:00,48.81
2016-12-21 03:00:00,47.12
2016-12-21 04:00:00,49.2
2016-12-21 05:00:00,58.23
2016-12-21 06:00:00,67.49
2016-12-21 07:00:00,70.15
2016-12-21 08:00:00,70.69
2016-12-21 09:00:00,70.2
2016-12-21 10:00:00,69.2
2016-12-21 11:00:00,67.53
2016-12-21 12:00:00,67.49
2016-12-21 13:00:00,67.23
2016-12-21 14:00:00,67.23
2016-12-21 15:00:00,68.75
2016-12-21 16:00:00,73.59
2016-12-21 17:00:00,79.48
2016-12-21 18:00:00,75.0
2016-12-21 19:00:00,72.69
2016-12-21 20:00:00,69.9
2016-12-21 21:00:00,67.88
2016-12-21 22:00:00,66.18
2016-12-21 23:00:00,55.04
2016-12-22 00:00:00,51.0
2016-12-22 01:00:00,49.88
2016-12-22 02:00:00,49.0
2016-12-22 03:00:00,49.0
2016-12-22 04:00:00,50.0
2016-12-22 05:00:00,54.62
2016-12-22 06:00:00,70.2
2016-12-22 07:00:00,72.44
2016-12-22 08:00:00,72.65
2016-12-22 09:00:00,71.42
2016-12-22 10:00:00,70.69
2016-12-22 11:00:00,68.5
2016-12-22 12:00:00,68.49
2016-12-22 13:00:00,68.5
2016-12-22 14:00:00,68.14
2016-12-22 15:00:00,68.7
2016-12-22 16:00:00,72.65
2016-12-22 17:00:00,74.69
2016-12-22 18:00:00,74.69
2016-12-22 19:00:00,72.69
2016-12-22 20:00:00,61.34
2016-12-22 21:00:00,64.57
2016-12-22 22:00:00,60.4
2016-12-22 23:00:00,57.97
2016-12-23 00:00:00,53.61
2016-12-23 01:00:00,52.96
2016-12-23 02:00:00,48.99
2016-12-23 03:00:00,47.07
2016-12-23 04:00:00,49.0
2016-12-23 05:00:00,53.22
2016-12-23 06:00:00,63.94
2016-12-23 07:00:00,70.53
2016-12-23 08:00:00,68.57
2016-12-23 09:00:00,61.89
2016-12-23 10:00:00,59.8
2016-12-23 11:00:00,57.26
2016-12-23 12:00:00,54.15
2016-12-23 13:00:00,54.3
2016-12-23 14:00:00,54.15
2016-12-23 15:00:00,54.65
2016-12-23 16:00:00,63.62
2016-12-23 17:00:00,62.85
2016-12-23 18:00:00,61.96
2016-12-23 19:00:00,57.35
2016-12-23 20:00:00,52.0
2016-12-23 21:00:00,52.05
2016-12-23 22:00:00,49.63
2016-12-23 23:00:00,50.0
2016-12-24 00:00:00,48.26
2016-12-24 01:00:00,44.38
2016-12-24 02:00:00,41.12
2016-12-24 03:00:00,38.04
2016-12-24 04:00:00,38.55
2016-12-24 05:00:00,43.83
2016-12-24 06:00:00,48.93
2016-12-24 07:00:00,50.73
2016-12-24 08:00:00,52.22
2016-12-24 09:00:00,51.59
2016-12-24 10:00:00,50.76
2016-12-24 11:00:00,52.19
2016-12-24 12:00:00,50.53
2016-12-24 13:00:00,49.01
2016-12-24 14:00:00,49.1
2016-12-24 15:00:00,51.68
2016-12-24 16:00:00,58.75
2016-12-24 17:00:00,63.57
2016-12-24 18:00:00,62.16
2016-12-24 19:00:00,55.0
2016-12-24 20:00:00,52.0
2016-12-24 21:00:00,51.17
2016-12-24 22:00:00,50.09
2016-12-24 23:00:00,48.82
2016-12-25 00:00:00,45.51
2016-12-25 01:00:00,41.27
2016-12-25 02:00:00,32.39
2016-12-25 03:00:00,19.78
2016-12-25 04:00:00,16.12
2016-12-25 05:00:00,17.1
2016-12-25 06:00:00,22.24
2016-12-25 07:00:00,20.83
2016-12-25 08:00:00,35.29
2016-12-25 09:00:00,40.05
2016-12-25 10:00:00,42.39
2016-12-25 11:00:00,44.74
2016-12-25 12:00:00,38.65
2016-12-25 13:00:00,28.54
2016-12-25 14:00:00,24.12
2016-12-25 15:00:00,26.09
2016-12-25 16:00:00,44.75
2016-12-25 17:00:00,48.69
2016-12-25 18:00:00,50.41
2016-12-25 19:00:00,49.78
2016-12-25 20:00:00,47.18
2016-12-25 21:00:00,48.48
2016-12-25 22:00:00,47.2
2016-12-25 23:00:00,47.0
2016-12-26 00:00:00,39.97
2016-12-26 01:00:00,31.35
2016-12-26 02:00:00,21.97
2016-12-26 03:00:00,15.35
2016-12-26 04:00:00,22.66
2016-12-26 05:00:00,25.54
2016-12-26 06:00:00,42.5
2016-12-26 07:00:00,45.71
2016-12-26 08:00:00,46.12
2016-12-26 09:00:00,47.92
2016-12-26 10:00:00,48.17
2016-12-26 11:00:00,48.06
2016-12-26 12:00:00,46.6
2016-12-26 13:00:00,45.49
2016-12-26 14:00:00,47.33
2016-12-26 15:00:00,49.37
2016-12-26 16:00:00,56.12
2016-12-26 17:00:00,62.94
2016-12-26 18:00:00,63.1
2016-12-26 19:00:00,56.07
2016-12-26 20:00:00,54.0
2016-12-26 21:00:00,53.0
2016-12-26 22:00:00,50.71
2016-12-26 23:00:00,49.97
2016-12-27 00:00:00,46.74
2016-12-27 01:00:00,44.82
2016-12-27 02:00:00,43.42
2016-12-27 03:00:00,42.01
2016-12-27 04:00:00,45.76
2016-12-27 05:00:00,52.87
2016-12-27 06:00:00,59.98
2016-12-27 07:00:00,67.9
2016-12-27 08:00:00,69.14
2016-12-27 09:00:00,69.67
2016-12-27 10:00:00,63.4
2016-12-27 11:00:00,59.5
2016-12-27 12:00:00,53.0
2016-12-27 13:00:00,51.27
2016-12-27 14:00:00,51.82
2016-12-27 15:00:00,54.65
2016-12-27 16:00:00,69.99
2016-12-27 17:00:00,72.89
2016-12-27 18:00:00,72.15
2016-12-27 19:00:00,58.6
2016-12-27 20:00:00,51.48
2016-12-27 21:00:00,51.27
2016-12-27 22:00:00,51.48
2016-12-27 23:00:00,48.31
2016-12-28 00:00:00,45.76
2016-12-28 01:00:00,43.03
2016-12-28 02:00:00,40.46
2016-12-28 03:00:00,39.34
2016-12-28 04:00:00,40.83
2016-12-28 05:00:00,44.8
2016-12-28 06:00:00,51.0
2016-12-28 07:00:00,53.0
2016-12-28 08:00:00,56.9
2016-12-28 09:00:00,58.36
2016-12-28 10:00:00,58.25
2016-12-28 11:00:00,58.3
2016-12-28 12:00:00,55.19
2016-12-28 13:00:00,50.77
2016-12-28 14:00:00,51.6
2016-12-28 15:00:00,55.2
2016-12-28 16:00:00,63.28
2016-12-28 17:00:00,63.7
2016-12-28 18:00:00,59.82
2016-12-28 19:00:00,62.36
2016-12-28 20:00:00,50.0
2016-12-28 21:00:00,49.02
2016-12-28 22:00:00,47.73
2016-12-28 23:00:00,42.4
2016-12-29 00:00:00,39.3
2016-12-29 01:00:00,36.83
2016-12-29 02:00:00,34.11
2016-12-29 03:00:00,34.99
2016-12-29 04:00:00,37.64
2016-12-29 05:00:00,47.3
2016-12-29 06:00:00,51.27
2016-12-29 07:00:00,57.42
2016-12-29 08:00:00,58.03
2016-12-29 09:00:00,58.93
2016-12-29 10:00:00,57.48
2016-12-29 11:00:00,57.36
2016-12-29 12:00:00,51.22
2016-12-29 13:00:00,49.6
2016-12-29 14:00:00,51.63
2016-12-29 15:00:00,54.43
2016-12-29 16:00:00,63.95
2016-12-29 17:00:00,67.17
2016-12-29 18:00:00,66.4
2016-12-29 19:00:00,59.41
2016-12-29 20:00:00,51.72
2016-12-29 21:00:00,56.44
2016-12-29 22:00:00,55.2
2016-12-29 23:00:00,50.91
2016-12-30 00:00:00,50.23
2016-12-30 01:00:00,49.73
2016-12-30 02:00:00,47.1
2016-12-30 03:00:00,46.25
2016-12-30 04:00:00,48.06
2016-12-30 05:00:00,51.35
2016-12-30 06:00:00,60.0
2016-12-30 07:00:00,67.7
2016-12-30 08:00:00,67.25
2016-12-30 09:00:00,63.53
2016-12-30 10:00:00,63.65
2016-12-30 11:00:00,62.38
2016-12-30 12:00:00,56.05
2016-12-30 13:00:00,51.47
2016-12-30 14:00:00,53.0
2016-12-30 15:00:00,57.23
2016-12-30 16:00:00,67.4
2016-12-30 17:00:00,72.43
2016-12-30 18:00:00,72.04
2016-12-30 19:00:00,70.6
2016-12-30 20:00:00,69.59
2016-12-30 21:00:00,69.09
2016-12-30 22:00:00,66.7
2016-12-30 23:00:00,57.91
2016-12-31 00:00:00,52.6
2016-12-31 01:00:00,48.85
2016-12-31 02:00:00,46.61
2016-12-31 03:00:00,45.48
2016-12-31 04:00:00,45.45
2016-12-31 05:00:00,48.17
2016-12-31 06:00:00,50.2
2016-12-31 07:00:00,52.44
2016-12-31 08:00:00,54.76
2016-12-31 09:00:00,57.62
2016-12-31 10:00:00,55.03
2016-12-31 11:00:00,56.41
2016-12-31 12:00:00,54.72
2016-12-31 13:00:00,49.21
2016-12-31 14:00:00,49.94
2016-12-31 15:00:00,53.3
2016-12-31 16:00:00,62.47
2016-12-31 17:00:00,70.69
2016-12-31 18:00:00,69.72
2016-12-31 19:00:00,57.1
2016-12-31 20:00:00,54.49
2016-12-31 21:00:00,54.95
2016-12-31 22:00:00,61.19
2016-12-31 23:00:00,58.82
2017-01-01 00:00:00,58.23
2017-01-01 01:00:00,51.95
2017-01-01 02:00:00,47.27
2017-01-01 03:00:00,45.49
2017-01-01 04:00:00,44.5
2017-01-01 05:00:00,44.5
2017-01-01 06:00:00,44.72
2017-01-01 07:00:00,44.22
2017-01-01 08:00:00,42.06
2017-01-01 09:00:00,45.7
2017-01-01 10:00:00,47.91
2017-01-01 11:00:00,49.57
2017-01-01 12:00:00,48.69
2017-01-01 13:00:00,46.91
2017-01-01 14:00:00,46.51
2017-01-01 15:00:00,46.52
2017-01-01 16:00:00,51.59
2017-01-01 17:00:00,59.07
2017-01-01 18:00:00,62.1
2017-01-01 19:00:00,56.26
2017-01-01 20:00:00,55.0
2017-01-01 21:00:00,56.02
2017-01-01 22:00:00,52.0
2017-01-01 23:00:00,54.99
2017-01-02 00:00:00,50.18
2017-01-02 01:00:00,49.11
2017-01-02 02:00:00,45.78
2017-01-02 03:00:00,44.99
2017-01-02 04:00:00,46.97
2017-01-02 05:00:00,52.0
2017-01-02 06:00:00,59.07
2017-01-02 07:00:00,64.98
2017-01-02 08:00:00,65.02
2017-01-02 09:00:00,68.49
2017-01-02 10:00:00,65.99
2017-01-02 11:00:00,65.75
2017-01-02 12:00:00,64.98
2017-01-02 13:00:00,61.19
2017-01-02 14:00:00,59.71
2017-01-02 15:00:00,60.96
2017-01-02 16:00:00,73.55
2017-01-02 17:00:00,77.42
2017-01-02 18:00:00,75.0
2017-01-02 19:00:00,70.11
2017-01-02 20:00:00,61.21
2017-01-02 21:00:00,60.1
2017-01-02 22:00:00,58.78
2017-01-02 23:00:00,54.68
2017-01-03 00:00:00,52.74
2017-01-03 01:00:00,49.25
2017-01-03 02:00:00,45.0
2017-01-03 03:00:00,45.18
2017-01-03 04:00:00,49.25
2017-01-03 05:00:00,57.65
2017-01-03 06:00:00,70.51
2017-01-03 07:00:00,74.04
2017-01-03 08:00:00,75.32
2017-01-03 09:00:00,74.65
2017-01-03 10:00:00,73.31
2017-01-03 11:00:00,72.71
2017-01-03 12:00:00,71.69
2017-01-03 13:00:00,70.51
2017-01-03 14:00:00,69.94
2017-01-03 15:00:00,71.11
2017-01-03 16:00:00,81.32
2017-01-03 17:00:00,137.21
2017-01-03 18:00:00,90.17
2017-01-03 19:00:00,74.94
2017-01-03 20:00:00,71.59
2017-01-03 21:00:00,68.73
2017-01-03 22:00:00,67.42
2017-01-03 23:00:00,62.69
2017-01-04 00:00:00,56.04
2017-01-04 01:00:00,54.1
2017-01-04 02:00:00,52.0
2017-01-04 03:00:00,51.36
2017-01-04 04:00:00,53.02
2017-01-04 05:00:00,62.4
2017-01-04 06:00:00,72.32
2017-01-04 07:00:00,73.01
2017-01-04 08:00:00,73.0
2017-01-04 09:00:00,72.85
2017-01-04 10:00:00,72.51
2017-01-04 11:00:00,71.72
2017-01-04 12:00:00,71.59
2017-01-04 13:00:00,69.0
2017-01-04 14:00:00,67.13
2017-01-04 15:00:00,68.26
2017-01-04 16:00:00,72.15
2017-01-04 17:00:00,76.8
2017-01-04 18:00:00,76.16
2017-01-04 19:00:00,72.48
2017-01-04 20:00:00,66.16
2017-01-04 21:00:00,64.98
2017-01-04 22:00:00,61.95
2017-01-04 23:00:00,51.22
2017-01-05 00:00:00,48.41
2017-01-05 01:00:00,50.0
2017-01-05 02:00:00,47.46
2017-01-05 03:00:00,42.34
2017-01-05 04:00:00,45.18
2017-01-05 05:00:00,54.09
2017-01-05 06:00:00,66.21
2017-01-05 07:00:00,69.7
2017-01-05 08:00:00,72.6
2017-01-05 09:00:00,73.03
2017-01-05 10:00:00,72.6
2017-01-05 11:00:00,72.54
2017-01-05 12:00:00,71.51
2017-01-05 13:00:00,71.1
2017-01-05 14:00:00,70.51
2017-01-05 15:00:00,69.7
2017-01-05 16:00:00,74.31
2017-01-05 17:00:00,96.93
2017-01-05 18:00:00,89.53
2017-01-05 19:00:00,73.69
2017-01-05 20:00:00,71.68
2017-01-05 21:00:00,66.76
2017-01-05 22:00:00,69.2
2017-01-05 23:00:00,59.58
2017-01-06 00:00:00,53.98
2017-01-06 01:00:00,52.11
2017-01-06 02:00:00,48.14
2017-01-06 03:00:00,46.74
2017-01-06 04:00:00,48.41
2017-01-06 05:00:00,53.29
2017-01-06 06:00:00,73.28
2017-01-06 07:00:00,86.03
2017-01-06 08:00:00,76.14
2017-01-06 09:00:00,72.86
2017-01-06 10:00:00,75.08
2017-01-06 11:00:00,84.9
2017-01-06 12:00:00,70.99
2017-01-06 13:00:00,68.53
2017-01-06 14:00:00,65.62
2017-01-06 15:00:00,66.21
2017-01-06 16:00:00,71.01
2017-01-06 17:00:00,169.32
2017-01-06 18:00:00,107.85
2017-01-06 19:00:00,85.17
2017-01-06 20:00:00,78.07
2017-01-06 21:00:00,78.57
2017-01-06 22:00:00,106.13
2017-01-06 23:00:00,66.0
2017-01-07 00:00:00,60.0
2017-01-07 01:00:00,55.95
2017-01-07 02:00:00,52.0
2017-01-07 03:00:00,50.78
2017-01-07 04:00:00,50.74
2017-01-07 05:00:00,54.08
2017-01-07 06:00:00,56.28
2017-01-07 07:00:00,61.28
2017-01-07 08:00:00,67.2
2017-01-07 09:00:00,73.48
2017-01-07 10:00:00,70.69
2017-01-07 11:00:00,70.69
2017-01-07 12:00:00,63.73
2017-01-07 13:00:00,55.09
2017-01-07 14:00:00,53.26
2017-01-07 15:00:00,59.08
2017-01-07 16:00:00,69.99
2017-01-07 17:00:00,76.52
2017-01-07 18:00:00,78.28
2017-01-07 19:00:00,68.23
2017-01-07 20:00:00,60.0
2017-01-07 21:00:00,61.19
2017-01-07 22:00:00,66.09
2017-01-07 23:00:00,69.2
2017-01-08 00:00:00,61.07
2017-01-08 01:00:00,55.47
2017-01-08 02:00:00,50.22
2017-01-08 03:00:00,47.99
2017-01-08 04:00:00,48.0
2017-01-08 05:00:00,47.15
2017-01-08 06:00:00,50.13
2017-01-08 07:00:00,51.3
2017-01-08 08:00:00,54.0
2017-01-08 09:00:00,58.07
2017-01-08 10:00:00,61.28
2017-01-08 11:00:00,67.1
2017-01-08 12:00:00,64.6
2017-01-08 13:00:00,54.74
2017-01-08 14:00:00,53.0
2017-01-08 15:00:00,54.08
2017-01-08 16:00:00,60.95
2017-01-08 17:00:00,70.51
2017-01-08 18:00:00,75.52
2017-01-08 19:00:00,73.2
2017-01-08 20:00:00,68.4
2017-01-08 21:00:00,71.21
2017-01-08 22:00:00,65.88
2017-01-08 23:00:00,58.0
2017-01-09 00:00:00,52.9
2017-01-09 01:00:00,50.04
2017-01-09 02:00:00,45.75
2017-01-09 03:00:00,45.02
2017-01-09 04:00:00,52.24
2017-01-09 05:00:00,65.75
2017-01-09 06:00:00,78.01
2017-01-09 07:00:00,89.78
2017-01-09 08:00:00,80.0
2017-01-09 09:00:00,80.0
2017-01-09 10:00:00,80.0
2017-01-09 11:00:00,80.0
2017-01-09 12:00:00,79.89
2017-01-09 13:00:00,78.7
2017-01-09 14:00:00,77.0
2017-01-09 15:00:00,75.75
2017-01-09 16:00:00,77.51
2017-01-09 17:00:00,83.87
2017-01-09 18:00:00,80.1
2017-01-09 19:00:00,77.07
2017-01-09 20:00:00,66.2
2017-01-09 21:00:00,66.6
2017-01-09 22:00:00,65.82
2017-01-09 23:00:00,59.99
2017-01-10 00:00:00,55.8
2017-01-10 01:00:00,52.98
2017-01-10 02:00:00,50.0
2017-01-10 03:00:00,49.19
2017-01-10 04:00:00,52.07
2017-01-10 05:00:00,63.55
2017-01-10 06:00:00,80.4
2017-01-10 07:00:00,77.9
2017-01-10 08:00:00,82.73
2017-01-10 09:00:00,84.59
2017-01-10 10:00:00,84.09
2017-01-10 11:00:00,82.06
2017-01-10 12:00:00,80.0
2017-01-10 13:00:00,77.79
2017-01-10 14:00:00,75.69
2017-01-10 15:00:00,75.85
2017-01-10 16:00:00,88.38
2017-01-10 17:00:00,103.3
2017-01-10 18:00:00,88.26
2017-01-10 19:00:00,79.67
2017-01-10 20:00:00,70.49
2017-01-10 21:00:00,68.39
2017-01-10 22:00:00,70.21
2017-01-10 23:00:00,66.76
2017-01-11 00:00:00,64.79
2017-01-11 01:00:00,62.05
2017-01-11 02:00:00,53.34
2017-01-11 03:00:00,50.62
2017-01-11 04:00:00,58.3
2017-01-11 05:00:00,75.8
2017-01-11 06:00:00,90.7
2017-01-11 07:00:00,96.88
2017-01-11 08:00:00,93.1
2017-01-11 09:00:00,82.57
2017-01-11 10:00:00,81.61
2017-01-11 11:00:00,79.98
2017-01-11 12:00:00,79.56
2017-01-11 13:00:00,79.82
2017-01-11 14:00:00,78.87
2017-01-11 15:00:00,79.56
2017-01-11 16:00:00,83.65
2017-01-11 17:00:00,95.76
2017-01-11 18:00:00,88.44
2017-01-11 19:00:00,85.0
2017-01-11 20:00:00,77.6
2017-01-11 21:00:00,77.95
2017-01-11 22:00:00,77.51
2017-01-11 23:00:00,67.19
2017-01-12 00:00:00,60.37
2017-01-12 01:00:00,60.71
2017-01-12 02:00:00,51.37
2017-01-12 03:00:00,48.46
2017-01-12 04:00:00,60.01
2017-01-12 05:00:00,73.69
2017-01-12 06:00:00,82.87
2017-01-12 07:00:00,87.0
2017-01-12 08:00:00,88.01
2017-01-12 09:00:00,86.71
2017-01-12 10:00:00,86.4
2017-01-12 11:00:00,82.94
2017-01-12 12:00:00,81.19
2017-01-12 13:00:00,79.69
2017-01-12 14:00:00,76.98
2017-01-12 15:00:00,77.15
2017-01-12 16:00:00,79.97
2017-01-12 17:00:00,89.85
2017-01-12 18:00:00,81.28
2017-01-12 19:00:00,78.33
2017-01-12 20:00:00,70.04
2017-01-12 21:00:00,69.21
2017-01-12 22:00:00,64.28
2017-01-12 23:00:00,59.2
2017-01-13 00:00:00,53.2
2017-01-13 01:00:00,50.16
2017-01-13 02:00:00,46.34
2017-01-13 03:00:00,43.66
2017-01-13 04:00:00,48.52
2017-01-13 05:00:00,61.69
2017-01-13 06:00:00,99.0
2017-01-13 07:00:00,87.45
2017-01-13 08:00:00,96.8
2017-01-13 09:00:00,104.48
2017-01-13 10:00:00,99.82
2017-01-13 11:00:00,96.48
2017-01-13 12:00:00,89.9
2017-01-13 13:00:00,80.73
2017-01-13 14:00:00,72.97
2017-01-13 15:00:00,75.59
2017-01-13 16:00:00,105.44
2017-01-13 17:00:00,105.82
2017-01-13 18:00:00,96.02
2017-01-13 19:00:00,85.0
2017-01-13 20:00:00,81.19
2017-01-13 21:00:00,81.19
2017-01-13 22:00:00,81.08
2017-01-13 23:00:00,75.0
2017-01-14 00:00:00,65.13
2017-01-14 01:00:00,59.71
2017-01-14 02:00:00,55.25
2017-01-14 03:00:00,50.01
2017-01-14 04:00:00,52.93
2017-01-14 05:00:00,55.99
2017-01-14 06:00:00,61.25
2017-01-14 07:00:00,70.06
2017-01-14 08:00:00,72.89
2017-01-14 09:00:00,73.49
2017-01-14 10:00:00,69.19
2017-01-14 11:00:00,67.94
2017-01-14 12:00:00,61.23
2017-01-14 13:00:00,59.03
2017-01-14 14:00:00,58.41
2017-01-14 15:00:00,58.03
2017-01-14 16:00:00,72.89
2017-01-14 17:00:00,85.48
2017-01-14 18:00:00,81.79
2017-01-14 19:00:00,75.93
2017-01-14 20:00:00,69.75
2017-01-14 21:00:00,72.89
2017-01-14 22:00:00,70.31
2017-01-14 23:00:00,64.87
2017-01-15 00:00:00,58.65
2017-01-15 01:00:00,55.08
2017-01-15 02:00:00,51.59
2017-01-15 03:00:00,50.0
2017-01-15 04:00:00,50.0
2017-01-15 05:00:00,51.0
2017-01-15 06:00:00,52.19
2017-01-15 07:00:00,55.19
2017-01-15 08:00:00,63.91
2017-01-15 09:00:00,66.13
2017-01-15 10:00:00,67.37
2017-01-15 11:00:00,71.38
2017-01-15 12:00:00,65.77
2017-01-15 13:00:00,58.53
2017-01-15 14:00:00,57.51
2017-01-15 15:00:00,57.12
2017-01-15 16:00:00,69.75
2017-01-15 17:00:00,88.0
2017-01-15 18:00:00,82.38
2017-01-15 19:00:00,79.37
2017-01-15 20:00:00,76.55
2017-01-15 21:00:00,75.83
2017-01-15 22:00:00,69.75
2017-01-15 23:00:00,57.29
2017-01-16 00:00:00,51.38
2017-01-16 01:00:00,48.01
2017-01-16 02:00:00,41.89
2017-01-16 03:00:00,40.98
2017-01-16 04:00:00,48.98
2017-01-16 05:00:00,66.83
2017-01-16 06:00:00,100.38
2017-01-16 07:00:00,110.69
2017-01-16 08:00:00,110.8
2017-01-16 09:00:00,108.57
2017-01-16 10:00:00,109.15
2017-01-16 11:00:00,106.04
2017-01-16 12:00:00,105.59
2017-01-16 13:00:00,107.7
2017-01-16 14:00:00,108.68
2017-01-16 15:00:00,108.43
2017-01-16 16:00:00,120.0
2017-01-16 17:00:00,124.83
2017-01-16 18:00:00,113.84
2017-01-16 19:00:00,97.2
2017-01-16 20:00:00,80.0
2017-01-16 21:00:00,80.0
2017-01-16 22:00:00,80.0
2017-01-16 23:00:00,80.81
2017-01-17 00:00:00,69.61
2017-01-17 01:00:00,72.08
2017-01-17 02:00:00,58.28
2017-01-17 03:00:00,57.76
2017-01-17 04:00:00,69.63
2017-01-17 05:00:00,94.64
2017-01-17 06:00:00,127.06
2017-01-17 07:00:00,135.06
2017-01-17 08:00:00,135.7
2017-01-17 09:00:00,129.33
2017-01-17 10:00:00,124.0
2017-01-17 11:00:00,111.26
2017-01-17 12:00:00,106.08
2017-01-17 13:00:00,108.74
2017-01-17 14:00:00,113.14
2017-01-17 15:00:00,120.22
2017-01-17 16:00:00,142.78
2017-01-17 17:00:00,162.31
2017-01-17 18:00:00,131.54
2017-01-17 19:00:00,110.38
2017-01-17 20:00:00,93.07
2017-01-17 21:00:00,94.5
2017-01-17 22:00:00,98.85
2017-01-17 23:00:00,81.81
2017-01-18 00:00:00,71.65
2017-01-18 01:00:00,65.99
2017-01-18 02:00:00,60.7
2017-01-18 03:00:00,57.29
2017-01-18 04:00:00,65.99
2017-01-18 05:00:00,91.83
2017-01-18 06:00:00,120.0
2017-01-18 07:00:00,121.97
2017-01-18 08:00:00,120.0
2017-01-18 09:00:00,111.75
2017-01-18 10:00:00,98.42
2017-01-18 11:00:00,95.89
2017-01-18 12:00:00,91.02
2017-01-18 13:00:00,89.92
2017-01-18 14:00:00,86.7
2017-01-18 15:00:00,92.45
2017-01-18 16:00:00,116.87
2017-01-18 17:00:00,130.0
2017-01-18 18:00:00,117.26
2017-01-18 19:00:00,98.66
2017-01-18 20:00:00,92.01
2017-01-18 21:00:00,94.99
2017-01-18 22:00:00,94.6
2017-01-18 23:00:00,80.27
2017-01-19 00:00:00,74.6
2017-01-19 01:00:00,74.07
2017-01-19 02:00:00,68.8
2017-01-19 03:00:00,67.35
2017-01-19 04:00:00,72.35
2017-01-19 05:00:00,90.78
2017-01-19 06:00:00,103.0
2017-01-19 07:00:00,119.1
2017-01-19 08:00:00,109.03
2017-01-19 09:00:00,94.0
2017-01-19 10:00:00,93.88
2017-01-19 11:00:00,93.0
2017-01-19 12:00:00,92.73
2017-01-19 13:00:00,94.01
2017-01-19 14:00:00,92.0
2017-01-19 15:00:00,91.03
2017-01-19 16:00:00,100.1
2017-01-19 17:00:00,134.23
2017-01-19 18:00:00,115.95
2017-01-19 19:00:00,94.0
2017-01-19 20:00:00,89.19
2017-01-19 21:00:00,85.46
2017-01-19 22:00:00,84.54
2017-01-19 23:00:00,81.0
2017-01-20 00:00:00,82.07
2017-01-20 01:00:00,79.75
2017-01-20 02:00:00,75.98
2017-01-20 03:00:00,69.8
2017-01-20 04:00:00,85.0
2017-01-20 05:00:00,102.8
2017-01-20 06:00:00,118.0
2017-01-20 07:00:00,144.49
2017-01-20 08:00:00,122.0
2017-01-20 09:00:00,117.05
2017-01-20 10:00:00,105.15
2017-01-20 11:00:00,95.09
2017-01-20 12:00:00,94.7
2017-01-20 13:00:00,93.69
2017-01-20 14:00:00,92.84
2017-01-20 15:00:00,91.19
2017-01-20 16:00:00,97.83
2017-01-20 17:00:00,120.0
2017-01-20 18:00:00,115.0
2017-01-20 19:00:00,98.52
2017-01-20 20:00:00,94.7
2017-01-20 21:00:00,94.7
2017-01-20 22:00:00,94.98
2017-01-20 23:00:00,87.6
2017-01-21 00:00:00,78.58
2017-01-21 01:00:00,72.58
2017-01-21 02:00:00,70.5
2017-01-21 03:00:00,69.11
2017-01-21 04:00:00,69.7
2017-01-21 05:00:00,70.0
2017-01-21 06:00:00,70.49
2017-01-21 07:00:00,75.6
2017-01-21 08:00:00,84.0
2017-01-21 09:00:00,83.04
2017-01-21 10:00:00,74.27
2017-01-21 11:00:00,75.01
2017-01-21 12:00:00,74.08
2017-01-21 13:00:00,68.14
2017-01-21 14:00:00,62.23
2017-01-21 15:00:00,64.11
2017-01-21 16:00:00,74.2
2017-01-21 17:00:00,90.43
2017-01-21 18:00:00,92.1
2017-01-21 19:00:00,79.46
2017-01-21 20:00:00,68.29
2017-01-21 21:00:00,77.92
2017-01-21 22:00:00,83.08
2017-01-21 23:00:00,79.28
2017-01-22 00:00:00,72.1
2017-01-22 01:00:00,66.44
2017-01-22 02:00:00,63.16
2017-01-22 03:00:00,60.29
2017-01-22 04:00:00,60.1
2017-01-22 05:00:00,60.71
2017-01-22 06:00:00,61.23
2017-01-22 07:00:00,65.1
2017-01-22 08:00:00,69.02
2017-01-22 09:00:00,72.69
2017-01-22 10:00:00,75.0
2017-01-22 11:00:00,75.19
2017-01-22 12:00:00,69.48
2017-01-22 13:00:00,61.48
2017-01-22 14:00:00,58.53
2017-01-22 15:00:00,61.19
2017-01-22 16:00:00,67.33
2017-01-22 17:00:00,85.38
2017-01-22 18:00:00,92.12
2017-01-22 19:00:00,92.0
2017-01-22 20:00:00,86.35
2017-01-22 21:00:00,85.1
2017-01-22 22:00:00,78.87
2017-01-22 23:00:00,68.84
2017-01-23 00:00:00,65.31
2017-01-23 01:00:00,61.88
2017-01-23 02:00:00,60.4
2017-01-23 03:00:00,57.14
2017-01-23 04:00:00,63.0
2017-01-23 05:00:00,80.59
2017-01-23 06:00:00,120.3
2017-01-23 07:00:00,129.72
2017-01-23 08:00:00,125.39
2017-01-23 09:00:00,117.57
2017-01-23 10:00:00,105.13
2017-01-23 11:00:00,96.72
2017-01-23 12:00:00,95.03
2017-01-23 13:00:00,90.7
2017-01-23 14:00:00,92.85
2017-01-23 15:00:00,97.43
2017-01-23 16:00:00,109.98
2017-01-23 17:00:00,131.32
2017-01-23 18:00:00,114.55
2017-01-23 19:00:00,101.2
2017-01-23 20:00:00,90.76
2017-01-23 21:00:00,86.2
2017-01-23 22:00:00,85.5
2017-01-23 23:00:00,86.83
2017-01-24 00:00:00,82.07
2017-01-24 01:00:00,75.69
2017-01-24 02:00:00,70.15
2017-01-24 03:00:00,69.09
2017-01-24 04:00:00,79.75
2017-01-24 05:00:00,102.9
2017-01-24 06:00:00,183.83
2017-01-24 07:00:00,204.69
2017-01-24 08:00:00,155.48
2017-01-24 09:00:00,151.07
2017-01-24 10:00:00,135.0
2017-01-24 11:00:00,121.58
2017-01-24 12:00:00,117.68
2017-01-24 13:00:00,112.21
2017-01-24 14:00:00,117.18
2017-01-24 15:00:00,120.0
2017-01-24 16:00:00,131.01
2017-01-24 17:00:00,144.98
2017-01-24 18:00:00,125.96
2017-01-24 19:00:00,118.11
2017-01-24 20:00:00,96.3
2017-01-24 21:00:00,93.71
2017-01-24 22:00:00,90.74
2017-01-24 23:00:00,97.7
2017-01-25 00:00:00,85.03
2017-01-25 01:00:00,81.29
2017-01-25 02:00:00,80.16
2017-01-25 03:00:00,75.18
2017-01-25 04:00:00,80.94
2017-01-25 05:00:00,112.4
2017-01-25 06:00:00,151.14
2017-01-25 07:00:00,206.12
2017-01-25 08:00:00,168.73
2017-01-25 09:00:00,151.29
2017-01-25 10:00:00,134.23
2017-01-25 11:00:00,122.9
2017-01-25 12:00:00,118.14
2017-01-25 13:00:00,116.87
2017-01-25 14:00:00,119.56
2017-01-25 15:00:00,120.0
2017-01-25 16:00:00,122.9
2017-01-25 17:00:00,194.95
2017-01-25 18:00:00,146.8
2017-01-25 19:00:00,120.0
2017-01-25 20:00:00,100.67
2017-01-25 21:00:00,99.18
2017-01-25 22:00:00,100.15
2017-01-25 23:00:00,101.76
2017-01-26 00:00:00,91.47
2017-01-26 01:00:00,89.0
2017-01-26 02:00:00,83.43
2017-01-26 03:00:00,81.04
2017-01-26 04:00:00,88.97
2017-01-26 05:00:00,108.2
2017-01-26 06:00:00,150.0
2017-01-26 07:00:00,164.92
2017-01-26 08:00:00,150.0
2017-01-26 09:00:00,126.09
2017-01-26 10:00:00,120.0
2017-01-26 11:00:00,101.28
2017-01-26 12:00:00,88.8
2017-01-26 13:00:00,96.07
2017-01-26 14:00:00,112.63
2017-01-26 15:00:00,123.0
2017-01-26 16:00:00,134.3
2017-01-26 17:00:00,139.0
2017-01-26 18:00:00,121.3
2017-01-26 19:00:00,99.1
2017-01-26 20:00:00,90.2
2017-01-26 21:00:00,88.1
2017-01-26 22:00:00,83.65
2017-01-26 23:00:00,78.93
2017-01-27 00:00:00,69.2
2017-01-27 01:00:00,64.33
2017-01-27 02:00:00,60.71
2017-01-27 03:00:00,61.06
2017-01-27 04:00:00,64.33
2017-01-27 05:00:00,75.0
2017-01-27 06:00:00,91.56
2017-01-27 07:00:00,102.69
2017-01-27 08:00:00,91.25
2017-01-27 09:00:00,90.0
2017-01-27 10:00:00,89.4
2017-01-27 11:00:00,82.87
2017-01-27 12:00:00,79.56
2017-01-27 13:00:00,77.28
2017-01-27 14:00:00,75.51
2017-01-27 15:00:00,76.08
2017-01-27 16:00:00,78.55
2017-01-27 17:00:00,87.14
2017-01-27 18:00:00,84.49
2017-01-27 19:00:00,79.56
2017-01-27 20:00:00,72.68
2017-01-27 21:00:00,73.78
2017-01-27 22:00:00,70.3
2017-01-27 23:00:00,60.49
2017-01-28 00:00:00,57.36
2017-01-28 01:00:00,54.0
2017-01-28 02:00:00,39.0
2017-01-28 03:00:00,37.39
2017-01-28 04:00:00,37.78
2017-01-28 05:00:00,45.13
2017-01-28 06:00:00,49.94
2017-01-28 07:00:00,54.1
2017-01-28 08:00:00,64.08
2017-01-28 09:00:00,69.88
2017-01-28 10:00:00,65.92
2017-01-28 11:00:00,65.0
2017-01-28 12:00:00,57.71
2017-01-28 13:00:00,54.11
2017-01-28 14:00:00,50.12
2017-01-28 15:00:00,54.15
2017-01-28 16:00:00,60.83
2017-01-28 17:00:00,78.36
2017-01-28 18:00:00,80.0
2017-01-28 19:00:00,72.03
2017-01-28 20:00:00,59.59
2017-01-28 21:00:00,60.77
2017-01-28 22:00:00,67.75
2017-01-28 23:00:00,60.71
2017-01-29 00:00:00,59.79
2017-01-29 01:00:00,52.72
2017-01-29 02:00:00,47.51
2017-01-29 03:00:00,44.0
2017-01-29 04:00:00,43.84
2017-01-29 05:00:00,46.16
2017-01-29 06:00:00,49.08
2017-01-29 07:00:00,53.38
2017-01-29 08:00:00,60.71
2017-01-29 09:00:00,66.0
2017-01-29 10:00:00,66.03
2017-01-29 11:00:00,68.0
2017-01-29 12:00:00,61.66
2017-01-29 13:00:00,52.16
2017-01-29 14:00:00,51.45
2017-01-29 15:00:00,46.42
2017-01-29 16:00:00,61.49
2017-01-29 17:00:00,75.96
2017-01-29 18:00:00,79.49
2017-01-29 19:00:00,75.97
2017-01-29 20:00:00,69.49
2017-01-29 21:00:00,66.02
2017-01-29 22:00:00,58.77
2017-01-29 23:00:00,49.29
2017-01-30 00:00:00,50.0
2017-01-30 01:00:00,38.23
2017-01-30 02:00:00,36.05
2017-01-30 03:00:00,35.11
2017-01-30 04:00:00,37.69
2017-01-30 05:00:00,47.14
2017-01-30 06:00:00,72.4
2017-01-30 07:00:00,70.61
2017-01-30 08:00:00,67.47
2017-01-30 09:00:00,70.68
2017-01-30 10:00:00,69.91
2017-01-30 11:00:00,71.58
2017-01-30 12:00:00,65.91
2017-01-30 13:00:00,61.32
2017-01-30 14:00:00,55.98
2017-01-30 15:00:00,55.94
2017-01-30 16:00:00,78.53
2017-01-30 17:00:00,83.69
2017-01-30 18:00:00,87.08
2017-01-30 19:00:00,84.95
2017-01-30 20:00:00,77.1
2017-01-30 21:00:00,72.0
2017-01-30 22:00:00,74.19
2017-01-30 23:00:00,61.23
2017-01-31 00:00:00,55.0
2017-01-31 01:00:00,53.3
2017-01-31 02:00:00,52.0
2017-01-31 03:00:00,50.18
2017-01-31 04:00:00,54.0
2017-01-31 05:00:00,70.2
2017-01-31 06:00:00,86.66
2017-01-31 07:00:00,101.0
2017-01-31 08:00:00,90.34
2017-01-31 09:00:00,89.8
2017-01-31 10:00:00,89.82
2017-01-31 11:00:00,82.36
2017-01-31 12:00:00,82.02
2017-01-31 13:00:00,90.36
2017-01-31 14:00:00,89.75
2017-01-31 15:00:00,90.2
2017-01-31 16:00:00,95.0
2017-01-31 17:00:00,104.33
2017-01-31 18:00:00,90.0
2017-01-31 19:00:00,83.69
2017-01-31 20:00:00,60.77
2017-01-31 21:00:00,59.62
2017-01-31 22:00:00,59.2
2017-01-31 23:00:00,54.71
2017-02-01 00:00:00,54.99
2017-02-01 01:00:00,51.81
2017-02-01 02:00:00,48.16
2017-02-01 03:00:00,40.91
2017-02-01 04:00:00,50.68
2017-02-01 05:00:00,61.1
2017-02-01 06:00:00,72.93
2017-02-01 07:00:00,78.64
2017-02-01 08:00:00,79.11
2017-02-01 09:00:00,79.11
2017-02-01 10:00:00,78.44
2017-02-01 11:00:00,76.64
2017-02-01 12:00:00,75.47
2017-02-01 13:00:00,72.61
2017-02-01 14:00:00,69.06
2017-02-01 15:00:00,64.21
2017-02-01 16:00:00,70.31
2017-02-01 17:00:00,76.1
2017-02-01 18:00:00,77.2
2017-02-01 19:00:00,70.81
2017-02-01 20:00:00,59.6
2017-02-01 21:00:00,62.85
2017-02-01 22:00:00,55.1
2017-02-01 23:00:00,41.11
2017-02-02 00:00:00,38.74
2017-02-02 01:00:00,36.94
2017-02-02 02:00:00,32.3
2017-02-02 03:00:00,31.05
2017-02-02 04:00:00,32.66
2017-02-02 05:00:00,39.91
2017-02-02 06:00:00,55.58
2017-02-02 07:00:00,57.19
2017-02-02 08:00:00,59.1
2017-02-02 09:00:00,58.55
2017-02-02 10:00:00,57.66
2017-02-02 11:00:00,57.66
2017-02-02 12:00:00,54.44
2017-02-02 13:00:00,50.9
2017-02-02 14:00:00,47.1
2017-02-02 15:00:00,45.98
2017-02-02 16:00:00,48.8
2017-02-02 17:00:00,56.11
2017-02-02 18:00:00,56.94
2017-02-02 19:00:00,48.07
2017-02-02 20:00:00,39.04
2017-02-02 21:00:00,40.8
2017-02-02 22:00:00,42.12
2017-02-02 23:00:00,39.87
2017-02-03 00:00:00,34.92
2017-02-03 01:00:00,34.26
2017-02-03 02:00:00,32.55
2017-02-03 03:00:00,32.49
2017-02-03 04:00:00,35.85
2017-02-03 05:00:00,43.02
2017-02-03 06:00:00,56.32
2017-02-03 07:00:00,60.0
2017-02-03 08:00:00,58.0
2017-02-03 09:00:00,56.67
2017-02-03 10:00:00,55.97
2017-02-03 11:00:00,54.37
2017-02-03 12:00:00,53.67
2017-02-03 13:00:00,51.96
2017-02-03 14:00:00,48.47
2017-02-03 15:00:00,47.47
2017-02-03 16:00:00,52.01
2017-02-03 17:00:00,55.79
2017-02-03 18:00:00,58.29
2017-02-03 19:00:00,53.69
2017-02-03 20:00:00,44.9
2017-02-03 21:00:00,44.25
2017-02-03 22:00:00,39.85
2017-02-03 23:00:00,38.11
2017-02-04 00:00:00,34.96
2017-02-04 01:00:00,34.01
2017-02-04 02:00:00,31.93
2017-02-04 03:00:00,31.89
2017-02-04 04:00:00,32.09
2017-02-04 05:00:00,33.82
2017-02-04 06:00:00,37.04
2017-02-04 07:00:00,42.32
2017-02-04 08:00:00,49.58
2017-02-04 09:00:00,51.97
2017-02-04 10:00:00,50.0
2017-02-04 11:00:00,50.0
2017-02-04 12:00:00,49.12
2017-02-04 13:00:00,47.22
2017-02-04 14:00:00,45.22
2017-02-04 15:00:00,46.26
2017-02-04 16:00:00,56.37
2017-02-04 17:00:00,66.18
2017-02-04 18:00:00,61.61
2017-02-04 19:00:00,55.49
2017-02-04 20:00:00,50.0
2017-02-04 21:00:00,50.0
2017-02-04 22:00:00,45.7
2017-02-04 23:00:00,49.14
2017-02-05 00:00:00,44.36
2017-02-05 01:00:00,37.73
2017-02-05 02:00:00,36.65
2017-02-05 03:00:00,33.15
2017-02-05 04:00:00,34.55
2017-02-05 05:00:00,31.75
2017-02-05 06:00:00,36.93
2017-02-05 07:00:00,40.03
2017-02-05 08:00:00,44.99
2017-02-05 09:00:00,51.78
2017-02-05 10:00:00,56.31
2017-02-05 11:00:00,52.76
2017-02-05 12:00:00,44.46
2017-02-05 13:00:00,40.88
2017-02-05 14:00:00,39.97
2017-02-05 15:00:00,40.81
2017-02-05 16:00:00,48.24
2017-02-05 17:00:00,65.07
2017-02-05 18:00:00,60.86
2017-02-05 19:00:00,60.86
2017-02-05 20:00:00,60.86
2017-02-05 21:00:00,60.86
2017-02-05 22:00:00,60.86
2017-02-05 23:00:00,60.86
2017-02-06 00:00:00,60.86
2017-02-06 01:00:00,60.86
2017-02-06 02:00:00,60.86
2017-02-06 03:00:00,60.86
2017-02-06 04:00:00,60.86
2017-02-06 05:00:00,60.86
2017-02-06 06:00:00,60.86
2017-02-06 07:00:00,60.86
2017-02-06 08:00:00,84.01
2017-02-06 09:00:00,80.44
2017-02-06 10:00:00,79.61
2017-02-06 11:00:00,80.37
2017-02-06 12:00:00,77.75
2017-02-06 13:00:00,72.93
2017-02-06 14:00:00,69.5
2017-02-06 15:00:00,67.04
2017-02-06 16:00:00,69.94
2017-02-06 17:00:00,86.37
2017-02-06 18:00:00,77.29
2017-02-06 19:00:00,64.69
2017-02-06 20:00:00,60.69
2017-02-06 21:00:00,56.98
2017-02-06 22:00:00,53.51
2017-02-06 23:00:00,49.41
2017-02-07 00:00:00,45.94
2017-02-07 01:00:00,41.79
2017-02-07 02:00:00,40.22
2017-02-07 03:00:00,39.95
2017-02-07 04:00:00,43.44
2017-02-07 05:00:00,50.39
2017-02-07 06:00:00,64.9
2017-02-07 07:00:00,69.61
2017-02-07 08:00:00,70.57
2017-02-07 09:00:00,69.55
2017-02-07 10:00:00,70.5
2017-02-07 11:00:00,63.94
2017-02-07 12:00:00,61.84
2017-02-07 13:00:00,64.68
2017-02-07 14:00:00,63.21
2017-02-07 15:00:00,62.57
2017-02-07 16:00:00,69.7
2017-02-07 17:00:00,80.35
2017-02-07 18:00:00,80.7
2017-02-07 19:00:00,70.73
2017-02-07 20:00:00,62.28
2017-02-07 21:00:00,60.0
2017-02-07 22:00:00,57.08
2017-02-07 23:00:00,51.31
2017-02-08 00:00:00,47.57
2017-02-08 01:00:00,44.92
2017-02-08 02:00:00,39.11
2017-02-08 03:00:00,36.66
2017-02-08 04:00:00,45.75
2017-02-08 05:00:00,50.43
2017-02-08 06:00:00,69.92
2017-02-08 07:00:00,74.55
2017-02-08 08:00:00,72.87
2017-02-08 09:00:00,73.02
2017-02-08 10:00:00,71.49
2017-02-08 11:00:00,70.34
2017-02-08 12:00:00,66.94
2017-02-08 13:00:00,67.38
2017-02-08 14:00:00,68.72
2017-02-08 15:00:00,69.04
2017-02-08 16:00:00,73.85
2017-02-08 17:00:00,88.18
2017-02-08 18:00:00,84.04
2017-02-08 19:00:00,72.6
2017-02-08 20:00:00,65.5
2017-02-08 21:00:00,61.59
2017-02-08 22:00:00,59.69
2017-02-08 23:00:00,51.83
2017-02-09 00:00:00,49.04
2017-02-09 01:00:00,45.95
2017-02-09 02:00:00,43.75
2017-02-09 03:00:00,42.64
2017-02-09 04:00:00,47.2
2017-02-09 05:00:00,55.1
2017-02-09 06:00:00,74.14
2017-02-09 07:00:00,78.87
2017-02-09 08:00:00,72.79
2017-02-09 09:00:00,70.97
2017-02-09 10:00:00,68.97
2017-02-09 11:00:00,66.91
2017-02-09 12:00:00,65.64
2017-02-09 13:00:00,65.0
2017-02-09 14:00:00,64.89
2017-02-09 15:00:00,65.71
2017-02-09 16:00:00,70.43
2017-02-09 17:00:00,78.76
2017-02-09 18:00:00,77.74
2017-02-09 19:00:00,70.69
2017-02-09 20:00:00,64.98
2017-02-09 21:00:00,61.69
2017-02-09 22:00:00,57.07
2017-02-09 23:00:00,54.08
2017-02-10 00:00:00,51.48
2017-02-10 01:00:00,50.33
2017-02-10 02:00:00,49.11
2017-02-10 03:00:00,46.18
2017-02-10 04:00:00,50.0
2017-02-10 05:00:00,63.95
2017-02-10 06:00:00,73.83
2017-02-10 07:00:00,79.27
2017-02-10 08:00:00,80.0
2017-02-10 09:00:00,77.3
2017-02-10 10:00:00,74.51
2017-02-10 11:00:00,72.17
2017-02-10 12:00:00,70.6
2017-02-10 13:00:00,69.3
2017-02-10 14:00:00,68.69
2017-02-10 15:00:00,67.88
2017-02-10 16:00:00,70.56
2017-02-10 17:00:00,86.0
2017-02-10 18:00:00,80.07
2017-02-10 19:00:00,74.0
2017-02-10 20:00:00,67.47
2017-02-10 21:00:00,67.27
2017-02-10 22:00:00,67.11
2017-02-10 23:00:00,62.61
2017-02-11 00:00:00,53.71
2017-02-11 01:00:00,51.86
2017-02-11 02:00:00,49.83
2017-02-11 03:00:00,48.43
2017-02-11 04:00:00,44.86
2017-02-11 05:00:00,49.35
2017-02-11 06:00:00,48.73
2017-02-11 07:00:00,53.18
2017-02-11 08:00:00,60.71
2017-02-11 09:00:00,64.21
2017-02-11 10:00:00,61.82
2017-02-11 11:00:00,59.94
2017-02-11 12:00:00,53.89
2017-02-11 13:00:00,51.36
2017-02-11 14:00:00,49.99
2017-02-11 15:00:00,50.37
2017-02-11 16:00:00,52.81
2017-02-11 17:00:00,69.32
2017-02-11 18:00:00,67.38
2017-02-11 19:00:00,62.36
2017-02-11 20:00:00,53.71
2017-02-11 21:00:00,52.5
2017-02-11 22:00:00,50.57
2017-02-11 23:00:00,50.6
2017-02-12 00:00:00,45.66
2017-02-12 01:00:00,42.99
2017-02-12 02:00:00,42.07
2017-02-12 03:00:00,41.45
2017-02-12 04:00:00,40.76
2017-02-12 05:00:00,39.51
2017-02-12 06:00:00,39.33
2017-02-12 07:00:00,38.6
2017-02-12 08:00:00,42.07
2017-02-12 09:00:00,42.1
2017-02-12 10:00:00,45.1
2017-02-12 11:00:00,49.83
2017-02-12 12:00:00,46.05
2017-02-12 13:00:00,40.76
2017-02-12 14:00:00,35.58
2017-02-12 15:00:00,32.19
2017-02-12 16:00:00,36.0
2017-02-12 17:00:00,42.59
2017-02-12 18:00:00,49.83
2017-02-12 19:00:00,49.83
2017-02-12 20:00:00,49.83
2017-02-12 21:00:00,43.46
2017-02-12 22:00:00,40.62
2017-02-12 23:00:00,42.16
2017-02-13 00:00:00,39.58
2017-02-13 01:00:00,33.01
2017-02-13 02:00:00,29.85
2017-02-13 03:00:00,30.76
2017-02-13 04:00:00,33.01
2017-02-13 05:00:00,43.4
2017-02-13 06:00:00,56.98
2017-02-13 07:00:00,59.37
2017-02-13 08:00:00,59.96
2017-02-13 09:00:00,58.5
2017-02-13 10:00:00,57.38
2017-02-13 11:00:00,54.69
2017-02-13 12:00:00,52.57
2017-02-13 13:00:00,49.39
2017-02-13 14:00:00,48.65
2017-02-13 15:00:00,49.17
2017-02-13 16:00:00,53.95
2017-02-13 17:00:00,64.59
2017-02-13 18:00:00,68.23
2017-02-13 19:00:00,60.75
2017-02-13 20:00:00,49.74
2017-02-13 21:00:00,48.69
2017-02-13 22:00:00,50.55
2017-02-13 23:00:00,47.63
2017-02-14 00:00:00,42.11
2017-02-14 01:00:00,40.52
2017-02-14 02:00:00,38.16
2017-02-14 03:00:00,35.84
2017-02-14 04:00:00,41.63
2017-02-14 05:00:00,48.48
2017-02-14 06:00:00,63.91
2017-02-14 07:00:00,67.16
2017-02-14 08:00:00,65.43
2017-02-14 09:00:00,64.67
2017-02-14 10:00:00,62.5
2017-02-14 11:00:00,60.51
2017-02-14 12:00:00,57.25
2017-02-14 13:00:00,54.34
2017-02-14 14:00:00,55.1
2017-02-14 15:00:00,56.26
2017-02-14 16:00:00,61.03
2017-02-14 17:00:00,66.47
2017-02-14 18:00:00,67.89
2017-02-14 19:00:00,61.0
2017-02-14 20:00:00,54.13
2017-02-14 21:00:00,51.76
2017-02-14 22:00:00,49.58
2017-02-14 23:00:00,42.97
2017-02-15 00:00:00,39.53
2017-02-15 01:00:00,37.85
2017-02-15 02:00:00,35.72
2017-02-15 03:00:00,36.51
2017-02-15 04:00:00,37.87
2017-02-15 05:00:00,50.0
2017-02-15 06:00:00,61.48
2017-02-15 07:00:00,63.49
2017-02-15 08:00:00,60.76
2017-02-15 09:00:00,58.8
2017-02-15 10:00:00,59.9
2017-02-15 11:00:00,53.52
2017-02-15 12:00:00,51.77
2017-02-15 13:00:00,48.92
2017-02-15 14:00:00,50.96
2017-02-15 15:00:00,54.42
2017-02-15 16:00:00,59.15
2017-02-15 17:00:00,64.48
2017-02-15 18:00:00,65.85
2017-02-15 19:00:00,59.0
2017-02-15 20:00:00,52.26
2017-02-15 21:00:00,50.7
2017-02-15 22:00:00,50.65
2017-02-15 23:00:00,49.98
2017-02-16 00:00:00,43.89
2017-02-16 01:00:00,44.53
2017-02-16 02:00:00,41.73
2017-02-16 03:00:00,41.73
2017-02-16 04:00:00,43.49
2017-02-16 05:00:00,51.37
2017-02-16 06:00:00,61.87
2017-02-16 07:00:00,63.15
2017-02-16 08:00:00,63.63
2017-02-16 09:00:00,61.9
2017-02-16 10:00:00,59.8
2017-02-16 11:00:00,55.41
2017-02-16 12:00:00,53.37
2017-02-16 13:00:00,54.03
2017-02-16 14:00:00,54.45
2017-02-16 15:00:00,53.52
2017-02-16 16:00:00,59.41
2017-02-16 17:00:00,65.65
2017-02-16 18:00:00,69.62
2017-02-16 19:00:00,63.94
2017-02-16 20:00:00,57.4
2017-02-16 21:00:00,55.59
2017-02-16 22:00:00,56.4
2017-02-16 23:00:00,48.23
2017-02-17 00:00:00,48.08
2017-02-17 01:00:00,45.0
2017-02-17 02:00:00,39.71
2017-02-17 03:00:00,39.32
2017-02-17 04:00:00,45.14
2017-02-17 05:00:00,53.83
2017-02-17 06:00:00,60.4
2017-02-17 07:00:00,65.0
2017-02-17 08:00:00,65.94
2017-02-17 09:00:00,64.1
2017-02-17 10:00:00,62.99
2017-02-17 11:00:00,60.03
2017-02-17 12:00:00,58.4
2017-02-17 13:00:00,55.0
2017-02-17 14:00:00,48.53
2017-02-17 15:00:00,48.81
2017-02-17 16:00:00,54.56
2017-02-17 17:00:00,61.99
2017-02-17 18:00:00,62.97
2017-02-17 19:00:00,60.16
2017-02-17 20:00:00,53.73
2017-02-17 21:00:00,50.9
2017-02-17 22:00:00,49.44
2017-02-17 23:00:00,47.2
2017-02-18 00:00:00,47.21
2017-02-18 01:00:00,43.56
2017-02-18 02:00:00,36.96
2017-02-18 03:00:00,35.07
2017-02-18 04:00:00,36.78
2017-02-18 05:00:00,40.52
2017-02-18 06:00:00,44.62
2017-02-18 07:00:00,46.81
2017-02-18 08:00:00,50.0
2017-02-18 09:00:00,49.85
2017-02-18 10:00:00,48.24
2017-02-18 11:00:00,46.86
2017-02-18 12:00:00,44.49
2017-02-18 13:00:00,42.49
2017-02-18 14:00:00,37.35
2017-02-18 15:00:00,42.04
2017-02-18 16:00:00,47.94
2017-02-18 17:00:00,57.1
2017-02-18 18:00:00,60.71
2017-02-18 19:00:00,54.91
2017-02-18 20:00:00,51.0
2017-02-18 21:00:00,50.39
2017-02-18 22:00:00,49.0
2017-02-18 23:00:00,48.53
2017-02-19 00:00:00,48.18
2017-02-19 01:00:00,43.69
2017-02-19 02:00:00,40.2
2017-02-19 03:00:00,38.39
2017-02-19 04:00:00,39.6
2017-02-19 05:00:00,40.2
2017-02-19 06:00:00,42.15
2017-02-19 07:00:00,41.49
2017-02-19 08:00:00,42.69
2017-02-19 09:00:00,44.69
2017-02-19 10:00:00,42.69
2017-02-19 11:00:00,46.07
2017-02-19 12:00:00,42.99
2017-02-19 13:00:00,32.51
2017-02-19 14:00:00,32.03
2017-02-19 15:00:00,31.99
2017-02-19 16:00:00,41.37
2017-02-19 17:00:00,53.65
2017-02-19 18:00:00,60.71
2017-02-19 19:00:00,62.49
2017-02-19 20:00:00,55.82
2017-02-19 21:00:00,57.0
2017-02-19 22:00:00,51.69
2017-02-19 23:00:00,42.69
2017-02-20 00:00:00,40.2
2017-02-20 01:00:00,40.2
2017-02-20 02:00:00,37.87
2017-02-20 03:00:00,36.4
2017-02-20 04:00:00,39.19
2017-02-20 05:00:00,46.07
2017-02-20 06:00:00,61.64
2017-02-20 07:00:00,66.26
2017-02-20 08:00:00,64.93
2017-02-20 09:00:00,61.69
2017-02-20 10:00:00,59.69
2017-02-20 11:00:00,56.62
2017-02-20 12:00:00,54.98
2017-02-20 13:00:00,54.98
2017-02-20 14:00:00,51.69
2017-02-20 15:00:00,50.55
2017-02-20 16:00:00,52.47
2017-02-20 17:00:00,60.94
2017-02-20 18:00:00,64.95
2017-02-20 19:00:00,62.58
2017-02-20 20:00:00,58.11
2017-02-20 21:00:00,53.0
2017-02-20 22:00:00,48.16
2017-02-20 23:00:00,45.2
2017-02-21 00:00:00,42.0
2017-02-21 01:00:00,39.51
2017-02-21 02:00:00,36.4
2017-02-21 03:00:00,34.99
2017-02-21 04:00:00,36.46
2017-02-21 05:00:00,46.53
2017-02-21 06:00:00,57.9
2017-02-21 07:00:00,59.94
2017-02-21 08:00:00,59.73
2017-02-21 09:00:00,57.68
2017-02-21 10:00:00,58.0
2017-02-21 11:00:00,55.56
2017-02-21 12:00:00,54.59
2017-02-21 13:00:00,52.81
2017-02-21 14:00:00,51.29
2017-02-21 15:00:00,50.61
2017-02-21 16:00:00,51.16
2017-02-21 17:00:00,57.42
2017-02-21 18:00:00,61.23
2017-02-21 19:00:00,53.38
2017-02-21 20:00:00,48.66
2017-02-21 21:00:00,49.26
2017-02-21 22:00:00,47.95
2017-02-21 23:00:00,42.31
2017-02-22 00:00:00,41.19
2017-02-22 01:00:00,38.88
2017-02-22 02:00:00,33.25
2017-02-22 03:00:00,31.0
2017-02-22 04:00:00,32.92
2017-02-22 05:00:00,40.31
2017-02-22 06:00:00,56.51
2017-02-22 07:00:00,54.24
2017-02-22 08:00:00,53.49
2017-02-22 09:00:00,53.0
2017-02-22 10:00:00,51.84
2017-02-22 11:00:00,51.57
2017-02-22 12:00:00,50.77
2017-02-22 13:00:00,49.83
2017-02-22 14:00:00,46.34
2017-02-22 15:00:00,43.88
2017-02-22 16:00:00,49.69
2017-02-22 17:00:00,58.16
2017-02-22 18:00:00,59.2
2017-02-22 19:00:00,55.16
2017-02-22 20:00:00,51.43
2017-02-22 21:00:00,49.28
2017-02-22 22:00:00,48.3
2017-02-22 23:00:00,45.5
2017-02-23 00:00:00,42.0
2017-02-23 01:00:00,40.34
2017-02-23 02:00:00,34.77
2017-02-23 03:00:00,20.86
2017-02-23 04:00:00,25.53
2017-02-23 05:00:00,35.0
2017-02-23 06:00:00,46.01
2017-02-23 07:00:00,48.64
2017-02-23 08:00:00,46.41
2017-02-23 09:00:00,43.36
2017-02-23 10:00:00,40.61
2017-02-23 11:00:00,49.84
2017-02-23 12:00:00,46.49
2017-02-23 13:00:00,44.37
2017-02-23 14:00:00,41.51
2017-02-23 15:00:00,39.99
2017-02-23 16:00:00,42.95
2017-02-23 17:00:00,56.58
2017-02-23 18:00:00,58.78
2017-02-23 19:00:00,51.82
2017-02-23 20:00:00,47.67
2017-02-23 21:00:00,47.8
2017-02-23 22:00:00,46.03
2017-02-23 23:00:00,41.37
2017-02-24 00:00:00,38.9
2017-02-24 01:00:00,38.02
2017-02-24 02:00:00,36.71
2017-02-24 03:00:00,37.29
2017-02-24 04:00:00,39.59
2017-02-24 05:00:00,47.26
2017-02-24 06:00:00,54.71
2017-02-24 07:00:00,57.73
2017-02-24 08:00:00,58.57
2017-02-24 09:00:00,58.2
2017-02-24 10:00:00,57.94
2017-02-24 11:00:00,56.69
2017-02-24 12:00:00,54.43
2017-02-24 13:00:00,52.79
2017-02-24 14:00:00,51.21
2017-02-24 15:00:00,44.92
2017-02-24 16:00:00,50.1
2017-02-24 17:00:00,57.52
2017-02-24 18:00:00,58.19
2017-02-24 19:00:00,53.42
2017-02-24 20:00:00,49.47
2017-02-24 21:00:00,48.98
2017-02-24 22:00:00,48.41
2017-02-24 23:00:00,52.26
2017-02-25 00:00:00,48.62
2017-02-25 01:00:00,44.5
2017-02-25 02:00:00,43.4
2017-02-25 03:00:00,41.5
2017-02-25 04:00:00,42.2
2017-02-25 05:00:00,38.8
2017-02-25 06:00:00,41.48
2017-02-25 07:00:00,42.58
2017-02-25 08:00:00,44.35
2017-02-25 09:00:00,46.77
2017-02-25 10:00:00,47.84
2017-02-25 11:00:00,45.08
2017-02-25 12:00:00,42.59
2017-02-25 13:00:00,41.94
2017-02-25 14:00:00,34.05
2017-02-25 15:00:00,36.55
2017-02-25 16:00:00,38.0
2017-02-25 17:00:00,52.7
2017-02-25 18:00:00,57.69
2017-02-25 19:00:00,52.77
2017-02-25 20:00:00,44.68
2017-02-25 21:00:00,48.72
2017-02-25 22:00:00,47.5
2017-02-25 23:00:00,46.66
2017-02-26 00:00:00,42.53
2017-02-26 01:00:00,41.85
2017-02-26 02:00:00,39.37
2017-02-26 03:00:00,38.72
2017-02-26 04:00:00,39.99
2017-02-26 05:00:00,40.75
2017-02-26 06:00:00,41.51
2017-02-26 07:00:00,42.19
2017-02-26 08:00:00,45.45
2017-02-26 09:00:00,36.11
2017-02-26 10:00:00,38.79
2017-02-26 11:00:00,40.92
2017-02-26 12:00:00,26.8
2017-02-26 13:00:00,23.5
2017-02-26 14:00:00,16.52
2017-02-26 15:00:00,15.65
2017-02-26 16:00:00,28.7
2017-02-26 17:00:00,45.24
2017-02-26 18:00:00,52.66
2017-02-26 19:00:00,48.95
2017-02-26 20:00:00,42.71
2017-02-26 21:00:00,43.22
2017-02-26 22:00:00,43.69
2017-02-26 23:00:00,36.84
2017-02-27 00:00:00,32.67
2017-02-27 01:00:00,32.29
2017-02-27 02:00:00,19.26
2017-02-27 03:00:00,20.14
2017-02-27 04:00:00,31.08
2017-02-27 05:00:00,38.66
2017-02-27 06:00:00,47.29
2017-02-27 07:00:00,47.52
2017-02-27 08:00:00,43.36
2017-02-27 09:00:00,43.67
2017-02-27 10:00:00,43.24
2017-02-27 11:00:00,49.49
2017-02-27 12:00:00,45.47
2017-02-27 13:00:00,42.21
2017-02-27 14:00:00,39.22
2017-02-27 15:00:00,39.2
2017-02-27 16:00:00,40.0
2017-02-27 17:00:00,47.95
2017-02-27 18:00:00,53.1
2017-02-27 19:00:00,50.51
2017-02-27 20:00:00,44.39
2017-02-27 21:00:00,42.84
2017-02-27 22:00:00,39.22
2017-02-27 23:00:00,34.43
2017-02-28 00:00:00,32.3
2017-02-28 01:00:00,30.78
2017-02-28 02:00:00,22.0
2017-02-28 03:00:00,21.07
2017-02-28 04:00:00,26.07
2017-02-28 05:00:00,37.52
2017-02-28 06:00:00,41.43
2017-02-28 07:00:00,49.09
2017-02-28 08:00:00,47.52
2017-02-28 09:00:00,49.61
2017-02-28 10:00:00,48.41
2017-02-28 11:00:00,44.39
2017-02-28 12:00:00,39.8
2017-02-28 13:00:00,39.86
2017-02-28 14:00:00,39.17
2017-02-28 15:00:00,39.52
2017-02-28 16:00:00,40.13
2017-02-28 17:00:00,49.2
2017-02-28 18:00:00,53.12
2017-02-28 19:00:00,47.63
2017-02-28 20:00:00,38.78
2017-02-28 21:00:00,47.0
2017-02-28 22:00:00,38.69
2017-02-28 23:00:00,39.48
2017-03-01 00:00:00,32.56
2017-03-01 01:00:00,30.0
2017-03-01 02:00:00,29.99
2017-03-01 03:00:00,28.91
2017-03-01 04:00:00,34.69
2017-03-01 05:00:00,47.17
2017-03-01 06:00:00,52.0
2017-03-01 07:00:00,52.9
2017-03-01 08:00:00,54.04
2017-03-01 09:00:00,54.44
2017-03-01 10:00:00,53.12
2017-03-01 11:00:00,50.21
2017-03-01 12:00:00,50.1
2017-03-01 13:00:00,49.16
2017-03-01 14:00:00,46.96
2017-03-01 15:00:00,43.6
2017-03-01 16:00:00,46.82
2017-03-01 17:00:00,51.99
2017-03-01 18:00:00,55.4
2017-03-01 19:00:00,55.01
2017-03-01 20:00:00,45.47
2017-03-01 21:00:00,47.59
2017-03-01 22:00:00,45.76
2017-03-01 23:00:00,41.0
2017-03-02 00:00:00,31.54
2017-03-02 01:00:00,35.83
2017-03-02 02:00:00,31.2
2017-03-02 03:00:00,30.36
2017-03-02 04:00:00,32.43
2017-03-02 05:00:00,39.61
2017-03-02 06:00:00,51.77
2017-03-02 07:00:00,55.43
2017-03-02 08:00:00,55.69
2017-03-02 09:00:00,53.65
2017-03-02 10:00:00,52.81
2017-03-02 11:00:00,48.53
2017-03-02 12:00:00,47.16
2017-03-02 13:00:00,43.92
2017-03-02 14:00:00,43.21
2017-03-02 15:00:00,47.62
2017-03-02 16:00:00,51.32
2017-03-02 17:00:00,54.04
2017-03-02 18:00:00,57.57
2017-03-02 19:00:00,55.28
2017-03-02 20:00:00,53.01
2017-03-02 21:00:00,51.19
2017-03-02 22:00:00,47.86
2017-03-02 23:00:00,45.44
2017-03-03 00:00:00,42.1
2017-03-03 01:00:00,36.68
2017-03-03 02:00:00,33.82
2017-03-03 03:00:00,30.91
2017-03-03 04:00:00,32.36
2017-03-03 05:00:00,41.91
2017-03-03 06:00:00,48.0
2017-03-03 07:00:00,47.57
2017-03-03 08:00:00,46.5
2017-03-03 09:00:00,43.49
2017-03-03 10:00:00,43.47
2017-03-03 11:00:00,41.02
2017-03-03 12:00:00,39.83
2017-03-03 13:00:00,39.1
2017-03-03 14:00:00,37.3
2017-03-03 15:00:00,36.21
2017-03-03 16:00:00,38.15
2017-03-03 17:00:00,42.18
2017-03-03 18:00:00,44.95
2017-03-03 19:00:00,41.01
2017-03-03 20:00:00,35.29
2017-03-03 21:00:00,36.25
2017-03-03 22:00:00,34.56
2017-03-03 23:00:00,31.6
2017-03-04 00:00:00,30.25
2017-03-04 01:00:00,30.04
2017-03-04 02:00:00,28.44
2017-03-04 03:00:00,28.26
2017-03-04 04:00:00,29.22
2017-03-04 05:00:00,28.32
2017-03-04 06:00:00,30.0
2017-03-04 07:00:00,33.96
2017-03-04 08:00:00,39.34
2017-03-04 09:00:00,40.0
2017-03-04 10:00:00,40.1
2017-03-04 11:00:00,38.86
2017-03-04 12:00:00,35.45
2017-03-04 13:00:00,31.81
2017-03-04 14:00:00,33.67
2017-03-04 15:00:00,34.9
2017-03-04 16:00:00,40.44
2017-03-04 17:00:00,44.69
2017-03-04 18:00:00,47.25
2017-03-04 19:00:00,46.14
2017-03-04 20:00:00,38.79
2017-03-04 21:00:00,39.64
2017-03-04 22:00:00,39.55
2017-03-04 23:00:00,38.32
2017-03-05 00:00:00,30.5
2017-03-05 01:00:00,23.99
2017-03-05 02:00:00,16.29
2017-03-05 03:00:00,15.53
2017-03-05 04:00:00,12.4
2017-03-05 05:00:00,14.49
2017-03-05 06:00:00,13.66
2017-03-05 07:00:00,13.68
2017-03-05 08:00:00,15.57
2017-03-05 09:00:00,14.3
2017-03-05 10:00:00,13.96
2017-03-05 11:00:00,15.72
2017-03-05 12:00:00,13.59
2017-03-05 13:00:00,12.59
2017-03-05 14:00:00,12.94
2017-03-05 15:00:00,17.22
2017-03-05 16:00:00,27.06
2017-03-05 17:00:00,33.69
2017-03-05 18:00:00,37.95
2017-03-05 19:00:00,35.02
2017-03-05 20:00:00,32.85
2017-03-05 21:00:00,32.92
2017-03-05 22:00:00,31.67
2017-03-05 23:00:00,31.33
2017-03-06 00:00:00,29.04
2017-03-06 01:00:00,27.99
2017-03-06 02:00:00,25.35
2017-03-06 03:00:00,27.3
2017-03-06 04:00:00,29.07
2017-03-06 05:00:00,34.98
2017-03-06 06:00:00,42.4
2017-03-06 07:00:00,44.28
2017-03-06 08:00:00,47.03
2017-03-06 09:00:00,46.58
2017-03-06 10:00:00,46.36
2017-03-06 11:00:00,46.86
2017-03-06 12:00:00,46.7
2017-03-06 13:00:00,45.1
2017-03-06 14:00:00,43.2
2017-03-06 15:00:00,42.91
2017-03-06 16:00:00,46.15
2017-03-06 17:00:00,49.59
2017-03-06 18:00:00,55.1
2017-03-06 19:00:00,51.03
2017-03-06 20:00:00,40.45
2017-03-06 21:00:00,42.14
2017-03-06 22:00:00,41.2
2017-03-06 23:00:00,31.07
2017-03-07 00:00:00,30.01
2017-03-07 01:00:00,29.99
2017-03-07 02:00:00,29.64
2017-03-07 03:00:00,30.6
2017-03-07 04:00:00,32.98
2017-03-07 05:00:00,36.0
2017-03-07 06:00:00,50.19
2017-03-07 07:00:00,54.25
2017-03-07 08:00:00,54.1
2017-03-07 09:00:00,53.93
2017-03-07 10:00:00,51.98
2017-03-07 11:00:00,49.9
2017-03-07 12:00:00,49.07
2017-03-07 13:00:00,48.69
2017-03-07 14:00:00,47.75
2017-03-07 15:00:00,48.0
2017-03-07 16:00:00,50.31
2017-03-07 17:00:00,57.52
2017-03-07 18:00:00,61.05
2017-03-07 19:00:00,51.93
2017-03-07 20:00:00,47.44
2017-03-07 21:00:00,45.62
2017-03-07 22:00:00,42.52
2017-03-07 23:00:00,39.12
2017-03-08 00:00:00,35.99
2017-03-08 01:00:00,34.18
2017-03-08 02:00:00,31.38
2017-03-08 03:00:00,31.2
2017-03-08 04:00:00,32.06
2017-03-08 05:00:00,41.03
2017-03-08 06:00:00,50.02
2017-03-08 07:00:00,50.14
2017-03-08 08:00:00,50.6
2017-03-08 09:00:00,51.52
2017-03-08 10:00:00,49.02
2017-03-08 11:00:00,45.06
2017-03-08 12:00:00,44.13
2017-03-08 13:00:00,42.78
2017-03-08 14:00:00,39.18
2017-03-08 15:00:00,34.03
2017-03-08 16:00:00,42.39
2017-03-08 17:00:00,49.23
2017-03-08 18:00:00,55.98
2017-03-08 19:00:00,50.21
2017-03-08 20:00:00,46.86
2017-03-08 21:00:00,45.49
2017-03-08 22:00:00,41.2
2017-03-08 23:00:00,33.22
2017-03-09 00:00:00,30.74
2017-03-09 01:00:00,30.37
2017-03-09 02:00:00,29.3
2017-03-09 03:00:00,29.28
2017-03-09 04:00:00,31.12
2017-03-09 05:00:00,41.59
2017-03-09 06:00:00,48.67
2017-03-09 07:00:00,50.02
2017-03-09 08:00:00,49.02
2017-03-09 09:00:00,48.62
2017-03-09 10:00:00,47.16
2017-03-09 11:00:00,44.0
2017-03-09 12:00:00,42.02
2017-03-09 13:00:00,41.07
2017-03-09 14:00:00,36.89
2017-03-09 15:00:00,35.3
2017-03-09 16:00:00,42.77
2017-03-09 17:00:00,49.81
2017-03-09 18:00:00,53.49
2017-03-09 19:00:00,52.69
2017-03-09 20:00:00,49.23
2017-03-09 21:00:00,46.59
2017-03-09 22:00:00,46.59
2017-03-09 23:00:00,42.0
2017-03-10 00:00:00,35.19
2017-03-10 01:00:00,30.66
2017-03-10 02:00:00,30.64
2017-03-10 03:00:00,27.78
2017-03-10 04:00:00,31.16
2017-03-10 05:00:00,40.32
2017-03-10 06:00:00,49.59
2017-03-10 07:00:00,50.7
2017-03-10 08:00:00,50.23
2017-03-10 09:00:00,49.51
2017-03-10 10:00:00,46.48
2017-03-10 11:00:00,41.63
2017-03-10 12:00:00,39.08
2017-03-10 13:00:00,36.07
2017-03-10 14:00:00,35.52
2017-03-10 15:00:00,36.07
2017-03-10 16:00:00,40.37
2017-03-10 17:00:00,49.17
2017-03-10 18:00:00,53.56
2017-03-10 19:00:00,45.88
2017-03-10 20:00:00,39.67
2017-03-10 21:00:00,37.71
2017-03-10 22:00:00,34.25
2017-03-10 23:00:00,33.02
2017-03-11 00:00:00,31.53
2017-03-11 01:00:00,30.13
2017-03-11 02:00:00,29.64
2017-03-11 03:00:00,29.07
2017-03-11 04:00:00,30.0
2017-03-11 05:00:00,31.77
2017-03-11 06:00:00,32.4
2017-03-11 07:00:00,35.0
2017-03-11 08:00:00,35.05
2017-03-11 09:00:00,33.29
2017-03-11 10:00:00,32.1
2017-03-11 11:00:00,31.07
2017-03-11 12:00:00,30.19
2017-03-11 13:00:00,29.94
2017-03-11 14:00:00,29.98
2017-03-11 15:00:00,30.81
2017-03-11 16:00:00,34.66
2017-03-11 17:00:00,43.97
2017-03-11 18:00:00,45.91
2017-03-11 19:00:00,38.1
2017-03-11 20:00:00,32.26
2017-03-11 21:00:00,32.11
2017-03-11 22:00:00,35.01
2017-03-11 23:00:00,29.08
2017-03-12 00:00:00,26.06
2017-03-12 01:00:00,23.23
2017-03-12 02:00:00,18.07
2017-03-12 03:00:00,14.26
2017-03-12 04:00:00,15.47
2017-03-12 05:00:00,17.26
2017-03-12 06:00:00,15.0
2017-03-12 07:00:00,14.69
2017-03-12 08:00:00,16.61
2017-03-12 09:00:00,17.49
2017-03-12 10:00:00,18.43
2017-03-12 11:00:00,17.46
2017-03-12 12:00:00,15.22
2017-03-12 13:00:00,13.31
2017-03-12 14:00:00,12.29
2017-03-12 15:00:00,12.31
2017-03-12 16:00:00,24.78
2017-03-12 17:00:00,31.15
2017-03-12 18:00:00,38.94
2017-03-12 19:00:00,38.9
2017-03-12 20:00:00,32.96
2017-03-12 21:00:00,34.41
2017-03-12 22:00:00,32.04
2017-03-12 23:00:00,27.04
2017-03-13 00:00:00,27.0
2017-03-13 01:00:00,26.9
2017-03-13 02:00:00,19.62
2017-03-13 03:00:00,19.49
2017-03-13 04:00:00,27.65
2017-03-13 05:00:00,33.83
2017-03-13 06:00:00,41.0
2017-03-13 07:00:00,42.86
2017-03-13 08:00:00,40.0
2017-03-13 09:00:00,34.57
2017-03-13 10:00:00,32.89
2017-03-13 11:00:00,31.97
2017-03-13 12:00:00,32.2
2017-03-13 13:00:00,31.7
2017-03-13 14:00:00,32.0
2017-03-13 15:00:00,36.61
2017-03-13 16:00:00,41.82
2017-03-13 17:00:00,49.9
2017-03-13 18:00:00,56.99
2017-03-13 19:00:00,49.51
2017-03-13 20:00:00,44.94
2017-03-13 21:00:00,39.96
2017-03-13 22:00:00,33.55
2017-03-13 23:00:00,29.58
2017-03-14 00:00:00,28.61
2017-03-14 01:00:00,27.73
2017-03-14 02:00:00,27.75
2017-03-14 03:00:00,28.43
2017-03-14 04:00:00,29.49
2017-03-14 05:00:00,37.72
2017-03-14 06:00:00,44.92
2017-03-14 07:00:00,47.1
2017-03-14 08:00:00,45.82
2017-03-14 09:00:00,42.89
2017-03-14 10:00:00,39.18
2017-03-14 11:00:00,38.53
2017-03-14 12:00:00,37.89
2017-03-14 13:00:00,38.1
2017-03-14 14:00:00,37.53
2017-03-14 15:00:00,35.0
2017-03-14 16:00:00,41.35
2017-03-14 17:00:00,45.58
2017-03-14 18:00:00,51.57
2017-03-14 19:00:00,50.96
2017-03-14 20:00:00,42.69
2017-03-14 21:00:00,41.0
2017-03-14 22:00:00,40.01
2017-03-14 23:00:00,38.42
2017-03-15 00:00:00,32.14
2017-03-15 01:00:00,33.59
2017-03-15 02:00:00,29.68
2017-03-15 03:00:00,28.71
2017-03-15 04:00:00,33.44
2017-03-15 05:00:00,40.26
2017-03-15 06:00:00,48.9
2017-03-15 07:00:00,50.14
2017-03-15 08:00:00,47.69
2017-03-15 09:00:00,44.5
2017-03-15 10:00:00,41.2
2017-03-15 11:00:00,36.51
2017-03-15 12:00:00,35.09
2017-03-15 13:00:00,34.51
2017-03-15 14:00:00,33.43
2017-03-15 15:00:00,33.06
2017-03-15 16:00:00,41.0
2017-03-15 17:00:00,47.97
2017-03-15 18:00:00,52.09
2017-03-15 19:00:00,45.4
2017-03-15 20:00:00,38.1
2017-03-15 21:00:00,34.82
2017-03-15 22:00:00,31.59
2017-03-15 23:00:00,31.46
2017-03-16 00:00:00,30.21
2017-03-16 01:00:00,29.35
2017-03-16 02:00:00,28.29
2017-03-16 03:00:00,29.37
2017-03-16 04:00:00,30.38
2017-03-16 05:00:00,38.48
2017-03-16 06:00:00,45.18
2017-03-16 07:00:00,43.05
2017-03-16 08:00:00,40.36
2017-03-16 09:00:00,38.71
2017-03-16 10:00:00,35.49
2017-03-16 11:00:00,33.15
2017-03-16 12:00:00,30.93
2017-03-16 13:00:00,30.19
2017-03-16 14:00:00,30.28
2017-03-16 15:00:00,33.5
2017-03-16 16:00:00,39.9
2017-03-16 17:00:00,45.59
2017-03-16 18:00:00,50.1
2017-03-16 19:00:00,42.92
2017-03-16 20:00:00,37.62
2017-03-16 21:00:00,42.03
2017-03-16 22:00:00,39.39
2017-03-16 23:00:00,35.21
2017-03-17 00:00:00,29.96
2017-03-17 01:00:00,29.9
2017-03-17 02:00:00,25.1
2017-03-17 03:00:00,26.71
2017-03-17 04:00:00,30.02
2017-03-17 05:00:00,40.26
2017-03-17 06:00:00,44.8
2017-03-17 07:00:00,45.41
2017-03-17 08:00:00,42.26
2017-03-17 09:00:00,38.94
2017-03-17 10:00:00,35.82
2017-03-17 11:00:00,38.2
2017-03-17 12:00:00,36.1
2017-03-17 13:00:00,32.45
2017-03-17 14:00:00,30.5
2017-03-17 15:00:00,28.91
2017-03-17 16:00:00,30.96
2017-03-17 17:00:00,38.1
2017-03-17 18:00:00,45.45
2017-03-17 19:00:00,40.76
2017-03-17 20:00:00,36.09
2017-03-17 21:00:00,36.98
2017-03-17 22:00:00,38.88
2017-03-17 23:00:00,29.91
2017-03-18 00:00:00,28.26
2017-03-18 01:00:00,23.93
2017-03-18 02:00:00,21.49
2017-03-18 03:00:00,11.36
2017-03-18 04:00:00,16.39
2017-03-18 05:00:00,21.97
2017-03-18 06:00:00,18.35
2017-03-18 07:00:00,22.01
2017-03-18 08:00:00,28.38
2017-03-18 09:00:00,27.91
2017-03-18 10:00:00,28.78
2017-03-18 11:00:00,27.62
2017-03-18 12:00:00,21.1
2017-03-18 13:00:00,16.03
2017-03-18 14:00:00,16.92
2017-03-18 15:00:00,20.02
2017-03-18 16:00:00,28.84
2017-03-18 17:00:00,32.31
2017-03-18 18:00:00,40.45
2017-03-18 19:00:00,35.41
2017-03-18 20:00:00,31.97
2017-03-18 21:00:00,34.1
2017-03-18 22:00:00,32.29
2017-03-18 23:00:00,19.64
2017-03-19 00:00:00,15.79
2017-03-19 01:00:00,16.12
2017-03-19 02:00:00,12.67
2017-03-19 03:00:00,13.43
2017-03-19 04:00:00,12.47
2017-03-19 05:00:00,11.62
2017-03-19 06:00:00,9.64
2017-03-19 07:00:00,13.73
2017-03-19 08:00:00,18.44
2017-03-19 09:00:00,23.75
2017-03-19 10:00:00,19.7
2017-03-19 11:00:00,20.41
2017-03-19 12:00:00,15.97
2017-03-19 13:00:00,13.59
2017-03-19 14:00:00,11.82
2017-03-19 15:00:00,11.83
2017-03-19 16:00:00,13.03
2017-03-19 17:00:00,25.89
2017-03-19 18:00:00,38.02
2017-03-19 19:00:00,39.25
2017-03-19 20:00:00,35.5
2017-03-19 21:00:00,36.93
2017-03-19 22:00:00,38.31
2017-03-19 23:00:00,29.95
2017-03-20 00:00:00,20.95
2017-03-20 01:00:00,17.36
2017-03-20 02:00:00,20.01
2017-03-20 03:00:00,22.06
2017-03-20 04:00:00,26.08
2017-03-20 05:00:00,36.3
2017-03-20 06:00:00,40.98
2017-03-20 07:00:00,42.31
2017-03-20 08:00:00,40.15
2017-03-20 09:00:00,39.36
2017-03-20 10:00:00,38.72
2017-03-20 11:00:00,35.0
2017-03-20 12:00:00,32.9
2017-03-20 13:00:00,31.76
2017-03-20 14:00:00,30.82
2017-03-20 15:00:00,30.56
2017-03-20 16:00:00,32.0
2017-03-20 17:00:00,38.38
2017-03-20 18:00:00,45.84
2017-03-20 19:00:00,41.06
2017-03-20 20:00:00,33.57
2017-03-20 21:00:00,31.38
2017-03-20 22:00:00,32.09
2017-03-20 23:00:00,26.78
2017-03-21 00:00:00,21.35
2017-03-21 01:00:00,20.93
2017-03-21 02:00:00,19.45
2017-03-21 03:00:00,22.6
2017-03-21 04:00:00,31.89
2017-03-21 05:00:00,36.64
2017-03-21 06:00:00,48.65
2017-03-21 07:00:00,51.02
2017-03-21 08:00:00,52.15
2017-03-21 09:00:00,50.87
2017-03-21 10:00:00,43.27
2017-03-21 11:00:00,41.34
2017-03-21 12:00:00,41.35
2017-03-21 13:00:00,42.57
2017-03-21 14:00:00,43.08
2017-03-21 15:00:00,44.43
2017-03-21 16:00:00,47.49
2017-03-21 17:00:00,48.0
2017-03-21 18:00:00,49.69
2017-03-21 19:00:00,44.91
2017-03-21 20:00:00,37.75
2017-03-21 21:00:00,40.25
2017-03-21 22:00:00,34.39
2017-03-21 23:00:00,30.45
2017-03-22 00:00:00,29.98
2017-03-22 01:00:00,29.2
2017-03-22 02:00:00,29.05
2017-03-22 03:00:00,29.05
2017-03-22 04:00:00,30.41
2017-03-22 05:00:00,35.19
2017-03-22 06:00:00,40.19
2017-03-22 07:00:00,43.02
2017-03-22 08:00:00,41.74
2017-03-22 09:00:00,37.54
2017-03-22 10:00:00,36.69
2017-03-22 11:00:00,36.25
2017-03-22 12:00:00,35.95
2017-03-22 13:00:00,35.02
2017-03-22 14:00:00,36.35
2017-03-22 15:00:00,36.9
2017-03-22 16:00:00,39.6
2017-03-22 17:00:00,42.4
2017-03-22 18:00:00,48.42
2017-03-22 19:00:00,48.47
2017-03-22 20:00:00,44.62
2017-03-22 21:00:00,44.92
2017-03-22 22:00:00,41.56
2017-03-22 23:00:00,31.16
2017-03-23 00:00:00,29.1
2017-03-23 01:00:00,28.91
2017-03-23 02:00:00,28.65
2017-03-23 03:00:00,28.53
2017-03-23 04:00:00,30.72
2017-03-23 05:00:00,32.38
2017-03-23 06:00:00,39.61
2017-03-23 07:00:00,40.5
2017-03-23 08:00:00,40.54
2017-03-23 09:00:00,41.72
2017-03-23 10:00:00,42.52
2017-03-23 11:00:00,39.51
2017-03-23 12:00:00,38.3
2017-03-23 13:00:00,37.69
2017-03-23 14:00:00,35.63
2017-03-23 15:00:00,37.91
2017-03-23 16:00:00,37.92
2017-03-23 17:00:00,40.0
2017-03-23 18:00:00,52.14
2017-03-23 19:00:00,43.94
2017-03-23 20:00:00,35.58
2017-03-23 21:00:00,36.06
2017-03-23 22:00:00,37.17
2017-03-23 23:00:00,36.26
2017-03-24 00:00:00,29.13
2017-03-24 01:00:00,29.23
2017-03-24 02:00:00,28.87
2017-03-24 03:00:00,29.0
2017-03-24 04:00:00,30.14
2017-03-24 05:00:00,37.91
2017-03-24 06:00:00,45.72
2017-03-24 07:00:00,43.79
2017-03-24 08:00:00,41.09
2017-03-24 09:00:00,41.07
2017-03-24 10:00:00,39.43
2017-03-24 11:00:00,37.84
2017-03-24 12:00:00,38.0
2017-03-24 13:00:00,37.31
2017-03-24 14:00:00,30.52
2017-03-24 15:00:00,31.2
2017-03-24 16:00:00,36.63
2017-03-24 17:00:00,40.59
2017-03-24 18:00:00,42.96
2017-03-24 19:00:00,38.92
2017-03-24 20:00:00,34.85
2017-03-24 21:00:00,34.37
2017-03-24 22:00:00,32.48
2017-03-24 23:00:00,32.64
2017-03-25 00:00:00,29.14
2017-03-25 01:00:00,28.32
2017-03-25 02:00:00,27.13
2017-03-25 03:00:00,27.02
2017-03-25 04:00:00,27.56
2017-03-25 05:00:00,28.55
2017-03-25 06:00:00,29.92
2017-03-25 07:00:00,30.21
2017-03-25 08:00:00,31.07
2017-03-25 09:00:00,28.56
2017-03-25 10:00:00,26.46
2017-03-25 11:00:00,24.27
2017-03-25 12:00:00,21.09
2017-03-25 13:00:00,15.97
2017-03-25 14:00:00,17.26
2017-03-25 15:00:00,21.62
2017-03-25 16:00:00,28.04
2017-03-25 17:00:00,33.06
2017-03-25 18:00:00,39.17
2017-03-25 19:00:00,37.6
2017-03-25 20:00:00,33.31
2017-03-25 21:00:00,32.94
2017-03-25 22:00:00,29.15
2017-03-25 23:00:00,29.62
2017-03-26 00:00:00,28.09
2017-03-26 01:00:00,26.97
2017-03-26 02:00:00,26.62
2017-03-26 03:00:00,24.65
2017-03-26 04:00:00,26.87
2017-03-26 05:00:00,27.67
2017-03-26 06:00:00,28.43
2017-03-26 07:00:00,29.05
2017-03-26 08:00:00,27.45
2017-03-26 09:00:00,26.52
2017-03-26 10:00:00,26.94
2017-03-26 11:00:00,22.68
2017-03-26 12:00:00,16.17
2017-03-26 13:00:00,16.97
2017-03-26 14:00:00,17.65
2017-03-26 15:00:00,20.24
2017-03-26 16:00:00,31.07
2017-03-26 17:00:00,35.82
2017-03-26 18:00:00,40.07
2017-03-26 19:00:00,39.64
2017-03-26 20:00:00,38.79
2017-03-26 21:00:00,38.06
2017-03-26 22:00:00,30.76
2017-03-26 23:00:00,28.63
2017-03-27 00:00:00,28.63
2017-03-27 01:00:00,27.62
2017-03-27 02:00:00,27.33
2017-03-27 03:00:00,30.1
2017-03-27 04:00:00,39.31
2017-03-27 05:00:00,48.0
2017-03-27 06:00:00,48.16
2017-03-27 07:00:00,40.91
2017-03-27 08:00:00,36.56
2017-03-27 09:00:00,33.24
2017-03-27 10:00:00,30.48
2017-03-27 11:00:00,29.67
2017-03-27 12:00:00,29.11
2017-03-27 13:00:00,28.92
2017-03-27 14:00:00,29.9
2017-03-27 15:00:00,32.35
2017-03-27 16:00:00,34.86
2017-03-27 17:00:00,45.26
2017-03-27 18:00:00,46.27
2017-03-27 19:00:00,39.98
2017-03-27 20:00:00,37.94
2017-03-27 21:00:00,32.4
2017-03-27 22:00:00,28.71
2017-03-27 23:00:00,28.07
2017-03-28 00:00:00,27.43
2017-03-28 01:00:00,27.24
2017-03-28 02:00:00,27.72
2017-03-28 03:00:00,29.06
2017-03-28 04:00:00,38.91
2017-03-28 05:00:00,46.13
2017-03-28 06:00:00,50.0
2017-03-28 07:00:00,43.03
2017-03-28 08:00:00,39.96
2017-03-28 09:00:00,37.4
2017-03-28 10:00:00,32.29
2017-03-28 11:00:00,30.71
2017-03-28 12:00:00,29.98
2017-03-28 13:00:00,30.0
2017-03-28 14:00:00,30.05
2017-03-28 15:00:00,32.16
2017-03-28 16:00:00,37.46
2017-03-28 17:00:00,41.41
2017-03-28 18:00:00,41.01
2017-03-28 19:00:00,36.4
2017-03-28 20:00:00,33.56
2017-03-28 21:00:00,31.21
2017-03-28 22:00:00,29.34
2017-03-28 23:00:00,28.1
2017-03-29 00:00:00,26.99
2017-03-29 01:00:00,26.07
2017-03-29 02:00:00,26.09
2017-03-29 03:00:00,26.95
2017-03-29 04:00:00,36.3
2017-03-29 05:00:00,45.28
2017-03-29 06:00:00,47.51
2017-03-29 07:00:00,49.0
2017-03-29 08:00:00,43.58
2017-03-29 09:00:00,40.7
2017-03-29 10:00:00,36.99
2017-03-29 11:00:00,34.2
2017-03-29 12:00:00,34.02
2017-03-29 13:00:00,30.42
2017-03-29 14:00:00,30.65
2017-03-29 15:00:00,31.23
2017-03-29 16:00:00,35.19
2017-03-29 17:00:00,40.47
2017-03-29 18:00:00,41.81
2017-03-29 19:00:00,37.66
2017-03-29 20:00:00,35.07
2017-03-29 21:00:00,30.72
2017-03-29 22:00:00,28.73
2017-03-29 23:00:00,28.02
2017-03-30 00:00:00,27.3
2017-03-30 01:00:00,26.38
2017-03-30 02:00:00,26.38
2017-03-30 03:00:00,26.38
2017-03-30 04:00:00,34.29
2017-03-30 05:00:00,43.06
2017-03-30 06:00:00,46.01
2017-03-30 07:00:00,42.86
2017-03-30 08:00:00,39.93
2017-03-30 09:00:00,38.42
2017-03-30 10:00:00,33.01
2017-03-30 11:00:00,30.98
2017-03-30 12:00:00,29.58
2017-03-30 13:00:00,29.07
2017-03-30 14:00:00,28.93
2017-03-30 15:00:00,30.43
2017-03-30 16:00:00,35.93
2017-03-30 17:00:00,40.46
2017-03-30 18:00:00,40.07
2017-03-30 19:00:00,35.0
2017-03-30 20:00:00,32.47
2017-03-30 21:00:00,28.94
2017-03-30 22:00:00,26.91
2017-03-30 23:00:00,25.03
2017-03-31 00:00:00,24.45
2017-03-31 01:00:00,23.05
2017-03-31 02:00:00,23.45
2017-03-31 03:00:00,27.24
2017-03-31 04:00:00,33.09
2017-03-31 05:00:00,37.95
2017-03-31 06:00:00,38.99
2017-03-31 07:00:00,37.97
2017-03-31 08:00:00,35.93
2017-03-31 09:00:00,33.32
2017-03-31 10:00:00,32.22
2017-03-31 11:00:00,30.0
2017-03-31 12:00:00,29.6
2017-03-31 13:00:00,28.83
2017-03-31 14:00:00,28.66
2017-03-31 15:00:00,30.43
2017-03-31 16:00:00,34.67
2017-03-31 17:00:00,38.98
2017-03-31 18:00:00,39.96
2017-03-31 19:00:00,38.43
2017-03-31 20:00:00,37.71
2017-03-31 21:00:00,37.09
2017-03-31 22:00:00,33.03
2017-03-31 23:00:00,28.73
2017-04-01 00:00:00,28.08
2017-04-01 01:00:00,26.9
2017-04-01 02:00:00,27.0
2017-04-01 03:00:00,27.98
2017-04-01 04:00:00,29.87
2017-04-01 05:00:00,32.09
2017-04-01 06:00:00,34.42
2017-04-01 07:00:00,35.1
2017-04-01 08:00:00,32.85
2017-04-01 09:00:00,31.93
2017-04-01 10:00:00,31.6
2017-04-01 11:00:00,29.41
2017-04-01 12:00:00,26.62
2017-04-01 13:00:00,25.3
2017-04-01 14:00:00,24.83
2017-04-01 15:00:00,26.75
2017-04-01 16:00:00,32.83
2017-04-01 17:00:00,38.49
2017-04-01 18:00:00,39.6
2017-04-01 19:00:00,38.98
2017-04-01 20:00:00,37.96
2017-04-01 21:00:00,34.76
2017-04-01 22:00:00,32.92
2017-04-01 23:00:00,30.3
2017-04-02 00:00:00,28.79
2017-04-02 01:00:00,26.92
2017-04-02 02:00:00,26.49
2017-04-02 03:00:00,26.42
2017-04-02 04:00:00,26.91
2017-04-02 05:00:00,27.7
2017-04-02 06:00:00,29.06
2017-04-02 07:00:00,29.7
2017-04-02 08:00:00,29.6
2017-04-02 09:00:00,29.05
2017-04-02 10:00:00,27.82
2017-04-02 11:00:00,26.21
2017-04-02 12:00:00,22.65
2017-04-02 13:00:00,22.08
2017-04-02 14:00:00,23.31
2017-04-02 15:00:00,26.0
2017-04-02 16:00:00,29.6
2017-04-02 17:00:00,39.1
2017-04-02 18:00:00,42.22
2017-04-02 19:00:00,43.0
2017-04-02 20:00:00,40.67
2017-04-02 21:00:00,41.2
2017-04-02 22:00:00,37.68
2017-04-02 23:00:00,31.95
2017-04-03 00:00:00,29.88
2017-04-03 01:00:00,28.75
2017-04-03 02:00:00,28.44
2017-04-03 03:00:00,31.64
2017-04-03 04:00:00,41.77
2017-04-03 05:00:00,49.28
2017-04-03 06:00:00,54.02
2017-04-03 07:00:00,50.0
2017-04-03 08:00:00,48.43
2017-04-03 09:00:00,44.95
2017-04-03 10:00:00,38.93
2017-04-03 11:00:00,36.68
2017-04-03 12:00:00,32.94
2017-04-03 13:00:00,30.91
2017-04-03 14:00:00,31.72
2017-04-03 15:00:00,32.19
2017-04-03 16:00:00,37.46
2017-04-03 17:00:00,41.78
2017-04-03 18:00:00,43.59
2017-04-03 19:00:00,38.97
2017-04-03 20:00:00,35.18
2017-04-03 21:00:00,31.08
2017-04-03 22:00:00,33.1
2017-04-03 23:00:00,30.13
2017-04-04 00:00:00,29.29
2017-04-04 01:00:00,29.47
2017-04-04 02:00:00,29.8
2017-04-04 03:00:00,31.83
2017-04-04 04:00:00,41.17
2017-04-04 05:00:00,51.01
2017-04-04 06:00:00,52.39
2017-04-04 07:00:00,50.94
2017-04-04 08:00:00,43.3
2017-04-04 09:00:00,42.33
2017-04-04 10:00:00,39.16
2017-04-04 11:00:00,37.72
2017-04-04 12:00:00,34.6
2017-04-04 13:00:00,34.45
2017-04-04 14:00:00,34.45
2017-04-04 15:00:00,37.49
2017-04-04 16:00:00,41.59
2017-04-04 17:00:00,45.26
2017-04-04 18:00:00,47.57
2017-04-04 19:00:00,40.07
2017-04-04 20:00:00,38.91
2017-04-04 21:00:00,33.88
2017-04-04 22:00:00,30.0
2017-04-04 23:00:00,29.64
2017-04-05 00:00:00,28.39
2017-04-05 01:00:00,27.94
2017-04-05 02:00:00,27.49
2017-04-05 03:00:00,29.65
2017-04-05 04:00:00,37.1
2017-04-05 05:00:00,44.2
2017-04-05 06:00:00,48.1
2017-04-05 07:00:00,45.02
2017-04-05 08:00:00,41.75
2017-04-05 09:00:00,40.99
2017-04-05 10:00:00,41.0
2017-04-05 11:00:00,37.43
2017-04-05 12:00:00,32.25
2017-04-05 13:00:00,32.45
2017-04-05 14:00:00,31.24
2017-04-05 15:00:00,30.06
2017-04-05 16:00:00,31.52
2017-04-05 17:00:00,37.03
2017-04-05 18:00:00,38.61
2017-04-05 19:00:00,35.75
2017-04-05 20:00:00,38.39
2017-04-05 21:00:00,37.41
2017-04-05 22:00:00,33.81
2017-04-05 23:00:00,30.59
2017-04-06 00:00:00,30.26
2017-04-06 01:00:00,29.27
2017-04-06 02:00:00,29.07
2017-04-06 03:00:00,30.34
2017-04-06 04:00:00,37.0
2017-04-06 05:00:00,44.22
2017-04-06 06:00:00,45.5
2017-04-06 07:00:00,42.71
2017-04-06 08:00:00,40.11
2017-04-06 09:00:00,39.1
2017-04-06 10:00:00,39.68
2017-04-06 11:00:00,37.38
2017-04-06 12:00:00,33.74
2017-04-06 13:00:00,30.03
2017-04-06 14:00:00,28.08
2017-04-06 15:00:00,32.12
2017-04-06 16:00:00,38.05
2017-04-06 17:00:00,40.98
2017-04-06 18:00:00,40.87
2017-04-06 19:00:00,38.04
2017-04-06 20:00:00,36.43
2017-04-06 21:00:00,33.61
2017-04-06 22:00:00,35.19
2017-04-06 23:00:00,32.6
2017-04-07 00:00:00,30.38
2017-04-07 01:00:00,29.9
2017-04-07 02:00:00,29.9
2017-04-07 03:00:00,31.02
2017-04-07 04:00:00,40.82
2017-04-07 05:00:00,46.85
2017-04-07 06:00:00,52.07
2017-04-07 07:00:00,50.0
2017-04-07 08:00:00,46.04
2017-04-07 09:00:00,46.34
2017-04-07 10:00:00,39.42
2017-04-07 11:00:00,37.07
2017-04-07 12:00:00,35.88
2017-04-07 13:00:00,32.97
2017-04-07 14:00:00,32.98
2017-04-07 15:00:00,36.09
2017-04-07 16:00:00,39.12
2017-04-07 17:00:00,39.91
2017-04-07 18:00:00,39.96
2017-04-07 19:00:00,39.31
2017-04-07 20:00:00,39.64
2017-04-07 21:00:00,38.73
2017-04-07 22:00:00,32.71
2017-04-07 23:00:00,32.28
2017-04-08 00:00:00,32.81
2017-04-08 01:00:00,31.5
2017-04-08 02:00:00,30.44
2017-04-08 03:00:00,31.7
2017-04-08 04:00:00,34.72
2017-04-08 05:00:00,37.91
2017-04-08 06:00:00,39.43
2017-04-08 07:00:00,38.99
2017-04-08 08:00:00,35.81
2017-04-08 09:00:00,34.94
2017-04-08 10:00:00,30.66
2017-04-08 11:00:00,29.66
2017-04-08 12:00:00,28.17
2017-04-08 13:00:00,27.02
2017-04-08 14:00:00,27.9
2017-04-08 15:00:00,29.71
2017-04-08 16:00:00,35.85
2017-04-08 17:00:00,39.3
2017-04-08 18:00:00,41.88
2017-04-08 19:00:00,41.58
2017-04-08 20:00:00,42.07
2017-04-08 21:00:00,39.02
2017-04-08 22:00:00,33.98
2017-04-08 23:00:00,32.1
2017-04-09 00:00:00,32.29
2017-04-09 01:00:00,33.04
2017-04-09 02:00:00,28.46
2017-04-09 03:00:00,28.09
2017-04-09 04:00:00,28.94
2017-04-09 05:00:00,30.52
2017-04-09 06:00:00,30.63
2017-04-09 07:00:00,29.44
2017-04-09 08:00:00,27.78
2017-04-09 09:00:00,26.7
2017-04-09 10:00:00,25.14
2017-04-09 11:00:00,22.72
2017-04-09 12:00:00,16.7
2017-04-09 13:00:00,15.0
2017-04-09 14:00:00,18.41
2017-04-09 15:00:00,23.74
2017-04-09 16:00:00,32.4
2017-04-09 17:00:00,38.24
2017-04-09 18:00:00,39.53
2017-04-09 19:00:00,37.57
2017-04-09 20:00:00,36.61
2017-04-09 21:00:00,38.78
2017-04-09 22:00:00,28.48
2017-04-09 23:00:00,24.6
2017-04-10 00:00:00,23.32
2017-04-10 01:00:00,17.78
2017-04-10 02:00:00,22.59
2017-04-10 03:00:00,27.18
2017-04-10 04:00:00,39.36
2017-04-10 05:00:00,41.25
2017-04-10 06:00:00,40.43
2017-04-10 07:00:00,42.5
2017-04-10 08:00:00,39.27
2017-04-10 09:00:00,38.65
2017-04-10 10:00:00,36.74
2017-04-10 11:00:00,35.79
2017-04-10 12:00:00,34.93
2017-04-10 13:00:00,31.6
2017-04-10 14:00:00,30.16
2017-04-10 15:00:00,28.9
2017-04-10 16:00:00,37.22
2017-04-10 17:00:00,38.32
2017-04-10 18:00:00,38.74
2017-04-10 19:00:00,38.05
2017-04-10 20:00:00,37.94
2017-04-10 21:00:00,38.29
2017-04-10 22:00:00,34.1
2017-04-10 23:00:00,29.13
2017-04-11 00:00:00,28.48
2017-04-11 01:00:00,25.92
2017-04-11 02:00:00,26.12
2017-04-11 03:00:00,28.51
2017-04-11 04:00:00,37.91
2017-04-11 05:00:00,43.02
2017-04-11 06:00:00,47.36
2017-04-11 07:00:00,43.02
2017-04-11 08:00:00,43.39
2017-04-11 09:00:00,39.28
2017-04-11 10:00:00,35.39
2017-04-11 11:00:00,33.73
2017-04-11 12:00:00,33.55
2017-04-11 13:00:00,31.96
2017-04-11 14:00:00,31.83
2017-04-11 15:00:00,35.3
2017-04-11 16:00:00,37.95
2017-04-11 17:00:00,43.1
2017-04-11 18:00:00,43.27
2017-04-11 19:00:00,38.38
2017-04-11 20:00:00,37.08
2017-04-11 21:00:00,34.32
2017-04-11 22:00:00,38.29
2017-04-11 23:00:00,28.17
2017-04-12 00:00:00,29.62
2017-04-12 01:00:00,28.32
2017-04-12 02:00:00,25.74
2017-04-12 03:00:00,32.97
2017-04-12 04:00:00,38.99
2017-04-12 05:00:00,45.86
2017-04-12 06:00:00,50.06
2017-04-12 07:00:00,50.04
2017-04-12 08:00:00,41.9
2017-04-12 09:00:00,37.7
2017-04-12 10:00:00,37.4
2017-04-12 11:00:00,34.9
2017-04-12 12:00:00,32.4
2017-04-12 13:00:00,28.33
2017-04-12 14:00:00,26.12
2017-04-12 15:00:00,28.88
2017-04-12 16:00:00,31.49
2017-04-12 17:00:00,33.78
2017-04-12 18:00:00,36.91
2017-04-12 19:00:00,38.7
2017-04-12 20:00:00,39.15
2017-04-12 21:00:00,39.3
2017-04-12 22:00:00,36.18
2017-04-12 23:00:00,34.34
2017-04-13 00:00:00,28.49
2017-04-13 01:00:00,23.86
2017-04-13 02:00:00,23.81
2017-04-13 03:00:00,27.06
2017-04-13 04:00:00,31.95
2017-04-13 05:00:00,38.17
2017-04-13 06:00:00,42.34
2017-04-13 07:00:00,41.72
2017-04-13 08:00:00,40.71
2017-04-13 09:00:00,38.81
2017-04-13 10:00:00,36.0
2017-04-13 11:00:00,33.76
2017-04-13 12:00:00,34.7
2017-04-13 13:00:00,33.07
2017-04-13 14:00:00,29.97
2017-04-13 15:00:00,31.87
2017-04-13 16:00:00,35.93
2017-04-13 17:00:00,40.0
2017-04-13 18:00:00,42.24
2017-04-13 19:00:00,39.25
2017-04-13 20:00:00,38.03
2017-04-13 21:00:00,35.06
2017-04-13 22:00:00,32.47
2017-04-13 23:00:00,29.17
2017-04-14 00:00:00,28.47
2017-04-14 01:00:00,27.63
2017-04-14 02:00:00,27.07
2017-04-14 03:00:00,28.42
2017-04-14 04:00:00,31.37
2017-04-14 05:00:00,35.77
2017-04-14 06:00:00,37.78
2017-04-14 07:00:00,41.39
2017-04-14 08:00:00,41.05
2017-04-14 09:00:00,39.61
2017-04-14 10:00:00,37.44
2017-04-14 11:00:00,33.05
2017-04-14 12:00:00,32.4
2017-04-14 13:00:00,30.14
2017-04-14 14:00:00,30.29
2017-04-14 15:00:00,32.43
2017-04-14 16:00:00,36.9
2017-04-14 17:00:00,38.74
2017-04-14 18:00:00,38.37
2017-04-14 19:00:00,38.55
2017-04-14 20:00:00,37.45
2017-04-14 21:00:00,38.24
2017-04-14 22:00:00,36.09
2017-04-14 23:00:00,31.19
2017-04-15 00:00:00,29.62
2017-04-15 01:00:00,29.69
2017-04-15 02:00:00,28.34
2017-04-15 03:00:00,29.65
2017-04-15 04:00:00,27.23
2017-04-15 05:00:00,26.86
2017-04-15 06:00:00,36.46
2017-04-15 07:00:00,39.99
2017-04-15 08:00:00,39.21
2017-04-15 09:00:00,38.0
2017-04-15 10:00:00,35.96
2017-04-15 11:00:00,29.98
2017-04-15 12:00:00,25.24
2017-04-15 13:00:00,24.53
2017-04-15 14:00:00,21.02
2017-04-15 15:00:00,19.97
2017-04-15 16:00:00,22.78
2017-04-15 17:00:00,25.15
2017-04-15 18:00:00,26.23
2017-04-15 19:00:00,30.06
2017-04-15 20:00:00,44.67
2017-04-15 21:00:00,46.07
2017-04-15 22:00:00,46.95
2017-04-15 23:00:00,38.59
2017-04-16 00:00:00,35.51
2017-04-16 01:00:00,30.36
2017-04-16 02:00:00,26.06
2017-04-16 03:00:00,25.0
2017-04-16 04:00:00,27.08
2017-04-16 05:00:00,24.33
2017-04-16 06:00:00,33.32
2017-04-16 07:00:00,37.84
2017-04-16 08:00:00,34.21
2017-04-16 09:00:00,30.01
2017-04-16 10:00:00,29.05
2017-04-16 11:00:00,23.1
2017-04-16 12:00:00,18.15
2017-04-16 13:00:00,17.57
2017-04-16 14:00:00,19.13
2017-04-16 15:00:00,24.66
2017-04-16 16:00:00,31.25
2017-04-16 17:00:00,31.15
2017-04-16 18:00:00,33.95
2017-04-16 19:00:00,36.83
2017-04-16 20:00:00,40.25
2017-04-16 21:00:00,38.85
2017-04-16 22:00:00,35.59
2017-04-16 23:00:00,27.26
2017-04-17 00:00:00,25.26
2017-04-17 01:00:00,24.23
2017-04-17 02:00:00,24.7
2017-04-17 03:00:00,27.95
2017-04-17 04:00:00,28.52
2017-04-17 05:00:00,27.44
2017-04-17 06:00:00,29.9
2017-04-17 07:00:00,30.17
2017-04-17 08:00:00,29.6
2017-04-17 09:00:00,29.0
2017-04-17 10:00:00,27.25
2017-04-17 11:00:00,23.66
2017-04-17 12:00:00,18.04
2017-04-17 13:00:00,9.28
2017-04-17 14:00:00,9.36
2017-04-17 15:00:00,17.8
2017-04-17 16:00:00,25.36
2017-04-17 17:00:00,32.15
2017-04-17 18:00:00,33.91
2017-04-17 19:00:00,36.81
2017-04-17 20:00:00,38.08
2017-04-17 21:00:00,33.11
2017-04-17 22:00:00,35.03
2017-04-17 23:00:00,29.27
2017-04-18 00:00:00,29.56
2017-04-18 01:00:00,27.78
2017-04-18 02:00:00,27.75
2017-04-18 03:00:00,30.91
2017-04-18 04:00:00,39.94
2017-04-18 05:00:00,43.35
2017-04-18 06:00:00,47.08
2017-04-18 07:00:00,45.1
2017-04-18 08:00:00,41.36
2017-04-18 09:00:00,39.81
2017-04-18 10:00:00,36.11
2017-04-18 11:00:00,33.83
2017-04-18 12:00:00,31.04
2017-04-18 13:00:00,30.43
2017-04-18 14:00:00,30.1
2017-04-18 15:00:00,30.85
2017-04-18 16:00:00,33.92
2017-04-18 17:00:00,38.87
2017-04-18 18:00:00,38.0
2017-04-18 19:00:00,38.78
2017-04-18 20:00:00,39.82
2017-04-18 21:00:00,37.95
2017-04-18 22:00:00,36.89
2017-04-18 23:00:00,33.44
2017-04-19 00:00:00,31.2
2017-04-19 01:00:00,30.25
2017-04-19 02:00:00,30.83
2017-04-19 03:00:00,31.81
2017-04-19 04:00:00,38.9
2017-04-19 05:00:00,46.88
2017-04-19 06:00:00,49.54
2017-04-19 07:00:00,48.02
2017-04-19 08:00:00,43.64
2017-04-19 09:00:00,40.0
2017-04-19 10:00:00,37.5
2017-04-19 11:00:00,36.61
2017-04-19 12:00:00,34.47
2017-04-19 13:00:00,33.07
2017-04-19 14:00:00,33.73
2017-04-19 15:00:00,36.89
2017-04-19 16:00:00,38.92
2017-04-19 17:00:00,41.19
2017-04-19 18:00:00,44.01
2017-04-19 19:00:00,43.06
2017-04-19 20:00:00,41.1
2017-04-19 21:00:00,37.09
2017-04-19 22:00:00,36.89
2017-04-19 23:00:00,35.11
2017-04-20 00:00:00,32.44
2017-04-20 01:00:00,31.89
2017-04-20 02:00:00,32.88
2017-04-20 03:00:00,35.05
2017-04-20 04:00:00,42.03
2017-04-20 05:00:00,48.41
2017-04-20 06:00:00,52.0
2017-04-20 07:00:00,48.69
2017-04-20 08:00:00,45.6
2017-04-20 09:00:00,42.57
2017-04-20 10:00:00,39.62
2017-04-20 11:00:00,36.95
2017-04-20 12:00:00,35.91
2017-04-20 13:00:00,35.44
2017-04-20 14:00:00,34.84
2017-04-20 15:00:00,36.89
2017-04-20 16:00:00,39.94
2017-04-20 17:00:00,45.01
2017-04-20 18:00:00,46.61
2017-04-20 19:00:00,46.84
2017-04-20 20:00:00,45.0
2017-04-20 21:00:00,41.17
2017-04-20 22:00:00,40.15
2017-04-20 23:00:00,37.09
2017-04-21 00:00:00,35.25
2017-04-21 01:00:00,35.37
2017-04-21 02:00:00,35.89
2017-04-21 03:00:00,37.09
2017-04-21 04:00:00,43.27
2017-04-21 05:00:00,51.04
2017-04-21 06:00:00,55.0
2017-04-21 07:00:00,52.76
2017-04-21 08:00:00,50.25
2017-04-21 09:00:00,47.89
2017-04-21 10:00:00,45.22
2017-04-21 11:00:00,41.77
2017-04-21 12:00:00,39.08
2017-04-21 13:00:00,37.39
2017-04-21 14:00:00,38.33
2017-04-21 15:00:00,39.19
2017-04-21 16:00:00,44.06
2017-04-21 17:00:00,48.79
2017-04-21 18:00:00,50.84
2017-04-21 19:00:00,52.15
2017-04-21 20:00:00,51.23
2017-04-21 21:00:00,48.79
2017-04-21 22:00:00,48.69
2017-04-21 23:00:00,42.87
2017-04-22 00:00:00,39.6
2017-04-22 01:00:00,38.6
2017-04-22 02:00:00,34.03
2017-04-22 03:00:00,37.16
2017-04-22 04:00:00,39.05
2017-04-22 05:00:00,37.05
2017-04-22 06:00:00,34.31
2017-04-22 07:00:00,31.83
2017-04-22 08:00:00,28.5
2017-04-22 09:00:00,35.51
2017-04-22 10:00:00,35.77
2017-04-22 11:00:00,32.99
2017-04-22 12:00:00,25.67
2017-04-22 13:00:00,20.88
2017-04-22 14:00:00,18.31
2017-04-22 15:00:00,20.57
2017-04-22 16:00:00,25.92
2017-04-22 17:00:00,37.34
2017-04-22 18:00:00,35.4
2017-04-22 19:00:00,35.53
2017-04-22 20:00:00,40.16
2017-04-22 21:00:00,39.53
2017-04-22 22:00:00,32.84
2017-04-22 23:00:00,30.49
2017-04-23 00:00:00,25.76
2017-04-23 01:00:00,23.88
2017-04-23 02:00:00,23.1
2017-04-23 03:00:00,19.43
2017-04-23 04:00:00,18.7
2017-04-23 05:00:00,17.7
2017-04-23 06:00:00,24.03
2017-04-23 07:00:00,29.09
2017-04-23 08:00:00,24.93
2017-04-23 09:00:00,23.57
2017-04-23 10:00:00,27.64
2017-04-23 11:00:00,14.18
2017-04-23 12:00:00,6.54
2017-04-23 13:00:00,7.34
2017-04-23 14:00:00,11.0
2017-04-23 15:00:00,17.27
2017-04-23 16:00:00,27.08
2017-04-23 17:00:00,35.02
2017-04-23 18:00:00,39.93
2017-04-23 19:00:00,43.24
2017-04-23 20:00:00,42.77
2017-04-23 21:00:00,37.7
2017-04-23 22:00:00,35.11
2017-04-23 23:00:00,30.92
2017-04-24 00:00:00,29.57
2017-04-24 01:00:00,28.22
2017-04-24 02:00:00,28.18
2017-04-24 03:00:00,30.26
2017-04-24 04:00:00,38.83
2017-04-24 05:00:00,42.69
2017-04-24 06:00:00,46.96
2017-04-24 07:00:00,43.01
2017-04-24 08:00:00,37.09
2017-04-24 09:00:00,37.12
2017-04-24 10:00:00,32.55
2017-04-24 11:00:00,32.57
2017-04-24 12:00:00,29.85
2017-04-24 13:00:00,29.6
2017-04-24 14:00:00,29.66
2017-04-24 15:00:00,33.5
2017-04-24 16:00:00,38.35
2017-04-24 17:00:00,43.3
2017-04-24 18:00:00,43.59
2017-04-24 19:00:00,44.51
2017-04-24 20:00:00,44.38
2017-04-24 21:00:00,38.55
2017-04-24 22:00:00,34.01
2017-04-24 23:00:00,31.07
2017-04-25 00:00:00,31.2
2017-04-25 01:00:00,29.98
2017-04-25 02:00:00,29.97
2017-04-25 03:00:00,30.5
2017-04-25 04:00:00,37.03
2017-04-25 05:00:00,41.17
2017-04-25 06:00:00,43.0
2017-04-25 07:00:00,41.94
2017-04-25 08:00:00,39.81
2017-04-25 09:00:00,38.87
2017-04-25 10:00:00,35.39
2017-04-25 11:00:00,33.91
2017-04-25 12:00:00,31.72
2017-04-25 13:00:00,31.59
2017-04-25 14:00:00,32.55
2017-04-25 15:00:00,36.55
2017-04-25 16:00:00,39.93
2017-04-25 17:00:00,43.6
2017-04-25 18:00:00,45.24
2017-04-25 19:00:00,43.99
2017-04-25 20:00:00,43.26
2017-04-25 21:00:00,39.97
2017-04-25 22:00:00,37.49
2017-04-25 23:00:00,35.63
2017-04-26 00:00:00,32.94
2017-04-26 01:00:00,30.54
2017-04-26 02:00:00,30.44
2017-04-26 03:00:00,34.62
2017-04-26 04:00:00,42.8
2017-04-26 05:00:00,52.0
2017-04-26 06:00:00,55.0
2017-04-26 07:00:00,55.0
2017-04-26 08:00:00,54.43
2017-04-26 09:00:00,52.5
2017-04-26 10:00:00,47.36
2017-04-26 11:00:00,47.18
2017-04-26 12:00:00,45.18
2017-04-26 13:00:00,43.02
2017-04-26 14:00:00,41.91
2017-04-26 15:00:00,44.1
2017-04-26 16:00:00,44.86
2017-04-26 17:00:00,45.96
2017-04-26 18:00:00,44.92
2017-04-26 19:00:00,45.45
2017-04-26 20:00:00,44.83
2017-04-26 21:00:00,43.19
2017-04-26 22:00:00,37.9
2017-04-26 23:00:00,33.33
2017-04-27 00:00:00,33.29
2017-04-27 01:00:00,31.04
2017-04-27 02:00:00,31.52
2017-04-27 03:00:00,33.63
2017-04-27 04:00:00,41.31
2017-04-27 05:00:00,51.53
2017-04-27 06:00:00,55.34
2017-04-27 07:00:00,55.0
2017-04-27 08:00:00,52.22
2017-04-27 09:00:00,49.75
2017-04-27 10:00:00,47.3
2017-04-27 11:00:00,45.99
2017-04-27 12:00:00,42.55
2017-04-27 13:00:00,41.51
2017-04-27 14:00:00,40.04
2017-04-27 15:00:00,41.51
2017-04-27 16:00:00,45.04
2017-04-27 17:00:00,48.83
2017-04-27 18:00:00,47.38
2017-04-27 19:00:00,52.5
2017-04-27 20:00:00,50.09
2017-04-27 21:00:00,44.5
2017-04-27 22:00:00,39.81
2017-04-27 23:00:00,33.58
2017-04-28 00:00:00,31.83
2017-04-28 01:00:00,30.92
2017-04-28 02:00:00,31.41
2017-04-28 03:00:00,34.85
2017-04-28 04:00:00,41.31
2017-04-28 05:00:00,50.95
2017-04-28 06:00:00,53.89
2017-04-28 07:00:00,53.07
2017-04-28 08:00:00,50.0
2017-04-28 09:00:00,47.01
2017-04-28 10:00:00,42.9
2017-04-28 11:00:00,39.89
2017-04-28 12:00:00,39.64
2017-04-28 13:00:00,37.89
2017-04-28 14:00:00,33.81
2017-04-28 15:00:00,35.12
2017-04-28 16:00:00,40.29
2017-04-28 17:00:00,45.85
2017-04-28 18:00:00,43.13
2017-04-28 19:00:00,50.04
2017-04-28 20:00:00,47.12
2017-04-28 21:00:00,44.99
2017-04-28 22:00:00,39.6
2017-04-28 23:00:00,37.34
2017-04-29 00:00:00,34.98
2017-04-29 01:00:00,33.08
2017-04-29 02:00:00,32.0
2017-04-29 03:00:00,33.23
2017-04-29 04:00:00,32.46
2017-04-29 05:00:00,33.72
2017-04-29 06:00:00,37.65
2017-04-29 07:00:00,36.06
2017-04-29 08:00:00,35.82
2017-04-29 09:00:00,32.02
2017-04-29 10:00:00,31.36
2017-04-29 11:00:00,29.25
2017-04-29 12:00:00,27.16
2017-04-29 13:00:00,26.69
2017-04-29 14:00:00,27.46
2017-04-29 15:00:00,28.63
2017-04-29 16:00:00,32.12
2017-04-29 17:00:00,34.93
2017-04-29 18:00:00,34.79
2017-04-29 19:00:00,34.9
2017-04-29 20:00:00,33.01
2017-04-29 21:00:00,30.75
2017-04-29 22:00:00,29.76
2017-04-29 23:00:00,27.51
2017-04-30 00:00:00,24.06
2017-04-30 01:00:00,18.0
2017-04-30 02:00:00,15.7
2017-04-30 03:00:00,15.04
2017-04-30 04:00:00,13.9
2017-04-30 05:00:00,12.89
2017-04-30 06:00:00,14.98
2017-04-30 07:00:00,15.61
2017-04-30 08:00:00,12.12
2017-04-30 09:00:00,10.0
2017-04-30 10:00:00,10.29
2017-04-30 11:00:00,7.09
2017-04-30 12:00:00,1.7
2017-04-30 13:00:00,-2.17
2017-04-30 14:00:00,-1.0
2017-04-30 15:00:00,5.01
2017-04-30 16:00:00,8.7
2017-04-30 17:00:00,15.67
2017-04-30 18:00:00,20.15
2017-04-30 19:00:00,21.23
2017-04-30 20:00:00,33.0
2017-04-30 21:00:00,35.81
2017-04-30 22:00:00,19.54
2017-04-30 23:00:00,16.76
2017-05-01 00:00:00,12.87
2017-05-01 01:00:00,6.02
2017-05-01 02:00:00,7.02
2017-05-01 03:00:00,11.38
2017-05-01 04:00:00,12.18
2017-05-01 05:00:00,12.02
2017-05-01 06:00:00,12.56
2017-05-01 07:00:00,12.45
2017-05-01 08:00:00,13.21
2017-05-01 09:00:00,19.38
2017-05-01 10:00:00,19.83
2017-05-01 11:00:00,19.59
2017-05-01 12:00:00,14.78
2017-05-01 13:00:00,13.52
2017-05-01 14:00:00,15.88
2017-05-01 15:00:00,23.3
2017-05-01 16:00:00,26.23
2017-05-01 17:00:00,33.61
2017-05-01 18:00:00,33.19
2017-05-01 19:00:00,32.37
2017-05-01 20:00:00,35.77
2017-05-01 21:00:00,35.08
2017-05-01 22:00:00,37.89
2017-05-01 23:00:00,30.06
2017-05-02 00:00:00,26.31
2017-05-02 01:00:00,21.04
2017-05-02 02:00:00,19.01
2017-05-02 03:00:00,29.85
2017-05-02 04:00:00,41.48
2017-05-02 05:00:00,50.42
2017-05-02 06:00:00,50.09
2017-05-02 07:00:00,50.0
2017-05-02 08:00:00,49.91
2017-05-02 09:00:00,50.0
2017-05-02 10:00:00,49.0
2017-05-02 11:00:00,48.58
2017-05-02 12:00:00,46.3
2017-05-02 13:00:00,46.53
2017-05-02 14:00:00,43.85
2017-05-02 15:00:00,47.1
2017-05-02 16:00:00,45.57
2017-05-02 17:00:00,46.75
2017-05-02 18:00:00,43.99
2017-05-02 19:00:00,44.49
2017-05-02 20:00:00,46.6
2017-05-02 21:00:00,43.94
2017-05-02 22:00:00,42.87
2017-05-02 23:00:00,37.69
2017-05-03 00:00:00,32.95
2017-05-03 01:00:00,35.91
2017-05-03 02:00:00,35.1
2017-05-03 03:00:00,40.48
2017-05-03 04:00:00,46.02
2017-05-03 05:00:00,51.37
2017-05-03 06:00:00,55.0
2017-05-03 07:00:00,54.18
2017-05-03 08:00:00,52.51
2017-05-03 09:00:00,51.53
2017-05-03 10:00:00,49.96
2017-05-03 11:00:00,48.95
2017-05-03 12:00:00,44.62
2017-05-03 13:00:00,41.43
2017-05-03 14:00:00,40.82
2017-05-03 15:00:00,44.78
2017-05-03 16:00:00,51.0
2017-05-03 17:00:00,51.23
2017-05-03 18:00:00,52.22
2017-05-03 19:00:00,51.0
2017-05-03 20:00:00,50.0
2017-05-03 21:00:00,44.34
2017-05-03 22:00:00,43.29
2017-05-03 23:00:00,41.56
2017-05-04 00:00:00,40.94
2017-05-04 01:00:00,32.86
2017-05-04 02:00:00,32.87
2017-05-04 03:00:00,36.76
2017-05-04 04:00:00,43.61
2017-05-04 05:00:00,50.28
2017-05-04 06:00:00,53.34
2017-05-04 07:00:00,52.91
2017-05-04 08:00:00,51.0
2017-05-04 09:00:00,51.23
2017-05-04 10:00:00,47.39
2017-05-04 11:00:00,47.02
2017-05-04 12:00:00,45.08
2017-05-04 13:00:00,43.44
2017-05-04 14:00:00,40.26
2017-05-04 15:00:00,41.33
2017-05-04 16:00:00,47.11
2017-05-04 17:00:00,50.89
2017-05-04 18:00:00,48.37
2017-05-04 19:00:00,46.99
2017-05-04 20:00:00,47.6
2017-05-04 21:00:00,40.59
2017-05-04 22:00:00,40.09
2017-05-04 23:00:00,35.12
2017-05-05 00:00:00,31.0
2017-05-05 01:00:00,30.14
2017-05-05 02:00:00,29.58
2017-05-05 03:00:00,31.26
2017-05-05 04:00:00,41.06
2017-05-05 05:00:00,50.73
2017-05-05 06:00:00,52.07
2017-05-05 07:00:00,49.91
2017-05-05 08:00:00,47.9
2017-05-05 09:00:00,46.38
2017-05-05 10:00:00,42.0
2017-05-05 11:00:00,40.09
2017-05-05 12:00:00,37.04
2017-05-05 13:00:00,35.37
2017-05-05 14:00:00,34.9
2017-05-05 15:00:00,37.67
2017-05-05 16:00:00,40.33
2017-05-05 17:00:00,42.09
2017-05-05 18:00:00,41.16
2017-05-05 19:00:00,38.98
2017-05-05 20:00:00,39.27
2017-05-05 21:00:00,34.9
2017-05-05 22:00:00,37.04
2017-05-05 23:00:00,32.47
2017-05-06 00:00:00,31.04
2017-05-06 01:00:00,30.71
2017-05-06 02:00:00,30.57
2017-05-06 03:00:00,30.86
2017-05-06 04:00:00,30.92
2017-05-06 05:00:00,31.14
2017-05-06 06:00:00,33.92
2017-05-06 07:00:00,33.06
2017-05-06 08:00:00,35.01
2017-05-06 09:00:00,30.77
2017-05-06 10:00:00,33.98
2017-05-06 11:00:00,32.0
2017-05-06 12:00:00,29.81
2017-05-06 13:00:00,28.93
2017-05-06 14:00:00,28.28
2017-05-06 15:00:00,31.02
2017-05-06 16:00:00,33.82
2017-05-06 17:00:00,37.94
2017-05-06 18:00:00,39.9
2017-05-06 19:00:00,39.5
2017-05-06 20:00:00,40.54
2017-05-06 21:00:00,37.85
2017-05-06 22:00:00,32.59
2017-05-06 23:00:00,29.42
2017-05-07 00:00:00,27.39
2017-05-07 01:00:00,26.88
2017-05-07 02:00:00,26.83
2017-05-07 03:00:00,25.81
2017-05-07 04:00:00,25.22
2017-05-07 05:00:00,26.19
2017-05-07 06:00:00,28.66
2017-05-07 07:00:00,30.06
2017-05-07 08:00:00,30.33
2017-05-07 09:00:00,30.18
2017-05-07 10:00:00,29.69
2017-05-07 11:00:00,27.54
2017-05-07 12:00:00,24.0
2017-05-07 13:00:00,23.04
2017-05-07 14:00:00,25.33
2017-05-07 15:00:00,27.4
2017-05-07 16:00:00,30.11
2017-05-07 17:00:00,34.64
2017-05-07 18:00:00,32.13
2017-05-07 19:00:00,43.99
2017-05-07 20:00:00,44.53
2017-05-07 21:00:00,43.88
2017-05-07 22:00:00,27.48
2017-05-07 23:00:00,26.1
2017-05-08 00:00:00,25.81
2017-05-08 01:00:00,24.78
2017-05-08 02:00:00,25.14
2017-05-08 03:00:00,28.1
2017-05-08 04:00:00,32.0
2017-05-08 05:00:00,36.06
2017-05-08 06:00:00,40.02
2017-05-08 07:00:00,40.85
2017-05-08 08:00:00,42.29
2017-05-08 09:00:00,41.96
2017-05-08 10:00:00,42.0
2017-05-08 11:00:00,39.69
2017-05-08 12:00:00,32.06
2017-05-08 13:00:00,31.44
2017-05-08 14:00:00,31.05
2017-05-08 15:00:00,32.41
2017-05-08 16:00:00,34.0
2017-05-08 17:00:00,38.8
2017-05-08 18:00:00,37.62
2017-05-08 19:00:00,37.99
2017-05-08 20:00:00,35.07
2017-05-08 21:00:00,32.44
2017-05-08 22:00:00,30.81
2017-05-08 23:00:00,30.65
2017-05-09 00:00:00,29.5
2017-05-09 01:00:00,28.94
2017-05-09 02:00:00,29.9
2017-05-09 03:00:00,32.07
2017-05-09 04:00:00,42.83
2017-05-09 05:00:00,50.45
2017-05-09 06:00:00,54.99
2017-05-09 07:00:00,48.65
2017-05-09 08:00:00,44.75
2017-05-09 09:00:00,43.83
2017-05-09 10:00:00,40.63
2017-05-09 11:00:00,38.0
2017-05-09 12:00:00,35.57
2017-05-09 13:00:00,36.2
2017-05-09 14:00:00,34.44
2017-05-09 15:00:00,39.64
2017-05-09 16:00:00,44.9
2017-05-09 17:00:00,47.45
2017-05-09 18:00:00,49.12
2017-05-09 19:00:00,46.93
2017-05-09 20:00:00,43.05
2017-05-09 21:00:00,36.68
2017-05-09 22:00:00,33.26
2017-05-09 23:00:00,33.54
2017-05-10 00:00:00,32.85
2017-05-10 01:00:00,30.72
2017-05-10 02:00:00,31.03
2017-05-10 03:00:00,34.51
2017-05-10 04:00:00,42.04
2017-05-10 05:00:00,49.98
2017-05-10 06:00:00,53.69
2017-05-10 07:00:00,47.98
2017-05-10 08:00:00,44.36
2017-05-10 09:00:00,41.05
2017-05-10 10:00:00,37.53
2017-05-10 11:00:00,37.02
2017-05-10 12:00:00,34.91
2017-05-10 13:00:00,34.12
2017-05-10 14:00:00,35.01
2017-05-10 15:00:00,41.08
2017-05-10 16:00:00,44.01
2017-05-10 17:00:00,48.04
2017-05-10 18:00:00,47.35
2017-05-10 19:00:00,48.04
2017-05-10 20:00:00,42.94
2017-05-10 21:00:00,36.72
2017-05-10 22:00:00,31.16
2017-05-10 23:00:00,30.41
2017-05-11 00:00:00,29.5
2017-05-11 01:00:00,29.17
2017-05-11 02:00:00,29.59
2017-05-11 03:00:00,30.89
2017-05-11 04:00:00,34.91
2017-05-11 05:00:00,43.1
2017-05-11 06:00:00,44.49
2017-05-11 07:00:00,46.32
2017-05-11 08:00:00,44.68
2017-05-11 09:00:00,43.07
2017-05-11 10:00:00,39.43
2017-05-11 11:00:00,36.4
2017-05-11 12:00:00,34.93
2017-05-11 13:00:00,33.82
2017-05-11 14:00:00,33.4
2017-05-11 15:00:00,37.45
2017-05-11 16:00:00,38.95
2017-05-11 17:00:00,40.69
2017-05-11 18:00:00,36.4
2017-05-11 19:00:00,35.29
2017-05-11 20:00:00,42.07
2017-05-11 21:00:00,38.51
2017-05-11 22:00:00,38.24
2017-05-11 23:00:00,29.43
2017-05-12 00:00:00,27.49
2017-05-12 01:00:00,27.41
2017-05-12 02:00:00,27.08
2017-05-12 03:00:00,29.0
2017-05-12 04:00:00,34.37
2017-05-12 05:00:00,42.14
2017-05-12 06:00:00,48.18
2017-05-12 07:00:00,46.81
2017-05-12 08:00:00,44.35
2017-05-12 09:00:00,43.16
2017-05-12 10:00:00,38.3
2017-05-12 11:00:00,37.46
2017-05-12 12:00:00,33.43
2017-05-12 13:00:00,32.16
2017-05-12 14:00:00,31.43
2017-05-12 15:00:00,36.46
2017-05-12 16:00:00,40.65
2017-05-12 17:00:00,42.0
2017-05-12 18:00:00,42.62
2017-05-12 19:00:00,42.93
2017-05-12 20:00:00,42.93
2017-05-12 21:00:00,36.59
2017-05-12 22:00:00,39.0
2017-05-12 23:00:00,31.09
2017-05-13 00:00:00,29.05
2017-05-13 01:00:00,28.52
2017-05-13 02:00:00,28.12
2017-05-13 03:00:00,28.73
2017-05-13 04:00:00,29.05
2017-05-13 05:00:00,30.91
2017-05-13 06:00:00,35.02
2017-05-13 07:00:00,35.45
2017-05-13 08:00:00,32.0
2017-05-13 09:00:00,31.04
2017-05-13 10:00:00,30.5
2017-05-13 11:00:00,28.75
2017-05-13 12:00:00,27.23
2017-05-13 13:00:00,27.22
2017-05-13 14:00:00,27.44
2017-05-13 15:00:00,29.9
2017-05-13 16:00:00,34.79
2017-05-13 17:00:00,40.0
2017-05-13 18:00:00,41.91
2017-05-13 19:00:00,41.88
2017-05-13 20:00:00,40.0
2017-05-13 21:00:00,31.16
2017-05-13 22:00:00,27.96
2017-05-13 23:00:00,27.26
2017-05-14 00:00:00,25.77
2017-05-14 01:00:00,25.63
2017-05-14 02:00:00,25.2
2017-05-14 03:00:00,25.0
2017-05-14 04:00:00,25.56
2017-05-14 05:00:00,25.15
2017-05-14 06:00:00,25.24
2017-05-14 07:00:00,26.04
2017-05-14 08:00:00,25.04
2017-05-14 09:00:00,26.76
2017-05-14 10:00:00,27.37
2017-05-14 11:00:00,25.28
2017-05-14 12:00:00,21.06
2017-05-14 13:00:00,18.47
2017-05-14 14:00:00,21.42
2017-05-14 15:00:00,27.4
2017-05-14 16:00:00,32.07
2017-05-14 17:00:00,35.96
2017-05-14 18:00:00,39.55
2017-05-14 19:00:00,40.99
2017-05-14 20:00:00,42.35
2017-05-14 21:00:00,40.95
2017-05-14 22:00:00,30.32
2017-05-14 23:00:00,27.43
2017-05-15 00:00:00,27.18
2017-05-15 01:00:00,26.7
2017-05-15 02:00:00,27.16
2017-05-15 03:00:00,29.77
2017-05-15 04:00:00,35.38
2017-05-15 05:00:00,44.0
2017-05-15 06:00:00,46.1
2017-05-15 07:00:00,43.95
2017-05-15 08:00:00,41.94
2017-05-15 09:00:00,40.07
2017-05-15 10:00:00,35.66
2017-05-15 11:00:00,35.04
2017-05-15 12:00:00,33.48
2017-05-15 13:00:00,32.98
2017-05-15 14:00:00,33.14
2017-05-15 15:00:00,37.74
2017-05-15 16:00:00,42.82
2017-05-15 17:00:00,45.73
2017-05-15 18:00:00,44.2
2017-05-15 19:00:00,42.29
2017-05-15 20:00:00,40.22
2017-05-15 21:00:00,31.08
2017-05-15 22:00:00,29.5
2017-05-15 23:00:00,28.01
2017-05-16 00:00:00,26.7
2017-05-16 01:00:00,26.53
2017-05-16 02:00:00,26.38
2017-05-16 03:00:00,27.93
2017-05-16 04:00:00,31.81
2017-05-16 05:00:00,39.96
2017-05-16 06:00:00,41.35
2017-05-16 07:00:00,38.42
2017-05-16 08:00:00,36.48
2017-05-16 09:00:00,36.71
2017-05-16 10:00:00,33.04
2017-05-16 11:00:00,31.98
2017-05-16 12:00:00,32.59
2017-05-16 13:00:00,32.33
2017-05-16 14:00:00,34.52
2017-05-16 15:00:00,37.04
2017-05-16 16:00:00,41.0
2017-05-16 17:00:00,42.94
2017-05-16 18:00:00,42.77
2017-05-16 19:00:00,41.5
2017-05-16 20:00:00,37.01
2017-05-16 21:00:00,32.27
2017-05-16 22:00:00,29.66
2017-05-16 23:00:00,27.7
2017-05-17 00:00:00,27.17
2017-05-17 01:00:00,26.45
2017-05-17 02:00:00,26.49
2017-05-17 03:00:00,27.58
2017-05-17 04:00:00,36.19
2017-05-17 05:00:00,41.0
2017-05-17 06:00:00,41.0
2017-05-17 07:00:00,39.88
2017-05-17 08:00:00,35.85
2017-05-17 09:00:00,34.39
2017-05-17 10:00:00,33.31
2017-05-17 11:00:00,33.1
2017-05-17 12:00:00,31.42
2017-05-17 13:00:00,30.67
2017-05-17 14:00:00,31.05
2017-05-17 15:00:00,34.77
2017-05-17 16:00:00,38.34
2017-05-17 17:00:00,40.98
2017-05-17 18:00:00,37.9
2017-05-17 19:00:00,34.02
2017-05-17 20:00:00,31.01
2017-05-17 21:00:00,27.63
2017-05-17 22:00:00,26.41
2017-05-17 23:00:00,24.85
2017-05-18 00:00:00,22.93
2017-05-18 01:00:00,20.83
2017-05-18 02:00:00,22.65
2017-05-18 03:00:00,26.06
2017-05-18 04:00:00,32.68
2017-05-18 05:00:00,40.4
2017-05-18 06:00:00,42.98
2017-05-18 07:00:00,41.96
2017-05-18 08:00:00,42.93
2017-05-18 09:00:00,41.49
2017-05-18 10:00:00,37.12
2017-05-18 11:00:00,36.25
2017-05-18 12:00:00,34.91
2017-05-18 13:00:00,33.68
2017-05-18 14:00:00,31.59
2017-05-18 15:00:00,36.09
2017-05-18 16:00:00,37.43
2017-05-18 17:00:00,37.87
2017-05-18 18:00:00,38.69
2017-05-18 19:00:00,36.01
2017-05-18 20:00:00,37.86
2017-05-18 21:00:00,33.14
2017-05-18 22:00:00,30.0
2017-05-18 23:00:00,28.6
2017-05-19 00:00:00,26.67
2017-05-19 01:00:00,26.31
2017-05-19 02:00:00,25.97
2017-05-19 03:00:00,27.6
2017-05-19 04:00:00,30.9
2017-05-19 05:00:00,39.91
2017-05-19 06:00:00,41.55
2017-05-19 07:00:00,39.9
2017-05-19 08:00:00,38.95
2017-05-19 09:00:00,39.8
2017-05-19 10:00:00,37.72
2017-05-19 11:00:00,36.38
2017-05-19 12:00:00,35.05
2017-05-19 13:00:00,34.59
2017-05-19 14:00:00,31.06
2017-05-19 15:00:00,36.01
2017-05-19 16:00:00,38.5
2017-05-19 17:00:00,38.97
2017-05-19 18:00:00,36.04
2017-05-19 19:00:00,37.0
2017-05-19 20:00:00,36.98
2017-05-19 21:00:00,34.2
2017-05-19 22:00:00,25.25
2017-05-19 23:00:00,27.26
2017-05-20 00:00:00,25.74
2017-05-20 01:00:00,26.71
2017-05-20 02:00:00,25.93
2017-05-20 03:00:00,24.08
2017-05-20 04:00:00,26.5
2017-05-20 05:00:00,26.06
2017-05-20 06:00:00,27.87
2017-05-20 07:00:00,27.62
2017-05-20 08:00:00,25.66
2017-05-20 09:00:00,25.73
2017-05-20 10:00:00,25.66
2017-05-20 11:00:00,24.56
2017-05-20 12:00:00,22.78
2017-05-20 13:00:00,22.94
2017-05-20 14:00:00,24.28
2017-05-20 15:00:00,26.23
2017-05-20 16:00:00,29.0
2017-05-20 17:00:00,33.34
2017-05-20 18:00:00,33.5
2017-05-20 19:00:00,35.56
2017-05-20 20:00:00,38.77
2017-05-20 21:00:00,33.88
2017-05-20 22:00:00,30.83
2017-05-20 23:00:00,25.51
2017-05-21 00:00:00,18.67
2017-05-21 01:00:00,16.43
2017-05-21 02:00:00,16.08
2017-05-21 03:00:00,16.0
2017-05-21 04:00:00,16.11
2017-05-21 05:00:00,16.52
2017-05-21 06:00:00,17.23
2017-05-21 07:00:00,16.96
2017-05-21 08:00:00,16.31
2017-05-21 09:00:00,19.84
2017-05-21 10:00:00,20.31
2017-05-21 11:00:00,16.97
2017-05-21 12:00:00,10.45
2017-05-21 13:00:00,11.93
2017-05-21 14:00:00,13.33
2017-05-21 15:00:00,15.26
2017-05-21 16:00:00,27.41
2017-05-21 17:00:00,32.94
2017-05-21 18:00:00,36.9
2017-05-21 19:00:00,36.4
2017-05-21 20:00:00,37.56
2017-05-21 21:00:00,35.84
2017-05-21 22:00:00,29.84
2017-05-21 23:00:00,28.01
2017-05-22 00:00:00,26.9
2017-05-22 01:00:00,26.01
2017-05-22 02:00:00,26.86
2017-05-22 03:00:00,27.38
2017-05-22 04:00:00,35.49
2017-05-22 05:00:00,40.0
2017-05-22 06:00:00,42.2
2017-05-22 07:00:00,38.82
2017-05-22 08:00:00,37.02
2017-05-22 09:00:00,36.99
2017-05-22 10:00:00,36.96
2017-05-22 11:00:00,37.91
2017-05-22 12:00:00,36.93
2017-05-22 13:00:00,36.94
2017-05-22 14:00:00,36.2
2017-05-22 15:00:00,38.71
2017-05-22 16:00:00,43.65
2017-05-22 17:00:00,44.36
2017-05-22 18:00:00,41.95
2017-05-22 19:00:00,41.21
2017-05-22 20:00:00,40.84
2017-05-22 21:00:00,34.07
2017-05-22 22:00:00,32.24
2017-05-22 23:00:00,32.17
2017-05-23 00:00:00,29.72
2017-05-23 01:00:00,28.05
2017-05-23 02:00:00,28.04
2017-05-23 03:00:00,29.71
2017-05-23 04:00:00,36.99
2017-05-23 05:00:00,41.78
2017-05-23 06:00:00,41.4
2017-05-23 07:00:00,41.89
2017-05-23 08:00:00,38.05
2017-05-23 09:00:00,36.94
2017-05-23 10:00:00,33.97
2017-05-23 11:00:00,30.5
2017-05-23 12:00:00,31.01
2017-05-23 13:00:00,29.1
2017-05-23 14:00:00,29.06
2017-05-23 15:00:00,31.84
2017-05-23 16:00:00,33.75
2017-05-23 17:00:00,37.11
2017-05-23 18:00:00,35.64
2017-05-23 19:00:00,35.0
2017-05-23 20:00:00,33.7
2017-05-23 21:00:00,30.44
2017-05-23 22:00:00,27.15
2017-05-23 23:00:00,24.45
2017-05-24 00:00:00,20.87
2017-05-24 01:00:00,20.87
2017-05-24 02:00:00,22.01
2017-05-24 03:00:00,26.03
2017-05-24 04:00:00,30.1
2017-05-24 05:00:00,36.93
2017-05-24 06:00:00,37.55
2017-05-24 07:00:00,34.97
2017-05-24 08:00:00,31.98
2017-05-24 09:00:00,32.35
2017-05-24 10:00:00,31.26
2017-05-24 11:00:00,32.49
2017-05-24 12:00:00,31.01
2017-05-24 13:00:00,33.19
2017-05-24 14:00:00,32.13
2017-05-24 15:00:00,36.91
2017-05-24 16:00:00,39.92
2017-05-24 17:00:00,40.57
2017-05-24 18:00:00,40.84
2017-05-24 19:00:00,40.06
2017-05-24 20:00:00,40.98
2017-05-24 21:00:00,36.91
2017-05-24 22:00:00,33.41
2017-05-24 23:00:00,31.98
2017-05-25 00:00:00,28.07
2017-05-25 01:00:00,28.0
2017-05-25 02:00:00,27.97
2017-05-25 03:00:00,26.97
2017-05-25 04:00:00,24.71
2017-05-25 05:00:00,25.23
2017-05-25 06:00:00,26.51
2017-05-25 07:00:00,25.86
2017-05-25 08:00:00,25.59
2017-05-25 09:00:00,26.76
2017-05-25 10:00:00,26.42
2017-05-25 11:00:00,24.75
2017-05-25 12:00:00,22.58
2017-05-25 13:00:00,22.18
2017-05-25 14:00:00,21.55
2017-05-25 15:00:00,27.08
2017-05-25 16:00:00,29.9
2017-05-25 17:00:00,33.92
2017-05-25 18:00:00,36.7
2017-05-25 19:00:00,36.69
2017-05-25 20:00:00,36.98
2017-05-25 21:00:00,32.96
2017-05-25 22:00:00,28.38
2017-05-25 23:00:00,25.71
2017-05-26 00:00:00,24.65
2017-05-26 01:00:00,23.96
2017-05-26 02:00:00,24.33
2017-05-26 03:00:00,26.39
2017-05-26 04:00:00,33.94
2017-05-26 05:00:00,37.93
2017-05-26 06:00:00,38.3
2017-05-26 07:00:00,36.48
2017-05-26 08:00:00,34.01
2017-05-26 09:00:00,33.08
2017-05-26 10:00:00,30.86
2017-05-26 11:00:00,28.53
2017-05-26 12:00:00,27.4
2017-05-26 13:00:00,27.53
2017-05-26 14:00:00,28.75
2017-05-26 15:00:00,34.64
2017-05-26 16:00:00,38.85
2017-05-26 17:00:00,41.97
2017-05-26 18:00:00,38.72
2017-05-26 19:00:00,38.47
2017-05-26 20:00:00,39.96
2017-05-26 21:00:00,35.2
2017-05-26 22:00:00,35.91
2017-05-26 23:00:00,31.03
2017-05-27 00:00:00,27.6
2017-05-27 01:00:00,26.0
2017-05-27 02:00:00,24.58
2017-05-27 03:00:00,24.4
2017-05-27 04:00:00,26.1
2017-05-27 05:00:00,29.14
2017-05-27 06:00:00,30.13
2017-05-27 07:00:00,31.36
2017-05-27 08:00:00,29.52
2017-05-27 09:00:00,26.65
2017-05-27 10:00:00,23.21
2017-05-27 11:00:00,18.92
2017-05-27 12:00:00,18.21
2017-05-27 13:00:00,18.47
2017-05-27 14:00:00,21.94
2017-05-27 15:00:00,27.31
2017-05-27 16:00:00,34.3
2017-05-27 17:00:00,37.13
2017-05-27 18:00:00,35.97
2017-05-27 19:00:00,34.34
2017-05-27 20:00:00,35.99
2017-05-27 21:00:00,29.51
2017-05-27 22:00:00,24.98
2017-05-27 23:00:00,21.08
2017-05-28 00:00:00,20.68
2017-05-28 01:00:00,19.26
2017-05-28 02:00:00,18.3
2017-05-28 03:00:00,14.57
2017-05-28 04:00:00,14.5
2017-05-28 05:00:00,17.97
2017-05-28 06:00:00,18.47
2017-05-28 07:00:00,21.45
2017-05-28 08:00:00,18.77
2017-05-28 09:00:00,18.03
2017-05-28 10:00:00,21.22
2017-05-28 11:00:00,18.71
2017-05-28 12:00:00,16.43
2017-05-28 13:00:00,17.18
2017-05-28 14:00:00,15.78
2017-05-28 15:00:00,21.53
2017-05-28 16:00:00,33.02
2017-05-28 17:00:00,36.95
2017-05-28 18:00:00,38.66
2017-05-28 19:00:00,38.65
2017-05-28 20:00:00,40.66
2017-05-28 21:00:00,36.92
2017-05-28 22:00:00,29.02
2017-05-28 23:00:00,28.3
2017-05-29 00:00:00,26.27
2017-05-29 01:00:00,25.6
2017-05-29 02:00:00,25.6
2017-05-29 03:00:00,26.4
2017-05-29 04:00:00,35.97
2017-05-29 05:00:00,42.7
2017-05-29 06:00:00,43.06
2017-05-29 07:00:00,42.71
2017-05-29 08:00:00,41.88
2017-05-29 09:00:00,42.43
2017-05-29 10:00:00,39.99
2017-05-29 11:00:00,39.15
2017-05-29 12:00:00,37.84
2017-05-29 13:00:00,37.73
2017-05-29 14:00:00,38.06
2017-05-29 15:00:00,42.18
2017-05-29 16:00:00,44.08
2017-05-29 17:00:00,46.15
2017-05-29 18:00:00,43.76
2017-05-29 19:00:00,42.02
2017-05-29 20:00:00,40.91
2017-05-29 21:00:00,32.69
2017-05-29 22:00:00,35.81
2017-05-29 23:00:00,32.55
2017-05-30 00:00:00,30.93
2017-05-30 01:00:00,28.77
2017-05-30 02:00:00,28.41
2017-05-30 03:00:00,31.3
2017-05-30 04:00:00,38.05
2017-05-30 05:00:00,49.6
2017-05-30 06:00:00,52.23
2017-05-30 07:00:00,52.23
2017-05-30 08:00:00,50.34
2017-05-30 09:00:00,50.34
2017-05-30 10:00:00,48.92
2017-05-30 11:00:00,45.94
2017-05-30 12:00:00,39.84
2017-05-30 13:00:00,36.8
2017-05-30 14:00:00,35.75
2017-05-30 15:00:00,35.81
2017-05-30 16:00:00,40.52
2017-05-30 17:00:00,43.63
2017-05-30 18:00:00,40.06
2017-05-30 19:00:00,39.21
2017-05-30 20:00:00,50.75
2017-05-30 21:00:00,43.77
2017-05-30 22:00:00,34.38
2017-05-30 23:00:00,28.38
2017-05-31 00:00:00,28.28
2017-05-31 01:00:00,27.09
2017-05-31 02:00:00,27.37
2017-05-31 03:00:00,28.33
2017-05-31 04:00:00,32.09
2017-05-31 05:00:00,42.75
2017-05-31 06:00:00,50.34
2017-05-31 07:00:00,52.69
2017-05-31 08:00:00,52.69
2017-05-31 09:00:00,52.69
2017-05-31 10:00:00,48.63
2017-05-31 11:00:00,44.5
2017-05-31 12:00:00,46.71
2017-05-31 13:00:00,44.77
2017-05-31 14:00:00,39.96
2017-05-31 15:00:00,46.27
2017-05-31 16:00:00,50.34
2017-05-31 17:00:00,52.04
2017-05-31 18:00:00,41.45
2017-05-31 19:00:00,41.75
2017-05-31 20:00:00,45.28
2017-05-31 21:00:00,38.63
2017-05-31 22:00:00,30.51
2017-05-31 23:00:00,28.85
2017-06-01 00:00:00,28.94
2017-06-01 01:00:00,29.1
2017-06-01 02:00:00,28.8
2017-06-01 03:00:00,28.81
2017-06-01 04:00:00,34.43
2017-06-01 05:00:00,39.35
2017-06-01 06:00:00,41.28
2017-06-01 07:00:00,49.76
2017-06-01 08:00:00,52.01
2017-06-01 09:00:00,45.06
2017-06-01 10:00:00,41.3
2017-06-01 11:00:00,37.3
2017-06-01 12:00:00,38.7
2017-06-01 13:00:00,34.08
2017-06-01 14:00:00,35.08
2017-06-01 15:00:00,40.96
2017-06-01 16:00:00,44.92
2017-06-01 17:00:00,50.0
2017-06-01 18:00:00,46.74
2017-06-01 19:00:00,44.91
2017-06-01 20:00:00,44.95
2017-06-01 21:00:00,40.27
2017-06-01 22:00:00,30.41
2017-06-01 23:00:00,29.32
2017-06-02 00:00:00,28.38
2017-06-02 01:00:00,28.04
2017-06-02 02:00:00,28.32
2017-06-02 03:00:00,28.36
2017-06-02 04:00:00,35.33
2017-06-02 05:00:00,40.24
2017-06-02 06:00:00,41.5
2017-06-02 07:00:00,39.96
2017-06-02 08:00:00,38.67
2017-06-02 09:00:00,37.89
2017-06-02 10:00:00,37.34
2017-06-02 11:00:00,35.08
2017-06-02 12:00:00,33.62
2017-06-02 13:00:00,34.82
2017-06-02 14:00:00,35.96
2017-06-02 15:00:00,39.7
2017-06-02 16:00:00,42.78
2017-06-02 17:00:00,44.9
2017-06-02 18:00:00,43.52
2017-06-02 19:00:00,41.98
2017-06-02 20:00:00,41.96
2017-06-02 21:00:00,36.64
2017-06-02 22:00:00,30.08
2017-06-02 23:00:00,30.76
2017-06-03 00:00:00,28.74
2017-06-03 01:00:00,27.06
2017-06-03 02:00:00,26.49
2017-06-03 03:00:00,25.0
2017-06-03 04:00:00,26.51
2017-06-03 05:00:00,26.89
2017-06-03 06:00:00,30.79
2017-06-03 07:00:00,31.25
2017-06-03 08:00:00,28.31
2017-06-03 09:00:00,30.66
2017-06-03 10:00:00,31.89
2017-06-03 11:00:00,30.1
2017-06-03 12:00:00,28.71
2017-06-03 13:00:00,29.17
2017-06-03 14:00:00,28.78
2017-06-03 15:00:00,33.94
2017-06-03 16:00:00,37.3
2017-06-03 17:00:00,38.16
2017-06-03 18:00:00,36.96
2017-06-03 19:00:00,36.97
2017-06-03 20:00:00,39.02
2017-06-03 21:00:00,35.91
2017-06-03 22:00:00,29.93
2017-06-03 23:00:00,26.93
2017-06-04 00:00:00,22.5
2017-06-04 01:00:00,20.34
2017-06-04 02:00:00,19.33
2017-06-04 03:00:00,16.78
2017-06-04 04:00:00,17.98
2017-06-04 05:00:00,18.36
2017-06-04 06:00:00,21.12
2017-06-04 07:00:00,21.68
2017-06-04 08:00:00,20.77
2017-06-04 09:00:00,21.6
2017-06-04 10:00:00,21.08
2017-06-04 11:00:00,15.08
2017-06-04 12:00:00,10.72
2017-06-04 13:00:00,10.41
2017-06-04 14:00:00,10.65
2017-06-04 15:00:00,15.67
2017-06-04 16:00:00,26.06
2017-06-04 17:00:00,31.06
2017-06-04 18:00:00,34.91
2017-06-04 19:00:00,34.99
2017-06-04 20:00:00,39.91
2017-06-04 21:00:00,34.9
2017-06-04 22:00:00,28.92
2017-06-04 23:00:00,24.72
2017-06-05 00:00:00,23.09
2017-06-05 01:00:00,22.22
2017-06-05 02:00:00,22.19
2017-06-05 03:00:00,23.09
2017-06-05 04:00:00,23.65
2017-06-05 05:00:00,24.62
2017-06-05 06:00:00,27.02
2017-06-05 07:00:00,27.57
2017-06-05 08:00:00,29.2
2017-06-05 09:00:00,27.17
2017-06-05 10:00:00,33.56
2017-06-05 11:00:00,26.59
2017-06-05 12:00:00,24.95
2017-06-05 13:00:00,25.49
2017-06-05 14:00:00,26.86
2017-06-05 15:00:00,30.02
2017-06-05 16:00:00,35.94
2017-06-05 17:00:00,39.01
2017-06-05 18:00:00,39.17
2017-06-05 19:00:00,38.61
2017-06-05 20:00:00,38.42
2017-06-05 21:00:00,30.14
2017-06-05 22:00:00,24.22
2017-06-05 23:00:00,19.3
2017-06-06 00:00:00,14.49
2017-06-06 01:00:00,10.54
2017-06-06 02:00:00,7.88
2017-06-06 03:00:00,13.38
2017-06-06 04:00:00,17.8
2017-06-06 05:00:00,30.36
2017-06-06 06:00:00,36.08
2017-06-06 07:00:00,30.11
2017-06-06 08:00:00,28.09
2017-06-06 09:00:00,28.18
2017-06-06 10:00:00,26.92
2017-06-06 11:00:00,24.68
2017-06-06 12:00:00,24.03
2017-06-06 13:00:00,20.79
2017-06-06 14:00:00,18.62
2017-06-06 15:00:00,20.04
2017-06-06 16:00:00,22.72
2017-06-06 17:00:00,25.62
2017-06-06 18:00:00,23.42
2017-06-06 19:00:00,21.3
2017-06-06 20:00:00,22.32
2017-06-06 21:00:00,17.8
2017-06-06 22:00:00,15.26
2017-06-06 23:00:00,8.8
2017-06-07 00:00:00,6.82
2017-06-07 01:00:00,2.1
2017-06-07 02:00:00,1.74
2017-06-07 03:00:00,5.26
2017-06-07 04:00:00,12.33
2017-06-07 05:00:00,24.16
2017-06-07 06:00:00,33.9
2017-06-07 07:00:00,32.22
2017-06-07 08:00:00,31.29
2017-06-07 09:00:00,28.28
2017-06-07 10:00:00,23.06
2017-06-07 11:00:00,20.11
2017-06-07 12:00:00,21.19
2017-06-07 13:00:00,21.09
2017-06-07 14:00:00,20.33
2017-06-07 15:00:00,21.04
2017-06-07 16:00:00,26.01
2017-06-07 17:00:00,28.94
2017-06-07 18:00:00,28.95
2017-06-07 19:00:00,29.45
2017-06-07 20:00:00,35.18
2017-06-07 21:00:00,31.59
2017-06-07 22:00:00,18.57
2017-06-07 23:00:00,14.81
2017-06-08 00:00:00,14.5
2017-06-08 01:00:00,11.39
2017-06-08 02:00:00,11.52
2017-06-08 03:00:00,19.09
2017-06-08 04:00:00,32.77
2017-06-08 05:00:00,35.51
2017-06-08 06:00:00,35.51
2017-06-08 07:00:00,33.65
2017-06-08 08:00:00,32.25
2017-06-08 09:00:00,32.45
2017-06-08 10:00:00,31.13
2017-06-08 11:00:00,30.0
2017-06-08 12:00:00,29.88
2017-06-08 13:00:00,30.02
2017-06-08 14:00:00,31.65
2017-06-08 15:00:00,34.79
2017-06-08 16:00:00,38.01
2017-06-08 17:00:00,43.91
2017-06-08 18:00:00,41.87
2017-06-08 19:00:00,37.6
2017-06-08 20:00:00,36.13
2017-06-08 21:00:00,30.75
2017-06-08 22:00:00,28.18
2017-06-08 23:00:00,27.92
2017-06-09 00:00:00,25.88
2017-06-09 01:00:00,24.51
2017-06-09 02:00:00,24.77
2017-06-09 03:00:00,28.21
2017-06-09 04:00:00,33.29
2017-06-09 05:00:00,39.38
2017-06-09 06:00:00,42.59
2017-06-09 07:00:00,40.59
2017-06-09 08:00:00,40.22
2017-06-09 09:00:00,40.81
2017-06-09 10:00:00,36.38
2017-06-09 11:00:00,33.83
2017-06-09 12:00:00,31.05
2017-06-09 13:00:00,29.09
2017-06-09 14:00:00,29.69
2017-06-09 15:00:00,31.44
2017-06-09 16:00:00,33.2
2017-06-09 17:00:00,35.07
2017-06-09 18:00:00,34.97
2017-06-09 19:00:00,35.9
2017-06-09 20:00:00,37.86
2017-06-09 21:00:00,36.01
2017-06-09 22:00:00,34.65
2017-06-09 23:00:00,31.92
2017-06-10 00:00:00,28.9
2017-06-10 01:00:00,27.68
2017-06-10 02:00:00,27.06
2017-06-10 03:00:00,27.05
2017-06-10 04:00:00,27.79
2017-06-10 05:00:00,29.71
2017-06-10 06:00:00,30.9
2017-06-10 07:00:00,31.94
2017-06-10 08:00:00,29.9
2017-06-10 09:00:00,29.94
2017-06-10 10:00:00,28.35
2017-06-10 11:00:00,25.86
2017-06-10 12:00:00,25.01
2017-06-10 13:00:00,25.03
2017-06-10 14:00:00,26.6
2017-06-10 15:00:00,29.1
2017-06-10 16:00:00,35.41
2017-06-10 17:00:00,38.24
2017-06-10 18:00:00,38.78
2017-06-10 19:00:00,38.28
2017-06-10 20:00:00,39.68
2017-06-10 21:00:00,36.94
2017-06-10 22:00:00,29.1
2017-06-10 23:00:00,25.12
2017-06-11 00:00:00,21.78
2017-06-11 01:00:00,18.0
2017-06-11 02:00:00,15.5
2017-06-11 03:00:00,12.6
2017-06-11 04:00:00,12.84
2017-06-11 05:00:00,16.49
2017-06-11 06:00:00,18.0
2017-06-11 07:00:00,18.75
2017-06-11 08:00:00,18.95
2017-06-11 09:00:00,20.86
2017-06-11 10:00:00,27.77
2017-06-11 11:00:00,25.74
2017-06-11 12:00:00,13.47
2017-06-11 13:00:00,12.6
2017-06-11 14:00:00,18.87
2017-06-11 15:00:00,23.58
2017-06-11 16:00:00,30.36
2017-06-11 17:00:00,33.13
2017-06-11 18:00:00,33.62
2017-06-11 19:00:00,33.4
2017-06-11 20:00:00,33.7
2017-06-11 21:00:00,43.04
2017-06-11 22:00:00,25.02
2017-06-11 23:00:00,20.66
2017-06-12 00:00:00,18.15
2017-06-12 01:00:00,14.6
2017-06-12 02:00:00,15.66
2017-06-12 03:00:00,20.37
2017-06-12 04:00:00,30.08
2017-06-12 05:00:00,36.04
2017-06-12 06:00:00,36.45
2017-06-12 07:00:00,38.93
2017-06-12 08:00:00,37.99
2017-06-12 09:00:00,38.07
2017-06-12 10:00:00,40.42
2017-06-12 11:00:00,36.5
2017-06-12 12:00:00,38.93
2017-06-12 13:00:00,39.25
2017-06-12 14:00:00,34.91
2017-06-12 15:00:00,36.66
2017-06-12 16:00:00,36.38
2017-06-12 17:00:00,37.94
2017-06-12 18:00:00,35.91
2017-06-12 19:00:00,35.43
2017-06-12 20:00:00,36.99
2017-06-12 21:00:00,47.99
2017-06-12 22:00:00,28.94
2017-06-12 23:00:00,27.0
2017-06-13 00:00:00,26.64
2017-06-13 01:00:00,24.2
2017-06-13 02:00:00,24.53
2017-06-13 03:00:00,25.5
2017-06-13 04:00:00,33.12
2017-06-13 05:00:00,39.47
2017-06-13 06:00:00,40.0
2017-06-13 07:00:00,38.51
2017-06-13 08:00:00,35.34
2017-06-13 09:00:00,40.48
2017-06-13 10:00:00,45.74
2017-06-13 11:00:00,39.8
2017-06-13 12:00:00,42.75
2017-06-13 13:00:00,39.09
2017-06-13 14:00:00,33.98
2017-06-13 15:00:00,36.9
2017-06-13 16:00:00,38.52
2017-06-13 17:00:00,42.92
2017-06-13 18:00:00,41.95
2017-06-13 19:00:00,40.96
2017-06-13 20:00:00,41.12
2017-06-13 21:00:00,41.93
2017-06-13 22:00:00,32.21
2017-06-13 23:00:00,29.18
2017-06-14 00:00:00,28.95
2017-06-14 01:00:00,27.86
2017-06-14 02:00:00,27.5
2017-06-14 03:00:00,28.98
2017-06-14 04:00:00,34.4
2017-06-14 05:00:00,41.26
2017-06-14 06:00:00,43.76
2017-06-14 07:00:00,41.63
2017-06-14 08:00:00,41.12
2017-06-14 09:00:00,42.37
2017-06-14 10:00:00,41.0
2017-06-14 11:00:00,39.51
2017-06-14 12:00:00,36.18
2017-06-14 13:00:00,35.02
2017-06-14 14:00:00,35.85
2017-06-14 15:00:00,40.53
2017-06-14 16:00:00,45.26
2017-06-14 17:00:00,49.95
2017-06-14 18:00:00,44.64
2017-06-14 19:00:00,42.91
2017-06-14 20:00:00,42.8
2017-06-14 21:00:00,36.9
2017-06-14 22:00:00,33.0
2017-06-14 23:00:00,31.04
2017-06-15 00:00:00,30.97
2017-06-15 01:00:00,29.39
2017-06-15 02:00:00,28.8
2017-06-15 03:00:00,28.88
2017-06-15 04:00:00,32.02
2017-06-15 05:00:00,37.81
2017-06-15 06:00:00,38.0
2017-06-15 07:00:00,38.08
2017-06-15 08:00:00,55.23
2017-06-15 09:00:00,37.09
2017-06-15 10:00:00,40.01
2017-06-15 11:00:00,34.84
2017-06-15 12:00:00,33.23
2017-06-15 13:00:00,33.27
2017-06-15 14:00:00,29.51
2017-06-15 15:00:00,33.81
2017-06-15 16:00:00,36.9
2017-06-15 17:00:00,37.01
2017-06-15 18:00:00,36.62
2017-06-15 19:00:00,35.02
2017-06-15 20:00:00,34.58
2017-06-15 21:00:00,30.0
2017-06-15 22:00:00,28.5
2017-06-15 23:00:00,25.06
2017-06-16 00:00:00,22.79
2017-06-16 01:00:00,21.84
2017-06-16 02:00:00,21.19
2017-06-16 03:00:00,22.76
2017-06-16 04:00:00,28.69
2017-06-16 05:00:00,33.53
2017-06-16 06:00:00,35.36
2017-06-16 07:00:00,31.53
2017-06-16 08:00:00,31.95
2017-06-16 09:00:00,33.32
2017-06-16 10:00:00,34.59
2017-06-16 11:00:00,35.35
2017-06-16 12:00:00,32.96
2017-06-16 13:00:00,30.88
2017-06-16 14:00:00,30.8
2017-06-16 15:00:00,28.25
2017-06-16 16:00:00,30.25
2017-06-16 17:00:00,31.68
2017-06-16 18:00:00,28.71
2017-06-16 19:00:00,29.22
2017-06-16 20:00:00,31.39
2017-06-16 21:00:00,35.26
2017-06-16 22:00:00,30.82
2017-06-16 23:00:00,24.97
2017-06-17 00:00:00,29.99
2017-06-17 01:00:00,21.64
2017-06-17 02:00:00,20.67
2017-06-17 03:00:00,21.4
2017-06-17 04:00:00,20.82
2017-06-17 05:00:00,23.0
2017-06-17 06:00:00,24.12
2017-06-17 07:00:00,25.72
2017-06-17 08:00:00,27.07
2017-06-17 09:00:00,25.79
2017-06-17 10:00:00,25.09
2017-06-17 11:00:00,24.4
2017-06-17 12:00:00,22.9
2017-06-17 13:00:00,22.46
2017-06-17 14:00:00,23.01
2017-06-17 15:00:00,27.62
2017-06-17 16:00:00,31.63
2017-06-17 17:00:00,35.1
2017-06-17 18:00:00,35.83
2017-06-17 19:00:00,36.97
2017-06-17 20:00:00,38.0
2017-06-17 21:00:00,35.85
2017-06-17 22:00:00,35.99
2017-06-17 23:00:00,30.08
2017-06-18 00:00:00,28.53
2017-06-18 01:00:00,26.78
2017-06-18 02:00:00,24.43
2017-06-18 03:00:00,23.67
2017-06-18 04:00:00,21.08
2017-06-18 05:00:00,23.17
2017-06-18 06:00:00,24.25
2017-06-18 07:00:00,24.34
2017-06-18 08:00:00,24.34
2017-06-18 09:00:00,24.24
2017-06-18 10:00:00,24.13
2017-06-18 11:00:00,23.03
2017-06-18 12:00:00,21.98
2017-06-18 13:00:00,21.93
2017-06-18 14:00:00,23.6
2017-06-18 15:00:00,25.57
2017-06-18 16:00:00,33.52
2017-06-18 17:00:00,37.48
2017-06-18 18:00:00,38.98
2017-06-18 19:00:00,39.09
2017-06-18 20:00:00,41.22
2017-06-18 21:00:00,37.08
2017-06-18 22:00:00,33.88
2017-06-18 23:00:00,30.2
2017-06-19 00:00:00,29.1
2017-06-19 01:00:00,28.67
2017-06-19 02:00:00,28.57
2017-06-19 03:00:00,29.1
2017-06-19 04:00:00,38.3
2017-06-19 05:00:00,42.97
2017-06-19 06:00:00,44.03
2017-06-19 07:00:00,40.98
2017-06-19 08:00:00,38.24
2017-06-19 09:00:00,38.49
2017-06-19 10:00:00,34.96
2017-06-19 11:00:00,35.06
2017-06-19 12:00:00,35.88
2017-06-19 13:00:00,38.33
2017-06-19 14:00:00,39.51
2017-06-19 15:00:00,42.1
2017-06-19 16:00:00,45.6
2017-06-19 17:00:00,49.99
2017-06-19 18:00:00,45.4
2017-06-19 19:00:00,44.13
2017-06-19 20:00:00,43.68
2017-06-19 21:00:00,36.66
2017-06-19 22:00:00,32.39
2017-06-19 23:00:00,32.1
2017-06-20 00:00:00,30.15
2017-06-20 01:00:00,28.74
2017-06-20 02:00:00,28.47
2017-06-20 03:00:00,30.47
2017-06-20 04:00:00,36.81
2017-06-20 05:00:00,43.36
2017-06-20 06:00:00,44.02
2017-06-20 07:00:00,42.3
2017-06-20 08:00:00,39.66
2017-06-20 09:00:00,44.64
2017-06-20 10:00:00,50.31
2017-06-20 11:00:00,45.08
2017-06-20 12:00:00,44.93
2017-06-20 13:00:00,41.58
2017-06-20 14:00:00,37.03
2017-06-20 15:00:00,37.34
2017-06-20 16:00:00,38.08
2017-06-20 17:00:00,39.71
2017-06-20 18:00:00,39.95
2017-06-20 19:00:00,38.9
2017-06-20 20:00:00,40.14
2017-06-20 21:00:00,39.55
2017-06-20 22:00:00,35.4
2017-06-20 23:00:00,33.03
2017-06-21 00:00:00,32.92
2017-06-21 01:00:00,30.87
2017-06-21 02:00:00,30.68
2017-06-21 03:00:00,30.92
2017-06-21 04:00:00,38.41
2017-06-21 05:00:00,44.02
2017-06-21 06:00:00,44.65
2017-06-21 07:00:00,49.45
2017-06-21 08:00:00,54.21
2017-06-21 09:00:00,49.1
2017-06-21 10:00:00,51.6
2017-06-21 11:00:00,52.66
2017-06-21 12:00:00,56.44
2017-06-21 13:00:00,55.92
2017-06-21 14:00:00,59.03
2017-06-21 15:00:00,45.64
2017-06-21 16:00:00,50.94
2017-06-21 17:00:00,56.95
2017-06-21 18:00:00,51.03
2017-06-21 19:00:00,45.44
2017-06-21 20:00:00,56.6
2017-06-21 21:00:00,53.4
2017-06-21 22:00:00,35.94
2017-06-21 23:00:00,35.79
2017-06-22 00:00:00,32.04
2017-06-22 01:00:00,30.96
2017-06-22 02:00:00,29.2
2017-06-22 03:00:00,30.2
2017-06-22 04:00:00,36.6
2017-06-22 05:00:00,42.39
2017-06-22 06:00:00,44.8
2017-06-22 07:00:00,49.98
2017-06-22 08:00:00,54.37
2017-06-22 09:00:00,55.94
2017-06-22 10:00:00,52.81
2017-06-22 11:00:00,52.95
2017-06-22 12:00:00,43.54
2017-06-22 13:00:00,42.45
2017-06-22 14:00:00,40.77
2017-06-22 15:00:00,41.25
2017-06-22 16:00:00,39.9
2017-06-22 17:00:00,41.91
2017-06-22 18:00:00,38.99
2017-06-22 19:00:00,37.56
2017-06-22 20:00:00,41.38
2017-06-22 21:00:00,41.27
2017-06-22 22:00:00,31.94
2017-06-22 23:00:00,33.3
2017-06-23 00:00:00,29.1
2017-06-23 01:00:00,28.11
2017-06-23 02:00:00,28.18
2017-06-23 03:00:00,28.73
2017-06-23 04:00:00,31.36
2017-06-23 05:00:00,36.26
2017-06-23 06:00:00,38.28
2017-06-23 07:00:00,39.49
2017-06-23 08:00:00,37.42
2017-06-23 09:00:00,37.37
2017-06-23 10:00:00,33.77
2017-06-23 11:00:00,34.55
2017-06-23 12:00:00,35.9
2017-06-23 13:00:00,34.55
2017-06-23 14:00:00,34.07
2017-06-23 15:00:00,31.25
2017-06-23 16:00:00,36.46
2017-06-23 17:00:00,38.42
2017-06-23 18:00:00,38.44
2017-06-23 19:00:00,37.98
2017-06-23 20:00:00,39.23
2017-06-23 21:00:00,38.29
2017-06-23 22:00:00,29.33
2017-06-23 23:00:00,28.01
2017-06-24 00:00:00,24.01
2017-06-24 01:00:00,23.02
2017-06-24 02:00:00,20.6
2017-06-24 03:00:00,19.99
2017-06-24 04:00:00,22.09
2017-06-24 05:00:00,24.53
2017-06-24 06:00:00,25.66
2017-06-24 07:00:00,25.86
2017-06-24 08:00:00,25.27
2017-06-24 09:00:00,25.31
2017-06-24 10:00:00,26.23
2017-06-24 11:00:00,23.42
2017-06-24 12:00:00,25.96
2017-06-24 13:00:00,25.02
2017-06-24 14:00:00,25.03
2017-06-24 15:00:00,28.24
2017-06-24 16:00:00,29.59
2017-06-24 17:00:00,31.07
2017-06-24 18:00:00,29.64
2017-06-24 19:00:00,26.32
2017-06-24 20:00:00,31.94
2017-06-24 21:00:00,29.75
2017-06-24 22:00:00,28.06
2017-06-24 23:00:00,25.37
2017-06-25 00:00:00,20.91
2017-06-25 01:00:00,18.37
2017-06-25 02:00:00,14.54
2017-06-25 03:00:00,10.5
2017-06-25 04:00:00,11.94
2017-06-25 05:00:00,13.85
2017-06-25 06:00:00,18.13
2017-06-25 07:00:00,18.05
2017-06-25 08:00:00,16.09
2017-06-25 09:00:00,16.55
2017-06-25 10:00:00,14.95
2017-06-25 11:00:00,13.97
2017-06-25 12:00:00,8.96
2017-06-25 13:00:00,9.99
2017-06-25 14:00:00,12.06
2017-06-25 15:00:00,18.28
2017-06-25 16:00:00,23.55
2017-06-25 17:00:00,29.21
2017-06-25 18:00:00,33.94
2017-06-25 19:00:00,35.21
2017-06-25 20:00:00,38.91
2017-06-25 21:00:00,37.96
2017-06-25 22:00:00,36.65
2017-06-25 23:00:00,30.8
2017-06-26 00:00:00,28.03
2017-06-26 01:00:00,26.16
2017-06-26 02:00:00,26.58
2017-06-26 03:00:00,29.0
2017-06-26 04:00:00,37.12
2017-06-26 05:00:00,39.71
2017-06-26 06:00:00,48.71
2017-06-26 07:00:00,47.72
2017-06-26 08:00:00,54.37
2017-06-26 09:00:00,55.64
2017-06-26 10:00:00,54.0
2017-06-26 11:00:00,55.0
2017-06-26 12:00:00,50.07
2017-06-26 13:00:00,49.03
2017-06-26 14:00:00,43.57
2017-06-26 15:00:00,37.37
2017-06-26 16:00:00,39.9
2017-06-26 17:00:00,42.91
2017-06-26 18:00:00,41.58
2017-06-26 19:00:00,40.55
2017-06-26 20:00:00,42.4
2017-06-26 21:00:00,38.62
2017-06-26 22:00:00,35.61
2017-06-26 23:00:00,30.44
2017-06-27 00:00:00,29.09
2017-06-27 01:00:00,29.04
2017-06-27 02:00:00,28.65
2017-06-27 03:00:00,29.09
2017-06-27 04:00:00,37.51
2017-06-27 05:00:00,43.47
2017-06-27 06:00:00,46.66
2017-06-27 07:00:00,46.3
2017-06-27 08:00:00,46.69
2017-06-27 09:00:00,50.03
2017-06-27 10:00:00,48.0
2017-06-27 11:00:00,47.14
2017-06-27 12:00:00,45.72
2017-06-27 13:00:00,47.61
2017-06-27 14:00:00,44.56
2017-06-27 15:00:00,45.2
2017-06-27 16:00:00,44.95
2017-06-27 17:00:00,43.95
2017-06-27 18:00:00,40.24
2017-06-27 19:00:00,38.23
2017-06-27 20:00:00,41.69
2017-06-27 21:00:00,39.23
2017-06-27 22:00:00,42.05
2017-06-27 23:00:00,32.1
2017-06-28 00:00:00,27.4
2017-06-28 01:00:00,26.46
2017-06-28 02:00:00,25.96
2017-06-28 03:00:00,27.96
2017-06-28 04:00:00,32.76
2017-06-28 05:00:00,38.64
2017-06-28 06:00:00,41.51
2017-06-28 07:00:00,41.99
2017-06-28 08:00:00,41.95
2017-06-28 09:00:00,42.7
2017-06-28 10:00:00,41.45
2017-06-28 11:00:00,40.44
2017-06-28 12:00:00,39.33
2017-06-28 13:00:00,37.0
2017-06-28 14:00:00,34.9
2017-06-28 15:00:00,38.4
2017-06-28 16:00:00,38.97
2017-06-28 17:00:00,40.0
2017-06-28 18:00:00,38.95
2017-06-28 19:00:00,35.61
2017-06-28 20:00:00,35.92
2017-06-28 21:00:00,34.04
2017-06-28 22:00:00,32.42
2017-06-28 23:00:00,30.59
2017-06-29 00:00:00,29.94
2017-06-29 01:00:00,29.03
2017-06-29 02:00:00,29.05
2017-06-29 03:00:00,30.12
2017-06-29 04:00:00,33.95
2017-06-29 05:00:00,41.9
2017-06-29 06:00:00,46.96
2017-06-29 07:00:00,47.53
2017-06-29 08:00:00,47.53
2017-06-29 09:00:00,47.81
2017-06-29 10:00:00,45.99
2017-06-29 11:00:00,45.2
2017-06-29 12:00:00,41.71
2017-06-29 13:00:00,39.17
2017-06-29 14:00:00,38.28
2017-06-29 15:00:00,38.23
2017-06-29 16:00:00,38.94
2017-06-29 17:00:00,39.01
2017-06-29 18:00:00,35.52
2017-06-29 19:00:00,34.99
2017-06-29 20:00:00,39.71
2017-06-29 21:00:00,34.71
2017-06-29 22:00:00,29.29
2017-06-29 23:00:00,29.01
2017-06-30 00:00:00,28.06
2017-06-30 01:00:00,27.0
2017-06-30 02:00:00,25.58
2017-06-30 03:00:00,28.0
2017-06-30 04:00:00,31.96
2017-06-30 05:00:00,37.93
2017-06-30 06:00:00,38.91
2017-06-30 07:00:00,36.52
2017-06-30 08:00:00,36.21
2017-06-30 09:00:00,36.27
2017-06-30 10:00:00,33.97
2017-06-30 11:00:00,30.03
2017-06-30 12:00:00,29.28
2017-06-30 13:00:00,28.63
2017-06-30 14:00:00,28.05
2017-06-30 15:00:00,30.51
2017-06-30 16:00:00,36.36
2017-06-30 17:00:00,38.92
2017-06-30 18:00:00,38.71
2017-06-30 19:00:00,36.61
2017-06-30 20:00:00,38.95
2017-06-30 21:00:00,36.97
2017-06-30 22:00:00,42.92
2017-06-30 23:00:00,39.4
2017-07-01 00:00:00,27.85
2017-07-01 01:00:00,27.13
2017-07-01 02:00:00,26.48
2017-07-01 03:00:00,25.59
2017-07-01 04:00:00,25.56
2017-07-01 05:00:00,26.77
2017-07-01 06:00:00,28.82
2017-07-01 07:00:00,32.4
2017-07-01 08:00:00,33.35
2017-07-01 09:00:00,33.15
2017-07-01 10:00:00,34.0
2017-07-01 11:00:00,29.58
2017-07-01 12:00:00,26.33
2017-07-01 13:00:00,26.31
2017-07-01 14:00:00,26.09
2017-07-01 15:00:00,29.01
2017-07-01 16:00:00,29.95
2017-07-01 17:00:00,32.71
2017-07-01 18:00:00,33.25
2017-07-01 19:00:00,32.1
2017-07-01 20:00:00,42.09
2017-07-01 21:00:00,40.17
2017-07-01 22:00:00,33.96
2017-07-01 23:00:00,28.14
2017-07-02 00:00:00,26.47
2017-07-02 01:00:00,22.94
2017-07-02 02:00:00,23.73
2017-07-02 03:00:00,21.96
2017-07-02 04:00:00,21.3
2017-07-02 05:00:00,23.07
2017-07-02 06:00:00,24.76
2017-07-02 07:00:00,25.56
2017-07-02 08:00:00,24.84
2017-07-02 09:00:00,25.39
2017-07-02 10:00:00,28.51
2017-07-02 11:00:00,24.11
2017-07-02 12:00:00,19.47
2017-07-02 13:00:00,16.86
2017-07-02 14:00:00,18.79
2017-07-02 15:00:00,24.62
2017-07-02 16:00:00,30.48
2017-07-02 17:00:00,35.61
2017-07-02 18:00:00,35.37
2017-07-02 19:00:00,37.0
2017-07-02 20:00:00,43.33
2017-07-02 21:00:00,38.48
2017-07-02 22:00:00,34.47
2017-07-02 23:00:00,29.85
2017-07-03 00:00:00,25.9
2017-07-03 01:00:00,24.99
2017-07-03 02:00:00,24.86
2017-07-03 03:00:00,26.78
2017-07-03 04:00:00,34.93
2017-07-03 05:00:00,41.25
2017-07-03 06:00:00,41.79
2017-07-03 07:00:00,43.91
2017-07-03 08:00:00,43.56
2017-07-03 09:00:00,42.84
2017-07-03 10:00:00,43.47
2017-07-03 11:00:00,44.0
2017-07-03 12:00:00,45.0
2017-07-03 13:00:00,44.84
2017-07-03 14:00:00,37.96
2017-07-03 15:00:00,35.2
2017-07-03 16:00:00,38.94
2017-07-03 17:00:00,43.35
2017-07-03 18:00:00,40.91
2017-07-03 19:00:00,39.37
2017-07-03 20:00:00,44.17
2017-07-03 21:00:00,45.0
2017-07-03 22:00:00,44.0
2017-07-03 23:00:00,40.71
2017-07-04 00:00:00,37.89
2017-07-04 01:00:00,28.55
2017-07-04 02:00:00,27.99
2017-07-04 03:00:00,31.01
2017-07-04 04:00:00,36.2
2017-07-04 05:00:00,41.8
2017-07-04 06:00:00,47.51
2017-07-04 07:00:00,47.99
2017-07-04 08:00:00,47.5
2017-07-04 09:00:00,46.87
2017-07-04 10:00:00,46.56
2017-07-04 11:00:00,47.95
2017-07-04 12:00:00,45.18
2017-07-04 13:00:00,45.78
2017-07-04 14:00:00,46.87
2017-07-04 15:00:00,46.91
2017-07-04 16:00:00,48.24
2017-07-04 17:00:00,46.99
2017-07-04 18:00:00,43.1
2017-07-04 19:00:00,41.68
2017-07-04 20:00:00,48.07
2017-07-04 21:00:00,46.08
2017-07-04 22:00:00,37.95
2017-07-04 23:00:00,34.16
2017-07-05 00:00:00,31.02
2017-07-05 01:00:00,29.07
2017-07-05 02:00:00,29.54
2017-07-05 03:00:00,31.89
2017-07-05 04:00:00,37.98
2017-07-05 05:00:00,43.92
2017-07-05 06:00:00,48.24
2017-07-05 07:00:00,52.1
2017-07-05 08:00:00,52.1
2017-07-05 09:00:00,51.94
2017-07-05 10:00:00,49.68
2017-07-05 11:00:00,48.79
2017-07-05 12:00:00,51.22
2017-07-05 13:00:00,48.83
2017-07-05 14:00:00,46.33
2017-07-05 15:00:00,41.96
2017-07-05 16:00:00,48.21
2017-07-05 17:00:00,48.91
2017-07-05 18:00:00,44.15
2017-07-05 19:00:00,43.93
2017-07-05 20:00:00,49.12
2017-07-05 21:00:00,46.84
2017-07-05 22:00:00,40.43
2017-07-05 23:00:00,32.83
2017-07-06 00:00:00,32.95
2017-07-06 01:00:00,30.11
2017-07-06 02:00:00,29.19
2017-07-06 03:00:00,32.06
2017-07-06 04:00:00,36.94
2017-07-06 05:00:00,42.29
2017-07-06 06:00:00,48.24
2017-07-06 07:00:00,53.99
2017-07-06 08:00:00,53.31
2017-07-06 09:00:00,53.99
2017-07-06 10:00:00,54.03
2017-07-06 11:00:00,49.38
2017-07-06 12:00:00,49.5
2017-07-06 13:00:00,48.56
2017-07-06 14:00:00,49.38
2017-07-06 15:00:00,48.05
2017-07-06 16:00:00,53.31
2017-07-06 17:00:00,53.71
2017-07-06 18:00:00,49.56
2017-07-06 19:00:00,46.03
2017-07-06 20:00:00,53.4
2017-07-06 21:00:00,50.9
2017-07-06 22:00:00,44.62
2017-07-06 23:00:00,32.43
2017-07-07 00:00:00,30.8
2017-07-07 01:00:00,30.69
2017-07-07 02:00:00,29.64
2017-07-07 03:00:00,30.84
2017-07-07 04:00:00,35.87
2017-07-07 05:00:00,41.88
2017-07-07 06:00:00,45.54
2017-07-07 07:00:00,45.58
2017-07-07 08:00:00,44.61
2017-07-07 09:00:00,47.6
2017-07-07 10:00:00,47.5
2017-07-07 11:00:00,44.73
2017-07-07 12:00:00,44.21
2017-07-07 13:00:00,42.86
2017-07-07 14:00:00,37.97
2017-07-07 15:00:00,37.87
2017-07-07 16:00:00,40.58
2017-07-07 17:00:00,42.74
2017-07-07 18:00:00,41.8
2017-07-07 19:00:00,40.46
2017-07-07 20:00:00,50.58
2017-07-07 21:00:00,40.98
2017-07-07 22:00:00,37.08
2017-07-07 23:00:00,34.64
2017-07-08 00:00:00,32.05
2017-07-08 01:00:00,30.68
2017-07-08 02:00:00,29.87
2017-07-08 03:00:00,29.09
2017-07-08 04:00:00,30.0
2017-07-08 05:00:00,32.02
2017-07-08 06:00:00,34.58
2017-07-08 07:00:00,36.71
2017-07-08 08:00:00,35.89
2017-07-08 09:00:00,35.37
2017-07-08 10:00:00,33.22
2017-07-08 11:00:00,31.41
2017-07-08 12:00:00,30.18
2017-07-08 13:00:00,30.05
2017-07-08 14:00:00,31.4
2017-07-08 15:00:00,33.18
2017-07-08 16:00:00,36.98
2017-07-08 17:00:00,40.04
2017-07-08 18:00:00,39.63
2017-07-08 19:00:00,39.82
2017-07-08 20:00:00,42.09
2017-07-08 21:00:00,39.67
2017-07-08 22:00:00,32.21
2017-07-08 23:00:00,31.08
2017-07-09 00:00:00,29.84
2017-07-09 01:00:00,29.2
2017-07-09 02:00:00,29.62
2017-07-09 03:00:00,29.46
2017-07-09 04:00:00,29.49
2017-07-09 05:00:00,29.83
2017-07-09 06:00:00,30.03
2017-07-09 07:00:00,31.26
2017-07-09 08:00:00,31.26
2017-07-09 09:00:00,32.4
2017-07-09 10:00:00,32.07
2017-07-09 11:00:00,31.0
2017-07-09 12:00:00,29.88
2017-07-09 13:00:00,30.69
2017-07-09 14:00:00,31.28
2017-07-09 15:00:00,33.8
2017-07-09 16:00:00,36.75
2017-07-09 17:00:00,40.53
2017-07-09 18:00:00,40.53
2017-07-09 19:00:00,40.59
2017-07-09 20:00:00,42.28
2017-07-09 21:00:00,40.08
2017-07-09 22:00:00,32.76
2017-07-09 23:00:00,29.92
2017-07-10 00:00:00,29.44
2017-07-10 01:00:00,29.59
2017-07-10 02:00:00,29.31
2017-07-10 03:00:00,30.6
2017-07-10 04:00:00,38.03
2017-07-10 05:00:00,44.03
2017-07-10 06:00:00,50.07
2017-07-10 07:00:00,50.0
2017-07-10 08:00:00,48.73
2017-07-10 09:00:00,48.72
2017-07-10 10:00:00,47.69
2017-07-10 11:00:00,46.65
2017-07-10 12:00:00,44.18
2017-07-10 13:00:00,42.93
2017-07-10 14:00:00,40.65
2017-07-10 15:00:00,40.95
2017-07-10 16:00:00,41.62
2017-07-10 17:00:00,42.97
2017-07-10 18:00:00,40.21
2017-07-10 19:00:00,38.86
2017-07-10 20:00:00,39.92
2017-07-10 21:00:00,37.98
2017-07-10 22:00:00,30.93
2017-07-10 23:00:00,30.28
2017-07-11 00:00:00,29.63
2017-07-11 01:00:00,28.96
2017-07-11 02:00:00,28.95
2017-07-11 03:00:00,30.08
2017-07-11 04:00:00,34.51
2017-07-11 05:00:00,41.43
2017-07-11 06:00:00,44.22
2017-07-11 07:00:00,43.43
2017-07-11 08:00:00,42.03
2017-07-11 09:00:00,41.45
2017-07-11 10:00:00,39.9
2017-07-11 11:00:00,39.92
2017-07-11 12:00:00,36.86
2017-07-11 13:00:00,34.76
2017-07-11 14:00:00,35.39
2017-07-11 15:00:00,37.62
2017-07-11 16:00:00,39.99
2017-07-11 17:00:00,41.58
2017-07-11 18:00:00,40.7
2017-07-11 19:00:00,38.94
2017-07-11 20:00:00,39.36
2017-07-11 21:00:00,34.25
2017-07-11 22:00:00,32.29
2017-07-11 23:00:00,30.14
2017-07-12 00:00:00,29.1
2017-07-12 01:00:00,28.52
2017-07-12 02:00:00,28.43
2017-07-12 03:00:00,29.3
2017-07-12 04:00:00,33.15
2017-07-12 05:00:00,39.87
2017-07-12 06:00:00,44.01
2017-07-12 07:00:00,44.31
2017-07-12 08:00:00,44.16
2017-07-12 09:00:00,43.9
2017-07-12 10:00:00,41.07
2017-07-12 11:00:00,39.9
2017-07-12 12:00:00,37.27
2017-07-12 13:00:00,33.93
2017-07-12 14:00:00,32.19
2017-07-12 15:00:00,33.29
2017-07-12 16:00:00,33.02
2017-07-12 17:00:00,35.9
2017-07-12 18:00:00,34.92
2017-07-12 19:00:00,33.74
2017-07-12 20:00:00,42.49
2017-07-12 21:00:00,40.94
2017-07-12 22:00:00,33.72
2017-07-12 23:00:00,31.8
2017-07-13 00:00:00,30.86
2017-07-13 01:00:00,28.79
2017-07-13 02:00:00,27.34
2017-07-13 03:00:00,28.09
2017-07-13 04:00:00,31.06
2017-07-13 05:00:00,38.12
2017-07-13 06:00:00,36.73
2017-07-13 07:00:00,36.07
2017-07-13 08:00:00,35.52
2017-07-13 09:00:00,34.96
2017-07-13 10:00:00,36.54
2017-07-13 11:00:00,38.06
2017-07-13 12:00:00,38.08
2017-07-13 13:00:00,35.24
2017-07-13 14:00:00,33.46
2017-07-13 15:00:00,38.08
2017-07-13 16:00:00,41.35
2017-07-13 17:00:00,46.82
2017-07-13 18:00:00,45.09
2017-07-13 19:00:00,42.93
2017-07-13 20:00:00,42.13
2017-07-13 21:00:00,38.12
2017-07-13 22:00:00,34.63
2017-07-13 23:00:00,32.34
2017-07-14 00:00:00,30.36
2017-07-14 01:00:00,29.08
2017-07-14 02:00:00,29.51
2017-07-14 03:00:00,30.37
2017-07-14 04:00:00,31.46
2017-07-14 05:00:00,33.5
2017-07-14 06:00:00,34.92
2017-07-14 07:00:00,34.71
2017-07-14 08:00:00,36.06
2017-07-14 09:00:00,38.04
2017-07-14 10:00:00,37.1
2017-07-14 11:00:00,35.97
2017-07-14 12:00:00,31.91
2017-07-14 13:00:00,30.34
2017-07-14 14:00:00,31.29
2017-07-14 15:00:00,33.04
2017-07-14 16:00:00,31.0
2017-07-14 17:00:00,36.62
2017-07-14 18:00:00,38.97
2017-07-14 19:00:00,39.1
2017-07-14 20:00:00,39.71
2017-07-14 21:00:00,37.12
2017-07-14 22:00:00,34.57
2017-07-14 23:00:00,31.08
2017-07-15 00:00:00,30.82
2017-07-15 01:00:00,30.01
2017-07-15 02:00:00,29.4
2017-07-15 03:00:00,29.17
2017-07-15 04:00:00,30.46
2017-07-15 05:00:00,30.82
2017-07-15 06:00:00,31.94
2017-07-15 07:00:00,33.81
2017-07-15 08:00:00,33.43
2017-07-15 09:00:00,33.06
2017-07-15 10:00:00,32.22
2017-07-15 11:00:00,30.76
2017-07-15 12:00:00,29.07
2017-07-15 13:00:00,28.64
2017-07-15 14:00:00,29.04
2017-07-15 15:00:00,30.98
2017-07-15 16:00:00,35.21
2017-07-15 17:00:00,37.54
2017-07-15 18:00:00,37.0
2017-07-15 19:00:00,36.9
2017-07-15 20:00:00,37.98
2017-07-15 21:00:00,36.01
2017-07-15 22:00:00,34.65
2017-07-15 23:00:00,30.05
2017-07-16 00:00:00,28.68
2017-07-16 01:00:00,27.78
2017-07-16 02:00:00,27.72
2017-07-16 03:00:00,27.4
2017-07-16 04:00:00,27.53
2017-07-16 05:00:00,27.6
2017-07-16 06:00:00,27.4
2017-07-16 07:00:00,28.49
2017-07-16 08:00:00,28.99
2017-07-16 09:00:00,28.99
2017-07-16 10:00:00,29.76
2017-07-16 11:00:00,26.95
2017-07-16 12:00:00,25.99
2017-07-16 13:00:00,25.22
2017-07-16 14:00:00,27.55
2017-07-16 15:00:00,28.57
2017-07-16 16:00:00,31.79
2017-07-16 17:00:00,35.41
2017-07-16 18:00:00,36.65
2017-07-16 19:00:00,37.14
2017-07-16 20:00:00,41.02
2017-07-16 21:00:00,38.79
2017-07-16 22:00:00,41.72
2017-07-16 23:00:00,36.63
2017-07-17 00:00:00,29.32
2017-07-17 01:00:00,27.57
2017-07-17 02:00:00,27.92
2017-07-17 03:00:00,29.21
2017-07-17 04:00:00,34.28
2017-07-17 05:00:00,37.3
2017-07-17 06:00:00,42.11
2017-07-17 07:00:00,42.3
2017-07-17 08:00:00,42.4
2017-07-17 09:00:00,42.74
2017-07-17 10:00:00,41.03
2017-07-17 11:00:00,42.17
2017-07-17 12:00:00,38.29
2017-07-17 13:00:00,35.92
2017-07-17 14:00:00,36.1
2017-07-17 15:00:00,39.94
2017-07-17 16:00:00,42.05
2017-07-17 17:00:00,44.95
2017-07-17 18:00:00,43.79
2017-07-17 19:00:00,40.98
2017-07-17 20:00:00,40.95
2017-07-17 21:00:00,35.4
2017-07-17 22:00:00,33.69
2017-07-17 23:00:00,31.18
2017-07-18 00:00:00,29.85
2017-07-18 01:00:00,29.56
2017-07-18 02:00:00,30.28
2017-07-18 03:00:00,31.95
2017-07-18 04:00:00,36.28
2017-07-18 05:00:00,40.44
2017-07-18 06:00:00,42.88
2017-07-18 07:00:00,42.43
2017-07-18 08:00:00,46.82
2017-07-18 09:00:00,48.98
2017-07-18 10:00:00,46.94
2017-07-18 11:00:00,43.05
2017-07-18 12:00:00,40.22
2017-07-18 13:00:00,38.04
2017-07-18 14:00:00,38.97
2017-07-18 15:00:00,42.97
2017-07-18 16:00:00,45.97
2017-07-18 17:00:00,46.82
2017-07-18 18:00:00,43.92
2017-07-18 19:00:00,40.95
2017-07-18 20:00:00,40.99
2017-07-18 21:00:00,36.19
2017-07-18 22:00:00,30.93
2017-07-18 23:00:00,29.59
2017-07-19 00:00:00,28.62
2017-07-19 01:00:00,27.3
2017-07-19 02:00:00,27.57
2017-07-19 03:00:00,28.93
2017-07-19 04:00:00,34.03
2017-07-19 05:00:00,36.14
2017-07-19 06:00:00,37.91
2017-07-19 07:00:00,40.08
2017-07-19 08:00:00,38.93
2017-07-19 09:00:00,39.44
2017-07-19 10:00:00,38.52
2017-07-19 11:00:00,37.91
2017-07-19 12:00:00,37.07
2017-07-19 13:00:00,36.72
2017-07-19 14:00:00,38.03
2017-07-19 15:00:00,40.52
2017-07-19 16:00:00,42.97
2017-07-19 17:00:00,44.0
2017-07-19 18:00:00,42.16
2017-07-19 19:00:00,40.58
2017-07-19 20:00:00,39.09
2017-07-19 21:00:00,36.44
2017-07-19 22:00:00,30.54
2017-07-19 23:00:00,31.46
2017-07-20 00:00:00,29.6
2017-07-20 01:00:00,28.1
2017-07-20 02:00:00,28.52
2017-07-20 03:00:00,30.17
2017-07-20 04:00:00,34.02
2017-07-20 05:00:00,38.44
2017-07-20 06:00:00,41.85
2017-07-20 07:00:00,43.25
2017-07-20 08:00:00,41.73
2017-07-20 09:00:00,41.93
2017-07-20 10:00:00,40.0
2017-07-20 11:00:00,38.36
2017-07-20 12:00:00,36.9
2017-07-20 13:00:00,35.74
2017-07-20 14:00:00,34.48
2017-07-20 15:00:00,36.97
2017-07-20 16:00:00,39.77
2017-07-20 17:00:00,41.93
2017-07-20 18:00:00,41.05
2017-07-20 19:00:00,40.11
2017-07-20 20:00:00,39.74
2017-07-20 21:00:00,34.29
2017-07-20 22:00:00,31.76
2017-07-20 23:00:00,30.55
2017-07-21 00:00:00,28.42
2017-07-21 01:00:00,27.07
2017-07-21 02:00:00,27.32
2017-07-21 03:00:00,29.99
2017-07-21 04:00:00,35.57
2017-07-21 05:00:00,40.06
2017-07-21 06:00:00,41.83
2017-07-21 07:00:00,40.87
2017-07-21 08:00:00,38.44
2017-07-21 09:00:00,39.04
2017-07-21 10:00:00,40.38
2017-07-21 11:00:00,38.57
2017-07-21 12:00:00,36.55
2017-07-21 13:00:00,36.57
2017-07-21 14:00:00,35.11
2017-07-21 15:00:00,39.01
2017-07-21 16:00:00,41.42
2017-07-21 17:00:00,42.63
2017-07-21 18:00:00,42.01
2017-07-21 19:00:00,40.57
2017-07-21 20:00:00,41.38
2017-07-21 21:00:00,38.17
2017-07-21 22:00:00,32.2
2017-07-21 23:00:00,31.57
2017-07-22 00:00:00,29.92
2017-07-22 01:00:00,28.74
2017-07-22 02:00:00,28.75
2017-07-22 03:00:00,28.54
2017-07-22 04:00:00,29.7
2017-07-22 05:00:00,30.92
2017-07-22 06:00:00,34.96
2017-07-22 07:00:00,36.47
2017-07-22 08:00:00,35.69
2017-07-22 09:00:00,34.66
2017-07-22 10:00:00,32.25
2017-07-22 11:00:00,30.02
2017-07-22 12:00:00,29.48
2017-07-22 13:00:00,29.9
2017-07-22 14:00:00,30.55
2017-07-22 15:00:00,33.25
2017-07-22 16:00:00,38.52
2017-07-22 17:00:00,39.89
2017-07-22 18:00:00,39.0
2017-07-22 19:00:00,38.09
2017-07-22 20:00:00,40.0
2017-07-22 21:00:00,36.67
2017-07-22 22:00:00,32.99
2017-07-22 23:00:00,28.78
2017-07-23 00:00:00,26.69
2017-07-23 01:00:00,23.53
2017-07-23 02:00:00,20.11
2017-07-23 03:00:00,21.98
2017-07-23 04:00:00,23.15
2017-07-23 05:00:00,17.0
2017-07-23 06:00:00,24.36
2017-07-23 07:00:00,24.75
2017-07-23 08:00:00,21.38
2017-07-23 09:00:00,25.9
2017-07-23 10:00:00,27.89
2017-07-23 11:00:00,25.7
2017-07-23 12:00:00,20.67
2017-07-23 13:00:00,15.96
2017-07-23 14:00:00,20.21
2017-07-23 15:00:00,25.68
2017-07-23 16:00:00,29.62
2017-07-23 17:00:00,37.05
2017-07-23 18:00:00,38.51
2017-07-23 19:00:00,39.42
2017-07-23 20:00:00,42.85
2017-07-23 21:00:00,39.82
2017-07-23 22:00:00,39.65
2017-07-23 23:00:00,35.62
2017-07-24 00:00:00,32.7
2017-07-24 01:00:00,31.28
2017-07-24 02:00:00,30.46
2017-07-24 03:00:00,33.24
2017-07-24 04:00:00,35.22
2017-07-24 05:00:00,44.18
2017-07-24 06:00:00,41.89
2017-07-24 07:00:00,48.23
2017-07-24 08:00:00,48.45
2017-07-24 09:00:00,47.77
2017-07-24 10:00:00,46.47
2017-07-24 11:00:00,44.91
2017-07-24 12:00:00,42.29
2017-07-24 13:00:00,40.94
2017-07-24 14:00:00,39.2
2017-07-24 15:00:00,39.7
2017-07-24 16:00:00,38.18
2017-07-24 17:00:00,38.66
2017-07-24 18:00:00,36.43
2017-07-24 19:00:00,34.73
2017-07-24 20:00:00,34.59
2017-07-24 21:00:00,35.92
2017-07-24 22:00:00,31.01
2017-07-24 23:00:00,28.96
2017-07-25 00:00:00,27.09
2017-07-25 01:00:00,27.47
2017-07-25 02:00:00,26.04
2017-07-25 03:00:00,26.21
2017-07-25 04:00:00,31.63
2017-07-25 05:00:00,37.96
2017-07-25 06:00:00,39.48
2017-07-25 07:00:00,40.06
2017-07-25 08:00:00,40.37
2017-07-25 09:00:00,40.8
2017-07-25 10:00:00,39.75
2017-07-25 11:00:00,38.94
2017-07-25 12:00:00,37.17
2017-07-25 13:00:00,36.43
2017-07-25 14:00:00,34.97
2017-07-25 15:00:00,34.99
2017-07-25 16:00:00,36.95
2017-07-25 17:00:00,40.48
2017-07-25 18:00:00,35.4
2017-07-25 19:00:00,32.96
2017-07-25 20:00:00,37.52
2017-07-25 21:00:00,38.79
2017-07-25 22:00:00,30.94
2017-07-25 23:00:00,25.41
2017-07-26 00:00:00,23.39
2017-07-26 01:00:00,21.94
2017-07-26 02:00:00,21.8
2017-07-26 03:00:00,26.16
2017-07-26 04:00:00,29.08
2017-07-26 05:00:00,34.49
2017-07-26 06:00:00,37.78
2017-07-26 07:00:00,38.57
2017-07-26 08:00:00,39.21
2017-07-26 09:00:00,39.78
2017-07-26 10:00:00,40.51
2017-07-26 11:00:00,38.34
2017-07-26 12:00:00,37.06
2017-07-26 13:00:00,35.61
2017-07-26 14:00:00,34.38
2017-07-26 15:00:00,35.27
2017-07-26 16:00:00,36.39
2017-07-26 17:00:00,37.94
2017-07-26 18:00:00,36.93
2017-07-26 19:00:00,35.93
2017-07-26 20:00:00,36.75
2017-07-26 21:00:00,36.6
2017-07-26 22:00:00,28.75
2017-07-26 23:00:00,26.7
2017-07-27 00:00:00,24.85
2017-07-27 01:00:00,23.69
2017-07-27 02:00:00,24.48
2017-07-27 03:00:00,27.02
2017-07-27 04:00:00,29.19
2017-07-27 05:00:00,35.31
2017-07-27 06:00:00,37.91
2017-07-27 07:00:00,37.89
2017-07-27 08:00:00,38.05
2017-07-27 09:00:00,38.48
2017-07-27 10:00:00,38.5
2017-07-27 11:00:00,38.03
2017-07-27 12:00:00,36.0
2017-07-27 13:00:00,34.52
2017-07-27 14:00:00,34.45
2017-07-27 15:00:00,35.74
2017-07-27 16:00:00,36.23
2017-07-27 17:00:00,36.63
2017-07-27 18:00:00,35.67
2017-07-27 19:00:00,34.72
2017-07-27 20:00:00,36.55
2017-07-27 21:00:00,34.27
2017-07-27 22:00:00,33.86
2017-07-27 23:00:00,29.04
2017-07-28 00:00:00,28.1
2017-07-28 01:00:00,26.8
2017-07-28 02:00:00,26.38
2017-07-28 03:00:00,27.48
2017-07-28 04:00:00,32.13
2017-07-28 05:00:00,38.0
2017-07-28 06:00:00,38.8
2017-07-28 07:00:00,37.05
2017-07-28 08:00:00,35.5
2017-07-28 09:00:00,35.98
2017-07-28 10:00:00,35.58
2017-07-28 11:00:00,33.94
2017-07-28 12:00:00,31.45
2017-07-28 13:00:00,28.51
2017-07-28 14:00:00,28.04
2017-07-28 15:00:00,28.87
2017-07-28 16:00:00,34.15
2017-07-28 17:00:00,36.96
2017-07-28 18:00:00,36.94
2017-07-28 19:00:00,36.3
2017-07-28 20:00:00,35.95
2017-07-28 21:00:00,38.28
2017-07-28 22:00:00,27.77
2017-07-28 23:00:00,23.35
2017-07-29 00:00:00,18.99
2017-07-29 01:00:00,14.17
2017-07-29 02:00:00,10.04
2017-07-29 03:00:00,11.89
2017-07-29 04:00:00,14.41
2017-07-29 05:00:00,15.09
2017-07-29 06:00:00,17.21
2017-07-29 07:00:00,19.32
2017-07-29 08:00:00,18.09
2017-07-29 09:00:00,18.0
2017-07-29 10:00:00,22.17
2017-07-29 11:00:00,18.85
2017-07-29 12:00:00,15.94
2017-07-29 13:00:00,16.7
2017-07-29 14:00:00,20.67
2017-07-29 15:00:00,25.8
2017-07-29 16:00:00,30.13
2017-07-29 17:00:00,33.37
2017-07-29 18:00:00,30.02
2017-07-29 19:00:00,28.86
2017-07-29 20:00:00,34.76
2017-07-29 21:00:00,30.6
2017-07-29 22:00:00,26.92
2017-07-29 23:00:00,18.28
2017-07-30 00:00:00,10.66
2017-07-30 01:00:00,6.37
2017-07-30 02:00:00,3.88
2017-07-30 03:00:00,3.14
2017-07-30 04:00:00,0.67
2017-07-30 05:00:00,2.53
2017-07-30 06:00:00,4.99
2017-07-30 07:00:00,5.61
2017-07-30 08:00:00,6.62
2017-07-30 09:00:00,8.17
2017-07-30 10:00:00,10.53
2017-07-30 11:00:00,8.54
2017-07-30 12:00:00,5.77
2017-07-30 13:00:00,2.51
2017-07-30 14:00:00,5.22
2017-07-30 15:00:00,9.09
2017-07-30 16:00:00,20.81
2017-07-30 17:00:00,31.77
2017-07-30 18:00:00,34.52
2017-07-30 19:00:00,35.93
2017-07-30 20:00:00,37.67
2017-07-30 21:00:00,35.87
2017-07-30 22:00:00,32.0
2017-07-30 23:00:00,26.55
2017-07-31 00:00:00,26.11
2017-07-31 01:00:00,24.65
2017-07-31 02:00:00,24.64
2017-07-31 03:00:00,26.57
2017-07-31 04:00:00,32.15
2017-07-31 05:00:00,34.72
2017-07-31 06:00:00,36.92
2017-07-31 07:00:00,35.45
2017-07-31 08:00:00,33.29
2017-07-31 09:00:00,33.89
2017-07-31 10:00:00,32.02
2017-07-31 11:00:00,30.15
2017-07-31 12:00:00,29.28
2017-07-31 13:00:00,28.71
2017-07-31 14:00:00,30.05
2017-07-31 15:00:00,35.51
2017-07-31 16:00:00,37.91
2017-07-31 17:00:00,38.9
2017-07-31 18:00:00,38.9
2017-07-31 19:00:00,38.07
2017-07-31 20:00:00,37.84
2017-07-31 21:00:00,32.91
2017-07-31 22:00:00,30.57
2017-07-31 23:00:00,28.01
2017-08-01 00:00:00,27.3
2017-08-01 01:00:00,26.79
2017-08-01 02:00:00,26.81
2017-08-01 03:00:00,27.54
2017-08-01 04:00:00,32.66
2017-08-01 05:00:00,37.0
2017-08-01 06:00:00,38.94
2017-08-01 07:00:00,38.09
2017-08-01 08:00:00,37.9
2017-08-01 09:00:00,37.08
2017-08-01 10:00:00,38.26
2017-08-01 11:00:00,35.93
2017-08-01 12:00:00,35.91
2017-08-01 13:00:00,36.0
2017-08-01 14:00:00,36.61
2017-08-01 15:00:00,38.47
2017-08-01 16:00:00,40.94
2017-08-01 17:00:00,41.06
2017-08-01 18:00:00,38.96
2017-08-01 19:00:00,37.04
2017-08-01 20:00:00,35.94
2017-08-01 21:00:00,31.69
2017-08-01 22:00:00,27.62
2017-08-01 23:00:00,26.59
2017-08-02 00:00:00,26.2
2017-08-02 01:00:00,25.09
2017-08-02 02:00:00,25.78
2017-08-02 03:00:00,27.25
2017-08-02 04:00:00,30.26
2017-08-02 05:00:00,35.05
2017-08-02 06:00:00,36.57
2017-08-02 07:00:00,36.47
2017-08-02 08:00:00,35.96
2017-08-02 09:00:00,35.14
2017-08-02 10:00:00,33.07
2017-08-02 11:00:00,33.19
2017-08-02 12:00:00,30.07
2017-08-02 13:00:00,31.69
2017-08-02 14:00:00,34.9
2017-08-02 15:00:00,35.99
2017-08-02 16:00:00,36.02
2017-08-02 17:00:00,36.08
2017-08-02 18:00:00,35.43
2017-08-02 19:00:00,36.07
2017-08-02 20:00:00,37.53
2017-08-02 21:00:00,34.46
2017-08-02 22:00:00,28.1
2017-08-02 23:00:00,26.47
2017-08-03 00:00:00,24.76
2017-08-03 01:00:00,23.36
2017-08-03 02:00:00,23.39
2017-08-03 03:00:00,25.08
2017-08-03 04:00:00,28.58
2017-08-03 05:00:00,33.01
2017-08-03 06:00:00,35.98
2017-08-03 07:00:00,35.98
2017-08-03 08:00:00,35.89
2017-08-03 09:00:00,34.72
2017-08-03 10:00:00,32.51
2017-08-03 11:00:00,31.16
2017-08-03 12:00:00,30.55
2017-08-03 13:00:00,27.83
2017-08-03 14:00:00,26.52
2017-08-03 15:00:00,24.47
2017-08-03 16:00:00,26.86
2017-08-03 17:00:00,29.76
2017-08-03 18:00:00,30.76
2017-08-03 19:00:00,31.85
2017-08-03 20:00:00,35.59
2017-08-03 21:00:00,37.1
2017-08-03 22:00:00,26.9
2017-08-03 23:00:00,23.53
2017-08-04 00:00:00,22.04
2017-08-04 01:00:00,19.13
2017-08-04 02:00:00,19.06
2017-08-04 03:00:00,21.99
2017-08-04 04:00:00,30.5
2017-08-04 05:00:00,34.99
2017-08-04 06:00:00,35.02
2017-08-04 07:00:00,33.59
2017-08-04 08:00:00,33.34
2017-08-04 09:00:00,31.38
2017-08-04 10:00:00,33.04
2017-08-04 11:00:00,32.39
2017-08-04 12:00:00,32.12
2017-08-04 13:00:00,30.13
2017-08-04 14:00:00,29.28
2017-08-04 15:00:00,29.87
2017-08-04 16:00:00,35.04
2017-08-04 17:00:00,37.08
2017-08-04 18:00:00,34.48
2017-08-04 19:00:00,34.93
2017-08-04 20:00:00,34.96
2017-08-04 21:00:00,41.02
2017-08-04 22:00:00,29.42
2017-08-04 23:00:00,25.38
2017-08-05 00:00:00,25.27
2017-08-05 01:00:00,24.36
2017-08-05 02:00:00,23.1
2017-08-05 03:00:00,24.74
2017-08-05 04:00:00,24.17
2017-08-05 05:00:00,27.32
2017-08-05 06:00:00,31.0
2017-08-05 07:00:00,32.82
2017-08-05 08:00:00,31.88
2017-08-05 09:00:00,30.64
2017-08-05 10:00:00,30.52
2017-08-05 11:00:00,28.37
2017-08-05 12:00:00,25.34
2017-08-05 13:00:00,24.88
2017-08-05 14:00:00,25.33
2017-08-05 15:00:00,27.98
2017-08-05 16:00:00,32.09
2017-08-05 17:00:00,33.96
2017-08-05 18:00:00,33.63
2017-08-05 19:00:00,33.8
2017-08-05 20:00:00,34.3
2017-08-05 21:00:00,32.74
2017-08-05 22:00:00,25.73
2017-08-05 23:00:00,20.57
2017-08-06 00:00:00,18.03
2017-08-06 01:00:00,16.59
2017-08-06 02:00:00,13.69
2017-08-06 03:00:00,10.87
2017-08-06 04:00:00,10.66
2017-08-06 05:00:00,10.25
2017-08-06 06:00:00,13.6
2017-08-06 07:00:00,18.0
2017-08-06 08:00:00,16.51
2017-08-06 09:00:00,18.74
2017-08-06 10:00:00,19.58
2017-08-06 11:00:00,16.27
2017-08-06 12:00:00,14.78
2017-08-06 13:00:00,11.58
2017-08-06 14:00:00,13.01
2017-08-06 15:00:00,19.57
2017-08-06 16:00:00,28.66
2017-08-06 17:00:00,32.94
2017-08-06 18:00:00,34.95
2017-08-06 19:00:00,36.05
2017-08-06 20:00:00,36.07
2017-08-06 21:00:00,34.94
2017-08-06 22:00:00,31.1
2017-08-06 23:00:00,28.0
2017-08-07 00:00:00,26.11
2017-08-07 01:00:00,24.8
2017-08-07 02:00:00,25.47
2017-08-07 03:00:00,28.28
2017-08-07 04:00:00,35.18
2017-08-07 05:00:00,37.93
2017-08-07 06:00:00,37.85
2017-08-07 07:00:00,36.42
2017-08-07 08:00:00,34.08
2017-08-07 09:00:00,33.14
2017-08-07 10:00:00,31.94
2017-08-07 11:00:00,30.71
2017-08-07 12:00:00,28.93
2017-08-07 13:00:00,29.04
2017-08-07 14:00:00,32.65
2017-08-07 15:00:00,36.95
2017-08-07 16:00:00,42.16
2017-08-07 17:00:00,45.11
2017-08-07 18:00:00,44.9
2017-08-07 19:00:00,39.94
2017-08-07 20:00:00,35.92
2017-08-07 21:00:00,29.94
2017-08-07 22:00:00,28.09
2017-08-07 23:00:00,26.86
2017-08-08 00:00:00,25.34
2017-08-08 01:00:00,24.59
2017-08-08 02:00:00,24.64
2017-08-08 03:00:00,26.96
2017-08-08 04:00:00,31.0
2017-08-08 05:00:00,35.0
2017-08-08 06:00:00,36.51
2017-08-08 07:00:00,37.06
2017-08-08 08:00:00,36.2
2017-08-08 09:00:00,36.38
2017-08-08 10:00:00,35.57
2017-08-08 11:00:00,37.04
2017-08-08 12:00:00,34.39
2017-08-08 13:00:00,32.28
2017-08-08 14:00:00,31.33
2017-08-08 15:00:00,32.36
2017-08-08 16:00:00,33.9
2017-08-08 17:00:00,33.91
2017-08-08 18:00:00,33.03
2017-08-08 19:00:00,32.07
2017-08-08 20:00:00,31.06
2017-08-08 21:00:00,27.97
2017-08-08 22:00:00,25.31
2017-08-08 23:00:00,23.63
2017-08-09 00:00:00,21.13
2017-08-09 01:00:00,19.08
2017-08-09 02:00:00,19.09
2017-08-09 03:00:00,24.57
2017-08-09 04:00:00,27.8
2017-08-09 05:00:00,31.57
2017-08-09 06:00:00,34.85
2017-08-09 07:00:00,33.15
2017-08-09 08:00:00,31.49
2017-08-09 09:00:00,31.62
2017-08-09 10:00:00,29.73
2017-08-09 11:00:00,29.18
2017-08-09 12:00:00,28.77
2017-08-09 13:00:00,30.22
2017-08-09 14:00:00,31.25
2017-08-09 15:00:00,34.92
2017-08-09 16:00:00,35.96
2017-08-09 17:00:00,40.1
2017-08-09 18:00:00,38.33
2017-08-09 19:00:00,39.42
2017-08-09 20:00:00,37.35
2017-08-09 21:00:00,34.51
2017-08-09 22:00:00,29.91
2017-08-09 23:00:00,28.24
2017-08-10 00:00:00,27.79
2017-08-10 01:00:00,26.6
2017-08-10 02:00:00,26.02
2017-08-10 03:00:00,28.44
2017-08-10 04:00:00,33.81
2017-08-10 05:00:00,36.81
2017-08-10 06:00:00,40.88
2017-08-10 07:00:00,41.95
2017-08-10 08:00:00,41.95
2017-08-10 09:00:00,41.93
2017-08-10 10:00:00,41.63
2017-08-10 11:00:00,40.95
2017-08-10 12:00:00,39.2
2017-08-10 13:00:00,37.88
2017-08-10 14:00:00,36.24
2017-08-10 15:00:00,37.05
2017-08-10 16:00:00,38.0
2017-08-10 17:00:00,39.61
2017-08-10 18:00:00,35.99
2017-08-10 19:00:00,35.56
2017-08-10 20:00:00,34.78
2017-08-10 21:00:00,30.97
2017-08-10 22:00:00,28.99
2017-08-10 23:00:00,28.13
2017-08-11 00:00:00,27.03
2017-08-11 01:00:00,26.29
2017-08-11 02:00:00,26.12
2017-08-11 03:00:00,28.11
2017-08-11 04:00:00,31.79
2017-08-11 05:00:00,33.64
2017-08-11 06:00:00,43.26
2017-08-11 07:00:00,44.41
2017-08-11 08:00:00,44.15
2017-08-11 09:00:00,42.76
2017-08-11 10:00:00,41.0
2017-08-11 11:00:00,39.06
2017-08-11 12:00:00,39.09
2017-08-11 13:00:00,39.01
2017-08-11 14:00:00,36.88
2017-08-11 15:00:00,37.4
2017-08-11 16:00:00,38.08
2017-08-11 17:00:00,36.21
2017-08-11 18:00:00,34.32
2017-08-11 19:00:00,34.61
2017-08-11 20:00:00,33.36
2017-08-11 21:00:00,30.71
2017-08-11 22:00:00,25.63
2017-08-11 23:00:00,23.05
2017-08-12 00:00:00,20.72
2017-08-12 01:00:00,20.06
2017-08-12 02:00:00,18.85
2017-08-12 03:00:00,17.03
2017-08-12 04:00:00,19.59
2017-08-12 05:00:00,18.91
2017-08-12 06:00:00,23.92
2017-08-12 07:00:00,25.84
2017-08-12 08:00:00,25.36
2017-08-12 09:00:00,25.5
2017-08-12 10:00:00,24.49
2017-08-12 11:00:00,21.36
2017-08-12 12:00:00,18.87
2017-08-12 13:00:00,19.4
2017-08-12 14:00:00,17.7
2017-08-12 15:00:00,21.06
2017-08-12 16:00:00,25.28
2017-08-12 17:00:00,26.92
2017-08-12 18:00:00,26.7
2017-08-12 19:00:00,27.01
2017-08-12 20:00:00,28.56
2017-08-12 21:00:00,26.83
2017-08-12 22:00:00,17.13
2017-08-12 23:00:00,16.53
2017-08-13 00:00:00,14.28
2017-08-13 01:00:00,12.8
2017-08-13 02:00:00,13.34
2017-08-13 03:00:00,11.95
2017-08-13 04:00:00,11.77
2017-08-13 05:00:00,16.07
2017-08-13 06:00:00,19.0
2017-08-13 07:00:00,21.02
2017-08-13 08:00:00,18.81
2017-08-13 09:00:00,21.09
2017-08-13 10:00:00,20.39
2017-08-13 11:00:00,16.07
2017-08-13 12:00:00,13.24
2017-08-13 13:00:00,11.8
2017-08-13 14:00:00,10.8
2017-08-13 15:00:00,21.89
2017-08-13 16:00:00,28.39
2017-08-13 17:00:00,33.0
2017-08-13 18:00:00,34.98
2017-08-13 19:00:00,36.47
2017-08-13 20:00:00,35.8
2017-08-13 21:00:00,32.0
2017-08-13 22:00:00,28.69
2017-08-13 23:00:00,26.37
2017-08-14 00:00:00,25.24
2017-08-14 01:00:00,25.17
2017-08-14 02:00:00,25.28
2017-08-14 03:00:00,27.64
2017-08-14 04:00:00,32.9
2017-08-14 05:00:00,34.67
2017-08-14 06:00:00,38.44
2017-08-14 07:00:00,36.64
2017-08-14 08:00:00,35.04
2017-08-14 09:00:00,34.96
2017-08-14 10:00:00,33.4
2017-08-14 11:00:00,31.93
2017-08-14 12:00:00,31.87
2017-08-14 13:00:00,33.0
2017-08-14 14:00:00,34.87
2017-08-14 15:00:00,37.07
2017-08-14 16:00:00,39.64
2017-08-14 17:00:00,41.96
2017-08-14 18:00:00,38.39
2017-08-14 19:00:00,37.76
2017-08-14 20:00:00,36.66
2017-08-14 21:00:00,31.77
2017-08-14 22:00:00,25.59
2017-08-14 23:00:00,24.11
2017-08-15 00:00:00,22.35
2017-08-15 01:00:00,20.29
2017-08-15 02:00:00,20.03
2017-08-15 03:00:00,22.04
2017-08-15 04:00:00,26.32
2017-08-15 05:00:00,18.45
2017-08-15 06:00:00,21.18
2017-08-15 07:00:00,26.84
2017-08-15 08:00:00,26.08
2017-08-15 09:00:00,26.69
2017-08-15 10:00:00,26.79
2017-08-15 11:00:00,29.78
2017-08-15 12:00:00,27.45
2017-08-15 13:00:00,26.06
2017-08-15 14:00:00,29.92
2017-08-15 15:00:00,31.34
2017-08-15 16:00:00,35.24
2017-08-15 17:00:00,35.3
2017-08-15 18:00:00,35.36
2017-08-15 19:00:00,36.62
2017-08-15 20:00:00,39.2
2017-08-15 21:00:00,33.73
2017-08-15 22:00:00,28.93
2017-08-15 23:00:00,28.17
2017-08-16 00:00:00,27.47
2017-08-16 01:00:00,26.79
2017-08-16 02:00:00,27.64
2017-08-16 03:00:00,28.72
2017-08-16 04:00:00,34.98
2017-08-16 05:00:00,37.57
2017-08-16 06:00:00,42.0
2017-08-16 07:00:00,41.91
2017-08-16 08:00:00,40.92
2017-08-16 09:00:00,40.91
2017-08-16 10:00:00,38.44
2017-08-16 11:00:00,36.07
2017-08-16 12:00:00,35.56
2017-08-16 13:00:00,34.31
2017-08-16 14:00:00,36.27
2017-08-16 15:00:00,39.94
2017-08-16 16:00:00,41.93
2017-08-16 17:00:00,43.15
2017-08-16 18:00:00,41.95
2017-08-16 19:00:00,40.1
2017-08-16 20:00:00,36.02
2017-08-16 21:00:00,32.0
2017-08-16 22:00:00,29.82
2017-08-16 23:00:00,28.44
2017-08-17 00:00:00,26.96
2017-08-17 01:00:00,26.83
2017-08-17 02:00:00,26.96
2017-08-17 03:00:00,28.57
2017-08-17 04:00:00,33.94
2017-08-17 05:00:00,36.9
2017-08-17 06:00:00,40.14
2017-08-17 07:00:00,39.24
2017-08-17 08:00:00,36.47
2017-08-17 09:00:00,36.02
2017-08-17 10:00:00,33.39
2017-08-17 11:00:00,31.64
2017-08-17 12:00:00,30.0
2017-08-17 13:00:00,30.19
2017-08-17 14:00:00,31.68
2017-08-17 15:00:00,35.32
2017-08-17 16:00:00,37.42
2017-08-17 17:00:00,38.97
2017-08-17 18:00:00,38.35
2017-08-17 19:00:00,37.62
2017-08-17 20:00:00,36.87
2017-08-17 21:00:00,35.45
2017-08-17 22:00:00,29.21
2017-08-17 23:00:00,28.29
2017-08-18 00:00:00,27.28
2017-08-18 01:00:00,26.35
2017-08-18 02:00:00,27.7
2017-08-18 03:00:00,28.61
2017-08-18 04:00:00,33.63
2017-08-18 05:00:00,38.48
2017-08-18 06:00:00,42.25
2017-08-18 07:00:00,41.04
2017-08-18 08:00:00,38.5
2017-08-18 09:00:00,39.41
2017-08-18 10:00:00,36.29
2017-08-18 11:00:00,33.17
2017-08-18 12:00:00,33.03
2017-08-18 13:00:00,31.56
2017-08-18 14:00:00,32.4
2017-08-18 15:00:00,35.71
2017-08-18 16:00:00,37.43
2017-08-18 17:00:00,38.7
2017-08-18 18:00:00,36.99
2017-08-18 19:00:00,37.02
2017-08-18 20:00:00,34.95
2017-08-18 21:00:00,32.81
2017-08-18 22:00:00,22.22
2017-08-18 23:00:00,22.01
2017-08-19 00:00:00,13.11
2017-08-19 01:00:00,10.69
2017-08-19 02:00:00,10.23
2017-08-19 03:00:00,10.7
2017-08-19 04:00:00,10.76
2017-08-19 05:00:00,15.93
2017-08-19 06:00:00,20.74
2017-08-19 07:00:00,21.07
2017-08-19 08:00:00,17.09
2017-08-19 09:00:00,16.26
2017-08-19 10:00:00,18.39
2017-08-19 11:00:00,13.87
2017-08-19 12:00:00,10.15
2017-08-19 13:00:00,12.64
2017-08-19 14:00:00,13.18
2017-08-19 15:00:00,14.22
2017-08-19 16:00:00,23.06
2017-08-19 17:00:00,26.45
2017-08-19 18:00:00,26.45
2017-08-19 19:00:00,27.02
2017-08-19 20:00:00,26.89
2017-08-19 21:00:00,22.98
2017-08-19 22:00:00,13.0
2017-08-19 23:00:00,10.1
2017-08-20 00:00:00,7.7
2017-08-20 01:00:00,6.28
2017-08-20 02:00:00,7.07
2017-08-20 03:00:00,6.21
2017-08-20 04:00:00,5.31
2017-08-20 05:00:00,4.07
2017-08-20 06:00:00,6.16
2017-08-20 07:00:00,6.8
2017-08-20 08:00:00,6.91
2017-08-20 09:00:00,6.54
2017-08-20 10:00:00,8.25
2017-08-20 11:00:00,5.76
2017-08-20 12:00:00,-0.87
2017-08-20 13:00:00,-0.05
2017-08-20 14:00:00,0.05
2017-08-20 15:00:00,7.53
2017-08-20 16:00:00,16.61
2017-08-20 17:00:00,26.87
2017-08-20 18:00:00,28.5
2017-08-20 19:00:00,31.51
2017-08-20 20:00:00,32.11
2017-08-20 21:00:00,28.13
2017-08-20 22:00:00,24.84
2017-08-20 23:00:00,19.9
2017-08-21 00:00:00,18.86
2017-08-21 01:00:00,14.8
2017-08-21 02:00:00,14.65
2017-08-21 03:00:00,20.34
2017-08-21 04:00:00,29.93
2017-08-21 05:00:00,35.17
2017-08-21 06:00:00,36.8
2017-08-21 07:00:00,35.54
2017-08-21 08:00:00,34.23
2017-08-21 09:00:00,35.93
2017-08-21 10:00:00,33.64
2017-08-21 11:00:00,33.52
2017-08-21 12:00:00,33.21
2017-08-21 13:00:00,31.18
2017-08-21 14:00:00,32.06
2017-08-21 15:00:00,34.71
2017-08-21 16:00:00,39.8
2017-08-21 17:00:00,41.86
2017-08-21 18:00:00,41.01
2017-08-21 19:00:00,40.31
2017-08-21 20:00:00,37.71
2017-08-21 21:00:00,32.0
2017-08-21 22:00:00,32.77
2017-08-21 23:00:00,30.0
2017-08-22 00:00:00,29.53
2017-08-22 01:00:00,27.9
2017-08-22 02:00:00,27.78
2017-08-22 03:00:00,31.78
2017-08-22 04:00:00,37.71
2017-08-22 05:00:00,37.84
2017-08-22 06:00:00,39.57
2017-08-22 07:00:00,39.99
2017-08-22 08:00:00,37.76
2017-08-22 09:00:00,36.91
2017-08-22 10:00:00,35.57
2017-08-22 11:00:00,35.36
2017-08-22 12:00:00,35.08
2017-08-22 13:00:00,36.06
2017-08-22 14:00:00,37.39
2017-08-22 15:00:00,42.02
2017-08-22 16:00:00,44.71
2017-08-22 17:00:00,48.17
2017-08-22 18:00:00,45.07
2017-08-22 19:00:00,43.38
2017-08-22 20:00:00,38.81
2017-08-22 21:00:00,34.85
2017-08-22 22:00:00,30.97
2017-08-22 23:00:00,30.93
2017-08-23 00:00:00,29.63
2017-08-23 01:00:00,28.4
2017-08-23 02:00:00,28.06
2017-08-23 03:00:00,29.76
2017-08-23 04:00:00,36.93
2017-08-23 05:00:00,40.92
2017-08-23 06:00:00,43.36
2017-08-23 07:00:00,40.72
2017-08-23 08:00:00,38.24
2017-08-23 09:00:00,37.5
2017-08-23 10:00:00,36.25
2017-08-23 11:00:00,34.0
2017-08-23 12:00:00,32.5
2017-08-23 13:00:00,34.1
2017-08-23 14:00:00,37.06
2017-08-23 15:00:00,40.24
2017-08-23 16:00:00,45.94
2017-08-23 17:00:00,48.05
2017-08-23 18:00:00,44.9
2017-08-23 19:00:00,41.92
2017-08-23 20:00:00,41.06
2017-08-23 21:00:00,39.0
2017-08-23 22:00:00,33.36
2017-08-23 23:00:00,29.48
2017-08-24 00:00:00,28.1
2017-08-24 01:00:00,27.73
2017-08-24 02:00:00,28.0
2017-08-24 03:00:00,30.27
2017-08-24 04:00:00,36.45
2017-08-24 05:00:00,39.42
2017-08-24 06:00:00,42.14
2017-08-24 07:00:00,42.09
2017-08-24 08:00:00,40.7
2017-08-24 09:00:00,39.94
2017-08-24 10:00:00,45.45
2017-08-24 11:00:00,44.99
2017-08-24 12:00:00,38.0
2017-08-24 13:00:00,40.33
2017-08-24 14:00:00,34.07
2017-08-24 15:00:00,39.7
2017-08-24 16:00:00,42.75
2017-08-24 17:00:00,44.89
2017-08-24 18:00:00,44.55
2017-08-24 19:00:00,42.91
2017-08-24 20:00:00,39.22
2017-08-24 21:00:00,35.73
2017-08-24 22:00:00,34.28
2017-08-24 23:00:00,31.31
2017-08-25 00:00:00,30.13
2017-08-25 01:00:00,29.51
2017-08-25 02:00:00,29.94
2017-08-25 03:00:00,32.28
2017-08-25 04:00:00,38.05
2017-08-25 05:00:00,42.97
2017-08-25 06:00:00,44.9
2017-08-25 07:00:00,44.67
2017-08-25 08:00:00,41.77
2017-08-25 09:00:00,39.87
2017-08-25 10:00:00,37.92
2017-08-25 11:00:00,34.98
2017-08-25 12:00:00,33.09
2017-08-25 13:00:00,33.99
2017-08-25 14:00:00,36.04
2017-08-25 15:00:00,40.41
2017-08-25 16:00:00,43.98
2017-08-25 17:00:00,45.7
2017-08-25 18:00:00,45.4
2017-08-25 19:00:00,42.91
2017-08-25 20:00:00,39.7
2017-08-25 21:00:00,42.18
2017-08-25 22:00:00,34.75
2017-08-25 23:00:00,32.21
2017-08-26 00:00:00,31.38
2017-08-26 01:00:00,30.89
2017-08-26 02:00:00,30.61
2017-08-26 03:00:00,30.29
2017-08-26 04:00:00,30.47
2017-08-26 05:00:00,31.04
2017-08-26 06:00:00,34.82
2017-08-26 07:00:00,35.96
2017-08-26 08:00:00,35.65
2017-08-26 09:00:00,35.09
2017-08-26 10:00:00,36.66
2017-08-26 11:00:00,35.31
2017-08-26 12:00:00,31.7
2017-08-26 13:00:00,31.92
2017-08-26 14:00:00,32.17
2017-08-26 15:00:00,36.82
2017-08-26 16:00:00,39.67
2017-08-26 17:00:00,42.0
2017-08-26 18:00:00,42.38
2017-08-26 19:00:00,41.7
2017-08-26 20:00:00,41.6
2017-08-26 21:00:00,42.2
2017-08-26 22:00:00,34.95
2017-08-26 23:00:00,34.75
2017-08-27 00:00:00,30.22
2017-08-27 01:00:00,28.71
2017-08-27 02:00:00,29.32
2017-08-27 03:00:00,28.82
2017-08-27 04:00:00,29.67
2017-08-27 05:00:00,28.46
2017-08-27 06:00:00,29.44
2017-08-27 07:00:00,30.09
2017-08-27 08:00:00,30.3
2017-08-27 09:00:00,32.4
2017-08-27 10:00:00,31.76
2017-08-27 11:00:00,29.42
2017-08-27 12:00:00,25.97
2017-08-27 13:00:00,27.0
2017-08-27 14:00:00,28.74
2017-08-27 15:00:00,30.63
2017-08-27 16:00:00,35.2
2017-08-27 17:00:00,38.96
2017-08-27 18:00:00,42.21
2017-08-27 19:00:00,42.43
2017-08-27 20:00:00,46.02
2017-08-27 21:00:00,39.01
2017-08-27 22:00:00,33.54
2017-08-27 23:00:00,30.94
2017-08-28 00:00:00,30.64
2017-08-28 01:00:00,30.4
2017-08-28 02:00:00,30.42
2017-08-28 03:00:00,31.99
2017-08-28 04:00:00,41.99
2017-08-28 05:00:00,43.98
2017-08-28 06:00:00,45.56
2017-08-28 07:00:00,44.97
2017-08-28 08:00:00,44.79
2017-08-28 09:00:00,43.55
2017-08-28 10:00:00,43.08
2017-08-28 11:00:00,41.93
2017-08-28 12:00:00,39.49
2017-08-28 13:00:00,38.64
2017-08-28 14:00:00,39.51
2017-08-28 15:00:00,44.53
2017-08-28 16:00:00,46.6
2017-08-28 17:00:00,50.0
2017-08-28 18:00:00,47.59
2017-08-28 19:00:00,44.26
2017-08-28 20:00:00,38.99
2017-08-28 21:00:00,37.62
2017-08-28 22:00:00,35.2
2017-08-28 23:00:00,30.2
2017-08-29 00:00:00,29.96
2017-08-29 01:00:00,29.31
2017-08-29 02:00:00,29.38
2017-08-29 03:00:00,30.77
2017-08-29 04:00:00,35.0
2017-08-29 05:00:00,42.07
2017-08-29 06:00:00,45.54
2017-08-29 07:00:00,52.64
2017-08-29 08:00:00,54.08
2017-08-29 09:00:00,54.08
2017-08-29 10:00:00,53.9
2017-08-29 11:00:00,48.94
2017-08-29 12:00:00,46.91
2017-08-29 13:00:00,46.1
2017-08-29 14:00:00,45.3
2017-08-29 15:00:00,45.47
2017-08-29 16:00:00,49.01
2017-08-29 17:00:00,52.47
2017-08-29 18:00:00,49.98
2017-08-29 19:00:00,45.87
2017-08-29 20:00:00,46.08
2017-08-29 21:00:00,39.77
2017-08-29 22:00:00,32.98
2017-08-29 23:00:00,30.26
2017-08-30 00:00:00,29.83
2017-08-30 01:00:00,29.56
2017-08-30 02:00:00,29.6
2017-08-30 03:00:00,30.82
2017-08-30 04:00:00,36.51
2017-08-30 05:00:00,42.0
2017-08-30 06:00:00,44.43
2017-08-30 07:00:00,43.97
2017-08-30 08:00:00,43.39
2017-08-30 09:00:00,49.34
2017-08-30 10:00:00,46.64
2017-08-30 11:00:00,46.63
2017-08-30 12:00:00,45.0
2017-08-30 13:00:00,44.01
2017-08-30 14:00:00,37.4
2017-08-30 15:00:00,40.56
2017-08-30 16:00:00,42.39
2017-08-30 17:00:00,42.4
2017-08-30 18:00:00,41.39
2017-08-30 19:00:00,37.04
2017-08-30 20:00:00,34.39
2017-08-30 21:00:00,33.27
2017-08-30 22:00:00,31.0
2017-08-30 23:00:00,29.97
2017-08-31 00:00:00,29.75
2017-08-31 01:00:00,28.83
2017-08-31 02:00:00,28.89
2017-08-31 03:00:00,30.06
2017-08-31 04:00:00,34.15
2017-08-31 05:00:00,39.92
2017-08-31 06:00:00,43.28
2017-08-31 07:00:00,44.92
2017-08-31 08:00:00,44.08
2017-08-31 09:00:00,44.8
2017-08-31 10:00:00,45.72
2017-08-31 11:00:00,45.71
2017-08-31 12:00:00,45.56
2017-08-31 13:00:00,43.94
2017-08-31 14:00:00,43.16
2017-08-31 15:00:00,42.05
2017-08-31 16:00:00,43.6
2017-08-31 17:00:00,43.8
2017-08-31 18:00:00,44.09
2017-08-31 19:00:00,41.92
2017-08-31 20:00:00,40.9
2017-08-31 21:00:00,37.48
2017-08-31 22:00:00,33.09
2017-08-31 23:00:00,31.07
2017-09-01 00:00:00,29.89
2017-09-01 01:00:00,29.64
2017-09-01 02:00:00,29.65
2017-09-01 03:00:00,31.71
2017-09-01 04:00:00,36.04
2017-09-01 05:00:00,43.46
2017-09-01 06:00:00,45.83
2017-09-01 07:00:00,45.12
2017-09-01 08:00:00,44.9
2017-09-01 09:00:00,45.02
2017-09-01 10:00:00,44.87
2017-09-01 11:00:00,43.09
2017-09-01 12:00:00,39.91
2017-09-01 13:00:00,38.93
2017-09-01 14:00:00,38.56
2017-09-01 15:00:00,40.36
2017-09-01 16:00:00,42.2
2017-09-01 17:00:00,43.74
2017-09-01 18:00:00,43.95
2017-09-01 19:00:00,39.4
2017-09-01 20:00:00,38.13
2017-09-01 21:00:00,34.51
2017-09-01 22:00:00,32.22
2017-09-01 23:00:00,31.73
2017-09-02 00:00:00,30.06
2017-09-02 01:00:00,29.64
2017-09-02 02:00:00,28.83
2017-09-02 03:00:00,29.99
2017-09-02 04:00:00,31.1
2017-09-02 05:00:00,32.39
2017-09-02 06:00:00,35.1
2017-09-02 07:00:00,38.0
2017-09-02 08:00:00,38.15
2017-09-02 09:00:00,38.03
2017-09-02 10:00:00,35.37
2017-09-02 11:00:00,33.0
2017-09-02 12:00:00,31.78
2017-09-02 13:00:00,30.97
2017-09-02 14:00:00,31.5
2017-09-02 15:00:00,32.99
2017-09-02 16:00:00,37.25
2017-09-02 17:00:00,40.32
2017-09-02 18:00:00,40.52
2017-09-02 19:00:00,38.02
2017-09-02 20:00:00,35.65
2017-09-02 21:00:00,34.33
2017-09-02 22:00:00,32.85
2017-09-02 23:00:00,37.53
2017-09-03 00:00:00,29.8
2017-09-03 01:00:00,28.12
2017-09-03 02:00:00,27.6
2017-09-03 03:00:00,26.92
2017-09-03 04:00:00,28.08
2017-09-03 05:00:00,25.84
2017-09-03 06:00:00,29.45
2017-09-03 07:00:00,30.25
2017-09-03 08:00:00,29.32
2017-09-03 09:00:00,30.09
2017-09-03 10:00:00,30.7
2017-09-03 11:00:00,26.26
2017-09-03 12:00:00,25.95
2017-09-03 13:00:00,25.0
2017-09-03 14:00:00,26.46
2017-09-03 15:00:00,29.73
2017-09-03 16:00:00,34.15
2017-09-03 17:00:00,38.88
2017-09-03 18:00:00,42.27
2017-09-03 19:00:00,39.91
2017-09-03 20:00:00,38.42
2017-09-03 21:00:00,33.43
2017-09-03 22:00:00,31.03
2017-09-03 23:00:00,29.72
2017-09-04 00:00:00,29.41
2017-09-04 01:00:00,27.06
2017-09-04 02:00:00,28.09
2017-09-04 03:00:00,30.4
2017-09-04 04:00:00,39.67
2017-09-04 05:00:00,43.92
2017-09-04 06:00:00,42.95
2017-09-04 07:00:00,42.04
2017-09-04 08:00:00,38.85
2017-09-04 09:00:00,35.83
2017-09-04 10:00:00,35.49
2017-09-04 11:00:00,36.24
2017-09-04 12:00:00,35.74
2017-09-04 13:00:00,35.44
2017-09-04 14:00:00,36.6
2017-09-04 15:00:00,39.23
2017-09-04 16:00:00,42.91
2017-09-04 17:00:00,45.48
2017-09-04 18:00:00,45.71
2017-09-04 19:00:00,42.3
2017-09-04 20:00:00,38.93
2017-09-04 21:00:00,33.22
2017-09-04 22:00:00,31.92
2017-09-04 23:00:00,29.93
2017-09-05 00:00:00,29.7
2017-09-05 01:00:00,29.62
2017-09-05 02:00:00,29.68
2017-09-05 03:00:00,31.02
2017-09-05 04:00:00,36.37
2017-09-05 05:00:00,42.39
2017-09-05 06:00:00,44.05
2017-09-05 07:00:00,42.93
2017-09-05 08:00:00,41.26
2017-09-05 09:00:00,41.76
2017-09-05 10:00:00,38.49
2017-09-05 11:00:00,37.25
2017-09-05 12:00:00,36.67
2017-09-05 13:00:00,38.43
2017-09-05 14:00:00,39.05
2017-09-05 15:00:00,40.56
2017-09-05 16:00:00,43.04
2017-09-05 17:00:00,44.22
2017-09-05 18:00:00,44.97
2017-09-05 19:00:00,40.4
2017-09-05 20:00:00,37.25
2017-09-05 21:00:00,32.97
2017-09-05 22:00:00,29.47
2017-09-05 23:00:00,29.06
2017-09-06 00:00:00,27.83
2017-09-06 01:00:00,26.19
2017-09-06 02:00:00,24.21
2017-09-06 03:00:00,28.21
2017-09-06 04:00:00,36.32
2017-09-06 05:00:00,42.02
2017-09-06 06:00:00,43.73
2017-09-06 07:00:00,43.0
2017-09-06 08:00:00,41.0
2017-09-06 09:00:00,40.07
2017-09-06 10:00:00,37.34
2017-09-06 11:00:00,38.22
2017-09-06 12:00:00,37.2
2017-09-06 13:00:00,36.89
2017-09-06 14:00:00,35.7
2017-09-06 15:00:00,32.54
2017-09-06 16:00:00,35.41
2017-09-06 17:00:00,38.13
2017-09-06 18:00:00,41.69
2017-09-06 19:00:00,41.24
2017-09-06 20:00:00,43.36
2017-09-06 21:00:00,42.08
2017-09-06 22:00:00,27.86
2017-09-06 23:00:00,20.85
2017-09-07 00:00:00,17.79
2017-09-07 01:00:00,14.88
2017-09-07 02:00:00,16.1
2017-09-07 03:00:00,23.62
2017-09-07 04:00:00,35.3
2017-09-07 05:00:00,40.68
2017-09-07 06:00:00,41.62
2017-09-07 07:00:00,40.47
2017-09-07 08:00:00,40.06
2017-09-07 09:00:00,40.03
2017-09-07 10:00:00,38.22
2017-09-07 11:00:00,36.8
2017-09-07 12:00:00,36.11
2017-09-07 13:00:00,36.73
2017-09-07 14:00:00,37.71
2017-09-07 15:00:00,40.37
2017-09-07 16:00:00,42.67
2017-09-07 17:00:00,45.22
2017-09-07 18:00:00,45.99
2017-09-07 19:00:00,41.02
2017-09-07 20:00:00,38.78
2017-09-07 21:00:00,33.99
2017-09-07 22:00:00,29.92
2017-09-07 23:00:00,27.01
2017-09-08 00:00:00,23.95
2017-09-08 01:00:00,19.0
2017-09-08 02:00:00,14.09
2017-09-08 03:00:00,22.24
2017-09-08 04:00:00,32.96
2017-09-08 05:00:00,35.93
2017-09-08 06:00:00,38.53
2017-09-08 07:00:00,39.05
2017-09-08 08:00:00,39.56
2017-09-08 09:00:00,39.4
2017-09-08 10:00:00,38.7
2017-09-08 11:00:00,37.01
2017-09-08 12:00:00,34.0
2017-09-08 13:00:00,31.2
2017-09-08 14:00:00,30.04
2017-09-08 15:00:00,31.29
2017-09-08 16:00:00,33.98
2017-09-08 17:00:00,35.97
2017-09-08 18:00:00,37.31
2017-09-08 19:00:00,34.0
2017-09-08 20:00:00,34.22
2017-09-08 21:00:00,30.29
2017-09-08 22:00:00,28.45
2017-09-08 23:00:00,25.05
2017-09-09 00:00:00,23.05
2017-09-09 01:00:00,22.55
2017-09-09 02:00:00,22.55
2017-09-09 03:00:00,26.67
2017-09-09 04:00:00,29.64
2017-09-09 05:00:00,30.21
2017-09-09 06:00:00,34.79
2017-09-09 07:00:00,38.64
2017-09-09 08:00:00,41.89
2017-09-09 09:00:00,42.02
2017-09-09 10:00:00,38.82
2017-09-09 11:00:00,35.03
2017-09-09 12:00:00,31.8
2017-09-09 13:00:00,30.85
2017-09-09 14:00:00,32.87
2017-09-09 15:00:00,34.54
2017-09-09 16:00:00,35.55
2017-09-09 17:00:00,38.45
2017-09-09 18:00:00,41.53
2017-09-09 19:00:00,39.51
2017-09-09 20:00:00,38.94
2017-09-09 21:00:00,36.81
2017-09-09 22:00:00,31.06
2017-09-09 23:00:00,29.56
2017-09-10 00:00:00,28.23
2017-09-10 01:00:00,24.75
2017-09-10 02:00:00,21.41
2017-09-10 03:00:00,20.54
2017-09-10 04:00:00,23.95
2017-09-10 05:00:00,26.08
2017-09-10 06:00:00,29.89
2017-09-10 07:00:00,30.28
2017-09-10 08:00:00,29.8
2017-09-10 09:00:00,29.42
2017-09-10 10:00:00,25.41
2017-09-10 11:00:00,19.07
2017-09-10 12:00:00,8.93
2017-09-10 13:00:00,10.01
2017-09-10 14:00:00,10.51
2017-09-10 15:00:00,13.21
2017-09-10 16:00:00,22.48
2017-09-10 17:00:00,31.37
2017-09-10 18:00:00,32.36
2017-09-10 19:00:00,25.07
2017-09-10 20:00:00,22.6
2017-09-10 21:00:00,26.06
2017-09-10 22:00:00,12.93
2017-09-10 23:00:00,12.09
2017-09-11 00:00:00,7.85
2017-09-11 01:00:00,1.22
2017-09-11 02:00:00,1.22
2017-09-11 03:00:00,7.5
2017-09-11 04:00:00,26.04
2017-09-11 05:00:00,36.46
2017-09-11 06:00:00,41.86
2017-09-11 07:00:00,38.89
2017-09-11 08:00:00,32.18
2017-09-11 09:00:00,33.0
2017-09-11 10:00:00,30.41
2017-09-11 11:00:00,25.51
2017-09-11 12:00:00,24.8
2017-09-11 13:00:00,23.97
2017-09-11 14:00:00,28.41
2017-09-11 15:00:00,30.88
2017-09-11 16:00:00,33.94
2017-09-11 17:00:00,37.75
2017-09-11 18:00:00,38.68
2017-09-11 19:00:00,35.01
2017-09-11 20:00:00,33.99
2017-09-11 21:00:00,36.12
2017-09-11 22:00:00,15.91
2017-09-11 23:00:00,14.52
2017-09-12 00:00:00,10.71
2017-09-12 01:00:00,9.19
2017-09-12 02:00:00,11.48
2017-09-12 03:00:00,17.19
2017-09-12 04:00:00,34.91
2017-09-12 05:00:00,40.0
2017-09-12 06:00:00,49.69
2017-09-12 07:00:00,48.78
2017-09-12 08:00:00,46.96
2017-09-12 09:00:00,45.01
2017-09-12 10:00:00,42.47
2017-09-12 11:00:00,41.7
2017-09-12 12:00:00,39.49
2017-09-12 13:00:00,35.83
2017-09-12 14:00:00,32.02
2017-09-12 15:00:00,35.44
2017-09-12 16:00:00,41.49
2017-09-12 17:00:00,45.89
2017-09-12 18:00:00,45.52
2017-09-12 19:00:00,36.94
2017-09-12 20:00:00,34.11
2017-09-12 21:00:00,28.1
2017-09-12 22:00:00,21.08
2017-09-12 23:00:00,14.77
2017-09-13 00:00:00,10.71
2017-09-13 01:00:00,2.94
2017-09-13 02:00:00,8.33
2017-09-13 03:00:00,14.01
2017-09-13 04:00:00,24.18
2017-09-13 05:00:00,30.06
2017-09-13 06:00:00,33.15
2017-09-13 07:00:00,33.43
2017-09-13 08:00:00,30.09
2017-09-13 09:00:00,29.9
2017-09-13 10:00:00,33.97
2017-09-13 11:00:00,36.28
2017-09-13 12:00:00,33.57
2017-09-13 13:00:00,20.51
2017-09-13 14:00:00,19.54
2017-09-13 15:00:00,26.01
2017-09-13 16:00:00,34.16
2017-09-13 17:00:00,30.64
2017-09-13 18:00:00,32.2
2017-09-13 19:00:00,33.21
2017-09-13 20:00:00,36.32
2017-09-13 21:00:00,34.51
2017-09-13 22:00:00,32.67
2017-09-13 23:00:00,22.01
2017-09-14 00:00:00,5.21
2017-09-14 01:00:00,1.94
2017-09-14 02:00:00,3.64
2017-09-14 03:00:00,12.69
2017-09-14 04:00:00,31.08
2017-09-14 05:00:00,38.23
2017-09-14 06:00:00,43.62
2017-09-14 07:00:00,41.85
2017-09-14 08:00:00,40.57
2017-09-14 09:00:00,39.47
2017-09-14 10:00:00,32.41
2017-09-14 11:00:00,31.45
2017-09-14 12:00:00,30.52
2017-09-14 13:00:00,30.08
2017-09-14 14:00:00,30.2
2017-09-14 15:00:00,32.75
2017-09-14 16:00:00,34.91
2017-09-14 17:00:00,36.7
2017-09-14 18:00:00,40.01
2017-09-14 19:00:00,35.62
2017-09-14 20:00:00,32.12
2017-09-14 21:00:00,28.79
2017-09-14 22:00:00,32.7
2017-09-14 23:00:00,29.99
2017-09-15 00:00:00,21.97
2017-09-15 01:00:00,18.57
2017-09-15 02:00:00,23.06
2017-09-15 03:00:00,29.6
2017-09-15 04:00:00,40.24
2017-09-15 05:00:00,44.3
2017-09-15 06:00:00,45.85
2017-09-15 07:00:00,46.2
2017-09-15 08:00:00,43.48
2017-09-15 09:00:00,42.32
2017-09-15 10:00:00,39.5
2017-09-15 11:00:00,37.59
2017-09-15 12:00:00,36.4
2017-09-15 13:00:00,36.13
2017-09-15 14:00:00,38.65
2017-09-15 15:00:00,42.51
2017-09-15 16:00:00,45.47
2017-09-15 17:00:00,48.0
2017-09-15 18:00:00,47.95
2017-09-15 19:00:00,42.05
2017-09-15 20:00:00,39.42
2017-09-15 21:00:00,37.79
2017-09-15 22:00:00,33.95
2017-09-15 23:00:00,32.0
2017-09-16 00:00:00,31.57
2017-09-16 01:00:00,31.01
2017-09-16 02:00:00,30.82
2017-09-16 03:00:00,31.44
2017-09-16 04:00:00,31.94
2017-09-16 05:00:00,34.7
2017-09-16 06:00:00,40.38
2017-09-16 07:00:00,45.19
2017-09-16 08:00:00,41.43
2017-09-16 09:00:00,42.88
2017-09-16 10:00:00,38.27
2017-09-16 11:00:00,35.29
2017-09-16 12:00:00,32.99
2017-09-16 13:00:00,33.9
2017-09-16 14:00:00,35.5
2017-09-16 15:00:00,40.03
2017-09-16 16:00:00,44.64
2017-09-16 17:00:00,48.01
2017-09-16 18:00:00,46.7
2017-09-16 19:00:00,43.54
2017-09-16 20:00:00,40.33
2017-09-16 21:00:00,37.4
2017-09-16 22:00:00,34.37
2017-09-16 23:00:00,30.71
2017-09-17 00:00:00,30.06
2017-09-17 01:00:00,29.43
2017-09-17 02:00:00,29.18
2017-09-17 03:00:00,29.38
2017-09-17 04:00:00,29.98
2017-09-17 05:00:00,30.09
2017-09-17 06:00:00,32.04
2017-09-17 07:00:00,32.59
2017-09-17 08:00:00,32.16
2017-09-17 09:00:00,32.65
2017-09-17 10:00:00,32.72
2017-09-17 11:00:00,31.41
2017-09-17 12:00:00,30.45
2017-09-17 13:00:00,30.24
2017-09-17 14:00:00,30.05
2017-09-17 15:00:00,32.15
2017-09-17 16:00:00,41.0
2017-09-17 17:00:00,45.09
2017-09-17 18:00:00,48.02
2017-09-17 19:00:00,43.26
2017-09-17 20:00:00,41.39
2017-09-17 21:00:00,38.2
2017-09-17 22:00:00,38.05
2017-09-17 23:00:00,33.4
2017-09-18 00:00:00,32.1
2017-09-18 01:00:00,31.42
2017-09-18 02:00:00,32.0
2017-09-18 03:00:00,32.6
2017-09-18 04:00:00,43.89
2017-09-18 05:00:00,51.06
2017-09-18 06:00:00,53.23
2017-09-18 07:00:00,53.47
2017-09-18 08:00:00,51.59
2017-09-18 09:00:00,51.96
2017-09-18 10:00:00,51.01
2017-09-18 11:00:00,51.01
2017-09-18 12:00:00,49.98
2017-09-18 13:00:00,41.88
2017-09-18 14:00:00,43.92
2017-09-18 15:00:00,45.61
2017-09-18 16:00:00,49.41
2017-09-18 17:00:00,52.89
2017-09-18 18:00:00,53.14
2017-09-18 19:00:00,44.58
2017-09-18 20:00:00,41.69
2017-09-18 21:00:00,39.37
2017-09-18 22:00:00,33.1
2017-09-18 23:00:00,32.13
2017-09-19 00:00:00,31.28
2017-09-19 01:00:00,30.8
2017-09-19 02:00:00,31.07
2017-09-19 03:00:00,33.22
2017-09-19 04:00:00,40.0
2017-09-19 05:00:00,50.02
2017-09-19 06:00:00,53.76
2017-09-19 07:00:00,51.1
2017-09-19 08:00:00,49.99
2017-09-19 09:00:00,49.37
2017-09-19 10:00:00,46.69
2017-09-19 11:00:00,44.52
2017-09-19 12:00:00,39.8
2017-09-19 13:00:00,38.36
2017-09-19 14:00:00,38.94
2017-09-19 15:00:00,42.98
2017-09-19 16:00:00,46.26
2017-09-19 17:00:00,50.01
2017-09-19 18:00:00,48.62
2017-09-19 19:00:00,40.0
2017-09-19 20:00:00,38.86
2017-09-19 21:00:00,35.74
2017-09-19 22:00:00,39.17
2017-09-19 23:00:00,31.64
2017-09-20 00:00:00,30.27
2017-09-20 01:00:00,26.74
2017-09-20 02:00:00,27.46
2017-09-20 03:00:00,31.16
2017-09-20 04:00:00,39.49
2017-09-20 05:00:00,51.55
2017-09-20 06:00:00,54.0
2017-09-20 07:00:00,52.83
2017-09-20 08:00:00,46.84
2017-09-20 09:00:00,49.73
2017-09-20 10:00:00,46.34
2017-09-20 11:00:00,44.53
2017-09-20 12:00:00,37.51
2017-09-20 13:00:00,38.24
2017-09-20 14:00:00,40.0
2017-09-20 15:00:00,43.94
2017-09-20 16:00:00,48.93
2017-09-20 17:00:00,52.02
2017-09-20 18:00:00,51.03
2017-09-20 19:00:00,43.91
2017-09-20 20:00:00,39.44
2017-09-20 21:00:00,34.61
2017-09-20 22:00:00,32.61
2017-09-20 23:00:00,30.8
2017-09-21 00:00:00,29.66
2017-09-21 01:00:00,29.49
2017-09-21 02:00:00,29.98
2017-09-21 03:00:00,32.11
2017-09-21 04:00:00,40.0
2017-09-21 05:00:00,47.97
2017-09-21 06:00:00,50.97
2017-09-21 07:00:00,47.03
2017-09-21 08:00:00,43.47
2017-09-21 09:00:00,39.48
2017-09-21 10:00:00,35.9
2017-09-21 11:00:00,35.27
2017-09-21 12:00:00,34.55
2017-09-21 13:00:00,34.4
2017-09-21 14:00:00,37.52
2017-09-21 15:00:00,43.48
2017-09-21 16:00:00,48.73
2017-09-21 17:00:00,52.77
2017-09-21 18:00:00,50.75
2017-09-21 19:00:00,42.2
2017-09-21 20:00:00,38.33
2017-09-21 21:00:00,34.73
2017-09-21 22:00:00,32.24
2017-09-21 23:00:00,31.67
2017-09-22 00:00:00,30.4
2017-09-22 01:00:00,30.02
2017-09-22 02:00:00,30.3
2017-09-22 03:00:00,31.9
2017-09-22 04:00:00,40.06
2017-09-22 05:00:00,48.18
2017-09-22 06:00:00,49.8
2017-09-22 07:00:00,49.71
2017-09-22 08:00:00,47.17
2017-09-22 09:00:00,45.34
2017-09-22 10:00:00,40.34
2017-09-22 11:00:00,38.07
2017-09-22 12:00:00,36.58
2017-09-22 13:00:00,36.57
2017-09-22 14:00:00,37.31
2017-09-22 15:00:00,43.27
2017-09-22 16:00:00,45.92
2017-09-22 17:00:00,48.92
2017-09-22 18:00:00,47.21
2017-09-22 19:00:00,43.3
2017-09-22 20:00:00,39.51
2017-09-22 21:00:00,37.95
2017-09-22 22:00:00,34.67
2017-09-22 23:00:00,33.43
2017-09-23 00:00:00,31.94
2017-09-23 01:00:00,31.91
2017-09-23 02:00:00,31.43
2017-09-23 03:00:00,31.81
2017-09-23 04:00:00,33.4
2017-09-23 05:00:00,39.03
2017-09-23 06:00:00,41.54
2017-09-23 07:00:00,42.93
2017-09-23 08:00:00,41.91
2017-09-23 09:00:00,39.9
2017-09-23 10:00:00,41.95
2017-09-23 11:00:00,36.01
2017-09-23 12:00:00,32.12
2017-09-23 13:00:00,32.0
2017-09-23 14:00:00,32.77
2017-09-23 15:00:00,37.22
2017-09-23 16:00:00,42.44
2017-09-23 17:00:00,45.2
2017-09-23 18:00:00,44.93
2017-09-23 19:00:00,39.08
2017-09-23 20:00:00,37.88
2017-09-23 21:00:00,36.61
2017-09-23 22:00:00,42.24
2017-09-23 23:00:00,33.81
2017-09-24 00:00:00,31.7
2017-09-24 01:00:00,30.77
2017-09-24 02:00:00,30.55
2017-09-24 03:00:00,31.06
2017-09-24 04:00:00,31.82
2017-09-24 05:00:00,32.09
2017-09-24 06:00:00,34.9
2017-09-24 07:00:00,35.57
2017-09-24 08:00:00,35.25
2017-09-24 09:00:00,35.61
2017-09-24 10:00:00,35.21
2017-09-24 11:00:00,32.71
2017-09-24 12:00:00,31.52
2017-09-24 13:00:00,31.37
2017-09-24 14:00:00,31.62
2017-09-24 15:00:00,35.34
2017-09-24 16:00:00,42.39
2017-09-24 17:00:00,46.94
2017-09-24 18:00:00,47.28
2017-09-24 19:00:00,43.52
2017-09-24 20:00:00,42.46
2017-09-24 21:00:00,38.48
2017-09-24 22:00:00,33.26
2017-09-24 23:00:00,31.69
2017-09-25 00:00:00,31.1
2017-09-25 01:00:00,31.02
2017-09-25 02:00:00,30.5
2017-09-25 03:00:00,32.49
2017-09-25 04:00:00,44.42
2017-09-25 05:00:00,52.44
2017-09-25 06:00:00,53.77
2017-09-25 07:00:00,52.4
2017-09-25 08:00:00,51.1
2017-09-25 09:00:00,53.0
2017-09-25 10:00:00,51.04
2017-09-25 11:00:00,51.0
2017-09-25 12:00:00,48.96
2017-09-25 13:00:00,48.75
2017-09-25 14:00:00,43.93
2017-09-25 15:00:00,46.13
2017-09-25 16:00:00,49.81
2017-09-25 17:00:00,52.0
2017-09-25 18:00:00,50.44
2017-09-25 19:00:00,41.96
2017-09-25 20:00:00,46.35
2017-09-25 21:00:00,34.85
2017-09-25 22:00:00,35.37
2017-09-25 23:00:00,32.42
2017-09-26 00:00:00,31.36
2017-09-26 01:00:00,31.33
2017-09-26 02:00:00,31.88
2017-09-26 03:00:00,33.61
2017-09-26 04:00:00,42.52
2017-09-26 05:00:00,51.94
2017-09-26 06:00:00,55.2
2017-09-26 07:00:00,55.01
2017-09-26 08:00:00,54.64
2017-09-26 09:00:00,53.6
2017-09-26 10:00:00,49.61
2017-09-26 11:00:00,49.55
2017-09-26 12:00:00,48.13
2017-09-26 13:00:00,48.11
2017-09-26 14:00:00,46.48
2017-09-26 15:00:00,49.44
2017-09-26 16:00:00,53.1
2017-09-26 17:00:00,55.93
2017-09-26 18:00:00,55.25
2017-09-26 19:00:00,53.0
2017-09-26 20:00:00,49.22
2017-09-26 21:00:00,41.77
2017-09-26 22:00:00,37.88
2017-09-26 23:00:00,34.6
2017-09-27 00:00:00,32.94
2017-09-27 01:00:00,32.13
2017-09-27 02:00:00,32.14
2017-09-27 03:00:00,33.7
2017-09-27 04:00:00,45.07
2017-09-27 05:00:00,54.4
2017-09-27 06:00:00,57.91
2017-09-27 07:00:00,55.0
2017-09-27 08:00:00,51.8
2017-09-27 09:00:00,50.6
2017-09-27 10:00:00,48.99
2017-09-27 11:00:00,47.85
2017-09-27 12:00:00,46.95
2017-09-27 13:00:00,43.96
2017-09-27 14:00:00,44.01
2017-09-27 15:00:00,49.09
2017-09-27 16:00:00,49.99
2017-09-27 17:00:00,54.86
2017-09-27 18:00:00,51.46
2017-09-27 19:00:00,47.45
2017-09-27 20:00:00,44.11
2017-09-27 21:00:00,37.94
2017-09-27 22:00:00,38.9
2017-09-27 23:00:00,34.69
2017-09-28 00:00:00,32.79
2017-09-28 01:00:00,31.01
2017-09-28 02:00:00,31.05
2017-09-28 03:00:00,33.4
2017-09-28 04:00:00,40.2
2017-09-28 05:00:00,50.84
2017-09-28 06:00:00,56.19
2017-09-28 07:00:00,57.8
2017-09-28 08:00:00,56.03
2017-09-28 09:00:00,55.59
2017-09-28 10:00:00,54.4
2017-09-28 11:00:00,53.14
2017-09-28 12:00:00,53.35
2017-09-28 13:00:00,51.5
2017-09-28 14:00:00,50.69
2017-09-28 15:00:00,53.13
2017-09-28 16:00:00,52.5
2017-09-28 17:00:00,55.4
2017-09-28 18:00:00,56.41
2017-09-28 19:00:00,49.9
2017-09-28 20:00:00,43.4
2017-09-28 21:00:00,37.26
2017-09-28 22:00:00,33.85
2017-09-28 23:00:00,32.88
2017-09-29 00:00:00,31.5
2017-09-29 01:00:00,31.1
2017-09-29 02:00:00,30.97
2017-09-29 03:00:00,31.91
2017-09-29 04:00:00,40.67
2017-09-29 05:00:00,49.91
2017-09-29 06:00:00,51.2
2017-09-29 07:00:00,49.99
2017-09-29 08:00:00,48.79
2017-09-29 09:00:00,49.08
2017-09-29 10:00:00,49.24
2017-09-29 11:00:00,44.3
2017-09-29 12:00:00,42.23
2017-09-29 13:00:00,38.45
2017-09-29 14:00:00,41.23
2017-09-29 15:00:00,45.17
2017-09-29 16:00:00,48.59
2017-09-29 17:00:00,50.79
2017-09-29 18:00:00,52.4
2017-09-29 19:00:00,49.66
2017-09-29 20:00:00,43.0
2017-09-29 21:00:00,37.77
2017-09-29 22:00:00,47.77
2017-09-29 23:00:00,42.18
2017-09-30 00:00:00,39.7
2017-09-30 01:00:00,33.37
2017-09-30 02:00:00,29.03
2017-09-30 03:00:00,30.02
2017-09-30 04:00:00,31.96
2017-09-30 05:00:00,38.6
2017-09-30 06:00:00,39.0
2017-09-30 07:00:00,42.49
2017-09-30 08:00:00,42.57
2017-09-30 09:00:00,43.2
2017-09-30 10:00:00,40.0
2017-09-30 11:00:00,38.49
2017-09-30 12:00:00,34.01
2017-09-30 13:00:00,33.0
2017-09-30 14:00:00,37.52
2017-09-30 15:00:00,41.77
2017-09-30 16:00:00,45.06
2017-09-30 17:00:00,48.25
2017-09-30 18:00:00,45.01
2017-09-30 19:00:00,39.0
2017-09-30 20:00:00,39.81
2017-09-30 21:00:00,38.67
2017-09-30 22:00:00,50.82
2017-09-30 23:00:00,46.17
2017-10-01 00:00:00,41.36
2017-10-01 01:00:00,24.18
2017-10-01 02:00:00,24.39
2017-10-01 03:00:00,24.98
2017-10-01 04:00:00,26.76
2017-10-01 05:00:00,27.95
2017-10-01 06:00:00,32.71
2017-10-01 07:00:00,38.11
2017-10-01 08:00:00,38.39
2017-10-01 09:00:00,38.58
2017-10-01 10:00:00,38.65
2017-10-01 11:00:00,30.27
2017-10-01 12:00:00,26.71
2017-10-01 13:00:00,26.82
2017-10-01 14:00:00,27.84
2017-10-01 15:00:00,37.0
2017-10-01 16:00:00,46.13
2017-10-01 17:00:00,49.9
2017-10-01 18:00:00,47.38
2017-10-01 19:00:00,40.93
2017-10-01 20:00:00,41.14
2017-10-01 21:00:00,35.79
2017-10-01 22:00:00,32.92
2017-10-01 23:00:00,25.77
2017-10-02 00:00:00,22.52
2017-10-02 01:00:00,10.64
2017-10-02 02:00:00,5.53
2017-10-02 03:00:00,15.81
2017-10-02 04:00:00,34.75
2017-10-02 05:00:00,55.97
2017-10-02 06:00:00,53.47
2017-10-02 07:00:00,55.36
2017-10-02 08:00:00,54.1
2017-10-02 09:00:00,52.69
2017-10-02 10:00:00,52.99
2017-10-02 11:00:00,50.05
2017-10-02 12:00:00,41.24
2017-10-02 13:00:00,41.74
2017-10-02 14:00:00,42.54
2017-10-02 15:00:00,44.85
2017-10-02 16:00:00,55.33
2017-10-02 17:00:00,60.84
2017-10-02 18:00:00,60.39
2017-10-02 19:00:00,50.97
2017-10-02 20:00:00,48.13
2017-10-02 21:00:00,42.36
2017-10-02 22:00:00,44.74
2017-10-02 23:00:00,33.38
2017-10-03 00:00:00,24.39
2017-10-03 01:00:00,18.49
2017-10-03 02:00:00,20.14
2017-10-03 03:00:00,24.97
2017-10-03 04:00:00,38.15
2017-10-03 05:00:00,55.78
2017-10-03 06:00:00,54.67
2017-10-03 07:00:00,59.84
2017-10-03 08:00:00,52.89
2017-10-03 09:00:00,47.18
2017-10-03 10:00:00,46.42
2017-10-03 11:00:00,45.17
2017-10-03 12:00:00,43.31
2017-10-03 13:00:00,43.1
2017-10-03 14:00:00,45.16
2017-10-03 15:00:00,45.16
2017-10-03 16:00:00,45.16
2017-10-03 17:00:00,59.09
2017-10-03 18:00:00,59.5
2017-10-03 19:00:00,51.0
2017-10-03 20:00:00,48.07
2017-10-03 21:00:00,40.92
2017-10-03 22:00:00,44.96
2017-10-03 23:00:00,45.72
2017-10-04 00:00:00,38.61
2017-10-04 01:00:00,32.28
2017-10-04 02:00:00,27.65
2017-10-04 03:00:00,38.31
2017-10-04 04:00:00,54.95
2017-10-04 05:00:00,61.24
2017-10-04 06:00:00,60.93
2017-10-04 07:00:00,60.86
2017-10-04 08:00:00,59.35
2017-10-04 09:00:00,57.94
2017-10-04 10:00:00,57.69
2017-10-04 11:00:00,53.25
2017-10-04 12:00:00,52.9
2017-10-04 13:00:00,44.69
2017-10-04 14:00:00,51.2
2017-10-04 15:00:00,54.34
2017-10-04 16:00:00,58.5
2017-10-04 17:00:00,65.07
2017-10-04 18:00:00,66.06
2017-10-04 19:00:00,56.0
2017-10-04 20:00:00,53.47
2017-10-04 21:00:00,50.82
2017-10-04 22:00:00,52.09
2017-10-04 23:00:00,47.43
2017-10-05 00:00:00,45.12
2017-10-05 01:00:00,32.05
2017-10-05 02:00:00,28.18
2017-10-05 03:00:00,36.99
2017-10-05 04:00:00,47.61
2017-10-05 05:00:00,62.25
2017-10-05 06:00:00,59.68
2017-10-05 07:00:00,60.52
2017-10-05 08:00:00,57.39
2017-10-05 09:00:00,53.13
2017-10-05 10:00:00,47.21
2017-10-05 11:00:00,44.17
2017-10-05 12:00:00,43.9
2017-10-05 13:00:00,45.19
2017-10-05 14:00:00,45.68
2017-10-05 15:00:00,52.43
2017-10-05 16:00:00,55.03
2017-10-05 17:00:00,61.96
2017-10-05 18:00:00,62.07
2017-10-05 19:00:00,52.99
2017-10-05 20:00:00,52.48
2017-10-05 21:00:00,46.09
2017-10-05 22:00:00,45.84
2017-10-05 23:00:00,35.15
2017-10-06 00:00:00,32.46
2017-10-06 01:00:00,30.16
2017-10-06 02:00:00,24.4
2017-10-06 03:00:00,33.48
2017-10-06 04:00:00,48.84
2017-10-06 05:00:00,58.96
2017-10-06 06:00:00,61.3
2017-10-06 07:00:00,60.94
2017-10-06 08:00:00,59.0
2017-10-06 09:00:00,54.74
2017-10-06 10:00:00,51.03
2017-10-06 11:00:00,46.02
2017-10-06 12:00:00,41.63
2017-10-06 13:00:00,41.63
2017-10-06 14:00:00,35.44
2017-10-06 15:00:00,44.67
2017-10-06 16:00:00,50.73
2017-10-06 17:00:00,61.51
2017-10-06 18:00:00,62.17
2017-10-06 19:00:00,51.52
2017-10-06 20:00:00,51.53
2017-10-06 21:00:00,48.46
2017-10-06 22:00:00,52.29
2017-10-06 23:00:00,46.94
2017-10-07 00:00:00,44.64
2017-10-07 01:00:00,41.9
2017-10-07 02:00:00,35.93
2017-10-07 03:00:00,38.59
2017-10-07 04:00:00,45.14
2017-10-07 05:00:00,49.4
2017-10-07 06:00:00,48.77
2017-10-07 07:00:00,50.5
2017-10-07 08:00:00,46.44
2017-10-07 09:00:00,44.76
2017-10-07 10:00:00,44.0
2017-10-07 11:00:00,41.21
2017-10-07 12:00:00,37.02
2017-10-07 13:00:00,35.0
2017-10-07 14:00:00,37.29
2017-10-07 15:00:00,43.02
2017-10-07 16:00:00,52.98
2017-10-07 17:00:00,61.84
2017-10-07 18:00:00,57.06
2017-10-07 19:00:00,52.79
2017-10-07 20:00:00,53.36
2017-10-07 21:00:00,47.82
2017-10-07 22:00:00,45.4
2017-10-07 23:00:00,40.77
2017-10-08 00:00:00,40.77
2017-10-08 01:00:00,36.25
2017-10-08 02:00:00,39.15
2017-10-08 03:00:00,39.67
2017-10-08 04:00:00,41.79
2017-10-08 05:00:00,42.0
2017-10-08 06:00:00,31.45
2017-10-08 07:00:00,40.48
2017-10-08 08:00:00,40.09
2017-10-08 09:00:00,44.46
2017-10-08 10:00:00,47.48
2017-10-08 11:00:00,41.39
2017-10-08 12:00:00,32.67
2017-10-08 13:00:00,32.13
2017-10-08 14:00:00,29.07
2017-10-08 15:00:00,36.85
2017-10-08 16:00:00,40.05
2017-10-08 17:00:00,58.14
2017-10-08 18:00:00,59.94
2017-10-08 19:00:00,51.85
2017-10-08 20:00:00,51.32
2017-10-08 21:00:00,44.09
2017-10-08 22:00:00,43.13
2017-10-08 23:00:00,34.8
2017-10-09 00:00:00,33.31
2017-10-09 01:00:00,32.24
2017-10-09 02:00:00,30.25
2017-10-09 03:00:00,34.07
2017-10-09 04:00:00,46.37
2017-10-09 05:00:00,64.73
2017-10-09 06:00:00,64.05
2017-10-09 07:00:00,64.79
2017-10-09 08:00:00,64.12
2017-10-09 09:00:00,63.04
2017-10-09 10:00:00,60.58
2017-10-09 11:00:00,59.19
2017-10-09 12:00:00,57.11
2017-10-09 13:00:00,53.26
2017-10-09 14:00:00,51.51
2017-10-09 15:00:00,57.59
2017-10-09 16:00:00,63.86
2017-10-09 17:00:00,75.0
2017-10-09 18:00:00,67.91
2017-10-09 19:00:00,58.96
2017-10-09 20:00:00,51.77
2017-10-09 21:00:00,50.54
2017-10-09 22:00:00,49.64
2017-10-09 23:00:00,45.24
2017-10-10 00:00:00,37.21
2017-10-10 01:00:00,31.72
2017-10-10 02:00:00,30.8
2017-10-10 03:00:00,39.49
2017-10-10 04:00:00,57.72
2017-10-10 05:00:00,66.5
2017-10-10 06:00:00,67.6
2017-10-10 07:00:00,67.47
2017-10-10 08:00:00,67.09
2017-10-10 09:00:00,66.46
2017-10-10 10:00:00,64.72
2017-10-10 11:00:00,64.22
2017-10-10 12:00:00,63.65
2017-10-10 13:00:00,62.58
2017-10-10 14:00:00,61.5
2017-10-10 15:00:00,62.65
2017-10-10 16:00:00,66.86
2017-10-10 17:00:00,74.2
2017-10-10 18:00:00,70.0
2017-10-10 19:00:00,64.83
2017-10-10 20:00:00,61.0
2017-10-10 21:00:00,56.28
2017-10-10 22:00:00,55.0
2017-10-10 23:00:00,50.0
2017-10-11 00:00:00,42.79
2017-10-11 01:00:00,33.62
2017-10-11 02:00:00,29.26
2017-10-11 03:00:00,34.69
2017-10-11 04:00:00,56.2
2017-10-11 05:00:00,69.25
2017-10-11 06:00:00,69.1
2017-10-11 07:00:00,68.32
2017-10-11 08:00:00,66.87
2017-10-11 09:00:00,64.88
2017-10-11 10:00:00,58.42
2017-10-11 11:00:00,56.28
2017-10-11 12:00:00,51.4
2017-10-11 13:00:00,48.86
2017-10-11 14:00:00,49.45
2017-10-11 15:00:00,60.36
2017-10-11 16:00:00,65.74
2017-10-11 17:00:00,73.53
2017-10-11 18:00:00,70.09
2017-10-11 19:00:00,62.54
2017-10-11 20:00:00,58.67
2017-10-11 21:00:00,47.64
2017-10-11 22:00:00,41.79
2017-10-11 23:00:00,37.7
2017-10-12 00:00:00,28.58
2017-10-12 01:00:00,21.1
2017-10-12 02:00:00,21.57
2017-10-12 03:00:00,36.97
2017-10-12 04:00:00,54.54
2017-10-12 05:00:00,66.39
2017-10-12 06:00:00,66.46
2017-10-12 07:00:00,64.99
2017-10-12 08:00:00,64.05
2017-10-12 09:00:00,63.0
2017-10-12 10:00:00,59.14
2017-10-12 11:00:00,58.0
2017-10-12 12:00:00,57.29
2017-10-12 13:00:00,56.54
2017-10-12 14:00:00,57.29
2017-10-12 15:00:00,60.02
2017-10-12 16:00:00,64.1
2017-10-12 17:00:00,73.54
2017-10-12 18:00:00,69.02
2017-10-12 19:00:00,53.4
2017-10-12 20:00:00,51.22
2017-10-12 21:00:00,46.15
2017-10-12 22:00:00,47.52
2017-10-12 23:00:00,36.17
2017-10-13 00:00:00,32.04
2017-10-13 01:00:00,29.81
2017-10-13 02:00:00,30.36
2017-10-13 03:00:00,31.47
2017-10-13 04:00:00,43.19
2017-10-13 05:00:00,62.78
2017-10-13 06:00:00,64.82
2017-10-13 07:00:00,62.44
2017-10-13 08:00:00,57.53
2017-10-13 09:00:00,56.47
2017-10-13 10:00:00,53.5
2017-10-13 11:00:00,50.8
2017-10-13 12:00:00,49.93
2017-10-13 13:00:00,43.51
2017-10-13 14:00:00,47.02
2017-10-13 15:00:00,49.35
2017-10-13 16:00:00,62.58
2017-10-13 17:00:00,68.84
2017-10-13 18:00:00,67.33
2017-10-13 19:00:00,54.83
2017-10-13 20:00:00,54.37
2017-10-13 21:00:00,48.08
2017-10-13 22:00:00,52.72
2017-10-13 23:00:00,49.94
2017-10-14 00:00:00,43.91
2017-10-14 01:00:00,33.59
2017-10-14 02:00:00,30.0
2017-10-14 03:00:00,29.49
2017-10-14 04:00:00,33.09
2017-10-14 05:00:00,35.45
2017-10-14 06:00:00,42.49
2017-10-14 07:00:00,47.84
2017-10-14 08:00:00,47.78
2017-10-14 09:00:00,47.84
2017-10-14 10:00:00,42.95
2017-10-14 11:00:00,44.53
2017-10-14 12:00:00,41.62
2017-10-14 13:00:00,40.4
2017-10-14 14:00:00,39.53
2017-10-14 15:00:00,42.41
2017-10-14 16:00:00,49.9
2017-10-14 17:00:00,63.16
2017-10-14 18:00:00,54.57
2017-10-14 19:00:00,45.84
2017-10-14 20:00:00,47.1
2017-10-14 21:00:00,43.9
2017-10-14 22:00:00,34.65
2017-10-14 23:00:00,41.0
2017-10-15 00:00:00,31.84
2017-10-15 01:00:00,30.27
2017-10-15 02:00:00,29.04
2017-10-15 03:00:00,28.91
2017-10-15 04:00:00,31.18
2017-10-15 05:00:00,35.9
2017-10-15 06:00:00,34.22
2017-10-15 07:00:00,33.24
2017-10-15 08:00:00,31.58
2017-10-15 09:00:00,39.59
2017-10-15 10:00:00,38.27
2017-10-15 11:00:00,37.37
2017-10-15 12:00:00,30.9
2017-10-15 13:00:00,26.63
2017-10-15 14:00:00,28.03
2017-10-15 15:00:00,39.38
2017-10-15 16:00:00,45.05
2017-10-15 17:00:00,50.0
2017-10-15 18:00:00,55.91
2017-10-15 19:00:00,41.2
2017-10-15 20:00:00,39.24
2017-10-15 21:00:00,42.67
2017-10-15 22:00:00,38.09
2017-10-15 23:00:00,30.0
2017-10-16 00:00:00,24.47
2017-10-16 01:00:00,24.88
2017-10-16 02:00:00,23.85
2017-10-16 03:00:00,28.9
2017-10-16 04:00:00,42.0
2017-10-16 05:00:00,55.73
2017-10-16 06:00:00,64.05
2017-10-16 07:00:00,64.96
2017-10-16 08:00:00,60.29
2017-10-16 09:00:00,56.8
2017-10-16 10:00:00,48.1
2017-10-16 11:00:00,51.35
2017-10-16 12:00:00,40.56
2017-10-16 13:00:00,42.5
2017-10-16 14:00:00,44.62
2017-10-16 15:00:00,50.9
2017-10-16 16:00:00,63.47
2017-10-16 17:00:00,67.0
2017-10-16 18:00:00,62.19
2017-10-16 19:00:00,40.66
2017-10-16 20:00:00,43.01
2017-10-16 21:00:00,38.31
2017-10-16 22:00:00,47.3
2017-10-16 23:00:00,38.73
2017-10-17 00:00:00,31.87
2017-10-17 01:00:00,30.61
2017-10-17 02:00:00,28.22
2017-10-17 03:00:00,33.54
2017-10-17 04:00:00,53.47
2017-10-17 05:00:00,65.04
2017-10-17 06:00:00,67.48
2017-10-17 07:00:00,66.0
2017-10-17 08:00:00,65.04
2017-10-17 09:00:00,65.04
2017-10-17 10:00:00,63.98
2017-10-17 11:00:00,64.05
2017-10-17 12:00:00,63.22
2017-10-17 13:00:00,58.6
2017-10-17 14:00:00,59.0
2017-10-17 15:00:00,62.0
2017-10-17 16:00:00,65.2
2017-10-17 17:00:00,80.54
2017-10-17 18:00:00,68.71
2017-10-17 19:00:00,64.05
2017-10-17 20:00:00,55.13
2017-10-17 21:00:00,48.17
2017-10-17 22:00:00,45.22
2017-10-17 23:00:00,37.83
2017-10-18 00:00:00,34.02
2017-10-18 01:00:00,31.89
2017-10-18 02:00:00,31.81
2017-10-18 03:00:00,36.03
2017-10-18 04:00:00,49.87
2017-10-18 05:00:00,66.0
2017-10-18 06:00:00,69.94
2017-10-18 07:00:00,67.91
2017-10-18 08:00:00,65.04
2017-10-18 09:00:00,63.43
2017-10-18 10:00:00,61.84
2017-10-18 11:00:00,61.97
2017-10-18 12:00:00,61.99
2017-10-18 13:00:00,60.43
2017-10-18 14:00:00,62.65
2017-10-18 15:00:00,65.66
2017-10-18 16:00:00,73.41
2017-10-18 17:00:00,83.02
2017-10-18 18:00:00,67.03
2017-10-18 19:00:00,57.95
2017-10-18 20:00:00,55.05
2017-10-18 21:00:00,48.99
2017-10-18 22:00:00,52.58
2017-10-18 23:00:00,44.42
2017-10-19 00:00:00,42.12
2017-10-19 01:00:00,37.42
2017-10-19 02:00:00,34.0
2017-10-19 03:00:00,37.84
2017-10-19 04:00:00,53.71
2017-10-19 05:00:00,67.66
2017-10-19 06:00:00,68.54
2017-10-19 07:00:00,68.12
2017-10-19 08:00:00,67.01
2017-10-19 09:00:00,67.66
2017-10-19 10:00:00,62.58
2017-10-19 11:00:00,57.7
2017-10-19 12:00:00,56.5
2017-10-19 13:00:00,56.45
2017-10-19 14:00:00,54.03
2017-10-19 15:00:00,58.01
2017-10-19 16:00:00,62.61
2017-10-19 17:00:00,77.55
2017-10-19 18:00:00,70.0
2017-10-19 19:00:00,62.65
2017-10-19 20:00:00,58.0
2017-10-19 21:00:00,51.87
2017-10-19 22:00:00,48.65
2017-10-19 23:00:00,40.54
2017-10-20 00:00:00,36.58
2017-10-20 01:00:00,32.25
2017-10-20 02:00:00,30.0
2017-10-20 03:00:00,31.01
2017-10-20 04:00:00,41.08
2017-10-20 05:00:00,61.15
2017-10-20 06:00:00,61.54
2017-10-20 07:00:00,64.05
2017-10-20 08:00:00,63.94
2017-10-20 09:00:00,62.1
2017-10-20 10:00:00,60.39
2017-10-20 11:00:00,56.5
2017-10-20 12:00:00,53.24
2017-10-20 13:00:00,54.19
2017-10-20 14:00:00,53.26
2017-10-20 15:00:00,53.66
2017-10-20 16:00:00,60.53
2017-10-20 17:00:00,65.72
2017-10-20 18:00:00,64.5
2017-10-20 19:00:00,58.76
2017-10-20 20:00:00,53.69
2017-10-20 21:00:00,46.86
2017-10-20 22:00:00,50.35
2017-10-20 23:00:00,47.86
2017-10-21 00:00:00,32.05
2017-10-21 01:00:00,30.84
2017-10-21 02:00:00,29.35
2017-10-21 03:00:00,30.3
2017-10-21 04:00:00,31.16
2017-10-21 05:00:00,35.88
2017-10-21 06:00:00,41.91
2017-10-21 07:00:00,46.07
2017-10-21 08:00:00,47.71
2017-10-21 09:00:00,53.1
2017-10-21 10:00:00,50.69
2017-10-21 11:00:00,48.9
2017-10-21 12:00:00,40.94
2017-10-21 13:00:00,32.0
2017-10-21 14:00:00,32.09
2017-10-21 15:00:00,36.56
2017-10-21 16:00:00,40.2
2017-10-21 17:00:00,45.22
2017-10-21 18:00:00,36.35
2017-10-21 19:00:00,30.63
2017-10-21 20:00:00,43.42
2017-10-21 21:00:00,40.17
2017-10-21 22:00:00,44.58
2017-10-21 23:00:00,38.9
2017-10-22 00:00:00,27.42
2017-10-22 01:00:00,24.72
2017-10-22 02:00:00,26.1
2017-10-22 03:00:00,26.35
2017-10-22 04:00:00,27.88
2017-10-22 05:00:00,38.02
2017-10-22 06:00:00,39.19
2017-10-22 07:00:00,43.9
2017-10-22 08:00:00,39.99
2017-10-22 09:00:00,30.16
2017-10-22 10:00:00,44.83
2017-10-22 11:00:00,47.79
2017-10-22 12:00:00,27.2
2017-10-22 13:00:00,25.63
2017-10-22 14:00:00,28.93
2017-10-22 15:00:00,37.07
2017-10-22 16:00:00,49.9
2017-10-22 17:00:00,62.82
2017-10-22 18:00:00,64.03
2017-10-22 19:00:00,56.23
2017-10-22 20:00:00,50.29
2017-10-22 21:00:00,52.85
2017-10-22 22:00:00,43.78
2017-10-22 23:00:00,39.19
2017-10-23 00:00:00,38.0
2017-10-23 01:00:00,31.85
2017-10-23 02:00:00,33.64
2017-10-23 03:00:00,41.19
2017-10-23 04:00:00,49.61
2017-10-23 05:00:00,66.02
2017-10-23 06:00:00,68.0
2017-10-23 07:00:00,69.26
2017-10-23 08:00:00,67.89
2017-10-23 09:00:00,67.89
2017-10-23 10:00:00,66.02
2017-10-23 11:00:00,64.48
2017-10-23 12:00:00,62.58
2017-10-23 13:00:00,60.52
2017-10-23 14:00:00,55.96
2017-10-23 15:00:00,61.84
2017-10-23 16:00:00,67.05
2017-10-23 17:00:00,71.42
2017-10-23 18:00:00,69.66
2017-10-23 19:00:00,58.39
2017-10-23 20:00:00,53.03
2017-10-23 21:00:00,47.85
2017-10-23 22:00:00,49.26
2017-10-23 23:00:00,44.06
2017-10-24 00:00:00,39.7
2017-10-24 01:00:00,31.67
2017-10-24 02:00:00,32.07
2017-10-24 03:00:00,39.5
2017-10-24 04:00:00,51.41
2017-10-24 05:00:00,66.87
2017-10-24 06:00:00,67.56
2017-10-24 07:00:00,68.11
2017-10-24 08:00:00,66.66
2017-10-24 09:00:00,66.12
2017-10-24 10:00:00,63.5
2017-10-24 11:00:00,64.3
2017-10-24 12:00:00,62.62
2017-10-24 13:00:00,61.84
2017-10-24 14:00:00,60.53
2017-10-24 15:00:00,61.8
2017-10-24 16:00:00,67.47
2017-10-24 17:00:00,72.01
2017-10-24 18:00:00,69.99
2017-10-24 19:00:00,63.39
2017-10-24 20:00:00,61.65
2017-10-24 21:00:00,53.97
2017-10-24 22:00:00,52.67
2017-10-24 23:00:00,47.55
2017-10-25 00:00:00,44.13
2017-10-25 01:00:00,38.53
2017-10-25 02:00:00,35.04
2017-10-25 03:00:00,39.84
2017-10-25 04:00:00,54.2
2017-10-25 05:00:00,67.95
2017-10-25 06:00:00,68.93
2017-10-25 07:00:00,69.2
2017-10-25 08:00:00,68.04
2017-10-25 09:00:00,67.05
2017-10-25 10:00:00,63.59
2017-10-25 11:00:00,64.0
2017-10-25 12:00:00,63.49
2017-10-25 13:00:00,64.05
2017-10-25 14:00:00,64.36
2017-10-25 15:00:00,63.27
2017-10-25 16:00:00,68.19
2017-10-25 17:00:00,77.91
2017-10-25 18:00:00,69.57
2017-10-25 19:00:00,67.44
2017-10-25 20:00:00,63.01
2017-10-25 21:00:00,62.05
2017-10-25 22:00:00,51.27
2017-10-25 23:00:00,45.2
2017-10-26 00:00:00,42.26
2017-10-26 01:00:00,32.25
2017-10-26 02:00:00,32.25
2017-10-26 03:00:00,36.45
2017-10-26 04:00:00,51.94
2017-10-26 05:00:00,66.76
2017-10-26 06:00:00,68.09
2017-10-26 07:00:00,68.04
2017-10-26 08:00:00,66.05
2017-10-26 09:00:00,63.35
2017-10-26 10:00:00,60.0
2017-10-26 11:00:00,58.38
2017-10-26 12:00:00,56.52
2017-10-26 13:00:00,57.65
2017-10-26 14:00:00,59.0
2017-10-26 15:00:00,62.65
2017-10-26 16:00:00,67.97
2017-10-26 17:00:00,72.22
2017-10-26 18:00:00,70.22
2017-10-26 19:00:00,64.77
2017-10-26 20:00:00,58.7
2017-10-26 21:00:00,53.0
2017-10-26 22:00:00,52.43
2017-10-26 23:00:00,45.45
2017-10-27 00:00:00,45.44
2017-10-27 01:00:00,39.38
2017-10-27 02:00:00,35.41
2017-10-27 03:00:00,42.17
2017-10-27 04:00:00,53.85
2017-10-27 05:00:00,65.94
2017-10-27 06:00:00,67.22
2017-10-27 07:00:00,68.04
2017-10-27 08:00:00,65.19
2017-10-27 09:00:00,63.25
2017-10-27 10:00:00,60.53
2017-10-27 11:00:00,60.16
2017-10-27 12:00:00,56.97
2017-10-27 13:00:00,51.84
2017-10-27 14:00:00,50.16
2017-10-27 15:00:00,55.1
2017-10-27 16:00:00,60.53
2017-10-27 17:00:00,66.39
2017-10-27 18:00:00,64.42
2017-10-27 19:00:00,57.03
2017-10-27 20:00:00,50.54
2017-10-27 21:00:00,48.59
2017-10-27 22:00:00,48.15
2017-10-27 23:00:00,45.0
2017-10-28 00:00:00,42.94
2017-10-28 01:00:00,41.53
2017-10-28 02:00:00,38.88
2017-10-28 03:00:00,42.44
2017-10-28 04:00:00,45.32
2017-10-28 05:00:00,47.65
2017-10-28 06:00:00,48.44
2017-10-28 07:00:00,56.0
2017-10-28 08:00:00,57.74
2017-10-28 09:00:00,54.5
2017-10-28 10:00:00,53.34
2017-10-28 11:00:00,46.38
2017-10-28 12:00:00,38.52
2017-10-28 13:00:00,36.38
2017-10-28 14:00:00,35.14
2017-10-28 15:00:00,37.46
2017-10-28 16:00:00,51.07
2017-10-28 17:00:00,59.98
2017-10-28 18:00:00,61.84
2017-10-28 19:00:00,52.17
2017-10-28 20:00:00,43.92
2017-10-28 21:00:00,38.51
2017-10-28 22:00:00,44.19
2017-10-28 23:00:00,42.3
2017-10-29 00:00:00,42.3
2017-10-29 01:00:00,25.79
2017-10-29 02:00:00,28.31
2017-10-29 03:00:00,23.19
2017-10-29 04:00:00,24.24
2017-10-29 05:00:00,29.52
2017-10-29 06:00:00,30.31
2017-10-29 07:00:00,23.27
2017-10-29 08:00:00,30.76
2017-10-29 09:00:00,41.63
2017-10-29 10:00:00,46.93
2017-10-29 11:00:00,46.57
2017-10-29 12:00:00,44.67
2017-10-29 13:00:00,42.1
2017-10-29 14:00:00,41.15
2017-10-29 15:00:00,32.83
2017-10-29 16:00:00,47.0
2017-10-29 17:00:00,59.58
2017-10-29 18:00:00,63.3
2017-10-29 19:00:00,63.15
2017-10-29 20:00:00,54.72
2017-10-29 21:00:00,57.09
2017-10-29 22:00:00,48.37
2017-10-29 23:00:00,44.0
2017-10-30 00:00:00,37.6
2017-10-30 01:00:00,32.37
2017-10-30 02:00:00,29.36
2017-10-30 03:00:00,29.83
2017-10-30 04:00:00,33.9
2017-10-30 05:00:00,46.7
2017-10-30 06:00:00,60.54
2017-10-30 07:00:00,62.16
2017-10-30 08:00:00,59.19
2017-10-30 09:00:00,56.52
2017-10-30 10:00:00,54.99
2017-10-30 11:00:00,50.99
2017-10-30 12:00:00,51.44
2017-10-30 13:00:00,54.56
2017-10-30 14:00:00,54.67
2017-10-30 15:00:00,56.0
2017-10-30 16:00:00,61.12
2017-10-30 17:00:00,74.28
2017-10-30 18:00:00,76.94
2017-10-30 19:00:00,63.7
2017-10-30 20:00:00,56.0
2017-10-30 21:00:00,50.61
2017-10-30 22:00:00,47.81
2017-10-30 23:00:00,46.46
2017-10-31 00:00:00,44.05
2017-10-31 01:00:00,43.2
2017-10-31 02:00:00,40.69
2017-10-31 03:00:00,40.19
2017-10-31 04:00:00,43.67
2017-10-31 05:00:00,49.06
2017-10-31 06:00:00,63.95
2017-10-31 07:00:00,66.22
2017-10-31 08:00:00,64.15
2017-10-31 09:00:00,62.65
2017-10-31 10:00:00,59.56
2017-10-31 11:00:00,59.03
2017-10-31 12:00:00,59.44
2017-10-31 13:00:00,60.0
2017-10-31 14:00:00,58.64
2017-10-31 15:00:00,59.98
2017-10-31 16:00:00,66.83
2017-10-31 17:00:00,72.01
2017-10-31 18:00:00,72.17
2017-10-31 19:00:00,68.76
2017-10-31 20:00:00,59.46
2017-10-31 21:00:00,55.21
2017-10-31 22:00:00,50.63
2017-10-31 23:00:00,50.07
2017-11-01 00:00:00,48.47
2017-11-01 01:00:00,44.69
2017-11-01 02:00:00,34.6
2017-11-01 03:00:00,33.59
2017-11-01 04:00:00,33.06
2017-11-01 05:00:00,36.5
2017-11-01 06:00:00,40.0
2017-11-01 07:00:00,40.6
2017-11-01 08:00:00,45.0
2017-11-01 09:00:00,45.89
2017-11-01 10:00:00,46.61
2017-11-01 11:00:00,48.4
2017-11-01 12:00:00,46.6
2017-11-01 13:00:00,38.06
2017-11-01 14:00:00,34.01
2017-11-01 15:00:00,38.94
2017-11-01 16:00:00,51.47
2017-11-01 17:00:00,61.99
2017-11-01 18:00:00,65.55
2017-11-01 19:00:00,63.24
2017-11-01 20:00:00,52.34
2017-11-01 21:00:00,53.53
2017-11-01 22:00:00,50.64
2017-11-01 23:00:00,44.61
2017-11-02 00:00:00,41.37
2017-11-02 01:00:00,37.9
2017-11-02 02:00:00,29.97
2017-11-02 03:00:00,32.3
2017-11-02 04:00:00,41.88
2017-11-02 05:00:00,49.2
2017-11-02 06:00:00,60.43
2017-11-02 07:00:00,62.65
2017-11-02 08:00:00,62.58
2017-11-02 09:00:00,61.61
2017-11-02 10:00:00,60.53
2017-11-02 11:00:00,59.43
2017-11-02 12:00:00,59.07
2017-11-02 13:00:00,60.43
2017-11-02 14:00:00,60.53
2017-11-02 15:00:00,60.84
2017-11-02 16:00:00,63.98
2017-11-02 17:00:00,77.99
2017-11-02 18:00:00,71.6
2017-11-02 19:00:00,67.86
2017-11-02 20:00:00,60.0
2017-11-02 21:00:00,56.26
2017-11-02 22:00:00,50.55
2017-11-02 23:00:00,50.05
2017-11-03 00:00:00,49.21
2017-11-03 01:00:00,44.91
2017-11-03 02:00:00,39.94
2017-11-03 03:00:00,41.25
2017-11-03 04:00:00,46.51
2017-11-03 05:00:00,56.1
2017-11-03 06:00:00,63.92
2017-11-03 07:00:00,66.41
2017-11-03 08:00:00,66.53
2017-11-03 09:00:00,64.0
2017-11-03 10:00:00,62.69
2017-11-03 11:00:00,61.6
2017-11-03 12:00:00,59.6
2017-11-03 13:00:00,58.48
2017-11-03 14:00:00,57.2
2017-11-03 15:00:00,60.88
2017-11-03 16:00:00,66.0
2017-11-03 17:00:00,69.9
2017-11-03 18:00:00,67.05
2017-11-03 19:00:00,62.58
2017-11-03 20:00:00,52.79
2017-11-03 21:00:00,53.22
2017-11-03 22:00:00,51.4
2017-11-03 23:00:00,53.82
2017-11-04 00:00:00,44.02
2017-11-04 01:00:00,34.42
2017-11-04 02:00:00,33.61
2017-11-04 03:00:00,33.4
2017-11-04 04:00:00,33.22
2017-11-04 05:00:00,33.73
2017-11-04 06:00:00,37.63
2017-11-04 07:00:00,42.99
2017-11-04 08:00:00,50.76
2017-11-04 09:00:00,46.96
2017-11-04 10:00:00,37.3
2017-11-04 11:00:00,36.1
2017-11-04 12:00:00,34.33
2017-11-04 13:00:00,34.49
2017-11-04 14:00:00,37.4
2017-11-04 15:00:00,37.58
2017-11-04 16:00:00,47.65
2017-11-04 17:00:00,60.51
2017-11-04 18:00:00,56.26
2017-11-04 19:00:00,52.54
2017-11-04 20:00:00,42.4
2017-11-04 21:00:00,44.54
2017-11-04 22:00:00,41.69
2017-11-04 23:00:00,44.06
2017-11-05 00:00:00,38.18
2017-11-05 01:00:00,31.0
2017-11-05 02:00:00,25.81
2017-11-05 03:00:00,23.86
2017-11-05 04:00:00,23.73
2017-11-05 05:00:00,24.0
2017-11-05 06:00:00,27.66
2017-11-05 07:00:00,31.93
2017-11-05 08:00:00,36.7
2017-11-05 09:00:00,36.54
2017-11-05 10:00:00,38.9
2017-11-05 11:00:00,41.73
2017-11-05 12:00:00,39.7
2017-11-05 13:00:00,36.66
2017-11-05 14:00:00,33.96
2017-11-05 15:00:00,35.0
2017-11-05 16:00:00,41.82
2017-11-05 17:00:00,60.43
2017-11-05 18:00:00,61.49
2017-11-05 19:00:00,59.85
2017-11-05 20:00:00,50.0
2017-11-05 21:00:00,49.48
2017-11-05 22:00:00,46.46
2017-11-05 23:00:00,45.15
2017-11-06 00:00:00,42.25
2017-11-06 01:00:00,35.5
2017-11-06 02:00:00,35.5
2017-11-06 03:00:00,35.31
2017-11-06 04:00:00,41.15
2017-11-06 05:00:00,51.52
2017-11-06 06:00:00,64.83
2017-11-06 07:00:00,69.6
2017-11-06 08:00:00,69.1
2017-11-06 09:00:00,66.89
2017-11-06 10:00:00,65.81
2017-11-06 11:00:00,63.09
2017-11-06 12:00:00,63.08
2017-11-06 13:00:00,61.45
2017-11-06 14:00:00,63.63
2017-11-06 15:00:00,63.99
2017-11-06 16:00:00,78.28
2017-11-06 17:00:00,95.01
2017-11-06 18:00:00,87.0
2017-11-06 19:00:00,75.0
2017-11-06 20:00:00,63.47
2017-11-06 21:00:00,61.52
2017-11-06 22:00:00,57.1
2017-11-06 23:00:00,52.67
2017-11-07 00:00:00,50.0
2017-11-07 01:00:00,47.49
2017-11-07 02:00:00,45.7
2017-11-07 03:00:00,45.01
2017-11-07 04:00:00,49.0
2017-11-07 05:00:00,58.1
2017-11-07 06:00:00,71.2
2017-11-07 07:00:00,75.99
2017-11-07 08:00:00,73.5
2017-11-07 09:00:00,73.13
2017-11-07 10:00:00,71.3
2017-11-07 11:00:00,68.09
2017-11-07 12:00:00,65.94
2017-11-07 13:00:00,68.0
2017-11-07 14:00:00,70.61
2017-11-07 15:00:00,73.31
2017-11-07 16:00:00,84.2
2017-11-07 17:00:00,91.83
2017-11-07 18:00:00,82.83
2017-11-07 19:00:00,71.2
2017-11-07 20:00:00,60.33
2017-11-07 21:00:00,60.53
2017-11-07 22:00:00,59.67
2017-11-07 23:00:00,54.88
2017-11-08 00:00:00,51.03
2017-11-08 01:00:00,48.6
2017-11-08 02:00:00,47.95
2017-11-08 03:00:00,47.81
2017-11-08 04:00:00,50.78
2017-11-08 05:00:00,64.97
2017-11-08 06:00:00,84.3
2017-11-08 07:00:00,89.09
2017-11-08 08:00:00,89.4
2017-11-08 09:00:00,89.06
2017-11-08 10:00:00,93.47
2017-11-08 11:00:00,91.03
2017-11-08 12:00:00,91.95
2017-11-08 13:00:00,89.9
2017-11-08 14:00:00,85.0
2017-11-08 15:00:00,88.2
2017-11-08 16:00:00,111.4
2017-11-08 17:00:00,195.11
2017-11-08 18:00:00,114.99
2017-11-08 19:00:00,79.15
2017-11-08 20:00:00,67.99
2017-11-08 21:00:00,64.2
2017-11-08 22:00:00,68.52
2017-11-08 23:00:00,61.95
2017-11-09 00:00:00,52.5
2017-11-09 01:00:00,50.46
2017-11-09 02:00:00,48.06
2017-11-09 03:00:00,47.0
2017-11-09 04:00:00,50.29
2017-11-09 05:00:00,73.11
2017-11-09 06:00:00,97.51
2017-11-09 07:00:00,116.06
2017-11-09 08:00:00,111.3
2017-11-09 09:00:00,94.63
2017-11-09 10:00:00,104.21
2017-11-09 11:00:00,94.02
2017-11-09 12:00:00,90.0
2017-11-09 13:00:00,89.98
2017-11-09 14:00:00,92.5
2017-11-09 15:00:00,102.63
2017-11-09 16:00:00,128.64
2017-11-09 17:00:00,191.58
2017-11-09 18:00:00,143.3
2017-11-09 19:00:00,99.67
2017-11-09 20:00:00,74.0
2017-11-09 21:00:00,74.0
2017-11-09 22:00:00,71.2
2017-11-09 23:00:00,70.19
2017-11-10 00:00:00,64.67
2017-11-10 01:00:00,58.0
2017-11-10 02:00:00,49.5
2017-11-10 03:00:00,52.5
2017-11-10 04:00:00,58.81
2017-11-10 05:00:00,70.71
2017-11-10 06:00:00,98.01
2017-11-10 07:00:00,109.1
2017-11-10 08:00:00,99.36
2017-11-10 09:00:00,98.01
2017-11-10 10:00:00,93.7
2017-11-10 11:00:00,93.7
2017-11-10 12:00:00,85.93
2017-11-10 13:00:00,89.27
2017-11-10 14:00:00,87.9
2017-11-10 15:00:00,85.08
2017-11-10 16:00:00,93.7
2017-11-10 17:00:00,111.3
2017-11-10 18:00:00,99.36
2017-11-10 19:00:00,78.99
2017-11-10 20:00:00,71.2
2017-11-10 21:00:00,67.05
2017-11-10 22:00:00,65.22
2017-11-10 23:00:00,63.74
2017-11-11 00:00:00,60.34
2017-11-11 01:00:00,55.48
2017-11-11 02:00:00,49.31
2017-11-11 03:00:00,47.02
2017-11-11 04:00:00,46.57
2017-11-11 05:00:00,47.65
2017-11-11 06:00:00,49.64
2017-11-11 07:00:00,51.51
2017-11-11 08:00:00,56.52
2017-11-11 09:00:00,57.16
2017-11-11 10:00:00,57.97
2017-11-11 11:00:00,57.07
2017-11-11 12:00:00,56.81
2017-11-11 13:00:00,54.0
2017-11-11 14:00:00,50.0
2017-11-11 15:00:00,49.74
2017-11-11 16:00:00,60.67
2017-11-11 17:00:00,65.69
2017-11-11 18:00:00,67.05
2017-11-11 19:00:00,64.71
2017-11-11 20:00:00,60.24
2017-11-11 21:00:00,61.5
2017-11-11 22:00:00,59.12
2017-11-11 23:00:00,60.0
2017-11-12 00:00:00,51.56
2017-11-12 01:00:00,48.13
2017-11-12 02:00:00,39.9
2017-11-12 03:00:00,37.63
2017-11-12 04:00:00,37.0
2017-11-12 05:00:00,36.39
2017-11-12 06:00:00,32.87
2017-11-12 07:00:00,34.06
2017-11-12 08:00:00,37.72
2017-11-12 09:00:00,44.29
2017-11-12 10:00:00,47.65
2017-11-12 11:00:00,49.67
2017-11-12 12:00:00,44.28
2017-11-12 13:00:00,39.23
2017-11-12 14:00:00,37.8
2017-11-12 15:00:00,40.82
2017-11-12 16:00:00,53.91
2017-11-12 17:00:00,61.84
2017-11-12 18:00:00,64.19
2017-11-12 19:00:00,63.78
2017-11-12 20:00:00,60.55
2017-11-12 21:00:00,54.1
2017-11-12 22:00:00,49.87
2017-11-12 23:00:00,43.69
2017-11-13 00:00:00,39.78
2017-11-13 01:00:00,34.55
2017-11-13 02:00:00,29.94
2017-11-13 03:00:00,30.08
2017-11-13 04:00:00,39.19
2017-11-13 05:00:00,48.7
2017-11-13 06:00:00,63.88
2017-11-13 07:00:00,60.53
2017-11-13 08:00:00,66.12
2017-11-13 09:00:00,64.53
2017-11-13 10:00:00,62.04
2017-11-13 11:00:00,57.98
2017-11-13 12:00:00,54.99
2017-11-13 13:00:00,52.76
2017-11-13 14:00:00,55.98
2017-11-13 15:00:00,55.92
2017-11-13 16:00:00,84.98
2017-11-13 17:00:00,111.66
2017-11-13 18:00:00,99.36
2017-11-13 19:00:00,76.54
2017-11-13 20:00:00,62.42
2017-11-13 21:00:00,61.14
2017-11-13 22:00:00,61.05
2017-11-13 23:00:00,53.94
2017-11-14 00:00:00,50.0
2017-11-14 01:00:00,45.18
2017-11-14 02:00:00,43.0
2017-11-14 03:00:00,43.78
2017-11-14 04:00:00,50.2
2017-11-14 05:00:00,69.36
2017-11-14 06:00:00,107.75
2017-11-14 07:00:00,109.69
2017-11-14 08:00:00,125.29
2017-11-14 09:00:00,87.57
2017-11-14 10:00:00,85.0
2017-11-14 11:00:00,80.34
2017-11-14 12:00:00,79.99
2017-11-14 13:00:00,80.67
2017-11-14 14:00:00,82.57
2017-11-14 15:00:00,86.46
2017-11-14 16:00:00,119.94
2017-11-14 17:00:00,171.59
2017-11-14 18:00:00,121.64
2017-11-14 19:00:00,87.72
2017-11-14 20:00:00,67.05
2017-11-14 21:00:00,62.13
2017-11-14 22:00:00,60.44
2017-11-14 23:00:00,55.79
2017-11-15 00:00:00,52.52
2017-11-15 01:00:00,51.53
2017-11-15 02:00:00,49.05
2017-11-15 03:00:00,48.88
2017-11-15 04:00:00,50.45
2017-11-15 05:00:00,63.55
2017-11-15 06:00:00,86.97
2017-11-15 07:00:00,94.61
2017-11-15 08:00:00,92.5
2017-11-15 09:00:00,90.24
2017-11-15 10:00:00,89.73
2017-11-15 11:00:00,79.78
2017-11-15 12:00:00,77.54
2017-11-15 13:00:00,80.65
2017-11-15 14:00:00,83.9
2017-11-15 15:00:00,89.95
2017-11-15 16:00:00,112.09
2017-11-15 17:00:00,138.9
2017-11-15 18:00:00,101.6
2017-11-15 19:00:00,85.29
2017-11-15 20:00:00,71.39
2017-11-15 21:00:00,67.99
2017-11-15 22:00:00,66.37
2017-11-15 23:00:00,68.0
2017-11-16 00:00:00,57.74
2017-11-16 01:00:00,54.79
2017-11-16 02:00:00,50.0
2017-11-16 03:00:00,51.15
2017-11-16 04:00:00,55.06
2017-11-16 05:00:00,68.01
2017-11-16 06:00:00,83.94
2017-11-16 07:00:00,94.98
2017-11-16 08:00:00,92.6
2017-11-16 09:00:00,88.59
2017-11-16 10:00:00,89.73
2017-11-16 11:00:00,84.66
2017-11-16 12:00:00,85.33
2017-11-16 13:00:00,80.97
2017-11-16 14:00:00,80.9
2017-11-16 15:00:00,85.3
2017-11-16 16:00:00,129.25
2017-11-16 17:00:00,150.58
2017-11-16 18:00:00,105.6
2017-11-16 19:00:00,84.63
2017-11-16 20:00:00,71.05
2017-11-16 21:00:00,70.27
2017-11-16 22:00:00,68.05
2017-11-16 23:00:00,70.87
2017-11-17 00:00:00,60.8
2017-11-17 01:00:00,57.26
2017-11-17 02:00:00,52.52
2017-11-17 03:00:00,52.1
2017-11-17 04:00:00,57.0
2017-11-17 05:00:00,69.3
2017-11-17 06:00:00,83.08
2017-11-17 07:00:00,85.0
2017-11-17 08:00:00,85.0
2017-11-17 09:00:00,83.05
2017-11-17 10:00:00,82.0
2017-11-17 11:00:00,75.5
2017-11-17 12:00:00,73.3
2017-11-17 13:00:00,72.27
2017-11-17 14:00:00,72.27
2017-11-17 15:00:00,78.04
2017-11-17 16:00:00,85.0
2017-11-17 17:00:00,94.78
2017-11-17 18:00:00,89.14
2017-11-17 19:00:00,79.85
2017-11-17 20:00:00,69.43
2017-11-17 21:00:00,68.52
2017-11-17 22:00:00,67.05
2017-11-17 23:00:00,60.53
2017-11-18 00:00:00,56.62
2017-11-18 01:00:00,52.95
2017-11-18 02:00:00,45.72
2017-11-18 03:00:00,44.14
2017-11-18 04:00:00,48.83
2017-11-18 05:00:00,52.95
2017-11-18 06:00:00,56.92
2017-11-18 07:00:00,57.0
2017-11-18 08:00:00,61.07
2017-11-18 09:00:00,61.2
2017-11-18 10:00:00,60.53
2017-11-18 11:00:00,59.5
2017-11-18 12:00:00,58.96
2017-11-18 13:00:00,55.87
2017-11-18 14:00:00,56.62
2017-11-18 15:00:00,58.48
2017-11-18 16:00:00,71.05
2017-11-18 17:00:00,74.76
2017-11-18 18:00:00,73.88
2017-11-18 19:00:00,68.26
2017-11-18 20:00:00,65.0
2017-11-18 21:00:00,64.67
2017-11-18 22:00:00,62.67
2017-11-18 23:00:00,59.37
2017-11-19 00:00:00,56.52
2017-11-19 01:00:00,53.1
2017-11-19 02:00:00,50.5
2017-11-19 03:00:00,46.84
2017-11-19 04:00:00,48.3
2017-11-19 05:00:00,52.4
2017-11-19 06:00:00,52.0
2017-11-19 07:00:00,53.02
2017-11-19 08:00:00,52.81
2017-11-19 09:00:00,53.53
2017-11-19 10:00:00,54.88
2017-11-19 11:00:00,56.96
2017-11-19 12:00:00,58.19
2017-11-19 13:00:00,56.89
2017-11-19 14:00:00,55.2
2017-11-19 15:00:00,56.45
2017-11-19 16:00:00,67.0
2017-11-19 17:00:00,74.76
2017-11-19 18:00:00,77.91
2017-11-19 19:00:00,74.19
2017-11-19 20:00:00,71.39
2017-11-19 21:00:00,69.72
2017-11-19 22:00:00,70.0
2017-11-19 23:00:00,70.19
2017-11-20 00:00:00,60.43
2017-11-20 01:00:00,57.0
2017-11-20 02:00:00,51.43
2017-11-20 03:00:00,48.41
2017-11-20 04:00:00,53.9
2017-11-20 05:00:00,70.1
2017-11-20 06:00:00,81.18
2017-11-20 07:00:00,82.73
2017-11-20 08:00:00,80.4
2017-11-20 09:00:00,77.11
2017-11-20 10:00:00,72.42
2017-11-20 11:00:00,69.74
2017-11-20 12:00:00,68.05
2017-11-20 13:00:00,64.47
2017-11-20 14:00:00,62.59
2017-11-20 15:00:00,62.3
2017-11-20 16:00:00,73.51
2017-11-20 17:00:00,80.36
2017-11-20 18:00:00,79.55
2017-11-20 19:00:00,75.0
2017-11-20 20:00:00,63.34
2017-11-20 21:00:00,61.93
2017-11-20 22:00:00,57.74
2017-11-20 23:00:00,52.0
2017-11-21 00:00:00,48.93
2017-11-21 01:00:00,46.45
2017-11-21 02:00:00,42.6
2017-11-21 03:00:00,38.99
2017-11-21 04:00:00,46.6
2017-11-21 05:00:00,54.62
2017-11-21 06:00:00,70.0
2017-11-21 07:00:00,74.38
2017-11-21 08:00:00,75.26
2017-11-21 09:00:00,72.45
2017-11-21 10:00:00,69.4
2017-11-21 11:00:00,68.72
2017-11-21 12:00:00,64.91
2017-11-21 13:00:00,62.65
2017-11-21 14:00:00,62.65
2017-11-21 15:00:00,62.65
2017-11-21 16:00:00,68.05
2017-11-21 17:00:00,75.0
2017-11-21 18:00:00,73.13
2017-11-21 19:00:00,69.9
2017-11-21 20:00:00,57.06
2017-11-21 21:00:00,56.06
2017-11-21 22:00:00,53.53
2017-11-21 23:00:00,54.3
2017-11-22 00:00:00,51.94
2017-11-22 01:00:00,49.59
2017-11-22 02:00:00,47.42
2017-11-22 03:00:00,47.14
2017-11-22 04:00:00,50.78
2017-11-22 05:00:00,62.08
2017-11-22 06:00:00,70.86
2017-11-22 07:00:00,71.78
2017-11-22 08:00:00,71.88
2017-11-22 09:00:00,69.51
2017-11-22 10:00:00,67.84
2017-11-22 11:00:00,65.0
2017-11-22 12:00:00,62.97
2017-11-22 13:00:00,56.44
2017-11-22 14:00:00,54.89
2017-11-22 15:00:00,53.79
2017-11-22 16:00:00,63.29
2017-11-22 17:00:00,69.97
2017-11-22 18:00:00,64.94
2017-11-22 19:00:00,62.58
2017-11-22 20:00:00,55.22
2017-11-22 21:00:00,53.69
2017-11-22 22:00:00,48.48
2017-11-22 23:00:00,47.34
2017-11-23 00:00:00,39.97
2017-11-23 01:00:00,32.56
2017-11-23 02:00:00,23.28
2017-11-23 03:00:00,16.73
2017-11-23 04:00:00,28.05
2017-11-23 05:00:00,46.26
2017-11-23 06:00:00,55.12
2017-11-23 07:00:00,62.27
2017-11-23 08:00:00,59.25
2017-11-23 09:00:00,58.69
2017-11-23 10:00:00,59.64
2017-11-23 11:00:00,59.42
2017-11-23 12:00:00,59.29
2017-11-23 13:00:00,55.99
2017-11-23 14:00:00,55.5
2017-11-23 15:00:00,59.0
2017-11-23 16:00:00,70.79
2017-11-23 17:00:00,79.18
2017-11-23 18:00:00,77.23
2017-11-23 19:00:00,71.88
2017-11-23 20:00:00,64.86
2017-11-23 21:00:00,61.1
2017-11-23 22:00:00,56.31
2017-11-23 23:00:00,47.87
2017-11-24 00:00:00,39.83
2017-11-24 01:00:00,34.58
2017-11-24 02:00:00,30.57
2017-11-24 03:00:00,30.86
2017-11-24 04:00:00,36.88
2017-11-24 05:00:00,52.44
2017-11-24 06:00:00,62.26
2017-11-24 07:00:00,64.16
2017-11-24 08:00:00,67.34
2017-11-24 09:00:00,67.05
2017-11-24 10:00:00,65.53
2017-11-24 11:00:00,65.94
2017-11-24 12:00:00,65.0
2017-11-24 13:00:00,62.1
2017-11-24 14:00:00,62.35
2017-11-24 15:00:00,65.43
2017-11-24 16:00:00,74.72
2017-11-24 17:00:00,75.34
2017-11-24 18:00:00,70.66
2017-11-24 19:00:00,65.8
2017-11-24 20:00:00,56.86
2017-11-24 21:00:00,55.6
2017-11-24 22:00:00,53.91
2017-11-24 23:00:00,55.75
2017-11-25 00:00:00,52.08
2017-11-25 01:00:00,49.54
2017-11-25 02:00:00,36.68
2017-11-25 03:00:00,38.0
2017-11-25 04:00:00,37.8
2017-11-25 05:00:00,46.89
2017-11-25 06:00:00,49.8
2017-11-25 07:00:00,53.16
2017-11-25 08:00:00,57.79
2017-11-25 09:00:00,58.95
2017-11-25 10:00:00,57.05
2017-11-25 11:00:00,55.31
2017-11-25 12:00:00,52.7
2017-11-25 13:00:00,50.5
2017-11-25 14:00:00,50.09
2017-11-25 15:00:00,50.79
2017-11-25 16:00:00,63.1
2017-11-25 17:00:00,67.76
2017-11-25 18:00:00,68.5
2017-11-25 19:00:00,64.3
2017-11-25 20:00:00,53.75
2017-11-25 21:00:00,56.7
2017-11-25 22:00:00,55.13
2017-11-25 23:00:00,52.0
2017-11-26 00:00:00,50.15
2017-11-26 01:00:00,49.12
2017-11-26 02:00:00,46.33
2017-11-26 03:00:00,45.28
2017-11-26 04:00:00,44.44
2017-11-26 05:00:00,46.28
2017-11-26 06:00:00,49.46
2017-11-26 07:00:00,49.12
2017-11-26 08:00:00,50.79
2017-11-26 09:00:00,49.09
2017-11-26 10:00:00,52.11
2017-11-26 11:00:00,56.7
2017-11-26 12:00:00,52.72
2017-11-26 13:00:00,47.7
2017-11-26 14:00:00,50.65
2017-11-26 15:00:00,52.64
2017-11-26 16:00:00,60.23
2017-11-26 17:00:00,69.55
2017-11-26 18:00:00,70.53
2017-11-26 19:00:00,64.6
2017-11-26 20:00:00,54.77
2017-11-26 21:00:00,55.47
2017-11-26 22:00:00,52.01
2017-11-26 23:00:00,52.34
2017-11-27 00:00:00,47.44
2017-11-27 01:00:00,47.15
2017-11-27 02:00:00,45.06
2017-11-27 03:00:00,45.55
2017-11-27 04:00:00,45.78
2017-11-27 05:00:00,54.7
2017-11-27 06:00:00,71.04
2017-11-27 07:00:00,72.33
2017-11-27 08:00:00,73.08
2017-11-27 09:00:00,71.04
2017-11-27 10:00:00,70.0
2017-11-27 11:00:00,69.4
2017-11-27 12:00:00,67.93
2017-11-27 13:00:00,68.74
2017-11-27 14:00:00,70.0
2017-11-27 15:00:00,70.02
2017-11-27 16:00:00,72.08
2017-11-27 17:00:00,78.19
2017-11-27 18:00:00,76.44
2017-11-27 19:00:00,69.84
2017-11-27 20:00:00,62.68
2017-11-27 21:00:00,60.69
2017-11-27 22:00:00,59.04
2017-11-27 23:00:00,52.86
2017-11-28 00:00:00,49.19
2017-11-28 01:00:00,41.31
2017-11-28 02:00:00,37.56
2017-11-28 03:00:00,36.35
2017-11-28 04:00:00,51.07
2017-11-28 05:00:00,64.99
2017-11-28 06:00:00,74.32
2017-11-28 07:00:00,78.92
2017-11-28 08:00:00,76.45
2017-11-28 09:00:00,78.66
2017-11-28 10:00:00,76.34
2017-11-28 11:00:00,74.23
2017-11-28 12:00:00,71.88
2017-11-28 13:00:00,69.9
2017-11-28 14:00:00,68.71
2017-11-28 15:00:00,71.04
2017-11-28 16:00:00,77.89
2017-11-28 17:00:00,80.33
2017-11-28 18:00:00,78.41
2017-11-28 19:00:00,75.0
2017-11-28 20:00:00,63.55
2017-11-28 21:00:00,63.09
2017-11-28 22:00:00,60.56
2017-11-28 23:00:00,61.32
2017-11-29 00:00:00,56.07
2017-11-29 01:00:00,52.71
2017-11-29 02:00:00,49.72
2017-11-29 03:00:00,50.42
2017-11-29 04:00:00,51.04
2017-11-29 05:00:00,61.8
2017-11-29 06:00:00,84.97
2017-11-29 07:00:00,88.52
2017-11-29 08:00:00,90.1
2017-11-29 09:00:00,88.33
2017-11-29 10:00:00,86.0
2017-11-29 11:00:00,82.18
2017-11-29 12:00:00,82.4
2017-11-29 13:00:00,89.21
2017-11-29 14:00:00,90.4
2017-11-29 15:00:00,97.8
2017-11-29 16:00:00,118.49
2017-11-29 17:00:00,115.73
2017-11-29 18:00:00,89.26
2017-11-29 19:00:00,78.0
2017-11-29 20:00:00,69.0
2017-11-29 21:00:00,64.11
2017-11-29 22:00:00,62.41
2017-11-29 23:00:00,58.44
2017-11-30 00:00:00,55.69
2017-11-30 01:00:00,53.9
2017-11-30 02:00:00,52.29
2017-11-30 03:00:00,52.1
2017-11-30 04:00:00,54.2
2017-11-30 05:00:00,63.89
2017-11-30 06:00:00,83.75
2017-11-30 07:00:00,88.16
2017-11-30 08:00:00,85.25
2017-11-30 09:00:00,86.79
2017-11-30 10:00:00,86.7
2017-11-30 11:00:00,84.07
2017-11-30 12:00:00,83.34
2017-11-30 13:00:00,82.81
2017-11-30 14:00:00,84.22
2017-11-30 15:00:00,86.06
2017-11-30 16:00:00,100.12
2017-11-30 17:00:00,95.1
2017-11-30 18:00:00,87.24
2017-11-30 19:00:00,78.81
2017-11-30 20:00:00,68.77
2017-11-30 21:00:00,68.45
2017-11-30 22:00:00,68.73
2017-11-30 23:00:00,71.35
2017-12-01 00:00:00,61.49
2017-12-01 01:00:00,59.91
2017-12-01 02:00:00,53.45
2017-12-01 03:00:00,52.6
2017-12-01 04:00:00,60.1
2017-12-01 05:00:00,66.81
2017-12-01 06:00:00,86.0
2017-12-01 07:00:00,82.57
2017-12-01 08:00:00,85.63
2017-12-01 09:00:00,81.93
2017-12-01 10:00:00,78.0
2017-12-01 11:00:00,79.99
2017-12-01 12:00:00,76.73
2017-12-01 13:00:00,75.71
2017-12-01 14:00:00,76.67
2017-12-01 15:00:00,76.6
2017-12-01 16:00:00,85.69
2017-12-01 17:00:00,87.14
2017-12-01 18:00:00,81.66
2017-12-01 19:00:00,77.59
2017-12-01 20:00:00,71.47
2017-12-01 21:00:00,70.62
2017-12-01 22:00:00,70.32
2017-12-01 23:00:00,64.4
2017-12-02 00:00:00,59.18
2017-12-02 01:00:00,58.01
2017-12-02 02:00:00,54.43
2017-12-02 03:00:00,53.07
2017-12-02 04:00:00,53.08
2017-12-02 05:00:00,54.04
2017-12-02 06:00:00,56.94
2017-12-02 07:00:00,62.6
2017-12-02 08:00:00,69.65
2017-12-02 09:00:00,71.01
2017-12-02 10:00:00,70.09
2017-12-02 11:00:00,68.52
2017-12-02 12:00:00,62.49
2017-12-02 13:00:00,61.1
2017-12-02 14:00:00,56.87
2017-12-02 15:00:00,60.44
2017-12-02 16:00:00,74.14
2017-12-02 17:00:00,81.4
2017-12-02 18:00:00,80.73
2017-12-02 19:00:00,71.47
2017-12-02 20:00:00,67.49
2017-12-02 21:00:00,66.27
2017-12-02 22:00:00,63.04
2017-12-02 23:00:00,63.71
2017-12-03 00:00:00,57.86
2017-12-03 01:00:00,56.43
2017-12-03 02:00:00,50.05
2017-12-03 03:00:00,48.94
2017-12-03 04:00:00,49.0
2017-12-03 05:00:00,50.81
2017-12-03 06:00:00,54.02
2017-12-03 07:00:00,54.59
2017-12-03 08:00:00,56.2
2017-12-03 09:00:00,60.87
2017-12-03 10:00:00,62.76
2017-12-03 11:00:00,64.92
2017-12-03 12:00:00,62.02
2017-12-03 13:00:00,58.03
2017-12-03 14:00:00,57.07
2017-12-03 15:00:00,57.31
2017-12-03 16:00:00,70.69
2017-12-03 17:00:00,76.41
2017-12-03 18:00:00,77.07
2017-12-03 19:00:00,74.82
2017-12-03 20:00:00,69.3
2017-12-03 21:00:00,65.65
2017-12-03 22:00:00,63.72
2017-12-03 23:00:00,68.71
2017-12-04 00:00:00,58.25
2017-12-04 01:00:00,55.91
2017-12-04 02:00:00,55.15
2017-12-04 03:00:00,55.15
2017-12-04 04:00:00,58.57
2017-12-04 05:00:00,68.63
2017-12-04 06:00:00,83.32
2017-12-04 07:00:00,103.39
2017-12-04 08:00:00,103.39
2017-12-04 09:00:00,97.02
2017-12-04 10:00:00,94.79
2017-12-04 11:00:00,85.74
2017-12-04 12:00:00,85.0
2017-12-04 13:00:00,90.5
2017-12-04 14:00:00,86.73
2017-12-04 15:00:00,88.75
2017-12-04 16:00:00,106.11
2017-12-04 17:00:00,111.36
2017-12-04 18:00:00,104.0
2017-12-04 19:00:00,83.99
2017-12-04 20:00:00,76.54
2017-12-04 21:00:00,74.69
2017-12-04 22:00:00,69.99
2017-12-04 23:00:00,71.35
2017-12-05 00:00:00,68.0
2017-12-05 01:00:00,62.75
2017-12-05 02:00:00,59.22
2017-12-05 03:00:00,59.22
2017-12-05 04:00:00,61.38
2017-12-05 05:00:00,71.4
2017-12-05 06:00:00,107.27
2017-12-05 07:00:00,135.56
2017-12-05 08:00:00,120.86
2017-12-05 09:00:00,99.21
2017-12-05 10:00:00,110.0
2017-12-05 11:00:00,102.68
2017-12-05 12:00:00,103.39
2017-12-05 13:00:00,106.18
2017-12-05 14:00:00,108.75
2017-12-05 15:00:00,117.93
2017-12-05 16:00:00,94.92
2017-12-05 17:00:00,114.75
2017-12-05 18:00:00,99.49
2017-12-05 19:00:00,90.0
2017-12-05 20:00:00,84.89
2017-12-05 21:00:00,79.8
2017-12-05 22:00:00,76.69
2017-12-05 23:00:00,80.0
2017-12-06 00:00:00,75.69
2017-12-06 01:00:00,73.12
2017-12-06 02:00:00,71.18
2017-12-06 03:00:00,70.9
2017-12-06 04:00:00,71.18
2017-12-06 05:00:00,79.3
2017-12-06 06:00:00,114.75
2017-12-06 07:00:00,110.99
2017-12-06 08:00:00,105.0
2017-12-06 09:00:00,100.93
2017-12-06 10:00:00,100.36
2017-12-06 11:00:00,88.99
2017-12-06 12:00:00,88.0
2017-12-06 13:00:00,82.98
2017-12-06 14:00:00,82.92
2017-12-06 15:00:00,83.02
2017-12-06 16:00:00,98.77
2017-12-06 17:00:00,105.22
2017-12-06 18:00:00,96.03
2017-12-06 19:00:00,84.97
2017-12-06 20:00:00,75.81
2017-12-06 21:00:00,74.05
2017-12-06 22:00:00,71.39
2017-12-06 23:00:00,68.8
2017-12-07 00:00:00,60.21
2017-12-07 01:00:00,59.9
2017-12-07 02:00:00,42.64
2017-12-07 03:00:00,34.88
2017-12-07 04:00:00,45.66
2017-12-07 05:00:00,61.19
2017-12-07 06:00:00,71.7
2017-12-07 07:00:00,78.9
2017-12-07 08:00:00,80.0
2017-12-07 09:00:00,78.0
2017-12-07 10:00:00,76.2
2017-12-07 11:00:00,74.26
2017-12-07 12:00:00,72.0
2017-12-07 13:00:00,71.7
2017-12-07 14:00:00,69.74
2017-12-07 15:00:00,68.57
2017-12-07 16:00:00,77.53
2017-12-07 17:00:00,84.47
2017-12-07 18:00:00,84.89
2017-12-07 19:00:00,77.01
2017-12-07 20:00:00,64.35
2017-12-07 21:00:00,69.95
2017-12-07 22:00:00,67.61
2017-12-07 23:00:00,58.15
2017-12-08 00:00:00,57.04
2017-12-08 01:00:00,56.08
2017-12-08 02:00:00,40.11
2017-12-08 03:00:00,35.25
2017-12-08 04:00:00,43.47
2017-12-08 05:00:00,58.0
2017-12-08 06:00:00,66.08
2017-12-08 07:00:00,68.2
2017-12-08 08:00:00,69.94
2017-12-08 09:00:00,70.51
2017-12-08 10:00:00,70.62
2017-12-08 11:00:00,71.01
2017-12-08 12:00:00,67.9
2017-12-08 13:00:00,63.56
2017-12-08 14:00:00,62.2
2017-12-08 15:00:00,65.36
2017-12-08 16:00:00,71.69
2017-12-08 17:00:00,78.66
2017-12-08 18:00:00,79.45
2017-12-08 19:00:00,73.81
2017-12-08 20:00:00,67.9
2017-12-08 21:00:00,67.21
2017-12-08 22:00:00,66.87
2017-12-08 23:00:00,67.71
2017-12-09 00:00:00,60.58
2017-12-09 01:00:00,57.99
2017-12-09 02:00:00,56.0
2017-12-09 03:00:00,55.54
2017-12-09 04:00:00,56.69
2017-12-09 05:00:00,59.76
2017-12-09 06:00:00,64.7
2017-12-09 07:00:00,69.46
2017-12-09 08:00:00,75.42
2017-12-09 09:00:00,76.81
2017-12-09 10:00:00,74.33
2017-12-09 11:00:00,73.62
2017-12-09 12:00:00,71.7
2017-12-09 13:00:00,68.02
2017-12-09 14:00:00,65.08
2017-12-09 15:00:00,67.7
2017-12-09 16:00:00,73.62
2017-12-09 17:00:00,82.92
2017-12-09 18:00:00,83.11
2017-12-09 19:00:00,76.89
2017-12-09 20:00:00,70.97
2017-12-09 21:00:00,69.19
2017-12-09 22:00:00,64.4
2017-12-09 23:00:00,60.15
2017-12-10 00:00:00,58.52
2017-12-10 01:00:00,56.36
2017-12-10 02:00:00,52.41
2017-12-10 03:00:00,40.0
2017-12-10 04:00:00,38.0
2017-12-10 05:00:00,25.13
2017-12-10 06:00:00,29.48
2017-12-10 07:00:00,31.37
2017-12-10 08:00:00,41.91
2017-12-10 09:00:00,50.62
2017-12-10 10:00:00,52.44
2017-12-10 11:00:00,53.5
2017-12-10 12:00:00,51.55
2017-12-10 13:00:00,40.69
2017-12-10 14:00:00,46.47
2017-12-10 15:00:00,42.89
2017-12-10 16:00:00,50.62
2017-12-10 17:00:00,56.79
2017-12-10 18:00:00,62.04
2017-12-10 19:00:00,63.6
2017-12-10 20:00:00,64.09
2017-12-10 21:00:00,59.8
2017-12-10 22:00:00,54.94
2017-12-10 23:00:00,37.44
2017-12-11 00:00:00,37.37
2017-12-11 01:00:00,34.69
2017-12-11 02:00:00,25.59
2017-12-11 03:00:00,27.4
2017-12-11 04:00:00,36.9
2017-12-11 05:00:00,47.95
2017-12-11 06:00:00,62.0
2017-12-11 07:00:00,65.4
2017-12-11 08:00:00,73.05
2017-12-11 09:00:00,73.05
2017-12-11 10:00:00,75.46
2017-12-11 11:00:00,68.63
2017-12-11 12:00:00,66.5
2017-12-11 13:00:00,55.38
2017-12-11 14:00:00,54.13
2017-12-11 15:00:00,55.85
2017-12-11 16:00:00,66.12
2017-12-11 17:00:00,75.37
2017-12-11 18:00:00,75.72
2017-12-11 19:00:00,71.46
2017-12-11 20:00:00,59.01
2017-12-11 21:00:00,54.8
2017-12-11 22:00:00,54.04
2017-12-11 23:00:00,53.98
2017-12-12 00:00:00,50.62
2017-12-12 01:00:00,49.28
2017-12-12 02:00:00,39.64
2017-12-12 03:00:00,40.58
2017-12-12 04:00:00,51.58
2017-12-12 05:00:00,60.99
2017-12-12 06:00:00,80.43
2017-12-12 07:00:00,105.0
2017-12-12 08:00:00,114.59
2017-12-12 09:00:00,109.4
2017-12-12 10:00:00,102.64
2017-12-12 11:00:00,83.98
2017-12-12 12:00:00,83.59
2017-12-12 13:00:00,83.98
2017-12-12 14:00:00,82.0
2017-12-12 15:00:00,92.13
2017-12-12 16:00:00,111.66
2017-12-12 17:00:00,108.8
2017-12-12 18:00:00,89.93
2017-12-12 19:00:00,78.0
2017-12-12 20:00:00,68.2
2017-12-12 21:00:00,64.99
2017-12-12 22:00:00,62.73
2017-12-12 23:00:00,69.59
2017-12-13 00:00:00,62.97
2017-12-13 01:00:00,55.3
2017-12-13 02:00:00,43.92
2017-12-13 03:00:00,37.67
2017-12-13 04:00:00,45.84
2017-12-13 05:00:00,55.42
2017-12-13 06:00:00,73.8
2017-12-13 07:00:00,79.96
2017-12-13 08:00:00,79.98
2017-12-13 09:00:00,79.92
2017-12-13 10:00:00,79.23
2017-12-13 11:00:00,79.13
2017-12-13 12:00:00,77.08
2017-12-13 13:00:00,72.98
2017-12-13 14:00:00,71.7
2017-12-13 15:00:00,80.65
2017-12-13 16:00:00,83.5
2017-12-13 17:00:00,101.7
2017-12-13 18:00:00,93.91
2017-12-13 19:00:00,76.63
2017-12-13 20:00:00,71.01
2017-12-13 21:00:00,69.48
2017-12-13 22:00:00,59.99
2017-12-13 23:00:00,54.08
2017-12-14 00:00:00,47.39
2017-12-14 01:00:00,41.33
2017-12-14 02:00:00,23.52
2017-12-14 03:00:00,24.15
2017-12-14 04:00:00,36.29
2017-12-14 05:00:00,49.4
2017-12-14 06:00:00,61.04
2017-12-14 07:00:00,66.78
2017-12-14 08:00:00,70.97
2017-12-14 09:00:00,70.32
2017-12-14 10:00:00,67.44
2017-12-14 11:00:00,63.31
2017-12-14 12:00:00,63.1
2017-12-14 13:00:00,61.26
2017-12-14 14:00:00,63.1
2017-12-14 15:00:00,67.14
2017-12-14 16:00:00,71.69
2017-12-14 17:00:00,75.51
2017-12-14 18:00:00,75.46
2017-12-14 19:00:00,71.0
2017-12-14 20:00:00,58.97
2017-12-14 21:00:00,61.03
2017-12-14 22:00:00,54.72
2017-12-14 23:00:00,48.23
2017-12-15 00:00:00,40.5
2017-12-15 01:00:00,37.3
2017-12-15 02:00:00,31.99
2017-12-15 03:00:00,29.85
2017-12-15 04:00:00,34.7
2017-12-15 05:00:00,47.19
2017-12-15 06:00:00,58.18
2017-12-15 07:00:00,70.97
2017-12-15 08:00:00,71.7
2017-12-15 09:00:00,71.25
2017-12-15 10:00:00,70.73
2017-12-15 11:00:00,67.69
2017-12-15 12:00:00,65.6
2017-12-15 13:00:00,62.66
2017-12-15 14:00:00,60.45
2017-12-15 15:00:00,64.93
2017-12-15 16:00:00,74.54
2017-12-15 17:00:00,74.85
2017-12-15 18:00:00,71.69
2017-12-15 19:00:00,67.3
2017-12-15 20:00:00,58.85
2017-12-15 21:00:00,58.37
2017-12-15 22:00:00,55.8
2017-12-15 23:00:00,53.66
2017-12-16 00:00:00,50.05
2017-12-16 01:00:00,47.58
2017-12-16 02:00:00,39.62
2017-12-16 03:00:00,37.68
2017-12-16 04:00:00,38.0
2017-12-16 05:00:00,44.84
2017-12-16 06:00:00,49.57
2017-12-16 07:00:00,58.45
2017-12-16 08:00:00,63.53
2017-12-16 09:00:00,65.8
2017-12-16 10:00:00,63.49
2017-12-16 11:00:00,60.28
2017-12-16 12:00:00,55.8
2017-12-16 13:00:00,55.28
2017-12-16 14:00:00,54.8
2017-12-16 15:00:00,55.8
2017-12-16 16:00:00,65.6
2017-12-16 17:00:00,72.0
2017-12-16 18:00:00,71.8
2017-12-16 19:00:00,66.8
2017-12-16 20:00:00,56.36
2017-12-16 21:00:00,55.52
2017-12-16 22:00:00,55.73
2017-12-16 23:00:00,55.06
2017-12-17 00:00:00,50.4
2017-12-17 01:00:00,46.7
2017-12-17 02:00:00,40.3
2017-12-17 03:00:00,36.0
2017-12-17 04:00:00,37.68
2017-12-17 05:00:00,38.76
2017-12-17 06:00:00,43.84
2017-12-17 07:00:00,48.51
2017-12-17 08:00:00,51.72
2017-12-17 09:00:00,55.13
2017-12-17 10:00:00,54.92
2017-12-17 11:00:00,54.41
2017-12-17 12:00:00,53.38
2017-12-17 13:00:00,52.31
2017-12-17 14:00:00,50.14
2017-12-17 15:00:00,51.88
2017-12-17 16:00:00,62.57
2017-12-17 17:00:00,71.8
2017-12-17 18:00:00,72.46
2017-12-17 19:00:00,70.0
2017-12-17 20:00:00,59.04
2017-12-17 21:00:00,58.0
2017-12-17 22:00:00,55.34
2017-12-17 23:00:00,40.01
2017-12-18 00:00:00,40.06
2017-12-18 01:00:00,36.52
2017-12-18 02:00:00,27.6
2017-12-18 03:00:00,28.76
2017-12-18 04:00:00,34.2
2017-12-18 05:00:00,51.68
2017-12-18 06:00:00,71.01
2017-12-18 07:00:00,72.84
2017-12-18 08:00:00,71.74
2017-12-18 09:00:00,71.69
2017-12-18 10:00:00,72.05
2017-12-18 11:00:00,70.62
2017-12-18 12:00:00,70.97
2017-12-18 13:00:00,71.35
2017-12-18 14:00:00,72.05
2017-12-18 15:00:00,73.5
2017-12-18 16:00:00,79.72
2017-12-18 17:00:00,79.98
2017-12-18 18:00:00,77.71
2017-12-18 19:00:00,73.1
2017-12-18 20:00:00,63.31
2017-12-18 21:00:00,63.42
2017-12-18 22:00:00,55.99
2017-12-18 23:00:00,50.25
2017-12-19 00:00:00,47.97
2017-12-19 01:00:00,43.08
2017-12-19 02:00:00,38.3
2017-12-19 03:00:00,38.89
2017-12-19 04:00:00,44.9
2017-12-19 05:00:00,54.01
2017-12-19 06:00:00,70.8
2017-12-19 07:00:00,77.66
2017-12-19 08:00:00,77.06
2017-12-19 09:00:00,75.3
2017-12-19 10:00:00,74.0
2017-12-19 11:00:00,70.97
2017-12-19 12:00:00,70.8
2017-12-19 13:00:00,70.2
2017-12-19 14:00:00,70.32
2017-12-19 15:00:00,75.82
2017-12-19 16:00:00,78.28
2017-12-19 17:00:00,78.67
2017-12-19 18:00:00,76.74
2017-12-19 19:00:00,72.04
2017-12-19 20:00:00,65.15
2017-12-19 21:00:00,64.0
2017-12-19 22:00:00,60.05
2017-12-19 23:00:00,54.13
2017-12-20 00:00:00,51.9
2017-12-20 01:00:00,49.1
2017-12-20 02:00:00,42.0
2017-12-20 03:00:00,41.54
2017-12-20 04:00:00,49.56
2017-12-20 05:00:00,57.35
2017-12-20 06:00:00,75.98
2017-12-20 07:00:00,76.7
2017-12-20 08:00:00,76.69
2017-12-20 09:00:00,76.61
2017-12-20 10:00:00,76.56
2017-12-20 11:00:00,76.35
2017-12-20 12:00:00,76.03
2017-12-20 13:00:00,74.89
2017-12-20 14:00:00,72.05
2017-12-20 15:00:00,76.06
2017-12-20 16:00:00,79.3
2017-12-20 17:00:00,77.46
2017-12-20 18:00:00,77.0
2017-12-20 19:00:00,73.02
2017-12-20 20:00:00,65.46
2017-12-20 21:00:00,62.97
2017-12-20 22:00:00,57.32
2017-12-20 23:00:00,62.07
2017-12-21 00:00:00,53.6
2017-12-21 01:00:00,51.0
2017-12-21 02:00:00,45.44
2017-12-21 03:00:00,44.55
2017-12-21 04:00:00,50.84
2017-12-21 05:00:00,57.51
2017-12-21 06:00:00,70.19
2017-12-21 07:00:00,70.91
2017-12-21 08:00:00,71.35
2017-12-21 09:00:00,70.97
2017-12-21 10:00:00,70.5
2017-12-21 11:00:00,68.71
2017-12-21 12:00:00,69.75
2017-12-21 13:00:00,70.62
2017-12-21 14:00:00,70.69
2017-12-21 15:00:00,70.9
2017-12-21 16:00:00,71.69
2017-12-21 17:00:00,73.66
2017-12-21 18:00:00,75.72
2017-12-21 19:00:00,73.04
2017-12-21 20:00:00,66.01
2017-12-21 21:00:00,57.17
2017-12-21 22:00:00,52.79
2017-12-21 23:00:00,43.0
2017-12-22 00:00:00,41.7
2017-12-22 01:00:00,39.47
2017-12-22 02:00:00,35.68
2017-12-22 03:00:00,27.81
2017-12-22 04:00:00,36.1
2017-12-22 05:00:00,44.48
2017-12-22 06:00:00,65.12
2017-12-22 07:00:00,67.58
2017-12-22 08:00:00,67.84
2017-12-22 09:00:00,68.23
2017-12-22 10:00:00,67.08
2017-12-22 11:00:00,64.99
2017-12-22 12:00:00,62.3
2017-12-22 13:00:00,62.02
2017-12-22 14:00:00,60.93
2017-12-22 15:00:00,60.51
2017-12-22 16:00:00,63.3
2017-12-22 17:00:00,69.08
2017-12-22 18:00:00,68.67
2017-12-22 19:00:00,65.0
2017-12-22 20:00:00,49.92
2017-12-22 21:00:00,47.82
2017-12-22 22:00:00,49.55
2017-12-22 23:00:00,44.54
2017-12-23 00:00:00,39.55
2017-12-23 01:00:00,39.09
2017-12-23 02:00:00,32.69
2017-12-23 03:00:00,22.64
2017-12-23 04:00:00,36.24
2017-12-23 05:00:00,40.4
2017-12-23 06:00:00,44.01
2017-12-23 07:00:00,48.48
2017-12-23 08:00:00,49.54
2017-12-23 09:00:00,45.4
2017-12-23 10:00:00,48.87
2017-12-23 11:00:00,48.42
2017-12-23 12:00:00,45.87
2017-12-23 13:00:00,43.69
2017-12-23 14:00:00,46.4
2017-12-23 15:00:00,50.06
2017-12-23 16:00:00,57.64
2017-12-23 17:00:00,60.0
2017-12-23 18:00:00,60.0
2017-12-23 19:00:00,54.5
2017-12-23 20:00:00,52.26
2017-12-23 21:00:00,51.11
2017-12-23 22:00:00,49.15
2017-12-23 23:00:00,50.66
2017-12-24 00:00:00,46.1
2017-12-24 01:00:00,42.0
2017-12-24 02:00:00,38.19
2017-12-24 03:00:00,35.7
2017-12-24 04:00:00,37.46
2017-12-24 05:00:00,40.86
2017-12-24 06:00:00,38.46
2017-12-24 07:00:00,39.16
2017-12-24 08:00:00,45.3
2017-12-24 09:00:00,46.4
2017-12-24 10:00:00,45.0
2017-12-24 11:00:00,48.0
2017-12-24 12:00:00,43.59
2017-12-24 13:00:00,34.6
2017-12-24 14:00:00,32.82
2017-12-24 15:00:00,37.66
2017-12-24 16:00:00,48.44
2017-12-24 17:00:00,62.08
2017-12-24 18:00:00,59.8
2017-12-24 19:00:00,54.5
2017-12-24 20:00:00,52.1
2017-12-24 21:00:00,51.11
2017-12-24 22:00:00,49.46
2017-12-24 23:00:00,49.46
2017-12-25 00:00:00,40.35
2017-12-25 01:00:00,38.89
2017-12-25 02:00:00,25.86
2017-12-25 03:00:00,23.28
2017-12-25 04:00:00,21.6
2017-12-25 05:00:00,19.73
2017-12-25 06:00:00,15.09
2017-12-25 07:00:00,20.87
2017-12-25 08:00:00,27.28
2017-12-25 09:00:00,25.04
2017-12-25 10:00:00,26.48
2017-12-25 11:00:00,36.32
2017-12-25 12:00:00,22.84
2017-12-25 13:00:00,19.16
2017-12-25 14:00:00,21.68
2017-12-25 15:00:00,22.89
2017-12-25 16:00:00,34.05
2017-12-25 17:00:00,37.78
2017-12-25 18:00:00,34.46
2017-12-25 19:00:00,31.89
2017-12-25 20:00:00,26.77
2017-12-25 21:00:00,26.04
2017-12-25 22:00:00,24.57
2017-12-25 23:00:00,13.63
2017-12-26 00:00:00,9.61
2017-12-26 01:00:00,11.11
2017-12-26 02:00:00,4.06
2017-12-26 03:00:00,1.02
2017-12-26 04:00:00,4.29
2017-12-26 05:00:00,9.65
2017-12-26 06:00:00,14.08
2017-12-26 07:00:00,25.0
2017-12-26 08:00:00,26.22
2017-12-26 09:00:00,31.12
2017-12-26 10:00:00,42.37
2017-12-26 11:00:00,48.64
2017-12-26 12:00:00,45.88
2017-12-26 13:00:00,44.83
2017-12-26 14:00:00,39.69
2017-12-26 15:00:00,34.17
2017-12-26 16:00:00,46.75
2017-12-26 17:00:00,54.25
2017-12-26 18:00:00,54.07
2017-12-26 19:00:00,47.95
2017-12-26 20:00:00,35.18
2017-12-26 21:00:00,39.95
2017-12-26 22:00:00,31.84
2017-12-26 23:00:00,27.57
2017-12-27 00:00:00,19.53
2017-12-27 01:00:00,13.93
2017-12-27 02:00:00,13.48
2017-12-27 03:00:00,12.74
2017-12-27 04:00:00,13.29
2017-12-27 05:00:00,20.03
2017-12-27 06:00:00,34.86
2017-12-27 07:00:00,41.14
2017-12-27 08:00:00,46.19
2017-12-27 09:00:00,52.0
2017-12-27 10:00:00,50.4
2017-12-27 11:00:00,47.89
2017-12-27 12:00:00,49.99
2017-12-27 13:00:00,46.4
2017-12-27 14:00:00,46.48
2017-12-27 15:00:00,50.9
2017-12-27 16:00:00,56.09
2017-12-27 17:00:00,57.57
2017-12-27 18:00:00,55.88
2017-12-27 19:00:00,42.4
2017-12-27 20:00:00,40.0
2017-12-27 21:00:00,42.24
2017-12-27 22:00:00,36.9
2017-12-27 23:00:00,31.16
2017-12-28 00:00:00,30.0
2017-12-28 01:00:00,28.1
2017-12-28 02:00:00,26.0
2017-12-28 03:00:00,26.33
2017-12-28 04:00:00,29.86
2017-12-28 05:00:00,35.0
2017-12-28 06:00:00,44.0
2017-12-28 07:00:00,51.34
2017-12-28 08:00:00,54.4
2017-12-28 09:00:00,52.33
2017-12-28 10:00:00,53.13
2017-12-28 11:00:00,53.36
2017-12-28 12:00:00,52.23
2017-12-28 13:00:00,49.57
2017-12-28 14:00:00,49.9
2017-12-28 15:00:00,52.25
2017-12-28 16:00:00,54.25
2017-12-28 17:00:00,59.9
2017-12-28 18:00:00,61.21
2017-12-28 19:00:00,60.15
2017-12-28 20:00:00,58.4
2017-12-28 21:00:00,55.35
2017-12-28 22:00:00,53.84
2017-12-28 23:00:00,45.88
2017-12-29 00:00:00,41.49
2017-12-29 01:00:00,37.58
2017-12-29 02:00:00,32.32
2017-12-29 03:00:00,32.99
2017-12-29 04:00:00,33.35
2017-12-29 05:00:00,39.54
2017-12-29 06:00:00,45.69
2017-12-29 07:00:00,47.57
2017-12-29 08:00:00,50.73
2017-12-29 09:00:00,52.13
2017-12-29 10:00:00,51.51
2017-12-29 11:00:00,50.1
2017-12-29 12:00:00,48.95
2017-12-29 13:00:00,47.05
2017-12-29 14:00:00,39.9
2017-12-29 15:00:00,41.87
2017-12-29 16:00:00,51.51
2017-12-29 17:00:00,47.5
2017-12-29 18:00:00,37.45
2017-12-29 19:00:00,38.71
2017-12-29 20:00:00,35.7
2017-12-29 21:00:00,37.99
2017-12-29 22:00:00,40.66
2017-12-29 23:00:00,20.19
2017-12-30 00:00:00,19.01
2017-12-30 01:00:00,18.51
2017-12-30 02:00:00,17.19
2017-12-30 03:00:00,15.44
2017-12-30 04:00:00,15.18
2017-12-30 05:00:00,15.51
2017-12-30 06:00:00,17.98
2017-12-30 07:00:00,19.87
2017-12-30 08:00:00,21.97
2017-12-30 09:00:00,23.87
2017-12-30 10:00:00,23.97
2017-12-30 11:00:00,27.39
2017-12-30 12:00:00,23.38
2017-12-30 13:00:00,22.93
2017-12-30 14:00:00,18.91
2017-12-30 15:00:00,19.26
2017-12-30 16:00:00,24.17
2017-12-30 17:00:00,27.24
2017-12-30 18:00:00,28.49
2017-12-30 19:00:00,24.39
2017-12-30 20:00:00,15.04
2017-12-30 21:00:00,19.84
2017-12-30 22:00:00,20.9
2017-12-30 23:00:00,10.94
2017-12-31 00:00:00,9.04
2017-12-31 01:00:00,6.88
2017-12-31 02:00:00,3.69
2017-12-31 03:00:00,3.26
2017-12-31 04:00:00,3.27
2017-12-31 05:00:00,3.42
2017-12-31 06:00:00,4.99
2017-12-31 07:00:00,9.27
2017-12-31 08:00:00,12.16
2017-12-31 09:00:00,15.51
2017-12-31 10:00:00,16.28
2017-12-31 11:00:00,15.24
2017-12-31 12:00:00,14.05
2017-12-31 13:00:00,10.39
2017-12-31 14:00:00,10.56
2017-12-31 15:00:00,11.9
2017-12-31 16:00:00,16.6
2017-12-31 17:00:00,19.97
2017-12-31 18:00:00,15.74
2017-12-31 19:00:00,12.74
2017-12-31 20:00:00,12.28
2017-12-31 21:00:00,11.86
2017-12-31 22:00:00,12.4
2017-12-31 23:00:00,6.74
2018-01-01 00:00:00,4.74
2018-01-01 01:00:00,3.66
2018-01-01 02:00:00,1.26
2018-01-01 03:00:00,-20.1
2018-01-01 04:00:00,-31.82
2018-01-01 05:00:00,-28.66
2018-01-01 06:00:00,-13.71
2018-01-01 07:00:00,-4.14
2018-01-01 08:00:00,2.03
2018-01-01 09:00:00,-15.51
2018-01-01 10:00:00,-0.42
2018-01-01 11:00:00,2.3
2018-01-01 12:00:00,2.3
2018-01-01 13:00:00,5.0
2018-01-01 14:00:00,8.56
2018-01-01 15:00:00,9.42
2018-01-01 16:00:00,12.46
2018-01-01 17:00:00,15.93
2018-01-01 18:00:00,22.02
2018-01-01 19:00:00,20.0
2018-01-01 20:00:00,21.95
2018-01-01 21:00:00,23.52
2018-01-01 22:00:00,16.35
2018-01-01 23:00:00,14.43
2018-01-02 00:00:00,10.26
2018-01-02 01:00:00,7.48
2018-01-02 02:00:00,4.52
2018-01-02 03:00:00,4.24
2018-01-02 04:00:00,8.36
2018-01-02 05:00:00,22.58
2018-01-02 06:00:00,41.92
2018-01-02 07:00:00,47.95
2018-01-02 08:00:00,49.9
2018-01-02 09:00:00,50.0
2018-01-02 10:00:00,49.7
2018-01-02 11:00:00,48.16
2018-01-02 12:00:00,47.24
2018-01-02 13:00:00,46.1
2018-01-02 14:00:00,43.86
2018-01-02 15:00:00,43.64
2018-01-02 16:00:00,47.37
2018-01-02 17:00:00,46.08
2018-01-02 18:00:00,41.08
2018-01-02 19:00:00,34.94
2018-01-02 20:00:00,25.46
2018-01-02 21:00:00,23.25
2018-01-02 22:00:00,15.49
2018-01-02 23:00:00,12.14
2018-01-03 00:00:00,5.48
2018-01-03 01:00:00,5.0
2018-01-03 02:00:00,0.99
2018-01-03 03:00:00,-0.25
2018-01-03 04:00:00,3.87
2018-01-03 05:00:00,12.25
2018-01-03 06:00:00,19.42
2018-01-03 07:00:00,22.57
2018-01-03 08:00:00,22.37
2018-01-03 09:00:00,18.65
2018-01-03 10:00:00,19.35
2018-01-03 11:00:00,18.93
2018-01-03 12:00:00,17.26
2018-01-03 13:00:00,16.76
2018-01-03 14:00:00,18.09
2018-01-03 15:00:00,19.51
2018-01-03 16:00:00,24.13
2018-01-03 17:00:00,36.67
2018-01-03 18:00:00,26.27
2018-01-03 19:00:00,26.06
2018-01-03 20:00:00,19.88
2018-01-03 21:00:00,17.26
2018-01-03 22:00:00,13.87
2018-01-03 23:00:00,11.76
2018-01-04 00:00:00,3.46
2018-01-04 01:00:00,2.11
2018-01-04 02:00:00,2.63
2018-01-04 03:00:00,4.99
2018-01-04 04:00:00,11.08
2018-01-04 05:00:00,22.34
2018-01-04 06:00:00,33.59
2018-01-04 07:00:00,40.45
2018-01-04 08:00:00,41.97
2018-01-04 09:00:00,44.91
2018-01-04 10:00:00,47.14
2018-01-04 11:00:00,46.04
2018-01-04 12:00:00,34.36
2018-01-04 13:00:00,32.51
2018-01-04 14:00:00,32.77
2018-01-04 15:00:00,33.81
2018-01-04 16:00:00,50.08
2018-01-04 17:00:00,49.96
2018-01-04 18:00:00,46.73
2018-01-04 19:00:00,41.57
2018-01-04 20:00:00,37.09
2018-01-04 21:00:00,33.92
2018-01-04 22:00:00,31.5
2018-01-04 23:00:00,16.67
2018-01-05 00:00:00,11.73
2018-01-05 01:00:00,6.86
2018-01-05 02:00:00,0.55
2018-01-05 03:00:00,2.45
2018-01-05 04:00:00,13.51
2018-01-05 05:00:00,23.96
2018-01-05 06:00:00,33.39
2018-01-05 07:00:00,37.79
2018-01-05 08:00:00,36.93
2018-01-05 09:00:00,39.11
2018-01-05 10:00:00,39.4
2018-01-05 11:00:00,41.69
2018-01-05 12:00:00,47.0
2018-01-05 13:00:00,44.08
2018-01-05 14:00:00,47.1
2018-01-05 15:00:00,47.77
2018-01-05 16:00:00,56.35
2018-01-05 17:00:00,57.42
2018-01-05 18:00:00,53.99
2018-01-05 19:00:00,42.36
2018-01-05 20:00:00,39.9
2018-01-05 21:00:00,39.97
2018-01-05 22:00:00,36.27
2018-01-05 23:00:00,29.45
2018-01-06 00:00:00,28.55
2018-01-06 01:00:00,28.18
2018-01-06 02:00:00,25.27
2018-01-06 03:00:00,24.34
2018-01-06 04:00:00,27.42
2018-01-06 05:00:00,30.0
2018-01-06 06:00:00,31.36
2018-01-06 07:00:00,34.19
2018-01-06 08:00:00,41.11
2018-01-06 09:00:00,44.0
2018-01-06 10:00:00,43.74
2018-01-06 11:00:00,44.43
2018-01-06 12:00:00,42.9
2018-01-06 13:00:00,38.7
2018-01-06 14:00:00,37.4
2018-01-06 15:00:00,37.99
2018-01-06 16:00:00,44.22
2018-01-06 17:00:00,49.98
2018-01-06 18:00:00,45.9
2018-01-06 19:00:00,40.9
2018-01-06 20:00:00,33.69
2018-01-06 21:00:00,36.26
2018-01-06 22:00:00,29.03
2018-01-06 23:00:00,21.87
2018-01-07 00:00:00,15.98
2018-01-07 01:00:00,15.99
2018-01-07 02:00:00,14.0
2018-01-07 03:00:00,12.51
2018-01-07 04:00:00,13.21
2018-01-07 05:00:00,12.17
2018-01-07 06:00:00,13.02
2018-01-07 07:00:00,18.41
2018-01-07 08:00:00,19.58
2018-01-07 09:00:00,22.14
2018-01-07 10:00:00,28.44
2018-01-07 11:00:00,29.26
2018-01-07 12:00:00,27.08
2018-01-07 13:00:00,20.32
2018-01-07 14:00:00,19.86
2018-01-07 15:00:00,21.41
2018-01-07 16:00:00,28.87
2018-01-07 17:00:00,34.34
2018-01-07 18:00:00,32.33
2018-01-07 19:00:00,31.44
2018-01-07 20:00:00,28.94
2018-01-07 21:00:00,29.69
2018-01-07 22:00:00,27.01
2018-01-07 23:00:00,18.91
2018-01-08 00:00:00,15.15
2018-01-08 01:00:00,15.11
2018-01-08 02:00:00,13.42
2018-01-08 03:00:00,12.91
2018-01-08 04:00:00,17.1
2018-01-08 05:00:00,30.03
2018-01-08 06:00:00,42.93
2018-01-08 07:00:00,44.95
2018-01-08 08:00:00,44.66
2018-01-08 09:00:00,46.6
2018-01-08 10:00:00,51.88
2018-01-08 11:00:00,43.42
2018-01-08 12:00:00,43.54
2018-01-08 13:00:00,44.19
2018-01-08 14:00:00,40.97
2018-01-08 15:00:00,47.66
2018-01-08 16:00:00,54.12
2018-01-08 17:00:00,55.0
2018-01-08 18:00:00,52.93
2018-01-08 19:00:00,37.57
2018-01-08 20:00:00,34.12
2018-01-08 21:00:00,31.19
2018-01-08 22:00:00,45.19
2018-01-08 23:00:00,36.01
2018-01-09 00:00:00,36.04
2018-01-09 01:00:00,34.2
2018-01-09 02:00:00,30.71
2018-01-09 03:00:00,27.86
2018-01-09 04:00:00,36.5
2018-01-09 05:00:00,39.03
2018-01-09 06:00:00,55.9
2018-01-09 07:00:00,58.99
2018-01-09 08:00:00,58.9
2018-01-09 09:00:00,60.08
2018-01-09 10:00:00,61.35
2018-01-09 11:00:00,58.02
2018-01-09 12:00:00,55.97
2018-01-09 13:00:00,49.08
2018-01-09 14:00:00,45.02
2018-01-09 15:00:00,47.1
2018-01-09 16:00:00,55.55
2018-01-09 17:00:00,56.74
2018-01-09 18:00:00,54.68
2018-01-09 19:00:00,49.48
2018-01-09 20:00:00,42.91
2018-01-09 21:00:00,39.36
2018-01-09 22:00:00,39.6
2018-01-09 23:00:00,31.26
2018-01-10 00:00:00,28.73
2018-01-10 01:00:00,28.18
2018-01-10 02:00:00,24.73
2018-01-10 03:00:00,19.42
2018-01-10 04:00:00,30.6
2018-01-10 05:00:00,34.87
2018-01-10 06:00:00,45.09
2018-01-10 07:00:00,49.29
2018-01-10 08:00:00,49.14
2018-01-10 09:00:00,48.56
2018-01-10 10:00:00,50.46
2018-01-10 11:00:00,47.81
2018-01-10 12:00:00,45.36
2018-01-10 13:00:00,47.1
2018-01-10 14:00:00,47.98
2018-01-10 15:00:00,48.9
2018-01-10 16:00:00,51.9
2018-01-10 17:00:00,52.69
2018-01-10 18:00:00,49.1
2018-01-10 19:00:00,44.0
2018-01-10 20:00:00,36.99
2018-01-10 21:00:00,38.43
2018-01-10 22:00:00,37.9
2018-01-10 23:00:00,37.33
2018-01-11 00:00:00,36.3
2018-01-11 01:00:00,34.2
2018-01-11 02:00:00,33.0
2018-01-11 03:00:00,33.05
2018-01-11 04:00:00,37.09
2018-01-11 05:00:00,41.5
2018-01-11 06:00:00,53.07
2018-01-11 07:00:00,57.22
2018-01-11 08:00:00,59.02
2018-01-11 09:00:00,57.58
2018-01-11 10:00:00,57.45
2018-01-11 11:00:00,54.61
2018-01-11 12:00:00,54.83
2018-01-11 13:00:00,54.74
2018-01-11 14:00:00,54.01
2018-01-11 15:00:00,54.96
2018-01-11 16:00:00,57.47
2018-01-11 17:00:00,57.66
2018-01-11 18:00:00,54.9
2018-01-11 19:00:00,50.0
2018-01-11 20:00:00,43.13
2018-01-11 21:00:00,42.4
2018-01-11 22:00:00,37.92
2018-01-11 23:00:00,35.64
2018-01-12 00:00:00,34.69
2018-01-12 01:00:00,34.0
2018-01-12 02:00:00,33.08
2018-01-12 03:00:00,33.46
2018-01-12 04:00:00,35.1
2018-01-12 05:00:00,39.93
2018-01-12 06:00:00,48.5
2018-01-12 07:00:00,49.56
2018-01-12 08:00:00,52.36
2018-01-12 09:00:00,52.38
2018-01-12 10:00:00,52.45
2018-01-12 11:00:00,52.08
2018-01-12 12:00:00,51.03
2018-01-12 13:00:00,47.14
2018-01-12 14:00:00,45.92
2018-01-12 15:00:00,46.5
2018-01-12 16:00:00,50.52
2018-01-12 17:00:00,52.44
2018-01-12 18:00:00,51.99
2018-01-12 19:00:00,44.17
2018-01-12 20:00:00,42.19
2018-01-12 21:00:00,42.57
2018-01-12 22:00:00,38.04
2018-01-12 23:00:00,43.15
2018-01-13 00:00:00,38.42
2018-01-13 01:00:00,36.11
2018-01-13 02:00:00,33.8
2018-01-13 03:00:00,32.04
2018-01-13 04:00:00,32.55
2018-01-13 05:00:00,32.0
2018-01-13 06:00:00,33.76
2018-01-13 07:00:00,39.28
2018-01-13 08:00:00,44.51
2018-01-13 09:00:00,45.62
2018-01-13 10:00:00,44.77
2018-01-13 11:00:00,44.7
2018-01-13 12:00:00,39.14
2018-01-13 13:00:00,34.77
2018-01-13 14:00:00,34.68
2018-01-13 15:00:00,35.88
2018-01-13 16:00:00,48.56
2018-01-13 17:00:00,50.57
2018-01-13 18:00:00,51.02
2018-01-13 19:00:00,38.64
2018-01-13 20:00:00,36.15
2018-01-13 21:00:00,38.59
2018-01-13 22:00:00,38.0
2018-01-13 23:00:00,38.1
2018-01-14 00:00:00,33.83
2018-01-14 01:00:00,33.0
2018-01-14 02:00:00,30.0
2018-01-14 03:00:00,27.01
2018-01-14 04:00:00,28.48
2018-01-14 05:00:00,29.74
2018-01-14 06:00:00,32.7
2018-01-14 07:00:00,35.1
2018-01-14 08:00:00,36.9
2018-01-14 09:00:00,37.2
2018-01-14 10:00:00,35.88
2018-01-14 11:00:00,40.88
2018-01-14 12:00:00,37.04
2018-01-14 13:00:00,34.9
2018-01-14 14:00:00,33.07
2018-01-14 15:00:00,34.84
2018-01-14 16:00:00,37.99
2018-01-14 17:00:00,49.27
2018-01-14 18:00:00,49.79
2018-01-14 19:00:00,45.14
2018-01-14 20:00:00,36.57
2018-01-14 21:00:00,38.86
2018-01-14 22:00:00,38.33
2018-01-14 23:00:00,29.2
2018-01-15 00:00:00,31.16
2018-01-15 01:00:00,28.26
2018-01-15 02:00:00,23.16
2018-01-15 03:00:00,24.86
2018-01-15 04:00:00,26.67
2018-01-15 05:00:00,40.7
2018-01-15 06:00:00,54.19
2018-01-15 07:00:00,52.87
2018-01-15 08:00:00,47.69
2018-01-15 09:00:00,49.68
2018-01-15 10:00:00,49.91
2018-01-15 11:00:00,50.22
2018-01-15 12:00:00,49.34
2018-01-15 13:00:00,38.35
2018-01-15 14:00:00,37.47
2018-01-15 15:00:00,37.08
2018-01-15 16:00:00,42.92
2018-01-15 17:00:00,53.55
2018-01-15 18:00:00,52.25
2018-01-15 19:00:00,45.93
2018-01-15 20:00:00,36.71
2018-01-15 21:00:00,40.57
2018-01-15 22:00:00,36.21
2018-01-15 23:00:00,29.81
2018-01-16 00:00:00,17.1
2018-01-16 01:00:00,9.26
2018-01-16 02:00:00,5.87
2018-01-16 03:00:00,8.2
2018-01-16 04:00:00,16.48
2018-01-16 05:00:00,29.09
2018-01-16 06:00:00,38.92
2018-01-16 07:00:00,44.07
2018-01-16 08:00:00,44.94
2018-01-16 09:00:00,44.57
2018-01-16 10:00:00,43.73
2018-01-16 11:00:00,40.69
2018-01-16 12:00:00,40.15
2018-01-16 13:00:00,38.63
2018-01-16 14:00:00,37.28
2018-01-16 15:00:00,39.39
2018-01-16 16:00:00,47.07
2018-01-16 17:00:00,48.45
2018-01-16 18:00:00,44.34
2018-01-16 19:00:00,39.9
2018-01-16 20:00:00,33.18
2018-01-16 21:00:00,33.39
2018-01-16 22:00:00,30.47
2018-01-16 23:00:00,24.54
2018-01-17 00:00:00,19.32
2018-01-17 01:00:00,18.36
2018-01-17 02:00:00,15.76
2018-01-17 03:00:00,15.25
2018-01-17 04:00:00,22.39
2018-01-17 05:00:00,32.83
2018-01-17 06:00:00,44.95
2018-01-17 07:00:00,47.26
2018-01-17 08:00:00,46.39
2018-01-17 09:00:00,41.9
2018-01-17 10:00:00,42.96
2018-01-17 11:00:00,40.94
2018-01-17 12:00:00,40.52
2018-01-17 13:00:00,41.29
2018-01-17 14:00:00,40.41
2018-01-17 15:00:00,41.76
2018-01-17 16:00:00,46.01
2018-01-17 17:00:00,52.22
2018-01-17 18:00:00,52.23
2018-01-17 19:00:00,41.29
2018-01-17 20:00:00,39.1
2018-01-17 21:00:00,40.76
2018-01-17 22:00:00,40.94
2018-01-17 23:00:00,19.68
2018-01-18 00:00:00,16.52
2018-01-18 01:00:00,16.35
2018-01-18 02:00:00,12.58
2018-01-18 03:00:00,7.46
2018-01-18 04:00:00,14.96
2018-01-18 05:00:00,34.58
2018-01-18 06:00:00,43.56
2018-01-18 07:00:00,45.11
2018-01-18 08:00:00,47.51
2018-01-18 09:00:00,45.13
2018-01-18 10:00:00,43.98
2018-01-18 11:00:00,38.9
2018-01-18 12:00:00,38.69
2018-01-18 13:00:00,37.57
2018-01-18 14:00:00,36.13
2018-01-18 15:00:00,38.41
2018-01-18 16:00:00,49.47
2018-01-18 17:00:00,52.51
2018-01-18 18:00:00,50.09
2018-01-18 19:00:00,42.31
2018-01-18 20:00:00,37.09
2018-01-18 21:00:00,38.25
2018-01-18 22:00:00,34.81
2018-01-18 23:00:00,31.24
2018-01-19 00:00:00,30.25
2018-01-19 01:00:00,29.49
2018-01-19 02:00:00,29.56
2018-01-19 03:00:00,30.02
2018-01-19 04:00:00,31.76
2018-01-19 05:00:00,40.02
2018-01-19 06:00:00,48.96
2018-01-19 07:00:00,51.94
2018-01-19 08:00:00,50.92
2018-01-19 09:00:00,50.2
2018-01-19 10:00:00,47.45
2018-01-19 11:00:00,43.51
2018-01-19 12:00:00,41.67
2018-01-19 13:00:00,39.49
2018-01-19 14:00:00,41.78
2018-01-19 15:00:00,44.3
2018-01-19 16:00:00,49.57
2018-01-19 17:00:00,49.74
2018-01-19 18:00:00,44.79
2018-01-19 19:00:00,39.79
2018-01-19 20:00:00,37.84
2018-01-19 21:00:00,37.54
2018-01-19 22:00:00,34.71
2018-01-19 23:00:00,34.75
2018-01-20 00:00:00,30.03
2018-01-20 01:00:00,29.33
2018-01-20 02:00:00,26.06
2018-01-20 03:00:00,25.72
2018-01-20 04:00:00,27.5
2018-01-20 05:00:00,29.94
2018-01-20 06:00:00,32.07
2018-01-20 07:00:00,36.86
2018-01-20 08:00:00,38.0
2018-01-20 09:00:00,42.11
2018-01-20 10:00:00,41.82
2018-01-20 11:00:00,45.48
2018-01-20 12:00:00,42.81
2018-01-20 13:00:00,39.0
2018-01-20 14:00:00,40.01
2018-01-20 15:00:00,39.8
2018-01-20 16:00:00,44.38
2018-01-20 17:00:00,49.38
2018-01-20 18:00:00,43.98
2018-01-20 19:00:00,39.16
2018-01-20 20:00:00,36.37
2018-01-20 21:00:00,36.33
2018-01-20 22:00:00,33.39
2018-01-20 23:00:00,32.07
2018-01-21 00:00:00,30.57
2018-01-21 01:00:00,29.24
2018-01-21 02:00:00,27.5
2018-01-21 03:00:00,19.99
2018-01-21 04:00:00,25.0
2018-01-21 05:00:00,28.47
2018-01-21 06:00:00,30.78
2018-01-21 07:00:00,32.49
2018-01-21 08:00:00,35.3
2018-01-21 09:00:00,38.88
2018-01-21 10:00:00,41.3
2018-01-21 11:00:00,42.08
2018-01-21 12:00:00,37.77
2018-01-21 13:00:00,33.84
2018-01-21 14:00:00,34.12
2018-01-21 15:00:00,35.58
2018-01-21 16:00:00,35.77
2018-01-21 17:00:00,48.08
2018-01-21 18:00:00,46.27
2018-01-21 19:00:00,40.9
2018-01-21 20:00:00,33.36
2018-01-21 21:00:00,32.97
2018-01-21 22:00:00,30.99
2018-01-21 23:00:00,27.06
2018-01-22 00:00:00,20.0
2018-01-22 01:00:00,16.22
2018-01-22 02:00:00,12.5
2018-01-22 03:00:00,7.59
2018-01-22 04:00:00,21.12
2018-01-22 05:00:00,33.08
2018-01-22 06:00:00,42.95
2018-01-22 07:00:00,45.06
2018-01-22 08:00:00,46.44
2018-01-22 09:00:00,45.49
2018-01-22 10:00:00,48.39
2018-01-22 11:00:00,47.0
2018-01-22 12:00:00,47.39
2018-01-22 13:00:00,46.34
2018-01-22 14:00:00,43.94
2018-01-22 15:00:00,43.65
2018-01-22 16:00:00,49.5
2018-01-22 17:00:00,51.0
2018-01-22 18:00:00,48.05
2018-01-22 19:00:00,42.82
2018-01-22 20:00:00,38.99
2018-01-22 21:00:00,37.99
2018-01-22 22:00:00,35.84
2018-01-22 23:00:00,34.2
2018-01-23 00:00:00,32.52
2018-01-23 01:00:00,31.54
2018-01-23 02:00:00,30.38
2018-01-23 03:00:00,30.97
2018-01-23 04:00:00,32.48
2018-01-23 05:00:00,40.0
2018-01-23 06:00:00,48.93
2018-01-23 07:00:00,52.74
2018-01-23 08:00:00,50.79
2018-01-23 09:00:00,48.2
2018-01-23 10:00:00,44.91
2018-01-23 11:00:00,41.94
2018-01-23 12:00:00,41.83
2018-01-23 13:00:00,39.0
2018-01-23 14:00:00,37.5
2018-01-23 15:00:00,35.63
2018-01-23 16:00:00,40.94
2018-01-23 17:00:00,42.9
2018-01-23 18:00:00,40.97
2018-01-23 19:00:00,36.48
2018-01-23 20:00:00,31.31
2018-01-23 21:00:00,30.31
2018-01-23 22:00:00,24.35
2018-01-23 23:00:00,21.22
2018-01-24 00:00:00,19.79
2018-01-24 01:00:00,12.94
2018-01-24 02:00:00,11.4
2018-01-24 03:00:00,11.23
2018-01-24 04:00:00,16.74
2018-01-24 05:00:00,28.92
2018-01-24 06:00:00,42.49
2018-01-24 07:00:00,45.58
2018-01-24 08:00:00,43.52
2018-01-24 09:00:00,39.91
2018-01-24 10:00:00,37.92
2018-01-24 11:00:00,36.84
2018-01-24 12:00:00,35.73
2018-01-24 13:00:00,31.33
2018-01-24 14:00:00,29.45
2018-01-24 15:00:00,31.32
2018-01-24 16:00:00,34.53
2018-01-24 17:00:00,43.72
2018-01-24 18:00:00,41.33
2018-01-24 19:00:00,30.89
2018-01-24 20:00:00,24.64
2018-01-24 21:00:00,23.53
2018-01-24 22:00:00,19.81
2018-01-24 23:00:00,12.22
2018-01-25 00:00:00,13.14
2018-01-25 01:00:00,10.31
2018-01-25 02:00:00,9.03
2018-01-25 03:00:00,8.76
2018-01-25 04:00:00,14.24
2018-01-25 05:00:00,29.54
2018-01-25 06:00:00,40.94
2018-01-25 07:00:00,41.3
2018-01-25 08:00:00,40.09
2018-01-25 09:00:00,39.76
2018-01-25 10:00:00,39.84
2018-01-25 11:00:00,40.83
2018-01-25 12:00:00,41.13
2018-01-25 13:00:00,43.98
2018-01-25 14:00:00,45.29
2018-01-25 15:00:00,45.47
2018-01-25 16:00:00,49.37
2018-01-25 17:00:00,53.23
2018-01-25 18:00:00,49.93
2018-01-25 19:00:00,43.71
2018-01-25 20:00:00,38.98
2018-01-25 21:00:00,38.62
2018-01-25 22:00:00,35.31
2018-01-25 23:00:00,37.23
2018-01-26 00:00:00,35.03
2018-01-26 01:00:00,34.1
2018-01-26 02:00:00,33.01
2018-01-26 03:00:00,32.8
2018-01-26 04:00:00,34.9
2018-01-26 05:00:00,39.91
2018-01-26 06:00:00,51.27
2018-01-26 07:00:00,54.72
2018-01-26 08:00:00,54.52
2018-01-26 09:00:00,54.02
2018-01-26 10:00:00,53.18
2018-01-26 11:00:00,50.23
2018-01-26 12:00:00,49.2
2018-01-26 13:00:00,48.96
2018-01-26 14:00:00,48.25
2018-01-26 15:00:00,48.25
2018-01-26 16:00:00,51.15
2018-01-26 17:00:00,54.7
2018-01-26 18:00:00,52.09
2018-01-26 19:00:00,46.0
2018-01-26 20:00:00,40.44
2018-01-26 21:00:00,40.43
2018-01-26 22:00:00,39.0
2018-01-26 23:00:00,36.81
2018-01-27 00:00:00,33.8
2018-01-27 01:00:00,32.87
2018-01-27 02:00:00,32.53
2018-01-27 03:00:00,32.53
2018-01-27 04:00:00,31.79
2018-01-27 05:00:00,32.51
2018-01-27 06:00:00,34.65
2018-01-27 07:00:00,43.45
2018-01-27 08:00:00,47.19
2018-01-27 09:00:00,47.04
2018-01-27 10:00:00,43.93
2018-01-27 11:00:00,41.92
2018-01-27 12:00:00,38.06
2018-01-27 13:00:00,32.5
2018-01-27 14:00:00,32.1
2018-01-27 15:00:00,32.06
2018-01-27 16:00:00,37.0
2018-01-27 17:00:00,39.7
2018-01-27 18:00:00,35.66
2018-01-27 19:00:00,39.11
2018-01-27 20:00:00,31.47
2018-01-27 21:00:00,36.29
2018-01-27 22:00:00,37.96
2018-01-27 23:00:00,36.6
2018-01-28 00:00:00,28.64
2018-01-28 01:00:00,26.58
2018-01-28 02:00:00,14.61
2018-01-28 03:00:00,14.97
2018-01-28 04:00:00,13.01
2018-01-28 05:00:00,9.25
2018-01-28 06:00:00,11.45
2018-01-28 07:00:00,17.2
2018-01-28 08:00:00,27.12
2018-01-28 09:00:00,30.57
2018-01-28 10:00:00,27.4
2018-01-28 11:00:00,27.19
2018-01-28 12:00:00,24.92
2018-01-28 13:00:00,20.64
2018-01-28 14:00:00,15.43
2018-01-28 15:00:00,14.81
2018-01-28 16:00:00,23.12
2018-01-28 17:00:00,35.87
2018-01-28 18:00:00,40.77
2018-01-28 19:00:00,35.78
2018-01-28 20:00:00,32.4
2018-01-28 21:00:00,33.7
2018-01-28 22:00:00,35.91
2018-01-28 23:00:00,28.59
2018-01-29 00:00:00,28.25
2018-01-29 01:00:00,23.19
2018-01-29 02:00:00,14.39
2018-01-29 03:00:00,10.01
2018-01-29 04:00:00,19.44
2018-01-29 05:00:00,33.46
2018-01-29 06:00:00,49.53
2018-01-29 07:00:00,49.12
2018-01-29 08:00:00,50.18
2018-01-29 09:00:00,49.44
2018-01-29 10:00:00,47.4
2018-01-29 11:00:00,43.22
2018-01-29 12:00:00,38.92
2018-01-29 13:00:00,38.21
2018-01-29 14:00:00,36.23
2018-01-29 15:00:00,36.28
2018-01-29 16:00:00,38.4
2018-01-29 17:00:00,46.63
2018-01-29 18:00:00,49.99
2018-01-29 19:00:00,41.32
2018-01-29 20:00:00,36.69
2018-01-29 21:00:00,34.0
2018-01-29 22:00:00,40.95
2018-01-29 23:00:00,31.84
2018-01-30 00:00:00,30.61
2018-01-30 01:00:00,27.26
2018-01-30 02:00:00,19.95
2018-01-30 03:00:00,18.95
2018-01-30 04:00:00,29.84
2018-01-30 05:00:00,38.9
2018-01-30 06:00:00,45.97
2018-01-30 07:00:00,49.92
2018-01-30 08:00:00,49.59
2018-01-30 09:00:00,46.95
2018-01-30 10:00:00,45.05
2018-01-30 11:00:00,43.36
2018-01-30 12:00:00,41.25
2018-01-30 13:00:00,39.98
2018-01-30 14:00:00,41.92
2018-01-30 15:00:00,44.95
2018-01-30 16:00:00,52.39
2018-01-30 17:00:00,57.97
2018-01-30 18:00:00,53.78
2018-01-30 19:00:00,44.98
2018-01-30 20:00:00,38.97
2018-01-30 21:00:00,38.53
2018-01-30 22:00:00,35.82
2018-01-30 23:00:00,33.66
2018-01-31 00:00:00,29.93
2018-01-31 01:00:00,27.37
2018-01-31 02:00:00,19.53
2018-01-31 03:00:00,20.7
2018-01-31 04:00:00,26.39
2018-01-31 05:00:00,31.74
2018-01-31 06:00:00,35.53
2018-01-31 07:00:00,37.37
2018-01-31 08:00:00,35.04
2018-01-31 09:00:00,34.31
2018-01-31 10:00:00,35.76
2018-01-31 11:00:00,33.43
2018-01-31 12:00:00,32.94
2018-01-31 13:00:00,32.0
2018-01-31 14:00:00,36.0
2018-01-31 15:00:00,32.47
2018-01-31 16:00:00,34.93
2018-01-31 17:00:00,43.14
2018-01-31 18:00:00,44.95
2018-01-31 19:00:00,37.42
2018-01-31 20:00:00,34.0
2018-01-31 21:00:00,33.64
2018-01-31 22:00:00,33.33
2018-01-31 23:00:00,28.6
2018-02-01 00:00:00,25.37
2018-02-01 01:00:00,25.17
2018-02-01 02:00:00,21.92
2018-02-01 03:00:00,22.79
2018-02-01 04:00:00,26.21
2018-02-01 05:00:00,32.8
2018-02-01 06:00:00,47.72
2018-02-01 07:00:00,47.91
2018-02-01 08:00:00,47.56
2018-02-01 09:00:00,48.59
2018-02-01 10:00:00,47.39
2018-02-01 11:00:00,45.86
2018-02-01 12:00:00,45.2
2018-02-01 13:00:00,46.88
2018-02-01 14:00:00,40.1
2018-02-01 15:00:00,43.05
2018-02-01 16:00:00,46.32
2018-02-01 17:00:00,50.45
2018-02-01 18:00:00,49.26
2018-02-01 19:00:00,42.99
2018-02-01 20:00:00,36.95
2018-02-01 21:00:00,39.14
2018-02-01 22:00:00,37.97
2018-02-01 23:00:00,32.45
2018-02-02 00:00:00,31.8
2018-02-02 01:00:00,31.23
2018-02-02 02:00:00,29.74
2018-02-02 03:00:00,30.1
2018-02-02 04:00:00,33.24
2018-02-02 05:00:00,37.4
2018-02-02 06:00:00,45.79
2018-02-02 07:00:00,49.23
2018-02-02 08:00:00,48.48
2018-02-02 09:00:00,48.76
2018-02-02 10:00:00,47.09
2018-02-02 11:00:00,44.9
2018-02-02 12:00:00,40.95
2018-02-02 13:00:00,40.9
2018-02-02 14:00:00,41.11
2018-02-02 15:00:00,43.29
2018-02-02 16:00:00,48.02
2018-02-02 17:00:00,47.96
2018-02-02 18:00:00,46.43
2018-02-02 19:00:00,43.39
2018-02-02 20:00:00,40.06
2018-02-02 21:00:00,40.08
2018-02-02 22:00:00,39.3
2018-02-02 23:00:00,37.27
2018-02-03 00:00:00,35.48
2018-02-03 01:00:00,34.02
2018-02-03 02:00:00,35.02
2018-02-03 03:00:00,33.73
2018-02-03 04:00:00,34.31
2018-02-03 05:00:00,34.73
2018-02-03 06:00:00,37.42
2018-02-03 07:00:00,41.88
2018-02-03 08:00:00,45.45
2018-02-03 09:00:00,45.84
2018-02-03 10:00:00,47.08
2018-02-03 11:00:00,46.31
2018-02-03 12:00:00,43.72
2018-02-03 13:00:00,39.97
2018-02-03 14:00:00,39.12
2018-02-03 15:00:00,40.96
2018-02-03 16:00:00,47.38
2018-02-03 17:00:00,50.54
2018-02-03 18:00:00,50.26
2018-02-03 19:00:00,43.5
2018-02-03 20:00:00,39.5
2018-02-03 21:00:00,41.74
2018-02-03 22:00:00,41.4
2018-02-03 23:00:00,41.45
2018-02-04 00:00:00,37.1
2018-02-04 01:00:00,35.99
2018-02-04 02:00:00,31.87
2018-02-04 03:00:00,31.81
2018-02-04 04:00:00,31.81
2018-02-04 05:00:00,34.52
2018-02-04 06:00:00,38.57
2018-02-04 07:00:00,41.0
2018-02-04 08:00:00,43.31
2018-02-04 09:00:00,40.43
2018-02-04 10:00:00,40.0
2018-02-04 11:00:00,40.15
2018-02-04 12:00:00,37.76
2018-02-04 13:00:00,33.9
2018-02-04 14:00:00,33.22
2018-02-04 15:00:00,34.25
2018-02-04 16:00:00,39.71
2018-02-04 17:00:00,48.7
2018-02-04 18:00:00,50.88
2018-02-04 19:00:00,45.45
2018-02-04 20:00:00,36.98
2018-02-04 21:00:00,38.3
2018-02-04 22:00:00,40.31
2018-02-04 23:00:00,33.2
2018-02-05 00:00:00,33.23
2018-02-05 01:00:00,30.92
2018-02-05 02:00:00,30.93
2018-02-05 03:00:00,30.58
2018-02-05 04:00:00,33.67
2018-02-05 05:00:00,41.41
2018-02-05 06:00:00,54.46
2018-02-05 07:00:00,58.06
2018-02-05 08:00:00,57.12
2018-02-05 09:00:00,54.04
2018-02-05 10:00:00,51.88
2018-02-05 11:00:00,47.46
2018-02-05 12:00:00,45.53
2018-02-05 13:00:00,46.9
2018-02-05 14:00:00,48.77
2018-02-05 15:00:00,53.4
2018-02-05 16:00:00,56.93
2018-02-05 17:00:00,58.99
2018-02-05 18:00:00,55.41
2018-02-05 19:00:00,47.75
2018-02-05 20:00:00,39.97
2018-02-05 21:00:00,39.0
2018-02-05 22:00:00,37.21
2018-02-05 23:00:00,36.68
2018-02-06 00:00:00,35.0
2018-02-06 01:00:00,34.96
2018-02-06 02:00:00,35.38
2018-02-06 03:00:00,36.25
2018-02-06 04:00:00,37.45
2018-02-06 05:00:00,44.69
2018-02-06 06:00:00,56.77
2018-02-06 07:00:00,62.51
2018-02-06 08:00:00,62.09
2018-02-06 09:00:00,60.07
2018-02-06 10:00:00,58.39
2018-02-06 11:00:00,55.06
2018-02-06 12:00:00,54.1
2018-02-06 13:00:00,52.91
2018-02-06 14:00:00,51.62
2018-02-06 15:00:00,53.75
2018-02-06 16:00:00,60.21
2018-02-06 17:00:00,65.5
2018-02-06 18:00:00,62.36
2018-02-06 19:00:00,56.77
2018-02-06 20:00:00,48.91
2018-02-06 21:00:00,47.37
2018-02-06 22:00:00,44.7
2018-02-06 23:00:00,43.3
2018-02-07 00:00:00,38.27
2018-02-07 01:00:00,37.39
2018-02-07 02:00:00,35.06
2018-02-07 03:00:00,34.8
2018-02-07 04:00:00,38.86
2018-02-07 05:00:00,47.18
2018-02-07 06:00:00,59.06
2018-02-07 07:00:00,61.76
2018-02-07 08:00:00,61.66
2018-02-07 09:00:00,58.29
2018-02-07 10:00:00,56.38
2018-02-07 11:00:00,52.46
2018-02-07 12:00:00,52.22
2018-02-07 13:00:00,49.14
2018-02-07 14:00:00,51.14
2018-02-07 15:00:00,53.46
2018-02-07 16:00:00,60.19
2018-02-07 17:00:00,65.13
2018-02-07 18:00:00,65.62
2018-02-07 19:00:00,53.0
2018-02-07 20:00:00,49.58
2018-02-07 21:00:00,47.71
2018-02-07 22:00:00,45.21
2018-02-07 23:00:00,46.16
2018-02-08 00:00:00,43.66
2018-02-08 01:00:00,42.0
2018-02-08 02:00:00,40.88
2018-02-08 03:00:00,41.38
2018-02-08 04:00:00,42.53
2018-02-08 05:00:00,49.05
2018-02-08 06:00:00,62.34
2018-02-08 07:00:00,67.66
2018-02-08 08:00:00,67.45
2018-02-08 09:00:00,67.18
2018-02-08 10:00:00,59.79
2018-02-08 11:00:00,52.53
2018-02-08 12:00:00,51.17
2018-02-08 13:00:00,51.48
2018-02-08 14:00:00,53.0
2018-02-08 15:00:00,56.48
2018-02-08 16:00:00,64.36
2018-02-08 17:00:00,71.19
2018-02-08 18:00:00,71.04
2018-02-08 19:00:00,58.82
2018-02-08 20:00:00,51.7
2018-02-08 21:00:00,51.13
2018-02-08 22:00:00,46.43
2018-02-08 23:00:00,47.23
2018-02-09 00:00:00,46.1
2018-02-09 01:00:00,44.56
2018-02-09 02:00:00,39.59
2018-02-09 03:00:00,37.21
2018-02-09 04:00:00,38.34
2018-02-09 05:00:00,49.08
2018-02-09 06:00:00,52.55
2018-02-09 07:00:00,53.46
2018-02-09 08:00:00,53.06
2018-02-09 09:00:00,52.96
2018-02-09 10:00:00,53.0
2018-02-09 11:00:00,49.34
2018-02-09 12:00:00,47.18
2018-02-09 13:00:00,42.79
2018-02-09 14:00:00,43.94
2018-02-09 15:00:00,46.18
2018-02-09 16:00:00,49.59
2018-02-09 17:00:00,53.19
2018-02-09 18:00:00,55.97
2018-02-09 19:00:00,52.03
2018-02-09 20:00:00,43.22
2018-02-09 21:00:00,41.69
2018-02-09 22:00:00,40.44
2018-02-09 23:00:00,42.3
2018-02-10 00:00:00,42.54
2018-02-10 01:00:00,39.92
2018-02-10 02:00:00,36.48
2018-02-10 03:00:00,35.6
2018-02-10 04:00:00,36.62
2018-02-10 05:00:00,38.28
2018-02-10 06:00:00,43.65
2018-02-10 07:00:00,45.9
2018-02-10 08:00:00,49.9
2018-02-10 09:00:00,49.29
2018-02-10 10:00:00,48.0
2018-02-10 11:00:00,45.92
2018-02-10 12:00:00,42.47
2018-02-10 13:00:00,40.28
2018-02-10 14:00:00,40.03
2018-02-10 15:00:00,40.2
2018-02-10 16:00:00,42.98
2018-02-10 17:00:00,45.44
2018-02-10 18:00:00,43.4
2018-02-10 19:00:00,38.86
2018-02-10 20:00:00,38.5
2018-02-10 21:00:00,39.98
2018-02-10 22:00:00,42.02
2018-02-10 23:00:00,36.12
2018-02-11 00:00:00,30.68
2018-02-11 01:00:00,20.93
2018-02-11 02:00:00,10.7
2018-02-11 03:00:00,12.97
2018-02-11 04:00:00,21.05
2018-02-11 05:00:00,20.84
2018-02-11 06:00:00,29.08
2018-02-11 07:00:00,32.46
2018-02-11 08:00:00,36.91
2018-02-11 09:00:00,38.01
2018-02-11 10:00:00,37.65
2018-02-11 11:00:00,40.0
2018-02-11 12:00:00,34.61
2018-02-11 13:00:00,34.74
2018-02-11 14:00:00,34.2
2018-02-11 15:00:00,31.78
2018-02-11 16:00:00,34.74
2018-02-11 17:00:00,43.97
2018-02-11 18:00:00,48.49
2018-02-11 19:00:00,46.21
2018-02-11 20:00:00,41.95
2018-02-11 21:00:00,47.5
2018-02-11 22:00:00,43.8
2018-02-11 23:00:00,42.35
2018-02-12 00:00:00,40.58
2018-02-12 01:00:00,40.32
2018-02-12 02:00:00,37.3
2018-02-12 03:00:00,38.29
2018-02-12 04:00:00,41.7
2018-02-12 05:00:00,47.57
2018-02-12 06:00:00,52.7
2018-02-12 07:00:00,55.59
2018-02-12 08:00:00,58.86
2018-02-12 09:00:00,54.79
2018-02-12 10:00:00,52.97
2018-02-12 11:00:00,54.04
2018-02-12 12:00:00,50.95
2018-02-12 13:00:00,48.88
2018-02-12 14:00:00,47.84
2018-02-12 15:00:00,45.98
2018-02-12 16:00:00,49.84
2018-02-12 17:00:00,61.44
2018-02-12 18:00:00,64.0
2018-02-12 19:00:00,54.49
2018-02-12 20:00:00,47.3
2018-02-12 21:00:00,42.6
2018-02-12 22:00:00,42.82
2018-02-12 23:00:00,38.43
2018-02-13 00:00:00,34.35
2018-02-13 01:00:00,34.2
2018-02-13 02:00:00,33.36
2018-02-13 03:00:00,32.04
2018-02-13 04:00:00,33.58
2018-02-13 05:00:00,40.06
2018-02-13 06:00:00,50.19
2018-02-13 07:00:00,49.02
2018-02-13 08:00:00,47.95
2018-02-13 09:00:00,44.96
2018-02-13 10:00:00,44.23
2018-02-13 11:00:00,39.39
2018-02-13 12:00:00,38.06
2018-02-13 13:00:00,39.43
2018-02-13 14:00:00,42.94
2018-02-13 15:00:00,45.36
2018-02-13 16:00:00,49.85
2018-02-13 17:00:00,54.38
2018-02-13 18:00:00,58.92
2018-02-13 19:00:00,51.97
2018-02-13 20:00:00,40.78
2018-02-13 21:00:00,43.58
2018-02-13 22:00:00,43.26
2018-02-13 23:00:00,41.47
2018-02-14 00:00:00,39.25
2018-02-14 01:00:00,38.85
2018-02-14 02:00:00,35.75
2018-02-14 03:00:00,35.91
2018-02-14 04:00:00,37.17
2018-02-14 05:00:00,42.82
2018-02-14 06:00:00,49.47
2018-02-14 07:00:00,58.8
2018-02-14 08:00:00,56.07
2018-02-14 09:00:00,52.45
2018-02-14 10:00:00,50.81
2018-02-14 11:00:00,48.41
2018-02-14 12:00:00,46.23
2018-02-14 13:00:00,42.43
2018-02-14 14:00:00,40.99
2018-02-14 15:00:00,42.21
2018-02-14 16:00:00,45.75
2018-02-14 17:00:00,52.08
2018-02-14 18:00:00,51.24
2018-02-14 19:00:00,42.88
2018-02-14 20:00:00,37.36
2018-02-14 21:00:00,40.49
2018-02-14 22:00:00,42.8
2018-02-14 23:00:00,35.58
2018-02-15 00:00:00,34.53
2018-02-15 01:00:00,32.47
2018-02-15 02:00:00,25.61
2018-02-15 03:00:00,21.13
2018-02-15 04:00:00,31.72
2018-02-15 05:00:00,37.7
2018-02-15 06:00:00,49.08
2018-02-15 07:00:00,49.84
2018-02-15 08:00:00,49.82
2018-02-15 09:00:00,51.08
2018-02-15 10:00:00,50.09
2018-02-15 11:00:00,49.48
2018-02-15 12:00:00,49.04
2018-02-15 13:00:00,46.91
2018-02-15 14:00:00,43.24
2018-02-15 15:00:00,42.66
2018-02-15 16:00:00,47.0
2018-02-15 17:00:00,52.0
2018-02-15 18:00:00,55.52
2018-02-15 19:00:00,46.4
2018-02-15 20:00:00,40.0
2018-02-15 21:00:00,40.39
2018-02-15 22:00:00,40.98
2018-02-15 23:00:00,39.7
2018-02-16 00:00:00,35.68
2018-02-16 01:00:00,34.35
2018-02-16 02:00:00,32.29
2018-02-16 03:00:00,32.5
2018-02-16 04:00:00,34.82
2018-02-16 05:00:00,40.94
2018-02-16 06:00:00,50.25
2018-02-16 07:00:00,53.62
2018-02-16 08:00:00,52.0
2018-02-16 09:00:00,50.1
2018-02-16 10:00:00,51.78
2018-02-16 11:00:00,48.02
2018-02-16 12:00:00,40.63
2018-02-16 13:00:00,39.14
2018-02-16 14:00:00,40.02
2018-02-16 15:00:00,42.86
2018-02-16 16:00:00,46.5
2018-02-16 17:00:00,51.68
2018-02-16 18:00:00,49.68
2018-02-16 19:00:00,45.92
2018-02-16 20:00:00,41.87
2018-02-16 21:00:00,41.68
2018-02-16 22:00:00,39.5
2018-02-16 23:00:00,39.9
2018-02-17 00:00:00,35.72
2018-02-17 01:00:00,35.62
2018-02-17 02:00:00,34.2
2018-02-17 03:00:00,33.62
2018-02-17 04:00:00,33.86
2018-02-17 05:00:00,35.44
2018-02-17 06:00:00,38.01
2018-02-17 07:00:00,42.61
2018-02-17 08:00:00,46.82
2018-02-17 09:00:00,46.52
2018-02-17 10:00:00,47.4
2018-02-17 11:00:00,44.98
2018-02-17 12:00:00,41.43
2018-02-17 13:00:00,36.85
2018-02-17 14:00:00,36.53
2018-02-17 15:00:00,38.52
2018-02-17 16:00:00,44.99
2018-02-17 17:00:00,49.77
2018-02-17 18:00:00,49.08
2018-02-17 19:00:00,45.95
2018-02-17 20:00:00,41.1
2018-02-17 21:00:00,43.26
2018-02-17 22:00:00,46.1
2018-02-17 23:00:00,42.09
2018-02-18 00:00:00,40.79
2018-02-18 01:00:00,40.29
2018-02-18 02:00:00,36.08
2018-02-18 03:00:00,34.95
2018-02-18 04:00:00,35.54
2018-02-18 05:00:00,35.38
2018-02-18 06:00:00,37.03
2018-02-18 07:00:00,37.4
2018-02-18 08:00:00,37.92
2018-02-18 09:00:00,38.49
2018-02-18 10:00:00,37.2
2018-02-18 11:00:00,38.74
2018-02-18 12:00:00,36.16
2018-02-18 13:00:00,34.38
2018-02-18 14:00:00,34.94
2018-02-18 15:00:00,36.24
2018-02-18 16:00:00,42.36
2018-02-18 17:00:00,49.01
2018-02-18 18:00:00,50.49
2018-02-18 19:00:00,48.24
2018-02-18 20:00:00,41.27
2018-02-18 21:00:00,43.91
2018-02-18 22:00:00,42.81
2018-02-18 23:00:00,39.74
2018-02-19 00:00:00,37.21
2018-02-19 01:00:00,37.13
2018-02-19 02:00:00,37.37
2018-02-19 03:00:00,35.07
2018-02-19 04:00:00,37.65
2018-02-19 05:00:00,48.49
2018-02-19 06:00:00,57.95
2018-02-19 07:00:00,61.28
2018-02-19 08:00:00,61.63
2018-02-19 09:00:00,59.67
2018-02-19 10:00:00,58.11
2018-02-19 11:00:00,54.24
2018-02-19 12:00:00,53.01
2018-02-19 13:00:00,54.55
2018-02-19 14:00:00,53.97
2018-02-19 15:00:00,50.97
2018-02-19 16:00:00,59.92
2018-02-19 17:00:00,67.84
2018-02-19 18:00:00,62.04
2018-02-19 19:00:00,59.9
2018-02-19 20:00:00,49.07
2018-02-19 21:00:00,45.95
2018-02-19 22:00:00,40.9
2018-02-19 23:00:00,42.87
2018-02-20 00:00:00,40.0
2018-02-20 01:00:00,38.1
2018-02-20 02:00:00,36.26
2018-02-20 03:00:00,36.95
2018-02-20 04:00:00,40.69
2018-02-20 05:00:00,47.19
2018-02-20 06:00:00,60.05
2018-02-20 07:00:00,61.92
2018-02-20 08:00:00,61.85
2018-02-20 09:00:00,59.89
2018-02-20 10:00:00,56.1
2018-02-20 11:00:00,53.38
2018-02-20 12:00:00,51.67
2018-02-20 13:00:00,50.7
2018-02-20 14:00:00,49.87
2018-02-20 15:00:00,50.25
2018-02-20 16:00:00,53.51
2018-02-20 17:00:00,60.48
2018-02-20 18:00:00,59.62
2018-02-20 19:00:00,51.72
2018-02-20 20:00:00,42.89
2018-02-20 21:00:00,42.93
2018-02-20 22:00:00,44.22
2018-02-20 23:00:00,42.4
2018-02-21 00:00:00,39.15
2018-02-21 01:00:00,38.65
2018-02-21 02:00:00,37.86
2018-02-21 03:00:00,37.33
2018-02-21 04:00:00,39.06
2018-02-21 05:00:00,45.65
2018-02-21 06:00:00,59.13
2018-02-21 07:00:00,60.69
2018-02-21 08:00:00,60.49
2018-02-21 09:00:00,55.51
2018-02-21 10:00:00,49.71
2018-02-21 11:00:00,47.65
2018-02-21 12:00:00,46.06
2018-02-21 13:00:00,44.4
2018-02-21 14:00:00,44.97
2018-02-21 15:00:00,47.41
2018-02-21 16:00:00,55.43
2018-02-21 17:00:00,58.93
2018-02-21 18:00:00,60.36
2018-02-21 19:00:00,55.0
2018-02-21 20:00:00,45.24
2018-02-21 21:00:00,53.52
2018-02-21 22:00:00,47.92
2018-02-21 23:00:00,45.46
2018-02-22 00:00:00,39.94
2018-02-22 01:00:00,42.87
2018-02-22 02:00:00,40.9
2018-02-22 03:00:00,40.16
2018-02-22 04:00:00,42.02
2018-02-22 05:00:00,49.93
2018-02-22 06:00:00,59.19
2018-02-22 07:00:00,60.97
2018-02-22 08:00:00,60.07
2018-02-22 09:00:00,58.69
2018-02-22 10:00:00,58.69
2018-02-22 11:00:00,56.3
2018-02-22 12:00:00,52.67
2018-02-22 13:00:00,46.94
2018-02-22 14:00:00,44.68
2018-02-22 15:00:00,49.8
2018-02-22 16:00:00,56.34
2018-02-22 17:00:00,59.98
2018-02-22 18:00:00,61.61
2018-02-22 19:00:00,61.54
2018-02-22 20:00:00,53.71
2018-02-22 21:00:00,52.29
2018-02-22 22:00:00,52.46
2018-02-22 23:00:00,49.8
2018-02-23 00:00:00,47.11
2018-02-23 01:00:00,45.9
2018-02-23 02:00:00,43.15
2018-02-23 03:00:00,43.12
2018-02-23 04:00:00,42.9
2018-02-23 05:00:00,52.25
2018-02-23 06:00:00,61.62
2018-02-23 07:00:00,63.03
2018-02-23 08:00:00,61.88
2018-02-23 09:00:00,58.56
2018-02-23 10:00:00,55.47
2018-02-23 11:00:00,52.36
2018-02-23 12:00:00,46.73
2018-02-23 13:00:00,43.84
2018-02-23 14:00:00,45.46
2018-02-23 15:00:00,44.76
2018-02-23 16:00:00,54.32
2018-02-23 17:00:00,61.87
2018-02-23 18:00:00,63.79
2018-02-23 19:00:00,57.62
2018-02-23 20:00:00,50.03
2018-02-23 21:00:00,54.4
2018-02-23 22:00:00,50.83
2018-02-23 23:00:00,55.34
2018-02-24 00:00:00,54.65
2018-02-24 01:00:00,49.04
2018-02-24 02:00:00,45.25
2018-02-24 03:00:00,46.4
2018-02-24 04:00:00,48.17
2018-02-24 05:00:00,49.68
2018-02-24 06:00:00,50.15
2018-02-24 07:00:00,54.87
2018-02-24 08:00:00,59.83
2018-02-24 09:00:00,60.85
2018-02-24 10:00:00,61.48
2018-02-24 11:00:00,61.34
2018-02-24 12:00:00,61.05
2018-02-24 13:00:00,53.41
2018-02-24 14:00:00,51.68
2018-02-24 15:00:00,40.62
2018-02-24 16:00:00,47.48
2018-02-24 17:00:00,54.2
2018-02-24 18:00:00,61.96
2018-02-24 19:00:00,59.19
2018-02-24 20:00:00,51.13
2018-02-24 21:00:00,53.1
2018-02-24 22:00:00,52.01
2018-02-24 23:00:00,51.43
2018-02-25 00:00:00,50.88
2018-02-25 01:00:00,48.1
2018-02-25 02:00:00,38.95
2018-02-25 03:00:00,34.76
2018-02-25 04:00:00,36.0
2018-02-25 05:00:00,36.42
2018-02-25 06:00:00,37.0
2018-02-25 07:00:00,39.7
2018-02-25 08:00:00,44.88
2018-02-25 09:00:00,44.03
2018-02-25 10:00:00,44.27
2018-02-25 11:00:00,42.73
2018-02-25 12:00:00,39.1
2018-02-25 13:00:00,32.45
2018-02-25 14:00:00,31.07
2018-02-25 15:00:00,34.72
2018-02-25 16:00:00,42.99
2018-02-25 17:00:00,56.8
2018-02-25 18:00:00,62.83
2018-02-25 19:00:00,62.5
2018-02-25 20:00:00,53.13
2018-02-25 21:00:00,55.5
2018-02-25 22:00:00,52.39
2018-02-25 23:00:00,50.64
2018-02-26 00:00:00,47.0
2018-02-26 01:00:00,46.27
2018-02-26 02:00:00,44.07
2018-02-26 03:00:00,44.61
2018-02-26 04:00:00,46.44
2018-02-26 05:00:00,53.97
2018-02-26 06:00:00,69.54
2018-02-26 07:00:00,73.39
2018-02-26 08:00:00,65.62
2018-02-26 09:00:00,64.28
2018-02-26 10:00:00,63.3
2018-02-26 11:00:00,61.87
2018-02-26 12:00:00,61.97
2018-02-26 13:00:00,59.77
2018-02-26 14:00:00,57.4
2018-02-26 15:00:00,56.1
2018-02-26 16:00:00,62.1
2018-02-26 17:00:00,81.0
2018-02-26 18:00:00,90.33
2018-02-26 19:00:00,73.83
2018-02-26 20:00:00,64.63
2018-02-26 21:00:00,63.03
2018-02-26 22:00:00,61.35
2018-02-26 23:00:00,57.95
2018-02-27 00:00:00,56.17
2018-02-27 01:00:00,59.47
2018-02-27 02:00:00,55.58
2018-02-27 03:00:00,54.93
2018-02-27 04:00:00,55.82
2018-02-27 05:00:00,69.22
2018-02-27 06:00:00,98.19
2018-02-27 07:00:00,124.1
2018-02-27 08:00:00,102.0
2018-02-27 09:00:00,92.25
2018-02-27 10:00:00,89.9
2018-02-27 11:00:00,81.2
2018-02-27 12:00:00,78.86
2018-02-27 13:00:00,70.82
2018-02-27 14:00:00,65.84
2018-02-27 15:00:00,69.68
2018-02-27 16:00:00,71.06
2018-02-27 17:00:00,151.42
2018-02-27 18:00:00,159.4
2018-02-27 19:00:00,129.5
2018-02-27 20:00:00,72.0
2018-02-27 21:00:00,77.85
2018-02-27 22:00:00,66.92
2018-02-27 23:00:00,76.66
2018-02-28 00:00:00,75.11
2018-02-28 01:00:00,71.96
2018-02-28 02:00:00,68.99
2018-02-28 03:00:00,65.38
2018-02-28 04:00:00,68.63
2018-02-28 05:00:00,82.0
2018-02-28 06:00:00,95.42
2018-02-28 07:00:00,120.1
2018-02-28 08:00:00,114.41
2018-02-28 09:00:00,97.0
2018-02-28 10:00:00,90.08
2018-02-28 11:00:00,79.23
2018-02-28 12:00:00,79.59
2018-02-28 13:00:00,80.54
2018-02-28 14:00:00,58.93
2018-02-28 15:00:00,64.49
2018-02-28 16:00:00,69.07
2018-02-28 17:00:00,92.79
2018-02-28 18:00:00,105.54
2018-02-28 19:00:00,83.84
2018-02-28 20:00:00,64.64
2018-02-28 21:00:00,61.36
2018-02-28 22:00:00,55.89
2018-02-28 23:00:00,80.79
2018-03-01 00:00:00,76.66
2018-03-01 01:00:00,75.11
2018-03-01 02:00:00,69.0
2018-03-01 03:00:00,60.4
2018-03-01 04:00:00,68.01
2018-03-01 05:00:00,93.09
2018-03-01 06:00:00,94.1
2018-03-01 07:00:00,104.26
2018-03-01 08:00:00,115.41
2018-03-01 09:00:00,112.02
2018-03-01 10:00:00,113.55
2018-03-01 11:00:00,85.3
2018-03-01 12:00:00,83.21
2018-03-01 13:00:00,72.63
2018-03-01 14:00:00,73.07
2018-03-01 15:00:00,65.7
2018-03-01 16:00:00,71.76
2018-03-01 17:00:00,98.19
2018-03-01 18:00:00,106.15
2018-03-01 19:00:00,85.77
2018-03-01 20:00:00,79.74
2018-03-01 21:00:00,83.21
2018-03-01 22:00:00,55.66
2018-03-01 23:00:00,77.7
2018-03-02 00:00:00,61.15
2018-03-02 01:00:00,50.91
2018-03-02 02:00:00,42.12
2018-03-02 03:00:00,39.5
2018-03-02 04:00:00,54.08
2018-03-02 05:00:00,78.1
2018-03-02 06:00:00,113.67
2018-03-02 07:00:00,97.91
2018-03-02 08:00:00,122.33
2018-03-02 09:00:00,104.05
2018-03-02 10:00:00,74.98
2018-03-02 11:00:00,65.56
2018-03-02 12:00:00,70.4
2018-03-02 13:00:00,92.37
2018-03-02 14:00:00,103.31
2018-03-02 15:00:00,108.08
2018-03-02 16:00:00,90.42
2018-03-02 17:00:00,101.23
2018-03-02 18:00:00,133.39
2018-03-02 19:00:00,107.89
2018-03-02 20:00:00,76.55
2018-03-02 21:00:00,80.05
2018-03-02 22:00:00,71.55
2018-03-02 23:00:00,61.53
2018-03-03 00:00:00,50.49
2018-03-03 01:00:00,42.64
2018-03-03 02:00:00,37.72
2018-03-03 03:00:00,36.23
2018-03-03 04:00:00,36.36
2018-03-03 05:00:00,38.91
2018-03-03 06:00:00,42.19
2018-03-03 07:00:00,48.03
2018-03-03 08:00:00,52.85
2018-03-03 09:00:00,58.21
2018-03-03 10:00:00,50.07
2018-03-03 11:00:00,44.45
2018-03-03 12:00:00,43.29
2018-03-03 13:00:00,40.89
2018-03-03 14:00:00,40.37
2018-03-03 15:00:00,41.7
2018-03-03 16:00:00,44.92
2018-03-03 17:00:00,52.52
2018-03-03 18:00:00,63.14
2018-03-03 19:00:00,56.56
2018-03-03 20:00:00,43.96
2018-03-03 21:00:00,52.0
2018-03-03 22:00:00,50.48
2018-03-03 23:00:00,50.0
2018-03-04 00:00:00,45.94
2018-03-04 01:00:00,42.0
2018-03-04 02:00:00,38.85
2018-03-04 03:00:00,37.91
2018-03-04 04:00:00,38.6
2018-03-04 05:00:00,39.1
2018-03-04 06:00:00,39.81
2018-03-04 07:00:00,40.0
2018-03-04 08:00:00,42.85
2018-03-04 09:00:00,42.76
2018-03-04 10:00:00,46.35
2018-03-04 11:00:00,50.45
2018-03-04 12:00:00,49.29
2018-03-04 13:00:00,43.89
2018-03-04 14:00:00,40.16
2018-03-04 15:00:00,35.95
2018-03-04 16:00:00,40.6
2018-03-04 17:00:00,45.84
2018-03-04 18:00:00,53.21
2018-03-04 19:00:00,52.14
2018-03-04 20:00:00,43.0
2018-03-04 21:00:00,45.94
2018-03-04 22:00:00,42.0
2018-03-04 23:00:00,39.1
2018-03-05 00:00:00,38.37
2018-03-05 01:00:00,36.19
2018-03-05 02:00:00,34.39
2018-03-05 03:00:00,33.0
2018-03-05 04:00:00,38.2
2018-03-05 05:00:00,47.0
2018-03-05 06:00:00,61.74
2018-03-05 07:00:00,65.78
2018-03-05 08:00:00,68.3
2018-03-05 09:00:00,63.69
2018-03-05 10:00:00,61.66
2018-03-05 11:00:00,56.08
2018-03-05 12:00:00,55.03
2018-03-05 13:00:00,54.01
2018-03-05 14:00:00,55.1
2018-03-05 15:00:00,55.49
2018-03-05 16:00:00,69.67
2018-03-05 17:00:00,83.16
2018-03-05 18:00:00,83.61
2018-03-05 19:00:00,62.48
2018-03-05 20:00:00,54.96
2018-03-05 21:00:00,52.01
2018-03-05 22:00:00,49.08
2018-03-05 23:00:00,40.25
2018-03-06 00:00:00,38.1
2018-03-06 01:00:00,37.39
2018-03-06 02:00:00,36.61
2018-03-06 03:00:00,36.91
2018-03-06 04:00:00,38.76
2018-03-06 05:00:00,46.5
2018-03-06 06:00:00,58.26
2018-03-06 07:00:00,65.19
2018-03-06 08:00:00,65.02
2018-03-06 09:00:00,63.28
2018-03-06 10:00:00,55.03
2018-03-06 11:00:00,52.39
2018-03-06 12:00:00,50.07
2018-03-06 13:00:00,48.98
2018-03-06 14:00:00,48.76
2018-03-06 15:00:00,49.42
2018-03-06 16:00:00,53.99
2018-03-06 17:00:00,60.7
2018-03-06 18:00:00,64.63
2018-03-06 19:00:00,59.9
2018-03-06 20:00:00,46.95
2018-03-06 21:00:00,48.0
2018-03-06 22:00:00,45.0
2018-03-06 23:00:00,39.07
2018-03-07 00:00:00,38.9
2018-03-07 01:00:00,37.78
2018-03-07 02:00:00,36.91
2018-03-07 03:00:00,37.54
2018-03-07 04:00:00,39.9
2018-03-07 05:00:00,46.69
2018-03-07 06:00:00,55.85
2018-03-07 07:00:00,61.79
2018-03-07 08:00:00,60.0
2018-03-07 09:00:00,56.69
2018-03-07 10:00:00,56.51
2018-03-07 11:00:00,51.51
2018-03-07 12:00:00,48.99
2018-03-07 13:00:00,47.07
2018-03-07 14:00:00,47.9
2018-03-07 15:00:00,48.89
2018-03-07 16:00:00,53.7
2018-03-07 17:00:00,60.95
2018-03-07 18:00:00,64.34
2018-03-07 19:00:00,50.29
2018-03-07 20:00:00,43.66
2018-03-07 21:00:00,42.85
2018-03-07 22:00:00,43.08
2018-03-07 23:00:00,39.94
2018-03-08 00:00:00,37.4
2018-03-08 01:00:00,35.86
2018-03-08 02:00:00,33.29
2018-03-08 03:00:00,34.0
2018-03-08 04:00:00,41.83
2018-03-08 05:00:00,44.11
2018-03-08 06:00:00,46.95
2018-03-08 07:00:00,52.48
2018-03-08 08:00:00,54.0
2018-03-08 09:00:00,48.8
2018-03-08 10:00:00,49.44
2018-03-08 11:00:00,49.45
2018-03-08 12:00:00,48.42
2018-03-08 13:00:00,47.75
2018-03-08 14:00:00,44.28
2018-03-08 15:00:00,43.59
2018-03-08 16:00:00,43.43
2018-03-08 17:00:00,48.21
2018-03-08 18:00:00,56.84
2018-03-08 19:00:00,58.15
2018-03-08 20:00:00,41.43
2018-03-08 21:00:00,47.13
2018-03-08 22:00:00,43.53
2018-03-08 23:00:00,45.27
2018-03-09 00:00:00,38.12
2018-03-09 01:00:00,37.21
2018-03-09 02:00:00,35.65
2018-03-09 03:00:00,27.29
2018-03-09 04:00:00,32.22
2018-03-09 05:00:00,37.93
2018-03-09 06:00:00,45.67
2018-03-09 07:00:00,48.88
2018-03-09 08:00:00,48.88
2018-03-09 09:00:00,48.01
2018-03-09 10:00:00,46.96
2018-03-09 11:00:00,47.81
2018-03-09 12:00:00,42.47
2018-03-09 13:00:00,40.88
2018-03-09 14:00:00,42.19
2018-03-09 15:00:00,44.46
2018-03-09 16:00:00,46.46
2018-03-09 17:00:00,46.29
2018-03-09 18:00:00,53.12
2018-03-09 19:00:00,48.88
2018-03-09 20:00:00,44.21
2018-03-09 21:00:00,41.08
2018-03-09 22:00:00,38.66
2018-03-09 23:00:00,33.1
2018-03-10 00:00:00,31.29
2018-03-10 01:00:00,30.85
2018-03-10 02:00:00,28.44
2018-03-10 03:00:00,24.86
2018-03-10 04:00:00,28.46
2018-03-10 05:00:00,29.66
2018-03-10 06:00:00,30.74
2018-03-10 07:00:00,33.96
2018-03-10 08:00:00,36.01
2018-03-10 09:00:00,37.52
2018-03-10 10:00:00,37.39
2018-03-10 11:00:00,36.6
2018-03-10 12:00:00,35.64
2018-03-10 13:00:00,34.01
2018-03-10 14:00:00,33.06
2018-03-10 15:00:00,31.82
2018-03-10 16:00:00,34.04
2018-03-10 17:00:00,42.04
2018-03-10 18:00:00,44.0
2018-03-10 19:00:00,39.7
2018-03-10 20:00:00,36.1
2018-03-10 21:00:00,35.3
2018-03-10 22:00:00,35.81
2018-03-10 23:00:00,32.26
2018-03-11 00:00:00,27.14
2018-03-11 01:00:00,26.67
2018-03-11 02:00:00,26.2
2018-03-11 03:00:00,25.06
2018-03-11 04:00:00,21.76
2018-03-11 05:00:00,21.92
2018-03-11 06:00:00,26.16
2018-03-11 07:00:00,28.82
2018-03-11 08:00:00,30.79
2018-03-11 09:00:00,30.34
2018-03-11 10:00:00,29.04
2018-03-11 11:00:00,26.05
2018-03-11 12:00:00,20.81
2018-03-11 13:00:00,20.15
2018-03-11 14:00:00,14.5
2018-03-11 15:00:00,10.44
2018-03-11 16:00:00,21.12
2018-03-11 17:00:00,35.7
2018-03-11 18:00:00,40.77
2018-03-11 19:00:00,36.57
2018-03-11 20:00:00,32.27
2018-03-11 21:00:00,32.59
2018-03-11 22:00:00,31.13
2018-03-11 23:00:00,32.1
2018-03-12 00:00:00,28.46
2018-03-12 01:00:00,19.8
2018-03-12 02:00:00,12.0
2018-03-12 03:00:00,9.56
2018-03-12 04:00:00,19.04
2018-03-12 05:00:00,42.01
2018-03-12 06:00:00,44.66
2018-03-12 07:00:00,48.34
2018-03-12 08:00:00,48.05
2018-03-12 09:00:00,46.02
2018-03-12 10:00:00,44.41
2018-03-12 11:00:00,45.0
2018-03-12 12:00:00,41.5
2018-03-12 13:00:00,38.38
2018-03-12 14:00:00,37.24
2018-03-12 15:00:00,37.61
2018-03-12 16:00:00,42.23
2018-03-12 17:00:00,50.24
2018-03-12 18:00:00,62.0
2018-03-12 19:00:00,55.23
2018-03-12 20:00:00,43.23
2018-03-12 21:00:00,41.23
2018-03-12 22:00:00,36.81
2018-03-12 23:00:00,35.04
2018-03-13 00:00:00,32.2
2018-03-13 01:00:00,28.86
2018-03-13 02:00:00,26.2
2018-03-13 03:00:00,27.76
2018-03-13 04:00:00,33.27
2018-03-13 05:00:00,41.06
2018-03-13 06:00:00,51.17
2018-03-13 07:00:00,54.02
2018-03-13 08:00:00,57.68
2018-03-13 09:00:00,57.9
2018-03-13 10:00:00,55.0
2018-03-13 11:00:00,52.56
2018-03-13 12:00:00,50.32
2018-03-13 13:00:00,48.47
2018-03-13 14:00:00,44.67
2018-03-13 15:00:00,46.48
2018-03-13 16:00:00,48.56
2018-03-13 17:00:00,55.24
2018-03-13 18:00:00,71.6
2018-03-13 19:00:00,66.15
2018-03-13 20:00:00,56.66
2018-03-13 21:00:00,50.43
2018-03-13 22:00:00,42.73
2018-03-13 23:00:00,40.23
2018-03-14 00:00:00,39.56
2018-03-14 01:00:00,37.02
2018-03-14 02:00:00,35.56
2018-03-14 03:00:00,34.77
2018-03-14 04:00:00,39.51
2018-03-14 05:00:00,49.0
2018-03-14 06:00:00,63.7
2018-03-14 07:00:00,70.56
2018-03-14 08:00:00,65.34
2018-03-14 09:00:00,57.98
2018-03-14 10:00:00,53.83
2018-03-14 11:00:00,49.58
2018-03-14 12:00:00,48.45
2018-03-14 13:00:00,42.93
2018-03-14 14:00:00,44.45
2018-03-14 15:00:00,38.3
2018-03-14 16:00:00,48.41
2018-03-14 17:00:00,62.81
2018-03-14 18:00:00,60.94
2018-03-14 19:00:00,48.86
2018-03-14 20:00:00,41.11
2018-03-14 21:00:00,36.72
2018-03-14 22:00:00,30.58
2018-03-14 23:00:00,25.36
2018-03-15 00:00:00,20.41
2018-03-15 01:00:00,18.42
2018-03-15 02:00:00,11.5
2018-03-15 03:00:00,8.58
2018-03-15 04:00:00,18.35
2018-03-15 05:00:00,33.84
2018-03-15 06:00:00,42.67
2018-03-15 07:00:00,44.51
2018-03-15 08:00:00,46.25
2018-03-15 09:00:00,47.06
2018-03-15 10:00:00,44.44
2018-03-15 11:00:00,41.76
2018-03-15 12:00:00,39.7
2018-03-15 13:00:00,35.17
2018-03-15 14:00:00,34.01
2018-03-15 15:00:00,33.61
2018-03-15 16:00:00,36.05
2018-03-15 17:00:00,48.0
2018-03-15 18:00:00,72.85
2018-03-15 19:00:00,54.01
2018-03-15 20:00:00,40.93
2018-03-15 21:00:00,40.04
2018-03-15 22:00:00,34.01
2018-03-15 23:00:00,45.42
2018-03-16 00:00:00,37.17
2018-03-16 01:00:00,34.0
2018-03-16 02:00:00,30.55
2018-03-16 03:00:00,29.97
2018-03-16 04:00:00,35.55
2018-03-16 05:00:00,44.46
2018-03-16 06:00:00,50.72
2018-03-16 07:00:00,55.29
2018-03-16 08:00:00,55.99
2018-03-16 09:00:00,53.89
2018-03-16 10:00:00,53.4
2018-03-16 11:00:00,52.11
2018-03-16 12:00:00,50.18
2018-03-16 13:00:00,46.5
2018-03-16 14:00:00,44.3
2018-03-16 15:00:00,41.91
2018-03-16 16:00:00,46.62
2018-03-16 17:00:00,47.91
2018-03-16 18:00:00,62.79
2018-03-16 19:00:00,50.13
2018-03-16 20:00:00,50.17
2018-03-16 21:00:00,50.58
2018-03-16 22:00:00,49.83
2018-03-16 23:00:00,57.0
2018-03-17 00:00:00,51.0
2018-03-17 01:00:00,49.72
2018-03-17 02:00:00,46.3
2018-03-17 03:00:00,36.46
2018-03-17 04:00:00,36.96
2018-03-17 05:00:00,52.53
2018-03-17 06:00:00,56.56
2018-03-17 07:00:00,56.26
2018-03-17 08:00:00,58.07
2018-03-17 09:00:00,61.43
2018-03-17 10:00:00,50.44
2018-03-17 11:00:00,53.56
2018-03-17 12:00:00,50.27
2018-03-17 13:00:00,46.52
2018-03-17 14:00:00,43.09
2018-03-17 15:00:00,41.7
2018-03-17 16:00:00,42.78
2018-03-17 17:00:00,47.13
2018-03-17 18:00:00,73.61
2018-03-17 19:00:00,63.83
2018-03-17 20:00:00,57.4
2018-03-17 21:00:00,57.89
2018-03-17 22:00:00,52.53
2018-03-17 23:00:00,46.72
2018-03-18 00:00:00,43.97
2018-03-18 01:00:00,40.63
2018-03-18 02:00:00,38.75
2018-03-18 03:00:00,37.1
2018-03-18 04:00:00,37.89
2018-03-18 05:00:00,37.6
2018-03-18 06:00:00,36.29
2018-03-18 07:00:00,36.8
2018-03-18 08:00:00,40.85
2018-03-18 09:00:00,47.0
2018-03-18 10:00:00,45.98
2018-03-18 11:00:00,47.68
2018-03-18 12:00:00,44.36
2018-03-18 13:00:00,37.7
2018-03-18 14:00:00,33.33
2018-03-18 15:00:00,20.1
2018-03-18 16:00:00,28.13
2018-03-18 17:00:00,40.38
2018-03-18 18:00:00,52.11
2018-03-18 19:00:00,49.7
2018-03-18 20:00:00,50.5
2018-03-18 21:00:00,47.48
2018-03-18 22:00:00,44.99
2018-03-18 23:00:00,43.63
2018-03-19 00:00:00,40.8
2018-03-19 01:00:00,40.0
2018-03-19 02:00:00,37.7
2018-03-19 03:00:00,37.5
2018-03-19 04:00:00,40.0
2018-03-19 05:00:00,53.55
2018-03-19 06:00:00,65.8
2018-03-19 07:00:00,67.09
2018-03-19 08:00:00,71.95
2018-03-19 09:00:00,66.97
2018-03-19 10:00:00,55.81
2018-03-19 11:00:00,51.46
2018-03-19 12:00:00,48.67
2018-03-19 13:00:00,45.95
2018-03-19 14:00:00,50.03
2018-03-19 15:00:00,50.99
2018-03-19 16:00:00,57.18
2018-03-19 17:00:00,73.0
2018-03-19 18:00:00,98.19
2018-03-19 19:00:00,59.98
2018-03-19 20:00:00,50.17
2018-03-19 21:00:00,49.53
2018-03-19 22:00:00,46.0
2018-03-19 23:00:00,42.29
2018-03-20 00:00:00,37.64
2018-03-20 01:00:00,39.77
2018-03-20 02:00:00,36.59
2018-03-20 03:00:00,36.59
2018-03-20 04:00:00,39.4
2018-03-20 05:00:00,51.48
2018-03-20 06:00:00,63.78
2018-03-20 07:00:00,71.04
2018-03-20 08:00:00,69.66
2018-03-20 09:00:00,68.55
2018-03-20 10:00:00,44.22
2018-03-20 11:00:00,39.87
2018-03-20 12:00:00,37.39
2018-03-20 13:00:00,38.05
2018-03-20 14:00:00,37.76
2018-03-20 15:00:00,38.79
2018-03-20 16:00:00,47.12
2018-03-20 17:00:00,56.92
2018-03-20 18:00:00,74.8
2018-03-20 19:00:00,58.56
2018-03-20 20:00:00,50.25
2018-03-20 21:00:00,46.6
2018-03-20 22:00:00,44.82
2018-03-20 23:00:00,40.77
2018-03-21 00:00:00,40.53
2018-03-21 01:00:00,40.74
2018-03-21 02:00:00,40.08
2018-03-21 03:00:00,40.07
2018-03-21 04:00:00,41.38
2018-03-21 05:00:00,57.15
2018-03-21 06:00:00,71.0
2018-03-21 07:00:00,78.33
2018-03-21 08:00:00,70.34
2018-03-21 09:00:00,61.46
2018-03-21 10:00:00,55.41
2018-03-21 11:00:00,52.34
2018-03-21 12:00:00,50.75
2018-03-21 13:00:00,49.2
2018-03-21 14:00:00,48.78
2018-03-21 15:00:00,49.22
2018-03-21 16:00:00,57.95
2018-03-21 17:00:00,69.88
2018-03-21 18:00:00,78.91
2018-03-21 19:00:00,65.73
2018-03-21 20:00:00,54.96
2018-03-21 21:00:00,55.74
2018-03-21 22:00:00,49.66
2018-03-21 23:00:00,51.45
2018-03-22 00:00:00,50.78
2018-03-22 01:00:00,54.24
2018-03-22 02:00:00,48.77
2018-03-22 03:00:00,47.31
2018-03-22 04:00:00,51.86
2018-03-22 05:00:00,62.4
2018-03-22 06:00:00,74.64
2018-03-22 07:00:00,85.07
2018-03-22 08:00:00,79.65
2018-03-22 09:00:00,71.0
2018-03-22 10:00:00,63.88
2018-03-22 11:00:00,60.05
2018-03-22 12:00:00,58.72
2018-03-22 13:00:00,53.36
2018-03-22 14:00:00,52.51
2018-03-22 15:00:00,50.74
2018-03-22 16:00:00,58.16
2018-03-22 17:00:00,70.26
2018-03-22 18:00:00,93.8
2018-03-22 19:00:00,75.68
2018-03-22 20:00:00,58.42
2018-03-22 21:00:00,53.33
2018-03-22 22:00:00,46.77
2018-03-22 23:00:00,44.66
2018-03-23 00:00:00,41.6
2018-03-23 01:00:00,40.95
2018-03-23 02:00:00,40.49
2018-03-23 03:00:00,40.55
2018-03-23 04:00:00,42.78
2018-03-23 05:00:00,55.87
2018-03-23 06:00:00,65.62
2018-03-23 07:00:00,70.42
2018-03-23 08:00:00,65.72
2018-03-23 09:00:00,60.4
2018-03-23 10:00:00,57.57
2018-03-23 11:00:00,52.53
2018-03-23 12:00:00,50.35
2018-03-23 13:00:00,49.23
2018-03-23 14:00:00,49.15
2018-03-23 15:00:00,49.48
2018-03-23 16:00:00,57.99
2018-03-23 17:00:00,60.73
2018-03-23 18:00:00,77.81
2018-03-23 19:00:00,63.39
2018-03-23 20:00:00,55.54
2018-03-23 21:00:00,54.91
2018-03-23 22:00:00,45.74
2018-03-23 23:00:00,40.35
2018-03-24 00:00:00,40.7
2018-03-24 01:00:00,39.06
2018-03-24 02:00:00,38.82
2018-03-24 03:00:00,38.14
2018-03-24 04:00:00,39.3
2018-03-24 05:00:00,38.86
2018-03-24 06:00:00,40.18
2018-03-24 07:00:00,49.99
2018-03-24 08:00:00,52.73
2018-03-24 09:00:00,48.76
2018-03-24 10:00:00,47.64
2018-03-24 11:00:00,46.08
2018-03-24 12:00:00,45.0
2018-03-24 13:00:00,41.75
2018-03-24 14:00:00,39.07
2018-03-24 15:00:00,40.2
2018-03-24 16:00:00,46.37
2018-03-24 17:00:00,58.06
2018-03-24 18:00:00,67.62
2018-03-24 19:00:00,55.34
2018-03-24 20:00:00,49.8
2018-03-24 21:00:00,45.45
2018-03-24 22:00:00,46.08
2018-03-24 23:00:00,46.74
2018-03-25 00:00:00,46.0
2018-03-25 01:00:00,37.85
2018-03-25 02:00:00,37.28
2018-03-25 03:00:00,37.24
2018-03-25 04:00:00,38.0
2018-03-25 05:00:00,39.6
2018-03-25 06:00:00,42.23
2018-03-25 07:00:00,45.45
2018-03-25 08:00:00,46.36
2018-03-25 09:00:00,46.17
2018-03-25 10:00:00,45.7
2018-03-25 11:00:00,42.1
2018-03-25 12:00:00,37.95
2018-03-25 13:00:00,34.9
2018-03-25 14:00:00,36.0
2018-03-25 15:00:00,36.86
2018-03-25 16:00:00,41.38
2018-03-25 17:00:00,45.16
2018-03-25 18:00:00,53.12
2018-03-25 19:00:00,54.02
2018-03-25 20:00:00,53.24
2018-03-25 21:00:00,49.39
2018-03-25 22:00:00,44.12
2018-03-25 23:00:00,39.53
2018-03-26 00:00:00,38.92
2018-03-26 01:00:00,38.01
2018-03-26 02:00:00,37.25
2018-03-26 03:00:00,40.86
2018-03-26 04:00:00,52.28
2018-03-26 05:00:00,63.03
2018-03-26 06:00:00,79.47
2018-03-26 07:00:00,76.61
2018-03-26 08:00:00,67.98
2018-03-26 09:00:00,61.49
2018-03-26 10:00:00,55.65
2018-03-26 11:00:00,52.52
2018-03-26 12:00:00,48.84
2018-03-26 13:00:00,45.34
2018-03-26 14:00:00,44.03
2018-03-26 15:00:00,45.09
2018-03-26 16:00:00,51.76
2018-03-26 17:00:00,62.49
2018-03-26 18:00:00,62.41
2018-03-26 19:00:00,62.42
2018-03-26 20:00:00,54.91
2018-03-26 21:00:00,49.18
2018-03-26 22:00:00,42.4
2018-03-26 23:00:00,38.8
2018-03-27 00:00:00,38.0
2018-03-27 01:00:00,38.01
2018-03-27 02:00:00,37.83
2018-03-27 03:00:00,38.98
2018-03-27 04:00:00,48.47
2018-03-27 05:00:00,60.43
2018-03-27 06:00:00,67.48
2018-03-27 07:00:00,60.96
2018-03-27 08:00:00,56.32
2018-03-27 09:00:00,52.73
2018-03-27 10:00:00,49.52
2018-03-27 11:00:00,47.34
2018-03-27 12:00:00,43.98
2018-03-27 13:00:00,42.31
2018-03-27 14:00:00,40.73
2018-03-27 15:00:00,41.22
2018-03-27 16:00:00,42.0
2018-03-27 17:00:00,48.41
2018-03-27 18:00:00,50.41
2018-03-27 19:00:00,46.48
2018-03-27 20:00:00,40.97
2018-03-27 21:00:00,37.43
2018-03-27 22:00:00,34.92
2018-03-27 23:00:00,34.98
2018-03-28 00:00:00,33.72
2018-03-28 01:00:00,32.62
2018-03-28 02:00:00,33.3
2018-03-28 03:00:00,35.05
2018-03-28 04:00:00,41.94
2018-03-28 05:00:00,50.69
2018-03-28 06:00:00,56.76
2018-03-28 07:00:00,56.8
2018-03-28 08:00:00,53.02
2018-03-28 09:00:00,50.92
2018-03-28 10:00:00,49.62
2018-03-28 11:00:00,48.99
2018-03-28 12:00:00,45.7
2018-03-28 13:00:00,44.07
2018-03-28 14:00:00,42.35
2018-03-28 15:00:00,40.72
2018-03-28 16:00:00,40.16
2018-03-28 17:00:00,45.99
2018-03-28 18:00:00,45.56
2018-03-28 19:00:00,39.32
2018-03-28 20:00:00,45.39
2018-03-28 21:00:00,38.46
2018-03-28 22:00:00,34.23
2018-03-28 23:00:00,31.0
2018-03-29 00:00:00,27.6
2018-03-29 01:00:00,25.22
2018-03-29 02:00:00,25.55
2018-03-29 03:00:00,33.35
2018-03-29 04:00:00,46.62
2018-03-29 05:00:00,57.57
2018-03-29 06:00:00,71.35
2018-03-29 07:00:00,67.97
2018-03-29 08:00:00,61.26
2018-03-29 09:00:00,51.04
2018-03-29 10:00:00,44.06
2018-03-29 11:00:00,40.47
2018-03-29 12:00:00,37.6
2018-03-29 13:00:00,39.63
2018-03-29 14:00:00,38.92
2018-03-29 15:00:00,42.27
2018-03-29 16:00:00,44.99
2018-03-29 17:00:00,62.6
2018-03-29 18:00:00,62.69
2018-03-29 19:00:00,45.5
2018-03-29 20:00:00,44.62
2018-03-29 21:00:00,40.87
2018-03-29 22:00:00,35.69
2018-03-29 23:00:00,35.8
2018-03-30 00:00:00,31.68
2018-03-30 01:00:00,32.11
2018-03-30 02:00:00,30.79
2018-03-30 03:00:00,33.57
2018-03-30 04:00:00,37.03
2018-03-30 05:00:00,51.0
2018-03-30 06:00:00,50.02
2018-03-30 07:00:00,52.83
2018-03-30 08:00:00,46.8
2018-03-30 09:00:00,43.5
2018-03-30 10:00:00,38.17
2018-03-30 11:00:00,35.24
2018-03-30 12:00:00,32.96
2018-03-30 13:00:00,31.66
2018-03-30 14:00:00,31.54
2018-03-30 15:00:00,35.07
2018-03-30 16:00:00,36.48
2018-03-30 17:00:00,42.21
2018-03-30 18:00:00,49.14
2018-03-30 19:00:00,44.98
2018-03-30 20:00:00,51.53
2018-03-30 21:00:00,48.01
2018-03-30 22:00:00,46.23
2018-03-30 23:00:00,35.95
2018-03-31 00:00:00,31.0
2018-03-31 01:00:00,29.04
2018-03-31 02:00:00,26.67
2018-03-31 03:00:00,28.18
2018-03-31 04:00:00,27.84
2018-03-31 05:00:00,36.73
2018-03-31 06:00:00,39.8
2018-03-31 07:00:00,38.15
2018-03-31 08:00:00,37.34
2018-03-31 09:00:00,33.8
2018-03-31 10:00:00,33.33
2018-03-31 11:00:00,29.85
2018-03-31 12:00:00,25.73
2018-03-31 13:00:00,26.3
2018-03-31 14:00:00,26.38
2018-03-31 15:00:00,30.41
2018-03-31 16:00:00,34.49
2018-03-31 17:00:00,39.3
2018-03-31 18:00:00,43.08
2018-03-31 19:00:00,44.22
2018-03-31 20:00:00,44.45
2018-03-31 21:00:00,38.78
2018-03-31 22:00:00,40.43
2018-03-31 23:00:00,32.02
2018-04-01 00:00:00,29.03
2018-04-01 01:00:00,25.09
2018-04-01 02:00:00,22.14
2018-04-01 03:00:00,22.49
2018-04-01 04:00:00,22.97
2018-04-01 05:00:00,23.05
2018-04-01 06:00:00,22.96
2018-04-01 07:00:00,25.81
2018-04-01 08:00:00,28.34
2018-04-01 09:00:00,28.3
2018-04-01 10:00:00,26.23
2018-04-01 11:00:00,22.14
2018-04-01 12:00:00,19.01
2018-04-01 13:00:00,13.72
2018-04-01 14:00:00,14.27
2018-04-01 15:00:00,19.7
2018-04-01 16:00:00,30.44
2018-04-01 17:00:00,39.02
2018-04-01 18:00:00,42.8
2018-04-01 19:00:00,38.87
2018-04-01 20:00:00,39.21
2018-04-01 21:00:00,39.12
2018-04-01 22:00:00,37.8
2018-04-01 23:00:00,29.57
2018-04-02 00:00:00,24.08
2018-04-02 01:00:00,20.46
2018-04-02 02:00:00,19.82
2018-04-02 03:00:00,22.94
2018-04-02 04:00:00,24.91
2018-04-02 05:00:00,28.89
2018-04-02 06:00:00,32.23
2018-04-02 07:00:00,33.1
2018-04-02 08:00:00,31.84
2018-04-02 09:00:00,32.52
2018-04-02 10:00:00,32.52
2018-04-02 11:00:00,24.93
2018-04-02 12:00:00,21.75
2018-04-02 13:00:00,21.82
2018-04-02 14:00:00,22.88
2018-04-02 15:00:00,24.47
2018-04-02 16:00:00,31.41
2018-04-02 17:00:00,37.66
2018-04-02 18:00:00,37.56
2018-04-02 19:00:00,37.0
2018-04-02 20:00:00,37.3
2018-04-02 21:00:00,32.36
2018-04-02 22:00:00,25.0
2018-04-02 23:00:00,19.23
2018-04-03 00:00:00,17.27
2018-04-03 01:00:00,12.0
2018-04-03 02:00:00,10.68
2018-04-03 03:00:00,19.56
2018-04-03 04:00:00,39.66
2018-04-03 05:00:00,52.71
2018-04-03 06:00:00,51.1
2018-04-03 07:00:00,56.47
2018-04-03 08:00:00,50.41
2018-04-03 09:00:00,41.62
2018-04-03 10:00:00,39.76
2018-04-03 11:00:00,36.89
2018-04-03 12:00:00,35.05
2018-04-03 13:00:00,37.9
2018-04-03 14:00:00,41.85
2018-04-03 15:00:00,37.33
2018-04-03 16:00:00,47.36
2018-04-03 17:00:00,49.95
2018-04-03 18:00:00,47.85
2018-04-03 19:00:00,42.87
2018-04-03 20:00:00,39.2
2018-04-03 21:00:00,33.18
2018-04-03 22:00:00,28.63
2018-04-03 23:00:00,26.91
2018-04-04 00:00:00,22.04
2018-04-04 01:00:00,15.25
2018-04-04 02:00:00,13.91
2018-04-04 03:00:00,28.46
2018-04-04 04:00:00,42.75
2018-04-04 05:00:00,48.5
2018-04-04 06:00:00,55.51
2018-04-04 07:00:00,48.76
2018-04-04 08:00:00,45.0
2018-04-04 09:00:00,44.9
2018-04-04 10:00:00,37.62
2018-04-04 11:00:00,34.9
2018-04-04 12:00:00,31.94
2018-04-04 13:00:00,32.07
2018-04-04 14:00:00,31.59
2018-04-04 15:00:00,39.0
2018-04-04 16:00:00,42.4
2018-04-04 17:00:00,42.79
2018-04-04 18:00:00,43.74
2018-04-04 19:00:00,42.54
2018-04-04 20:00:00,39.62
2018-04-04 21:00:00,32.09
2018-04-04 22:00:00,32.31
2018-04-04 23:00:00,28.79
2018-04-05 00:00:00,26.07
2018-04-05 01:00:00,21.6
2018-04-05 02:00:00,21.06
2018-04-05 03:00:00,27.82
2018-04-05 04:00:00,38.6
2018-04-05 05:00:00,45.22
2018-04-05 06:00:00,54.92
2018-04-05 07:00:00,55.92
2018-04-05 08:00:00,52.5
2018-04-05 09:00:00,49.1
2018-04-05 10:00:00,46.88
2018-04-05 11:00:00,46.46
2018-04-05 12:00:00,46.05
2018-04-05 13:00:00,39.96
2018-04-05 14:00:00,39.68
2018-04-05 15:00:00,33.52
2018-04-05 16:00:00,44.49
2018-04-05 17:00:00,47.18
2018-04-05 18:00:00,49.1
2018-04-05 19:00:00,49.4
2018-04-05 20:00:00,46.4
2018-04-05 21:00:00,46.4
2018-04-05 22:00:00,37.0
2018-04-05 23:00:00,29.41
2018-04-06 00:00:00,30.0
2018-04-06 01:00:00,29.06
2018-04-06 02:00:00,29.0
2018-04-06 03:00:00,34.35
2018-04-06 04:00:00,43.18
2018-04-06 05:00:00,53.79
2018-04-06 06:00:00,55.05
2018-04-06 07:00:00,48.09
2018-04-06 08:00:00,41.94
2018-04-06 09:00:00,39.19
2018-04-06 10:00:00,32.6
2018-04-06 11:00:00,29.9
2018-04-06 12:00:00,30.0
2018-04-06 13:00:00,28.63
2018-04-06 14:00:00,28.65
2018-04-06 15:00:00,31.68
2018-04-06 16:00:00,38.76
2018-04-06 17:00:00,42.17
2018-04-06 18:00:00,42.99
2018-04-06 19:00:00,37.07
2018-04-06 20:00:00,32.72
2018-04-06 21:00:00,30.45
2018-04-06 22:00:00,22.56
2018-04-06 23:00:00,19.66
2018-04-07 00:00:00,16.45
2018-04-07 01:00:00,11.5
2018-04-07 02:00:00,11.54
2018-04-07 03:00:00,16.37
2018-04-07 04:00:00,19.46
2018-04-07 05:00:00,21.36
2018-04-07 06:00:00,26.05
2018-04-07 07:00:00,33.99
2018-04-07 08:00:00,33.99
2018-04-07 09:00:00,36.29
2018-04-07 10:00:00,37.22
2018-04-07 11:00:00,21.74
2018-04-07 12:00:00,20.0
2018-04-07 13:00:00,12.01
2018-04-07 14:00:00,17.18
2018-04-07 15:00:00,24.59
2018-04-07 16:00:00,33.9
2018-04-07 17:00:00,40.45
2018-04-07 18:00:00,43.65
2018-04-07 19:00:00,39.22
2018-04-07 20:00:00,35.5
2018-04-07 21:00:00,36.84
2018-04-07 22:00:00,33.45
2018-04-07 23:00:00,30.52
2018-04-08 00:00:00,24.47
2018-04-08 01:00:00,19.39
2018-04-08 02:00:00,19.01
2018-04-08 03:00:00,19.1
2018-04-08 04:00:00,21.49
2018-04-08 05:00:00,19.35
2018-04-08 06:00:00,20.51
2018-04-08 07:00:00,22.39
2018-04-08 08:00:00,19.41
2018-04-08 09:00:00,18.83
2018-04-08 10:00:00,17.26
2018-04-08 11:00:00,19.23
2018-04-08 12:00:00,9.39
2018-04-08 13:00:00,12.36
2018-04-08 14:00:00,16.28
2018-04-08 15:00:00,15.92
2018-04-08 16:00:00,27.27
2018-04-08 17:00:00,37.19
2018-04-08 18:00:00,40.38
2018-04-08 19:00:00,41.68
2018-04-08 20:00:00,41.1
2018-04-08 21:00:00,37.6
2018-04-08 22:00:00,38.53
2018-04-08 23:00:00,33.95
2018-04-09 00:00:00,32.28
2018-04-09 01:00:00,31.65
2018-04-09 02:00:00,31.82
2018-04-09 03:00:00,37.24
2018-04-09 04:00:00,47.99
2018-04-09 05:00:00,56.5
2018-04-09 06:00:00,62.13
2018-04-09 07:00:00,57.68
2018-04-09 08:00:00,58.58
2018-04-09 09:00:00,54.77
2018-04-09 10:00:00,47.45
2018-04-09 11:00:00,42.81
2018-04-09 12:00:00,40.57
2018-04-09 13:00:00,39.3
2018-04-09 14:00:00,41.0
2018-04-09 15:00:00,43.92
2018-04-09 16:00:00,47.69
2018-04-09 17:00:00,49.92
2018-04-09 18:00:00,50.28
2018-04-09 19:00:00,44.53
2018-04-09 20:00:00,42.4
2018-04-09 21:00:00,44.9
2018-04-09 22:00:00,34.3
2018-04-09 23:00:00,31.81
2018-04-10 00:00:00,29.0
2018-04-10 01:00:00,27.32
2018-04-10 02:00:00,28.05
2018-04-10 03:00:00,32.51
2018-04-10 04:00:00,41.37
2018-04-10 05:00:00,44.32
2018-04-10 06:00:00,52.49
2018-04-10 07:00:00,55.61
2018-04-10 08:00:00,52.5
2018-04-10 09:00:00,52.28
2018-04-10 10:00:00,44.06
2018-04-10 11:00:00,41.26
2018-04-10 12:00:00,45.97
2018-04-10 13:00:00,37.25
2018-04-10 14:00:00,40.05
2018-04-10 15:00:00,40.24
2018-04-10 16:00:00,43.28
2018-04-10 17:00:00,48.88
2018-04-10 18:00:00,49.63
2018-04-10 19:00:00,47.16
2018-04-10 20:00:00,45.64
2018-04-10 21:00:00,37.87
2018-04-10 22:00:00,32.26
2018-04-10 23:00:00,25.92
2018-04-11 00:00:00,22.57
2018-04-11 01:00:00,20.48
2018-04-11 02:00:00,23.05
2018-04-11 03:00:00,28.4
2018-04-11 04:00:00,36.49
2018-04-11 05:00:00,42.52
2018-04-11 06:00:00,48.63
2018-04-11 07:00:00,59.41
2018-04-11 08:00:00,57.69
2018-04-11 09:00:00,51.63
2018-04-11 10:00:00,50.49
2018-04-11 11:00:00,43.95
2018-04-11 12:00:00,43.31
2018-04-11 13:00:00,39.1
2018-04-11 14:00:00,38.91
2018-04-11 15:00:00,36.13
2018-04-11 16:00:00,38.62
2018-04-11 17:00:00,40.96
2018-04-11 18:00:00,42.38
2018-04-11 19:00:00,42.29
2018-04-11 20:00:00,41.85
2018-04-11 21:00:00,41.05
2018-04-11 22:00:00,34.42
2018-04-11 23:00:00,25.46
2018-04-12 00:00:00,24.49
2018-04-12 01:00:00,22.72
2018-04-12 02:00:00,23.83
2018-04-12 03:00:00,28.3
2018-04-12 04:00:00,41.05
2018-04-12 05:00:00,48.37
2018-04-12 06:00:00,52.03
2018-04-12 07:00:00,62.88
2018-04-12 08:00:00,56.06
2018-04-12 09:00:00,54.96
2018-04-12 10:00:00,52.61
2018-04-12 11:00:00,52.34
2018-04-12 12:00:00,50.86
2018-04-12 13:00:00,49.66
2018-04-12 14:00:00,49.03
2018-04-12 15:00:00,47.71
2018-04-12 16:00:00,46.08
2018-04-12 17:00:00,46.85
2018-04-12 18:00:00,49.49
2018-04-12 19:00:00,47.32
2018-04-12 20:00:00,46.98
2018-04-12 21:00:00,44.49
2018-04-12 22:00:00,46.18
2018-04-12 23:00:00,36.07
2018-04-13 00:00:00,38.91
2018-04-13 01:00:00,33.67
2018-04-13 02:00:00,29.21
2018-04-13 03:00:00,35.31
2018-04-13 04:00:00,45.12
2018-04-13 05:00:00,54.78
2018-04-13 06:00:00,64.1
2018-04-13 07:00:00,65.04
2018-04-13 08:00:00,58.74
2018-04-13 09:00:00,55.21
2018-04-13 10:00:00,50.12
2018-04-13 11:00:00,46.12
2018-04-13 12:00:00,39.81
2018-04-13 13:00:00,38.35
2018-04-13 14:00:00,39.12
2018-04-13 15:00:00,40.32
2018-04-13 16:00:00,41.75
2018-04-13 17:00:00,45.52
2018-04-13 18:00:00,46.49
2018-04-13 19:00:00,44.74
2018-04-13 20:00:00,42.89
2018-04-13 21:00:00,41.89
2018-04-13 22:00:00,40.58
2018-04-13 23:00:00,33.18
2018-04-14 00:00:00,32.37
2018-04-14 01:00:00,31.67
2018-04-14 02:00:00,29.88
2018-04-14 03:00:00,32.03
2018-04-14 04:00:00,35.84
2018-04-14 05:00:00,38.41
2018-04-14 06:00:00,39.74
2018-04-14 07:00:00,39.92
2018-04-14 08:00:00,38.0
2018-04-14 09:00:00,35.0
2018-04-14 10:00:00,40.52
2018-04-14 11:00:00,30.82
2018-04-14 12:00:00,28.61
2018-04-14 13:00:00,28.99
2018-04-14 14:00:00,30.98
2018-04-14 15:00:00,33.41
2018-04-14 16:00:00,42.32
2018-04-14 17:00:00,43.59
2018-04-14 18:00:00,46.29
2018-04-14 19:00:00,45.02
2018-04-14 20:00:00,45.8
2018-04-14 21:00:00,42.7
2018-04-14 22:00:00,36.0
2018-04-14 23:00:00,31.59
2018-04-15 00:00:00,30.73
2018-04-15 01:00:00,29.16
2018-04-15 02:00:00,24.04
2018-04-15 03:00:00,22.63
2018-04-15 04:00:00,22.7
2018-04-15 05:00:00,28.97
2018-04-15 06:00:00,31.87
2018-04-15 07:00:00,28.4
2018-04-15 08:00:00,24.71
2018-04-15 09:00:00,26.07
2018-04-15 10:00:00,24.99
2018-04-15 11:00:00,21.27
2018-04-15 12:00:00,15.7
2018-04-15 13:00:00,9.89
2018-04-15 14:00:00,9.34
2018-04-15 15:00:00,14.93
2018-04-15 16:00:00,26.38
2018-04-15 17:00:00,31.95
2018-04-15 18:00:00,30.41
2018-04-15 19:00:00,30.37
2018-04-15 20:00:00,38.91
2018-04-15 21:00:00,38.9
2018-04-15 22:00:00,37.34
2018-04-15 23:00:00,33.49
2018-04-16 00:00:00,32.77
2018-04-16 01:00:00,32.99
2018-04-16 02:00:00,32.94
2018-04-16 03:00:00,37.4
2018-04-16 04:00:00,47.2
2018-04-16 05:00:00,56.1
2018-04-16 06:00:00,64.99
2018-04-16 07:00:00,58.97
2018-04-16 08:00:00,55.74
2018-04-16 09:00:00,52.97
2018-04-16 10:00:00,51.81
2018-04-16 11:00:00,49.99
2018-04-16 12:00:00,46.3
2018-04-16 13:00:00,45.79
2018-04-16 14:00:00,44.51
2018-04-16 15:00:00,45.74
2018-04-16 16:00:00,48.49
2018-04-16 17:00:00,52.84
2018-04-16 18:00:00,55.0
2018-04-16 19:00:00,49.19
2018-04-16 20:00:00,44.46
2018-04-16 21:00:00,42.0
2018-04-16 22:00:00,36.96
2018-04-16 23:00:00,36.71
2018-04-17 00:00:00,36.5
2018-04-17 01:00:00,35.5
2018-04-17 02:00:00,35.91
2018-04-17 03:00:00,35.24
2018-04-17 04:00:00,47.74
2018-04-17 05:00:00,54.88
2018-04-17 06:00:00,56.0
2018-04-17 07:00:00,51.93
2018-04-17 08:00:00,47.05
2018-04-17 09:00:00,42.71
2018-04-17 10:00:00,38.51
2018-04-17 11:00:00,37.33
2018-04-17 12:00:00,37.6
2018-04-17 13:00:00,37.23
2018-04-17 14:00:00,38.5
2018-04-17 15:00:00,43.65
2018-04-17 16:00:00,50.37
2018-04-17 17:00:00,55.06
2018-04-17 18:00:00,56.17
2018-04-17 19:00:00,52.78
2018-04-17 20:00:00,47.06
2018-04-17 21:00:00,39.89
2018-04-17 22:00:00,34.5
2018-04-17 23:00:00,33.18
2018-04-18 00:00:00,32.54
2018-04-18 01:00:00,33.0
2018-04-18 02:00:00,33.3
2018-04-18 03:00:00,35.65
2018-04-18 04:00:00,44.83
2018-04-18 05:00:00,53.49
2018-04-18 06:00:00,55.43
2018-04-18 07:00:00,47.0
2018-04-18 08:00:00,44.43
2018-04-18 09:00:00,42.28
2018-04-18 10:00:00,36.17
2018-04-18 11:00:00,37.11
2018-04-18 12:00:00,35.42
2018-04-18 13:00:00,36.9
2018-04-18 14:00:00,35.0
2018-04-18 15:00:00,37.71
2018-04-18 16:00:00,45.08
2018-04-18 17:00:00,50.0
2018-04-18 18:00:00,50.91
2018-04-18 19:00:00,49.35
2018-04-18 20:00:00,43.3
2018-04-18 21:00:00,37.4
2018-04-18 22:00:00,35.8
2018-04-18 23:00:00,33.03
2018-04-19 00:00:00,31.37
2018-04-19 01:00:00,29.08
2018-04-19 02:00:00,27.65
2018-04-19 03:00:00,33.76
2018-04-19 04:00:00,43.27
2018-04-19 05:00:00,49.96
2018-04-19 06:00:00,49.96
2018-04-19 07:00:00,46.26
2018-04-19 08:00:00,43.0
2018-04-19 09:00:00,41.73
2018-04-19 10:00:00,36.52
2018-04-19 11:00:00,34.37
2018-04-19 12:00:00,35.55
2018-04-19 13:00:00,34.12
2018-04-19 14:00:00,37.99
2018-04-19 15:00:00,42.64
2018-04-19 16:00:00,44.51
2018-04-19 17:00:00,47.84
2018-04-19 18:00:00,50.31
2018-04-19 19:00:00,52.52
2018-04-19 20:00:00,43.39
2018-04-19 21:00:00,39.81
2018-04-19 22:00:00,37.13
2018-04-19 23:00:00,32.2
2018-04-20 00:00:00,31.23
2018-04-20 01:00:00,30.06
2018-04-20 02:00:00,28.85
2018-04-20 03:00:00,32.97
2018-04-20 04:00:00,42.28
2018-04-20 05:00:00,47.49
2018-04-20 06:00:00,49.97
2018-04-20 07:00:00,48.69
2018-04-20 08:00:00,43.41
2018-04-20 09:00:00,42.19
2018-04-20 10:00:00,38.84
2018-04-20 11:00:00,35.0
2018-04-20 12:00:00,34.97
2018-04-20 13:00:00,34.69
2018-04-20 14:00:00,34.15
2018-04-20 15:00:00,36.71
2018-04-20 16:00:00,40.01
2018-04-20 17:00:00,42.6
2018-04-20 18:00:00,44.69
2018-04-20 19:00:00,46.18
2018-04-20 20:00:00,43.69
2018-04-20 21:00:00,37.91
2018-04-20 22:00:00,40.84
2018-04-20 23:00:00,30.07
2018-04-21 00:00:00,27.59
2018-04-21 01:00:00,16.48
2018-04-21 02:00:00,11.54
2018-04-21 03:00:00,22.01
2018-04-21 04:00:00,13.43
2018-04-21 05:00:00,14.65
2018-04-21 06:00:00,16.92
2018-04-21 07:00:00,19.48
2018-04-21 08:00:00,26.57
2018-04-21 09:00:00,23.42
2018-04-21 10:00:00,25.48
2018-04-21 11:00:00,24.24
2018-04-21 12:00:00,21.65
2018-04-21 13:00:00,22.45
2018-04-21 14:00:00,24.11
2018-04-21 15:00:00,18.57
2018-04-21 16:00:00,30.48
2018-04-21 17:00:00,41.24
2018-04-21 18:00:00,30.04
2018-04-21 19:00:00,29.96
2018-04-21 20:00:00,36.07
2018-04-21 21:00:00,35.0
2018-04-21 22:00:00,29.02
2018-04-21 23:00:00,19.37
2018-04-22 00:00:00,18.67
2018-04-22 01:00:00,13.37
2018-04-22 02:00:00,7.09
2018-04-22 03:00:00,6.19
2018-04-22 04:00:00,5.93
2018-04-22 05:00:00,12.25
2018-04-22 06:00:00,12.18
2018-04-22 07:00:00,15.96
2018-04-22 08:00:00,15.68
2018-04-22 09:00:00,13.99
2018-04-22 10:00:00,13.83
2018-04-22 11:00:00,4.0
2018-04-22 12:00:00,2.42
2018-04-22 13:00:00,3.03
2018-04-22 14:00:00,6.05
2018-04-22 15:00:00,7.61
2018-04-22 16:00:00,15.54
2018-04-22 17:00:00,35.0
2018-04-22 18:00:00,36.96
2018-04-22 19:00:00,33.09
2018-04-22 20:00:00,32.34
2018-04-22 21:00:00,24.1
2018-04-22 22:00:00,18.49
2018-04-22 23:00:00,16.08
2018-04-23 00:00:00,13.85
2018-04-23 01:00:00,12.25
2018-04-23 02:00:00,11.1
2018-04-23 03:00:00,22.2
2018-04-23 04:00:00,39.16
2018-04-23 05:00:00,47.76
2018-04-23 06:00:00,47.85
2018-04-23 07:00:00,45.22
2018-04-23 08:00:00,42.5
2018-04-23 09:00:00,40.37
2018-04-23 10:00:00,33.98
2018-04-23 11:00:00,35.35
2018-04-23 12:00:00,33.27
2018-04-23 13:00:00,32.75
2018-04-23 14:00:00,34.47
2018-04-23 15:00:00,35.17
2018-04-23 16:00:00,39.72
2018-04-23 17:00:00,44.1
2018-04-23 18:00:00,45.6
2018-04-23 19:00:00,45.25
2018-04-23 20:00:00,44.65
2018-04-23 21:00:00,38.04
2018-04-23 22:00:00,30.9
2018-04-23 23:00:00,30.0
2018-04-24 00:00:00,28.45
2018-04-24 01:00:00,24.12
2018-04-24 02:00:00,23.4
2018-04-24 03:00:00,30.1
2018-04-24 04:00:00,36.37
2018-04-24 05:00:00,40.28
2018-04-24 06:00:00,43.63
2018-04-24 07:00:00,42.09
2018-04-24 08:00:00,35.9
2018-04-24 09:00:00,34.78
2018-04-24 10:00:00,32.38
2018-04-24 11:00:00,31.65
2018-04-24 12:00:00,31.64
2018-04-24 13:00:00,30.87
2018-04-24 14:00:00,30.41
2018-04-24 15:00:00,30.77
2018-04-24 16:00:00,41.53
2018-04-24 17:00:00,46.39
2018-04-24 18:00:00,47.05
2018-04-24 19:00:00,47.09
2018-04-24 20:00:00,44.9
2018-04-24 21:00:00,40.18
2018-04-24 22:00:00,28.68
2018-04-24 23:00:00,24.09
2018-04-25 00:00:00,18.8
2018-04-25 01:00:00,22.87
2018-04-25 02:00:00,18.14
2018-04-25 03:00:00,18.83
2018-04-25 04:00:00,31.38
2018-04-25 05:00:00,34.77
2018-04-25 06:00:00,38.35
2018-04-25 07:00:00,41.46
2018-04-25 08:00:00,34.31
2018-04-25 09:00:00,30.15
2018-04-25 10:00:00,31.15
2018-04-25 11:00:00,25.35
2018-04-25 12:00:00,22.07
2018-04-25 13:00:00,21.28
2018-04-25 14:00:00,23.09
2018-04-25 15:00:00,23.19
2018-04-25 16:00:00,30.05
2018-04-25 17:00:00,34.48
2018-04-25 18:00:00,27.85
2018-04-25 19:00:00,34.07
2018-04-25 20:00:00,36.93
2018-04-25 21:00:00,32.27
2018-04-25 22:00:00,25.03
2018-04-25 23:00:00,23.08
2018-04-26 00:00:00,21.59
2018-04-26 01:00:00,11.08
2018-04-26 02:00:00,12.63
2018-04-26 03:00:00,22.06
2018-04-26 04:00:00,35.7
2018-04-26 05:00:00,44.5
2018-04-26 06:00:00,45.21
2018-04-26 07:00:00,40.07
2018-04-26 08:00:00,40.07
2018-04-26 09:00:00,35.12
2018-04-26 10:00:00,30.86
2018-04-26 11:00:00,28.57
2018-04-26 12:00:00,26.1
2018-04-26 13:00:00,24.92
2018-04-26 14:00:00,25.65
2018-04-26 15:00:00,29.71
2018-04-26 16:00:00,35.98
2018-04-26 17:00:00,41.57
2018-04-26 18:00:00,42.0
2018-04-26 19:00:00,40.98
2018-04-26 20:00:00,41.73
2018-04-26 21:00:00,35.66
2018-04-26 22:00:00,35.19
2018-04-26 23:00:00,33.21
2018-04-27 00:00:00,32.61
2018-04-27 01:00:00,31.01
2018-04-27 02:00:00,29.65
2018-04-27 03:00:00,35.55
2018-04-27 04:00:00,44.48
2018-04-27 05:00:00,49.12
2018-04-27 06:00:00,54.08
2018-04-27 07:00:00,45.63
2018-04-27 08:00:00,44.99
2018-04-27 09:00:00,40.17
2018-04-27 10:00:00,37.66
2018-04-27 11:00:00,35.13
2018-04-27 12:00:00,33.63
2018-04-27 13:00:00,28.82
2018-04-27 14:00:00,21.73
2018-04-27 15:00:00,18.26
2018-04-27 16:00:00,24.27
2018-04-27 17:00:00,44.01
2018-04-27 18:00:00,39.74
2018-04-27 19:00:00,45.86
2018-04-27 20:00:00,40.56
2018-04-27 21:00:00,34.52
2018-04-27 22:00:00,18.57
2018-04-27 23:00:00,11.72
2018-04-28 00:00:00,15.51
2018-04-28 01:00:00,14.48
2018-04-28 02:00:00,10.42
2018-04-28 03:00:00,14.3
2018-04-28 04:00:00,21.45
2018-04-28 05:00:00,17.1
2018-04-28 06:00:00,23.45
2018-04-28 07:00:00,20.26
2018-04-28 08:00:00,21.01
2018-04-28 09:00:00,23.27
2018-04-28 10:00:00,26.4
2018-04-28 11:00:00,20.4
2018-04-28 12:00:00,23.33
2018-04-28 13:00:00,23.88
2018-04-28 14:00:00,15.73
2018-04-28 15:00:00,17.56
2018-04-28 16:00:00,17.8
2018-04-28 17:00:00,28.17
2018-04-28 18:00:00,28.89
2018-04-28 19:00:00,38.66
2018-04-28 20:00:00,38.98
2018-04-28 21:00:00,35.96
2018-04-28 22:00:00,45.13
2018-04-28 23:00:00,24.6
2018-04-29 00:00:00,16.4
2018-04-29 01:00:00,12.06
2018-04-29 02:00:00,6.32
2018-04-29 03:00:00,5.86
2018-04-29 04:00:00,5.9
2018-04-29 05:00:00,5.89
2018-04-29 06:00:00,12.04
2018-04-29 07:00:00,14.23
2018-04-29 08:00:00,11.05
2018-04-29 09:00:00,16.92
2018-04-29 10:00:00,22.45
2018-04-29 11:00:00,12.84
2018-04-29 12:00:00,7.59
2018-04-29 13:00:00,5.09
2018-04-29 14:00:00,5.0
2018-04-29 15:00:00,6.37
2018-04-29 16:00:00,8.0
2018-04-29 17:00:00,14.0
2018-04-29 18:00:00,14.86
2018-04-29 19:00:00,22.35
2018-04-29 20:00:00,21.55
2018-04-29 21:00:00,15.88
2018-04-29 22:00:00,17.66
2018-04-29 23:00:00,9.13
2018-04-30 00:00:00,8.12
2018-04-30 01:00:00,3.34
2018-04-30 02:00:00,6.17
2018-04-30 03:00:00,8.59
2018-04-30 04:00:00,10.83
2018-04-30 05:00:00,22.98
2018-04-30 06:00:00,26.03
2018-04-30 07:00:00,19.11
2018-04-30 08:00:00,16.55
2018-04-30 09:00:00,16.69
2018-04-30 10:00:00,9.94
2018-04-30 11:00:00,10.26
2018-04-30 12:00:00,8.19
2018-04-30 13:00:00,8.25
2018-04-30 14:00:00,8.07
2018-04-30 15:00:00,16.34
2018-04-30 16:00:00,28.09
2018-04-30 17:00:00,33.81
2018-04-30 18:00:00,34.43
2018-04-30 19:00:00,32.64
2018-04-30 20:00:00,31.44
2018-04-30 21:00:00,26.36
2018-04-30 22:00:00,16.88
2018-04-30 23:00:00,12.74
2018-05-01 00:00:00,10.22
2018-05-01 01:00:00,2.53
2018-05-01 02:00:00,1.59
2018-05-01 03:00:00,3.27
2018-05-01 04:00:00,2.48
2018-05-01 05:00:00,3.67
2018-05-01 06:00:00,13.14
2018-05-01 07:00:00,14.97
2018-05-01 08:00:00,11.22
2018-05-01 09:00:00,11.0
2018-05-01 10:00:00,10.24
2018-05-01 11:00:00,5.83
2018-05-01 12:00:00,-4.05
2018-05-01 13:00:00,-7.17
2018-05-01 14:00:00,0.97
2018-05-01 15:00:00,3.94
2018-05-01 16:00:00,15.4
2018-05-01 17:00:00,26.08
2018-05-01 18:00:00,31.35
2018-05-01 19:00:00,33.77
2018-05-01 20:00:00,33.59
2018-05-01 21:00:00,29.59
2018-05-01 22:00:00,33.74
2018-05-01 23:00:00,29.25
2018-05-02 00:00:00,28.18
2018-05-02 01:00:00,27.68
2018-05-02 02:00:00,26.3
2018-05-02 03:00:00,29.55
2018-05-02 04:00:00,44.68
2018-05-02 05:00:00,48.32
2018-05-02 06:00:00,50.23
2018-05-02 07:00:00,51.73
2018-05-02 08:00:00,44.98
2018-05-02 09:00:00,40.9
2018-05-02 10:00:00,38.1
2018-05-02 11:00:00,37.62
2018-05-02 12:00:00,36.88
2018-05-02 13:00:00,37.37
2018-05-02 14:00:00,38.93
2018-05-02 15:00:00,44.53
2018-05-02 16:00:00,47.0
2018-05-02 17:00:00,48.18
2018-05-02 18:00:00,48.23
2018-05-02 19:00:00,46.14
2018-05-02 20:00:00,46.16
2018-05-02 21:00:00,42.92
2018-05-02 22:00:00,35.95
2018-05-02 23:00:00,32.12
2018-05-03 00:00:00,29.77
2018-05-03 01:00:00,28.01
2018-05-03 02:00:00,25.65
2018-05-03 03:00:00,29.01
2018-05-03 04:00:00,40.56
2018-05-03 05:00:00,49.91
2018-05-03 06:00:00,56.73
2018-05-03 07:00:00,52.46
2018-05-03 08:00:00,49.74
2018-05-03 09:00:00,48.77
2018-05-03 10:00:00,40.09
2018-05-03 11:00:00,37.61
2018-05-03 12:00:00,37.32
2018-05-03 13:00:00,36.69
2018-05-03 14:00:00,36.49
2018-05-03 15:00:00,39.68
2018-05-03 16:00:00,37.02
2018-05-03 17:00:00,40.0
2018-05-03 18:00:00,41.51
2018-05-03 19:00:00,45.99
2018-05-03 20:00:00,46.7
2018-05-03 21:00:00,41.26
2018-05-03 22:00:00,36.61
2018-05-03 23:00:00,34.65
2018-05-04 00:00:00,30.34
2018-05-04 01:00:00,28.48
2018-05-04 02:00:00,27.52
2018-05-04 03:00:00,33.59
2018-05-04 04:00:00,36.07
2018-05-04 05:00:00,47.51
2018-05-04 06:00:00,50.64
2018-05-04 07:00:00,49.69
2018-05-04 08:00:00,45.56
2018-05-04 09:00:00,42.56
2018-05-04 10:00:00,39.3
2018-05-04 11:00:00,36.72
2018-05-04 12:00:00,36.49
2018-05-04 13:00:00,34.94
2018-05-04 14:00:00,24.1
2018-05-04 15:00:00,25.85
2018-05-04 16:00:00,34.21
2018-05-04 17:00:00,39.17
2018-05-04 18:00:00,32.05
2018-05-04 19:00:00,28.73
2018-05-04 20:00:00,40.09
2018-05-04 21:00:00,39.24
2018-05-04 22:00:00,33.59
2018-05-04 23:00:00,28.63
2018-05-05 00:00:00,27.54
2018-05-05 01:00:00,24.87
2018-05-05 02:00:00,22.92
2018-05-05 03:00:00,25.64
2018-05-05 04:00:00,26.55
2018-05-05 05:00:00,28.78
2018-05-05 06:00:00,34.95
2018-05-05 07:00:00,31.96
2018-05-05 08:00:00,24.65
2018-05-05 09:00:00,22.68
2018-05-05 10:00:00,21.62
2018-05-05 11:00:00,19.34
2018-05-05 12:00:00,17.87
2018-05-05 13:00:00,17.75
2018-05-05 14:00:00,18.16
2018-05-05 15:00:00,23.31
2018-05-05 16:00:00,29.45
2018-05-05 17:00:00,31.8
2018-05-05 18:00:00,36.7
2018-05-05 19:00:00,37.95
2018-05-05 20:00:00,40.41
2018-05-05 21:00:00,43.61
2018-05-05 22:00:00,32.36
2018-05-05 23:00:00,21.88
2018-05-06 00:00:00,25.57
2018-05-06 01:00:00,23.91
2018-05-06 02:00:00,21.67
2018-05-06 03:00:00,18.13
2018-05-06 04:00:00,16.0
2018-05-06 05:00:00,13.69
2018-05-06 06:00:00,16.12
2018-05-06 07:00:00,18.38
2018-05-06 08:00:00,16.87
2018-05-06 09:00:00,17.95
2018-05-06 10:00:00,21.3
2018-05-06 11:00:00,16.36
2018-05-06 12:00:00,10.33
2018-05-06 13:00:00,5.0
2018-05-06 14:00:00,8.53
2018-05-06 15:00:00,20.13
2018-05-06 16:00:00,25.41
2018-05-06 17:00:00,30.98
2018-05-06 18:00:00,31.49
2018-05-06 19:00:00,30.07
2018-05-06 20:00:00,30.5
2018-05-06 21:00:00,34.57
2018-05-06 22:00:00,35.89
2018-05-06 23:00:00,28.67
2018-05-07 00:00:00,28.0
2018-05-07 01:00:00,22.74
2018-05-07 02:00:00,21.18
2018-05-07 03:00:00,26.7
2018-05-07 04:00:00,41.51
2018-05-07 05:00:00,47.74
2018-05-07 06:00:00,47.72
2018-05-07 07:00:00,45.66
2018-05-07 08:00:00,42.21
2018-05-07 09:00:00,43.72
2018-05-07 10:00:00,39.67
2018-05-07 11:00:00,40.1
2018-05-07 12:00:00,37.1
2018-05-07 13:00:00,35.66
2018-05-07 14:00:00,37.77
2018-05-07 15:00:00,42.7
2018-05-07 16:00:00,44.12
2018-05-07 17:00:00,56.95
2018-05-07 18:00:00,48.81
2018-05-07 19:00:00,48.35
2018-05-07 20:00:00,52.82
2018-05-07 21:00:00,42.05
2018-05-07 22:00:00,32.67
2018-05-07 23:00:00,28.92
2018-05-08 00:00:00,24.7
2018-05-08 01:00:00,24.5
2018-05-08 02:00:00,22.16
2018-05-08 03:00:00,23.9
2018-05-08 04:00:00,34.91
2018-05-08 05:00:00,30.18
2018-05-08 06:00:00,30.24
2018-05-08 07:00:00,29.45
2018-05-08 08:00:00,28.59
2018-05-08 09:00:00,31.79
2018-05-08 10:00:00,30.9
2018-05-08 11:00:00,31.02
2018-05-08 12:00:00,27.06
2018-05-08 13:00:00,27.8
2018-05-08 14:00:00,30.64
2018-05-08 15:00:00,25.04
2018-05-08 16:00:00,31.5
2018-05-08 17:00:00,34.26
2018-05-08 18:00:00,34.26
2018-05-08 19:00:00,35.49
2018-05-08 20:00:00,45.68
2018-05-08 21:00:00,31.52
2018-05-08 22:00:00,31.36
2018-05-08 23:00:00,30.08
2018-05-09 00:00:00,26.65
2018-05-09 01:00:00,22.09
2018-05-09 02:00:00,22.75
2018-05-09 03:00:00,24.87
2018-05-09 04:00:00,36.04
2018-05-09 05:00:00,40.01
2018-05-09 06:00:00,48.81
2018-05-09 07:00:00,51.94
2018-05-09 08:00:00,41.65
2018-05-09 09:00:00,38.05
2018-05-09 10:00:00,35.58
2018-05-09 11:00:00,36.77
2018-05-09 12:00:00,36.14
2018-05-09 13:00:00,34.34
2018-05-09 14:00:00,36.97
2018-05-09 15:00:00,41.56
2018-05-09 16:00:00,45.76
2018-05-09 17:00:00,52.87
2018-05-09 18:00:00,49.47
2018-05-09 19:00:00,48.89
2018-05-09 20:00:00,44.6
2018-05-09 21:00:00,40.52
2018-05-09 22:00:00,37.62
2018-05-09 23:00:00,26.78
2018-05-10 00:00:00,23.02
2018-05-10 01:00:00,18.51
2018-05-10 02:00:00,16.79
2018-05-10 03:00:00,17.31
2018-05-10 04:00:00,18.04
2018-05-10 05:00:00,13.12
2018-05-10 06:00:00,18.45
2018-05-10 07:00:00,20.01
2018-05-10 08:00:00,20.59
2018-05-10 09:00:00,22.55
2018-05-10 10:00:00,24.55
2018-05-10 11:00:00,22.82
2018-05-10 12:00:00,18.68
2018-05-10 13:00:00,17.63
2018-05-10 14:00:00,19.24
2018-05-10 15:00:00,19.66
2018-05-10 16:00:00,29.84
2018-05-10 17:00:00,32.35
2018-05-10 18:00:00,31.87
2018-05-10 19:00:00,32.9
2018-05-10 20:00:00,42.93
2018-05-10 21:00:00,39.53
2018-05-10 22:00:00,37.56
2018-05-10 23:00:00,38.66
2018-05-11 00:00:00,31.14
2018-05-11 01:00:00,27.63
2018-05-11 02:00:00,26.2
2018-05-11 03:00:00,28.05
2018-05-11 04:00:00,33.21
2018-05-11 05:00:00,41.05
2018-05-11 06:00:00,43.09
2018-05-11 07:00:00,43.2
2018-05-11 08:00:00,40.49
2018-05-11 09:00:00,42.0
2018-05-11 10:00:00,41.77
2018-05-11 11:00:00,38.93
2018-05-11 12:00:00,37.44
2018-05-11 13:00:00,38.18
2018-05-11 14:00:00,41.3
2018-05-11 15:00:00,49.0
2018-05-11 16:00:00,51.53
2018-05-11 17:00:00,54.68
2018-05-11 18:00:00,58.12
2018-05-11 19:00:00,55.38
2018-05-11 20:00:00,56.17
2018-05-11 21:00:00,50.37
2018-05-11 22:00:00,39.96
2018-05-11 23:00:00,35.48
2018-05-12 00:00:00,30.26
2018-05-12 01:00:00,27.04
2018-05-12 02:00:00,23.07
2018-05-12 03:00:00,26.13
2018-05-12 04:00:00,28.54
2018-05-12 05:00:00,36.14
2018-05-12 06:00:00,36.19
2018-05-12 07:00:00,35.79
2018-05-12 08:00:00,35.28
2018-05-12 09:00:00,34.85
2018-05-12 10:00:00,32.69
2018-05-12 11:00:00,30.35
2018-05-12 12:00:00,28.43
2018-05-12 13:00:00,28.07
2018-05-12 14:00:00,27.69
2018-05-12 15:00:00,26.09
2018-05-12 16:00:00,27.94
2018-05-12 17:00:00,31.99
2018-05-12 18:00:00,32.37
2018-05-12 19:00:00,30.13
2018-05-12 20:00:00,34.28
2018-05-12 21:00:00,33.29
2018-05-12 22:00:00,30.66
2018-05-12 23:00:00,21.03
2018-05-13 00:00:00,17.06
2018-05-13 01:00:00,14.92
2018-05-13 02:00:00,10.97
2018-05-13 03:00:00,9.17
2018-05-13 04:00:00,7.82
2018-05-13 05:00:00,14.84
2018-05-13 06:00:00,14.9
2018-05-13 07:00:00,13.98
2018-05-13 08:00:00,13.2
2018-05-13 09:00:00,14.7
2018-05-13 10:00:00,15.39
2018-05-13 11:00:00,15.76
2018-05-13 12:00:00,7.42
2018-05-13 13:00:00,7.24
2018-05-13 14:00:00,7.34
2018-05-13 15:00:00,12.51
2018-05-13 16:00:00,17.48
2018-05-13 17:00:00,25.83
2018-05-13 18:00:00,29.39
2018-05-13 19:00:00,30.66
2018-05-13 20:00:00,32.88
2018-05-13 21:00:00,26.82
2018-05-13 22:00:00,25.41
2018-05-13 23:00:00,20.23
2018-05-14 00:00:00,17.15
2018-05-14 01:00:00,14.87
2018-05-14 02:00:00,12.12
2018-05-14 03:00:00,14.25
2018-05-14 04:00:00,23.68
2018-05-14 05:00:00,54.06
2018-05-14 06:00:00,58.01
2018-05-14 07:00:00,55.83
2018-05-14 08:00:00,50.79
2018-05-14 09:00:00,43.6
2018-05-14 10:00:00,39.67
2018-05-14 11:00:00,33.0
2018-05-14 12:00:00,30.36
2018-05-14 13:00:00,29.86
2018-05-14 14:00:00,29.84
2018-05-14 15:00:00,29.3
2018-05-14 16:00:00,30.15
2018-05-14 17:00:00,42.11
2018-05-14 18:00:00,37.04
2018-05-14 19:00:00,33.24
2018-05-14 20:00:00,39.6
2018-05-14 21:00:00,35.06
2018-05-14 22:00:00,32.68
2018-05-14 23:00:00,30.41
2018-05-15 00:00:00,29.01
2018-05-15 01:00:00,28.02
2018-05-15 02:00:00,30.01
2018-05-15 03:00:00,32.58
2018-05-15 04:00:00,41.01
2018-05-15 05:00:00,54.6
2018-05-15 06:00:00,58.6
2018-05-15 07:00:00,57.01
2018-05-15 08:00:00,51.2
2018-05-15 09:00:00,48.9
2018-05-15 10:00:00,41.67
2018-05-15 11:00:00,41.71
2018-05-15 12:00:00,41.07
2018-05-15 13:00:00,40.5
2018-05-15 14:00:00,40.72
2018-05-15 15:00:00,42.37
2018-05-15 16:00:00,47.9
2018-05-15 17:00:00,50.0
2018-05-15 18:00:00,49.96
2018-05-15 19:00:00,47.08
2018-05-15 20:00:00,52.26
2018-05-15 21:00:00,43.91
2018-05-15 22:00:00,40.36
2018-05-15 23:00:00,37.53
2018-05-16 00:00:00,33.98
2018-05-16 01:00:00,32.6
2018-05-16 02:00:00,24.65
2018-05-16 03:00:00,24.36
2018-05-16 04:00:00,27.95
2018-05-16 05:00:00,48.95
2018-05-16 06:00:00,57.67
2018-05-16 07:00:00,57.12
2018-05-16 08:00:00,50.97
2018-05-16 09:00:00,48.36
2018-05-16 10:00:00,43.43
2018-05-16 11:00:00,40.5
2018-05-16 12:00:00,37.06
2018-05-16 13:00:00,33.04
2018-05-16 14:00:00,34.61
2018-05-16 15:00:00,24.46
2018-05-16 16:00:00,29.45
2018-05-16 17:00:00,40.58
2018-05-16 18:00:00,30.18
2018-05-16 19:00:00,26.57
2018-05-16 20:00:00,36.14
2018-05-16 21:00:00,33.08
2018-05-16 22:00:00,30.46
2018-05-16 23:00:00,27.03
2018-05-17 00:00:00,22.25
2018-05-17 01:00:00,19.45
2018-05-17 02:00:00,15.93
2018-05-17 03:00:00,19.79
2018-05-17 04:00:00,22.85
2018-05-17 05:00:00,42.44
2018-05-17 06:00:00,47.29
2018-05-17 07:00:00,45.12
2018-05-17 08:00:00,42.13
2018-05-17 09:00:00,41.82
2018-05-17 10:00:00,37.39
2018-05-17 11:00:00,35.73
2018-05-17 12:00:00,32.02
2018-05-17 13:00:00,31.8
2018-05-17 14:00:00,29.87
2018-05-17 15:00:00,33.54
2018-05-17 16:00:00,41.02
2018-05-17 17:00:00,44.51
2018-05-17 18:00:00,43.01
2018-05-17 19:00:00,38.06
2018-05-17 20:00:00,42.11
2018-05-17 21:00:00,36.69
2018-05-17 22:00:00,31.79
2018-05-17 23:00:00,28.78
2018-05-18 00:00:00,27.39
2018-05-18 01:00:00,24.42
2018-05-18 02:00:00,21.93
2018-05-18 03:00:00,27.37
2018-05-18 04:00:00,36.28
2018-05-18 05:00:00,48.48
2018-05-18 06:00:00,54.11
2018-05-18 07:00:00,59.35
2018-05-18 08:00:00,56.03
2018-05-18 09:00:00,49.25
2018-05-18 10:00:00,43.2
2018-05-18 11:00:00,38.84
2018-05-18 12:00:00,38.09
2018-05-18 13:00:00,34.38
2018-05-18 14:00:00,30.29
2018-05-18 15:00:00,33.39
2018-05-18 16:00:00,37.85
2018-05-18 17:00:00,41.23
2018-05-18 18:00:00,37.96
2018-05-18 19:00:00,36.48
2018-05-18 20:00:00,47.07
2018-05-18 21:00:00,46.68
2018-05-18 22:00:00,44.37
2018-05-18 23:00:00,36.75
2018-05-19 00:00:00,22.24
2018-05-19 01:00:00,13.84
2018-05-19 02:00:00,11.97
2018-05-19 03:00:00,14.68
2018-05-19 04:00:00,14.46
2018-05-19 05:00:00,13.46
2018-05-19 06:00:00,22.6
2018-05-19 07:00:00,23.8
2018-05-19 08:00:00,20.52
2018-05-19 09:00:00,19.29
2018-05-19 10:00:00,22.62
2018-05-19 11:00:00,22.35
2018-05-19 12:00:00,20.77
2018-05-19 13:00:00,18.94
2018-05-19 14:00:00,12.89
2018-05-19 15:00:00,16.13
2018-05-19 16:00:00,21.46
2018-05-19 17:00:00,23.45
2018-05-19 18:00:00,20.94
2018-05-19 19:00:00,30.47
2018-05-19 20:00:00,40.0
2018-05-19 21:00:00,35.21
2018-05-19 22:00:00,33.72
2018-05-19 23:00:00,24.84
2018-05-20 00:00:00,22.7
2018-05-20 01:00:00,9.75
2018-05-20 02:00:00,6.11
2018-05-20 03:00:00,3.34
2018-05-20 04:00:00,2.96
2018-05-20 05:00:00,5.44
2018-05-20 06:00:00,8.35
2018-05-20 07:00:00,9.44
2018-05-20 08:00:00,9.42
2018-05-20 09:00:00,13.88
2018-05-20 10:00:00,16.58
2018-05-20 11:00:00,9.31
2018-05-20 12:00:00,0.0
2018-05-20 13:00:00,-4.9
2018-05-20 14:00:00,1.0
2018-05-20 15:00:00,3.18
2018-05-20 16:00:00,16.47
2018-05-20 17:00:00,23.02
2018-05-20 18:00:00,23.86
2018-05-20 19:00:00,22.37
2018-05-20 20:00:00,32.31
2018-05-20 21:00:00,27.46
2018-05-20 22:00:00,16.48
2018-05-20 23:00:00,10.15
2018-05-21 00:00:00,5.87
2018-05-21 01:00:00,2.29
2018-05-21 02:00:00,0.48
2018-05-21 03:00:00,1.55
2018-05-21 04:00:00,5.02
2018-05-21 05:00:00,7.51
2018-05-21 06:00:00,11.04
2018-05-21 07:00:00,14.05
2018-05-21 08:00:00,6.78
2018-05-21 09:00:00,5.57
2018-05-21 10:00:00,5.19
2018-05-21 11:00:00,2.34
2018-05-21 12:00:00,1.72
2018-05-21 13:00:00,4.47
2018-05-21 14:00:00,5.13
2018-05-21 15:00:00,12.34
2018-05-21 16:00:00,24.74
2018-05-21 17:00:00,28.51
2018-05-21 18:00:00,23.83
2018-05-21 19:00:00,25.67
2018-05-21 20:00:00,34.05
2018-05-21 21:00:00,28.78
2018-05-21 22:00:00,37.59
2018-05-21 23:00:00,33.92
2018-05-22 00:00:00,31.18
2018-05-22 01:00:00,25.94
2018-05-22 02:00:00,20.28
2018-05-22 03:00:00,32.1
2018-05-22 04:00:00,47.06
2018-05-22 05:00:00,54.8
2018-05-22 06:00:00,59.37
2018-05-22 07:00:00,56.57
2018-05-22 08:00:00,50.2
2018-05-22 09:00:00,49.05
2018-05-22 10:00:00,48.37
2018-05-22 11:00:00,51.62
2018-05-22 12:00:00,49.47
2018-05-22 13:00:00,52.21
2018-05-22 14:00:00,52.86
2018-05-22 15:00:00,56.29
2018-05-22 16:00:00,57.05
2018-05-22 17:00:00,59.66
2018-05-22 18:00:00,50.7
2018-05-22 19:00:00,45.37
2018-05-22 20:00:00,48.01
2018-05-22 21:00:00,43.11
2018-05-22 22:00:00,39.2
2018-05-22 23:00:00,37.07
2018-05-23 00:00:00,32.95
2018-05-23 01:00:00,34.28
2018-05-23 02:00:00,23.79
2018-05-23 03:00:00,36.24
2018-05-23 04:00:00,39.78
2018-05-23 05:00:00,56.35
2018-05-23 06:00:00,65.99
2018-05-23 07:00:00,62.18
2018-05-23 08:00:00,54.63
2018-05-23 09:00:00,48.13
2018-05-23 10:00:00,45.41
2018-05-23 11:00:00,45.69
2018-05-23 12:00:00,42.77
2018-05-23 13:00:00,41.29
2018-05-23 14:00:00,40.35
2018-05-23 15:00:00,40.4
2018-05-23 16:00:00,48.43
2018-05-23 17:00:00,49.29
2018-05-23 18:00:00,40.54
2018-05-23 19:00:00,45.87
2018-05-23 20:00:00,45.85
2018-05-23 21:00:00,39.75
2018-05-23 22:00:00,37.76
2018-05-23 23:00:00,34.39
2018-05-24 00:00:00,32.92
2018-05-24 01:00:00,25.28
2018-05-24 02:00:00,23.66
2018-05-24 03:00:00,25.78
2018-05-24 04:00:00,34.88
2018-05-24 05:00:00,46.51
2018-05-24 06:00:00,50.0
2018-05-24 07:00:00,51.06
2018-05-24 08:00:00,50.63
2018-05-24 09:00:00,48.31
2018-05-24 10:00:00,44.29
2018-05-24 11:00:00,43.63
2018-05-24 12:00:00,42.47
2018-05-24 13:00:00,42.27
2018-05-24 14:00:00,42.2
2018-05-24 15:00:00,49.47
2018-05-24 16:00:00,49.16
2018-05-24 17:00:00,53.77
2018-05-24 18:00:00,48.34
2018-05-24 19:00:00,42.81
2018-05-24 20:00:00,47.6
2018-05-24 21:00:00,43.58
2018-05-24 22:00:00,41.37
2018-05-24 23:00:00,38.47
2018-05-25 00:00:00,33.4
2018-05-25 01:00:00,31.57
2018-05-25 02:00:00,29.22
2018-05-25 03:00:00,31.37
2018-05-25 04:00:00,43.4
2018-05-25 05:00:00,47.37
2018-05-25 06:00:00,53.68
2018-05-25 07:00:00,48.64
2018-05-25 08:00:00,49.5
2018-05-25 09:00:00,53.05
2018-05-25 10:00:00,43.8
2018-05-25 11:00:00,44.3
2018-05-25 12:00:00,41.26
2018-05-25 13:00:00,42.18
2018-05-25 14:00:00,43.69
2018-05-25 15:00:00,47.2
2018-05-25 16:00:00,42.95
2018-05-25 17:00:00,51.22
2018-05-25 18:00:00,37.67
2018-05-25 19:00:00,38.23
2018-05-25 20:00:00,44.63
2018-05-25 21:00:00,48.5
2018-05-25 22:00:00,41.46
2018-05-25 23:00:00,31.51
2018-05-26 00:00:00,31.04
2018-05-26 01:00:00,27.29
2018-05-26 02:00:00,27.18
2018-05-26 03:00:00,26.36
2018-05-26 04:00:00,25.35
2018-05-26 05:00:00,29.93
2018-05-26 06:00:00,33.26
2018-05-26 07:00:00,33.44
2018-05-26 08:00:00,32.74
2018-05-26 09:00:00,33.02
2018-05-26 10:00:00,33.93
2018-05-26 11:00:00,30.59
2018-05-26 12:00:00,29.94
2018-05-26 13:00:00,29.06
2018-05-26 14:00:00,30.41
2018-05-26 15:00:00,32.03
2018-05-26 16:00:00,38.55
2018-05-26 17:00:00,44.53
2018-05-26 18:00:00,40.37
2018-05-26 19:00:00,40.68
2018-05-26 20:00:00,45.48
2018-05-26 21:00:00,40.41
2018-05-26 22:00:00,39.94
2018-05-26 23:00:00,34.15
2018-05-27 00:00:00,31.66
2018-05-27 01:00:00,31.06
2018-05-27 02:00:00,27.81
2018-05-27 03:00:00,27.54
2018-05-27 04:00:00,25.04
2018-05-27 05:00:00,23.57
2018-05-27 06:00:00,27.09
2018-05-27 07:00:00,29.01
2018-05-27 08:00:00,26.22
2018-05-27 09:00:00,26.37
2018-05-27 10:00:00,30.5
2018-05-27 11:00:00,26.24
2018-05-27 12:00:00,23.79
2018-05-27 13:00:00,26.21
2018-05-27 14:00:00,27.56
2018-05-27 15:00:00,32.0
2018-05-27 16:00:00,44.97
2018-05-27 17:00:00,46.07
2018-05-27 18:00:00,46.07
2018-05-27 19:00:00,44.52
2018-05-27 20:00:00,59.2
2018-05-27 21:00:00,53.69
2018-05-27 22:00:00,38.95
2018-05-27 23:00:00,29.36
2018-05-28 00:00:00,33.0
2018-05-28 01:00:00,25.11
2018-05-28 02:00:00,22.87
2018-05-28 03:00:00,24.55
2018-05-28 04:00:00,33.49
2018-05-28 05:00:00,62.77
2018-05-28 06:00:00,54.49
2018-05-28 07:00:00,62.62
2018-05-28 08:00:00,58.74
2018-05-28 09:00:00,59.5
2018-05-28 10:00:00,57.0
2018-05-28 11:00:00,55.84
2018-05-28 12:00:00,55.87
2018-05-28 13:00:00,55.01
2018-05-28 14:00:00,56.66
2018-05-28 15:00:00,52.01
2018-05-28 16:00:00,61.55
2018-05-28 17:00:00,64.21
2018-05-28 18:00:00,49.08
2018-05-28 19:00:00,49.08
2018-05-28 20:00:00,52.81
2018-05-28 21:00:00,42.73
2018-05-28 22:00:00,36.25
2018-05-28 23:00:00,33.9
2018-05-29 00:00:00,29.49
2018-05-29 01:00:00,29.47
2018-05-29 02:00:00,21.07
2018-05-29 03:00:00,33.43
2018-05-29 04:00:00,39.37
2018-05-29 05:00:00,52.69
2018-05-29 06:00:00,58.15
2018-05-29 07:00:00,63.31
2018-05-29 08:00:00,61.45
2018-05-29 09:00:00,57.03
2018-05-29 10:00:00,49.94
2018-05-29 11:00:00,49.49
2018-05-29 12:00:00,46.85
2018-05-29 13:00:00,46.89
2018-05-29 14:00:00,48.73
2018-05-29 15:00:00,53.59
2018-05-29 16:00:00,55.41
2018-05-29 17:00:00,55.67
2018-05-29 18:00:00,56.44
2018-05-29 19:00:00,51.17
2018-05-29 20:00:00,53.72
2018-05-29 21:00:00,43.7
2018-05-29 22:00:00,37.88
2018-05-29 23:00:00,30.52
2018-05-30 00:00:00,30.41
2018-05-30 01:00:00,25.4
2018-05-30 02:00:00,25.02
2018-05-30 03:00:00,25.67
2018-05-30 04:00:00,30.06
2018-05-30 05:00:00,51.7
2018-05-30 06:00:00,56.0
2018-05-30 07:00:00,51.37
2018-05-30 08:00:00,59.88
2018-05-30 09:00:00,58.21
2018-05-30 10:00:00,56.22
2018-05-30 11:00:00,56.53
2018-05-30 12:00:00,55.19
2018-05-30 13:00:00,55.2
2018-05-30 14:00:00,56.55
2018-05-30 15:00:00,63.37
2018-05-30 16:00:00,65.15
2018-05-30 17:00:00,61.93
2018-05-30 18:00:00,47.57
2018-05-30 19:00:00,42.06
2018-05-30 20:00:00,57.14
2018-05-30 21:00:00,51.72
2018-05-30 22:00:00,42.88
2018-05-30 23:00:00,38.71
2018-05-31 00:00:00,36.91
2018-05-31 01:00:00,26.36
2018-05-31 02:00:00,21.26
2018-05-31 03:00:00,27.42
2018-05-31 04:00:00,33.36
2018-05-31 05:00:00,36.27
2018-05-31 06:00:00,50.2
2018-05-31 07:00:00,59.91
2018-05-31 08:00:00,57.51
2018-05-31 09:00:00,57.12
2018-05-31 10:00:00,53.89
2018-05-31 11:00:00,51.66
2018-05-31 12:00:00,52.85
2018-05-31 13:00:00,49.71
2018-05-31 14:00:00,52.83
2018-05-31 15:00:00,55.84
2018-05-31 16:00:00,58.49
2018-05-31 17:00:00,50.04
2018-05-31 18:00:00,43.43
2018-05-31 19:00:00,44.46
2018-05-31 20:00:00,53.52
2018-05-31 21:00:00,48.28
2018-05-31 22:00:00,42.94
2018-05-31 23:00:00,43.23
2018-06-01 00:00:00,31.8
2018-06-01 01:00:00,24.24
2018-06-01 02:00:00,21.29
2018-06-01 03:00:00,30.55
2018-06-01 04:00:00,39.01
2018-06-01 05:00:00,63.56
2018-06-01 06:00:00,61.09
2018-06-01 07:00:00,62.97
2018-06-01 08:00:00,58.34
2018-06-01 09:00:00,55.43
2018-06-01 10:00:00,52.05
2018-06-01 11:00:00,48.76
2018-06-01 12:00:00,46.03
2018-06-01 13:00:00,42.46
2018-06-01 14:00:00,42.22
2018-06-01 15:00:00,39.76
2018-06-01 16:00:00,45.66
2018-06-01 17:00:00,55.78
2018-06-01 18:00:00,49.87
2018-06-01 19:00:00,53.46
2018-06-01 20:00:00,58.97
2018-06-01 21:00:00,53.25
2018-06-01 22:00:00,40.92
2018-06-01 23:00:00,37.59
2018-06-02 00:00:00,28.06
2018-06-02 01:00:00,20.12
2018-06-02 02:00:00,14.95
2018-06-02 03:00:00,15.6
2018-06-02 04:00:00,15.1
2018-06-02 05:00:00,19.83
2018-06-02 06:00:00,31.93
2018-06-02 07:00:00,33.78
2018-06-02 08:00:00,33.37
2018-06-02 09:00:00,32.68
2018-06-02 10:00:00,32.72
2018-06-02 11:00:00,29.99
2018-06-02 12:00:00,26.92
2018-06-02 13:00:00,21.13
2018-06-02 14:00:00,21.8
2018-06-02 15:00:00,24.25
2018-06-02 16:00:00,27.08
2018-06-02 17:00:00,32.09
2018-06-02 18:00:00,28.23
2018-06-02 19:00:00,29.32
2018-06-02 20:00:00,47.0
2018-06-02 21:00:00,44.02
2018-06-02 22:00:00,35.97
2018-06-02 23:00:00,29.48
2018-06-03 00:00:00,26.77
2018-06-03 01:00:00,19.37
2018-06-03 02:00:00,13.15
2018-06-03 03:00:00,8.77
2018-06-03 04:00:00,9.61
2018-06-03 05:00:00,13.39
2018-06-03 06:00:00,14.96
2018-06-03 07:00:00,17.28
2018-06-03 08:00:00,15.76
2018-06-03 09:00:00,19.48
2018-06-03 10:00:00,21.22
2018-06-03 11:00:00,20.65
2018-06-03 12:00:00,20.14
2018-06-03 13:00:00,18.81
2018-06-03 14:00:00,14.6
2018-06-03 15:00:00,18.7
2018-06-03 16:00:00,27.6
2018-06-03 17:00:00,36.37
2018-06-03 18:00:00,32.63
2018-06-03 19:00:00,32.04
2018-06-03 20:00:00,39.09
2018-06-03 21:00:00,35.61
2018-06-03 22:00:00,35.57
2018-06-03 23:00:00,23.69
2018-06-04 00:00:00,18.49
2018-06-04 01:00:00,11.21
2018-06-04 02:00:00,15.24
2018-06-04 03:00:00,20.42
2018-06-04 04:00:00,31.86
2018-06-04 05:00:00,54.23
2018-06-04 06:00:00,61.59
2018-06-04 07:00:00,60.12
2018-06-04 08:00:00,59.8
2018-06-04 09:00:00,60.27
2018-06-04 10:00:00,58.16
2018-06-04 11:00:00,55.35
2018-06-04 12:00:00,52.25
2018-06-04 13:00:00,48.95
2018-06-04 14:00:00,48.12
2018-06-04 15:00:00,56.07
2018-06-04 16:00:00,58.27
2018-06-04 17:00:00,61.79
2018-06-04 18:00:00,57.95
2018-06-04 19:00:00,52.93
2018-06-04 20:00:00,50.93
2018-06-04 21:00:00,44.49
2018-06-04 22:00:00,43.8
2018-06-04 23:00:00,41.21
2018-06-05 00:00:00,39.44
2018-06-05 01:00:00,37.58
2018-06-05 02:00:00,32.64
2018-06-05 03:00:00,39.52
2018-06-05 04:00:00,50.26
2018-06-05 05:00:00,58.01
2018-06-05 06:00:00,62.8
2018-06-05 07:00:00,63.9
2018-06-05 08:00:00,63.79
2018-06-05 09:00:00,62.8
2018-06-05 10:00:00,56.29
2018-06-05 11:00:00,55.43
2018-06-05 12:00:00,51.11
2018-06-05 13:00:00,49.96
2018-06-05 14:00:00,49.9
2018-06-05 15:00:00,53.78
2018-06-05 16:00:00,59.46
2018-06-05 17:00:00,62.7
2018-06-05 18:00:00,58.09
2018-06-05 19:00:00,52.89
2018-06-05 20:00:00,56.37
2018-06-05 21:00:00,48.18
2018-06-05 22:00:00,44.99
2018-06-05 23:00:00,41.16
2018-06-06 00:00:00,39.53
2018-06-06 01:00:00,34.59
2018-06-06 02:00:00,31.73
2018-06-06 03:00:00,35.93
2018-06-06 04:00:00,42.87
2018-06-06 05:00:00,56.92
2018-06-06 06:00:00,65.0
2018-06-06 07:00:00,65.65
2018-06-06 08:00:00,60.58
2018-06-06 09:00:00,57.0
2018-06-06 10:00:00,52.67
2018-06-06 11:00:00,52.55
2018-06-06 12:00:00,50.42
2018-06-06 13:00:00,49.98
2018-06-06 14:00:00,52.9
2018-06-06 15:00:00,58.24
2018-06-06 16:00:00,61.25
2018-06-06 17:00:00,63.31
2018-06-06 18:00:00,59.39
2018-06-06 19:00:00,53.01
2018-06-06 20:00:00,52.78
2018-06-06 21:00:00,48.41
2018-06-06 22:00:00,41.67
2018-06-06 23:00:00,40.43
2018-06-07 00:00:00,39.41
2018-06-07 01:00:00,39.0
2018-06-07 02:00:00,34.27
2018-06-07 03:00:00,39.37
2018-06-07 04:00:00,43.17
2018-06-07 05:00:00,54.78
2018-06-07 06:00:00,60.95
2018-06-07 07:00:00,62.79
2018-06-07 08:00:00,58.67
2018-06-07 09:00:00,57.79
2018-06-07 10:00:00,56.13
2018-06-07 11:00:00,54.5
2018-06-07 12:00:00,50.77
2018-06-07 13:00:00,51.89
2018-06-07 14:00:00,54.23
2018-06-07 15:00:00,57.94
2018-06-07 16:00:00,64.6
2018-06-07 17:00:00,65.51
2018-06-07 18:00:00,55.08
2018-06-07 19:00:00,54.66
2018-06-07 20:00:00,57.07
2018-06-07 21:00:00,49.24
2018-06-07 22:00:00,45.69
2018-06-07 23:00:00,43.53
2018-06-08 00:00:00,42.53
2018-06-08 01:00:00,36.09
2018-06-08 02:00:00,33.7
2018-06-08 03:00:00,37.99
2018-06-08 04:00:00,45.08
2018-06-08 05:00:00,55.09
2018-06-08 06:00:00,61.0
2018-06-08 07:00:00,63.56
2018-06-08 08:00:00,56.2
2018-06-08 09:00:00,60.98
2018-06-08 10:00:00,58.04
2018-06-08 11:00:00,55.37
2018-06-08 12:00:00,52.04
2018-06-08 13:00:00,49.19
2018-06-08 14:00:00,48.94
2018-06-08 15:00:00,53.02
2018-06-08 16:00:00,46.28
2018-06-08 17:00:00,50.81
2018-06-08 18:00:00,48.91
2018-06-08 19:00:00,49.18
2018-06-08 20:00:00,50.4
2018-06-08 21:00:00,48.6
2018-06-08 22:00:00,46.08
2018-06-08 23:00:00,40.81
2018-06-09 00:00:00,35.77
2018-06-09 01:00:00,32.13
2018-06-09 02:00:00,32.35
2018-06-09 03:00:00,32.29
2018-06-09 04:00:00,31.27
2018-06-09 05:00:00,35.32
2018-06-09 06:00:00,42.14
2018-06-09 07:00:00,39.81
2018-06-09 08:00:00,37.84
2018-06-09 09:00:00,40.34
2018-06-09 10:00:00,40.0
2018-06-09 11:00:00,39.57
2018-06-09 12:00:00,38.95
2018-06-09 13:00:00,39.48
2018-06-09 14:00:00,39.0
2018-06-09 15:00:00,40.66
2018-06-09 16:00:00,43.77
2018-06-09 17:00:00,45.82
2018-06-09 18:00:00,40.78
2018-06-09 19:00:00,41.07
2018-06-09 20:00:00,50.0
2018-06-09 21:00:00,48.88
2018-06-09 22:00:00,46.76
2018-06-09 23:00:00,38.87
2018-06-10 00:00:00,33.12
2018-06-10 01:00:00,29.45
2018-06-10 02:00:00,24.97
2018-06-10 03:00:00,21.14
2018-06-10 04:00:00,22.95
2018-06-10 05:00:00,27.25
2018-06-10 06:00:00,28.4
2018-06-10 07:00:00,30.09
2018-06-10 08:00:00,31.97
2018-06-10 09:00:00,36.71
2018-06-10 10:00:00,35.67
2018-06-10 11:00:00,34.61
2018-06-10 12:00:00,30.93
2018-06-10 13:00:00,29.03
2018-06-10 14:00:00,30.38
2018-06-10 15:00:00,34.38
2018-06-10 16:00:00,41.27
2018-06-10 17:00:00,49.96
2018-06-10 18:00:00,46.98
2018-06-10 19:00:00,46.56
2018-06-10 20:00:00,53.67
2018-06-10 21:00:00,48.51
2018-06-10 22:00:00,39.55
2018-06-10 23:00:00,33.73
2018-06-11 00:00:00,30.23
2018-06-11 01:00:00,21.95
2018-06-11 02:00:00,20.79
2018-06-11 03:00:00,29.93
2018-06-11 04:00:00,41.32
2018-06-11 05:00:00,56.87
2018-06-11 06:00:00,61.61
2018-06-11 07:00:00,63.04
2018-06-11 08:00:00,63.24
2018-06-11 09:00:00,63.44
2018-06-11 10:00:00,56.45
2018-06-11 11:00:00,53.57
2018-06-11 12:00:00,49.64
2018-06-11 13:00:00,49.21
2018-06-11 14:00:00,49.66
2018-06-11 15:00:00,50.93
2018-06-11 16:00:00,53.48
2018-06-11 17:00:00,54.94
2018-06-11 18:00:00,52.94
2018-06-11 19:00:00,50.87
2018-06-11 20:00:00,49.47
2018-06-11 21:00:00,46.33
2018-06-11 22:00:00,40.93
2018-06-11 23:00:00,39.48
2018-06-12 00:00:00,38.54
2018-06-12 01:00:00,27.27
2018-06-12 02:00:00,24.27
2018-06-12 03:00:00,29.89
2018-06-12 04:00:00,37.93
2018-06-12 05:00:00,55.02
2018-06-12 06:00:00,59.46
2018-06-12 07:00:00,59.27
2018-06-12 08:00:00,56.96
2018-06-12 09:00:00,59.17
2018-06-12 10:00:00,58.15
2018-06-12 11:00:00,56.52
2018-06-12 12:00:00,53.9
2018-06-12 13:00:00,51.5
2018-06-12 14:00:00,50.98
2018-06-12 15:00:00,51.62
2018-06-12 16:00:00,52.93
2018-06-12 17:00:00,54.08
2018-06-12 18:00:00,52.78
2018-06-12 19:00:00,48.94
2018-06-12 20:00:00,50.29
2018-06-12 21:00:00,46.62
2018-06-12 22:00:00,40.6
2018-06-12 23:00:00,38.4
2018-06-13 00:00:00,37.98
2018-06-13 01:00:00,33.67
2018-06-13 02:00:00,33.28
2018-06-13 03:00:00,38.72
2018-06-13 04:00:00,43.08
2018-06-13 05:00:00,54.05
2018-06-13 06:00:00,55.77
2018-06-13 07:00:00,55.77
2018-06-13 08:00:00,54.94
2018-06-13 09:00:00,55.0
2018-06-13 10:00:00,53.03
2018-06-13 11:00:00,51.1
2018-06-13 12:00:00,49.52
2018-06-13 13:00:00,48.91
2018-06-13 14:00:00,47.17
2018-06-13 15:00:00,49.03
2018-06-13 16:00:00,52.7
2018-06-13 17:00:00,54.94
2018-06-13 18:00:00,53.73
2018-06-13 19:00:00,52.97
2018-06-13 20:00:00,54.53
2018-06-13 21:00:00,48.98
2018-06-13 22:00:00,46.69
2018-06-13 23:00:00,38.76
2018-06-14 00:00:00,38.16
2018-06-14 01:00:00,31.81
2018-06-14 02:00:00,28.39
2018-06-14 03:00:00,33.08
2018-06-14 04:00:00,37.19
2018-06-14 05:00:00,51.02
2018-06-14 06:00:00,56.53
2018-06-14 07:00:00,55.17
2018-06-14 08:00:00,50.42
2018-06-14 09:00:00,49.63
2018-06-14 10:00:00,44.83
2018-06-14 11:00:00,42.23
2018-06-14 12:00:00,43.08
2018-06-14 13:00:00,40.1
2018-06-14 14:00:00,40.25
2018-06-14 15:00:00,46.86
2018-06-14 16:00:00,55.39
2018-06-14 17:00:00,57.02
2018-06-14 18:00:00,54.42
2018-06-14 19:00:00,51.75
2018-06-14 20:00:00,57.44
2018-06-14 21:00:00,52.19
2018-06-14 22:00:00,42.59
2018-06-14 23:00:00,39.32
2018-06-15 00:00:00,36.58
2018-06-15 01:00:00,29.0
2018-06-15 02:00:00,28.61
2018-06-15 03:00:00,34.75
2018-06-15 04:00:00,42.5
2018-06-15 05:00:00,59.92
2018-06-15 06:00:00,61.9
2018-06-15 07:00:00,61.76
2018-06-15 08:00:00,60.67
2018-06-15 09:00:00,59.88
2018-06-15 10:00:00,56.16
2018-06-15 11:00:00,55.29
2018-06-15 12:00:00,52.99
2018-06-15 13:00:00,51.4
2018-06-15 14:00:00,50.25
2018-06-15 15:00:00,56.69
2018-06-15 16:00:00,56.23
2018-06-15 17:00:00,56.35
2018-06-15 18:00:00,56.1
2018-06-15 19:00:00,56.49
2018-06-15 20:00:00,56.53
2018-06-15 21:00:00,51.63
2018-06-15 22:00:00,44.52
2018-06-15 23:00:00,41.43
2018-06-16 00:00:00,35.48
2018-06-16 01:00:00,33.1
2018-06-16 02:00:00,28.59
2018-06-16 03:00:00,28.13
2018-06-16 04:00:00,32.76
2018-06-16 05:00:00,34.62
2018-06-16 06:00:00,39.1
2018-06-16 07:00:00,41.52
2018-06-16 08:00:00,39.68
2018-06-16 09:00:00,41.07
2018-06-16 10:00:00,39.35
2018-06-16 11:00:00,35.6
2018-06-16 12:00:00,34.65
2018-06-16 13:00:00,36.18
2018-06-16 14:00:00,36.45
2018-06-16 15:00:00,35.81
2018-06-16 16:00:00,43.11
2018-06-16 17:00:00,46.8
2018-06-16 18:00:00,46.08
2018-06-16 19:00:00,45.08
2018-06-16 20:00:00,46.31
2018-06-16 21:00:00,46.47
2018-06-16 22:00:00,41.57
2018-06-16 23:00:00,37.85
2018-06-17 00:00:00,30.29
2018-06-17 01:00:00,20.73
2018-06-17 02:00:00,19.82
2018-06-17 03:00:00,17.65
2018-06-17 04:00:00,15.87
2018-06-17 05:00:00,18.7
2018-06-17 06:00:00,20.01
2018-06-17 07:00:00,18.06
2018-06-17 08:00:00,16.49
2018-06-17 09:00:00,18.6
2018-06-17 10:00:00,23.14
2018-06-17 11:00:00,14.47
2018-06-17 12:00:00,7.48
2018-06-17 13:00:00,7.44
2018-06-17 14:00:00,9.71
2018-06-17 15:00:00,16.78
2018-06-17 16:00:00,26.16
2018-06-17 17:00:00,36.58
2018-06-17 18:00:00,39.59
2018-06-17 19:00:00,38.39
2018-06-17 20:00:00,45.22
2018-06-17 21:00:00,45.5
2018-06-17 22:00:00,41.43
2018-06-17 23:00:00,37.01
2018-06-18 00:00:00,35.4
2018-06-18 01:00:00,31.39
2018-06-18 02:00:00,29.22
2018-06-18 03:00:00,32.88
2018-06-18 04:00:00,40.38
2018-06-18 05:00:00,54.05
2018-06-18 06:00:00,55.48
2018-06-18 07:00:00,55.48
2018-06-18 08:00:00,52.33
2018-06-18 09:00:00,51.81
2018-06-18 10:00:00,49.6
2018-06-18 11:00:00,46.04
2018-06-18 12:00:00,45.69
2018-06-18 13:00:00,46.39
2018-06-18 14:00:00,45.92
2018-06-18 15:00:00,45.88
2018-06-18 16:00:00,50.07
2018-06-18 17:00:00,51.65
2018-06-18 18:00:00,50.81
2018-06-18 19:00:00,50.0
2018-06-18 20:00:00,49.93
2018-06-18 21:00:00,45.03
2018-06-18 22:00:00,39.75
2018-06-18 23:00:00,37.57
2018-06-19 00:00:00,35.31
2018-06-19 01:00:00,29.87
2018-06-19 02:00:00,30.61
2018-06-19 03:00:00,35.09
2018-06-19 04:00:00,42.08
2018-06-19 05:00:00,50.0
2018-06-19 06:00:00,53.42
2018-06-19 07:00:00,53.34
2018-06-19 08:00:00,55.99
2018-06-19 09:00:00,58.02
2018-06-19 10:00:00,56.0
2018-06-19 11:00:00,55.84
2018-06-19 12:00:00,55.04
2018-06-19 13:00:00,52.23
2018-06-19 14:00:00,53.2
2018-06-19 15:00:00,54.34
2018-06-19 16:00:00,55.04
2018-06-19 17:00:00,59.01
2018-06-19 18:00:00,57.79
2018-06-19 19:00:00,54.9
2018-06-19 20:00:00,55.83
2018-06-19 21:00:00,48.96
2018-06-19 22:00:00,45.91
2018-06-19 23:00:00,41.09
2018-06-20 00:00:00,39.23
2018-06-20 01:00:00,34.69
2018-06-20 02:00:00,34.34
2018-06-20 03:00:00,36.46
2018-06-20 04:00:00,44.68
2018-06-20 05:00:00,57.07
2018-06-20 06:00:00,53.43
2018-06-20 07:00:00,53.31
2018-06-20 08:00:00,51.64
2018-06-20 09:00:00,49.7
2018-06-20 10:00:00,48.34
2018-06-20 11:00:00,47.74
2018-06-20 12:00:00,44.22
2018-06-20 13:00:00,43.4
2018-06-20 14:00:00,42.4
2018-06-20 15:00:00,46.29
2018-06-20 16:00:00,52.76
2018-06-20 17:00:00,59.06
2018-06-20 18:00:00,52.83
2018-06-20 19:00:00,50.87
2018-06-20 20:00:00,54.88
2018-06-20 21:00:00,49.26
2018-06-20 22:00:00,47.19
2018-06-20 23:00:00,39.06
2018-06-21 00:00:00,36.65
2018-06-21 01:00:00,31.82
2018-06-21 02:00:00,32.28
2018-06-21 03:00:00,34.5
2018-06-21 04:00:00,43.03
2018-06-21 05:00:00,56.28
2018-06-21 06:00:00,57.47
2018-06-21 07:00:00,52.83
2018-06-21 08:00:00,41.26
2018-06-21 09:00:00,37.85
2018-06-21 10:00:00,32.75
2018-06-21 11:00:00,30.41
2018-06-21 12:00:00,28.51
2018-06-21 13:00:00,28.03
2018-06-21 14:00:00,27.29
2018-06-21 15:00:00,29.4
2018-06-21 16:00:00,30.01
2018-06-21 17:00:00,33.61
2018-06-21 18:00:00,30.95
2018-06-21 19:00:00,29.78
2018-06-21 20:00:00,36.43
2018-06-21 21:00:00,34.3
2018-06-21 22:00:00,24.86
2018-06-21 23:00:00,23.34
2018-06-22 00:00:00,17.49
2018-06-22 01:00:00,9.86
2018-06-22 02:00:00,9.28
2018-06-22 03:00:00,15.59
2018-06-22 04:00:00,20.09
2018-06-22 05:00:00,31.87
2018-06-22 06:00:00,32.68
2018-06-22 07:00:00,33.31
2018-06-22 08:00:00,31.27
2018-06-22 09:00:00,30.87
2018-06-22 10:00:00,29.08
2018-06-22 11:00:00,26.45
2018-06-22 12:00:00,25.71
2018-06-22 13:00:00,23.17
2018-06-22 14:00:00,24.49
2018-06-22 15:00:00,26.2
2018-06-22 16:00:00,26.52
2018-06-22 17:00:00,31.94
2018-06-22 18:00:00,31.34
2018-06-22 19:00:00,28.38
2018-06-22 20:00:00,35.52
2018-06-22 21:00:00,34.59
2018-06-22 22:00:00,30.62
2018-06-22 23:00:00,23.5
2018-06-23 00:00:00,22.9
2018-06-23 01:00:00,20.41
2018-06-23 02:00:00,19.69
2018-06-23 03:00:00,18.19
2018-06-23 04:00:00,20.45
2018-06-23 05:00:00,21.51
2018-06-23 06:00:00,26.09
2018-06-23 07:00:00,27.44
2018-06-23 08:00:00,27.5
2018-06-23 09:00:00,30.64
2018-06-23 10:00:00,29.27
2018-06-23 11:00:00,25.17
2018-06-23 12:00:00,24.41
2018-06-23 13:00:00,23.48
2018-06-23 14:00:00,24.4
2018-06-23 15:00:00,27.95
2018-06-23 16:00:00,32.79
2018-06-23 17:00:00,33.83
2018-06-23 18:00:00,31.98
2018-06-23 19:00:00,33.32
2018-06-23 20:00:00,45.99
2018-06-23 21:00:00,43.99
2018-06-23 22:00:00,39.66
2018-06-23 23:00:00,32.99
2018-06-24 00:00:00,32.29
2018-06-24 01:00:00,31.02
2018-06-24 02:00:00,30.24
2018-06-24 03:00:00,26.32
2018-06-24 04:00:00,24.22
2018-06-24 05:00:00,25.59
2018-06-24 06:00:00,27.0
2018-06-24 07:00:00,27.74
2018-06-24 08:00:00,25.03
2018-06-24 09:00:00,30.08
2018-06-24 10:00:00,31.32
2018-06-24 11:00:00,29.99
2018-06-24 12:00:00,22.76
2018-06-24 13:00:00,23.4
2018-06-24 14:00:00,25.08
2018-06-24 15:00:00,27.14
2018-06-24 16:00:00,31.9
2018-06-24 17:00:00,37.77
2018-06-24 18:00:00,34.42
2018-06-24 19:00:00,31.88
2018-06-24 20:00:00,38.58
2018-06-24 21:00:00,40.41
2018-06-24 22:00:00,39.12
2018-06-24 23:00:00,33.1
2018-06-25 00:00:00,33.59
2018-06-25 01:00:00,32.06
2018-06-25 02:00:00,32.06
2018-06-25 03:00:00,34.26
2018-06-25 04:00:00,48.38
2018-06-25 05:00:00,54.95
2018-06-25 06:00:00,56.21
2018-06-25 07:00:00,54.14
2018-06-25 08:00:00,51.75
2018-06-25 09:00:00,53.5
2018-06-25 10:00:00,51.83
2018-06-25 11:00:00,48.62
2018-06-25 12:00:00,47.14
2018-06-25 13:00:00,45.83
2018-06-25 14:00:00,42.7
2018-06-25 15:00:00,45.94
2018-06-25 16:00:00,49.13
2018-06-25 17:00:00,53.22
2018-06-25 18:00:00,50.6
2018-06-25 19:00:00,48.87
2018-06-25 20:00:00,47.85
2018-06-25 21:00:00,48.62
2018-06-25 22:00:00,42.55
2018-06-25 23:00:00,41.22
2018-06-26 00:00:00,38.65
2018-06-26 01:00:00,39.13
2018-06-26 02:00:00,37.65
2018-06-26 03:00:00,41.15
2018-06-26 04:00:00,48.52
2018-06-26 05:00:00,52.91
2018-06-26 06:00:00,56.5
2018-06-26 07:00:00,53.21
2018-06-26 08:00:00,53.39
2018-06-26 09:00:00,55.25
2018-06-26 10:00:00,51.97
2018-06-26 11:00:00,50.27
2018-06-26 12:00:00,48.75
2018-06-26 13:00:00,48.93
2018-06-26 14:00:00,48.08
2018-06-26 15:00:00,49.99
2018-06-26 16:00:00,52.09
2018-06-26 17:00:00,56.13
2018-06-26 18:00:00,53.61
2018-06-26 19:00:00,50.94
2018-06-26 20:00:00,51.47
2018-06-26 21:00:00,47.52
2018-06-26 22:00:00,43.17
2018-06-26 23:00:00,41.94
2018-06-27 00:00:00,41.62
2018-06-27 01:00:00,41.1
2018-06-27 02:00:00,38.2
2018-06-27 03:00:00,43.48
2018-06-27 04:00:00,50.78
2018-06-27 05:00:00,56.78
2018-06-27 06:00:00,60.99
2018-06-27 07:00:00,59.06
2018-06-27 08:00:00,56.74
2018-06-27 09:00:00,54.52
2018-06-27 10:00:00,51.88
2018-06-27 11:00:00,50.18
2018-06-27 12:00:00,47.07
2018-06-27 13:00:00,46.47
2018-06-27 14:00:00,46.64
2018-06-27 15:00:00,52.05
2018-06-27 16:00:00,51.96
2018-06-27 17:00:00,55.01
2018-06-27 18:00:00,52.6
2018-06-27 19:00:00,50.02
2018-06-27 20:00:00,51.79
2018-06-27 21:00:00,46.27
2018-06-27 22:00:00,39.41
2018-06-27 23:00:00,38.84
2018-06-28 00:00:00,38.03
2018-06-28 01:00:00,31.62
2018-06-28 02:00:00,32.24
2018-06-28 03:00:00,36.12
2018-06-28 04:00:00,35.31
2018-06-28 05:00:00,45.26
2018-06-28 06:00:00,58.08
2018-06-28 07:00:00,54.85
2018-06-28 08:00:00,56.46
2018-06-28 09:00:00,53.9
2018-06-28 10:00:00,49.58
2018-06-28 11:00:00,46.88
2018-06-28 12:00:00,45.55
2018-06-28 13:00:00,47.94
2018-06-28 14:00:00,45.98
2018-06-28 15:00:00,48.31
2018-06-28 16:00:00,48.94
2018-06-28 17:00:00,48.71
2018-06-28 18:00:00,48.92
2018-06-28 19:00:00,41.48
2018-06-28 20:00:00,46.22
2018-06-28 21:00:00,42.52
2018-06-28 22:00:00,40.12
2018-06-28 23:00:00,38.53
2018-06-29 00:00:00,36.84
2018-06-29 01:00:00,35.21
2018-06-29 02:00:00,35.14
2018-06-29 03:00:00,38.51
2018-06-29 04:00:00,44.83
2018-06-29 05:00:00,51.55
2018-06-29 06:00:00,53.13
2018-06-29 07:00:00,50.02
2018-06-29 08:00:00,51.61
2018-06-29 09:00:00,51.96
2018-06-29 10:00:00,52.06
2018-06-29 11:00:00,45.77
2018-06-29 12:00:00,42.79
2018-06-29 13:00:00,40.81
2018-06-29 14:00:00,40.54
2018-06-29 15:00:00,44.26
2018-06-29 16:00:00,48.06
2018-06-29 17:00:00,52.37
2018-06-29 18:00:00,50.95
2018-06-29 19:00:00,49.86
2018-06-29 20:00:00,59.75
2018-06-29 21:00:00,53.98
2018-06-29 22:00:00,46.36
2018-06-29 23:00:00,42.98
2018-06-30 00:00:00,41.2
2018-06-30 01:00:00,39.79
2018-06-30 02:00:00,38.38
2018-06-30 03:00:00,38.91
2018-06-30 04:00:00,41.16
2018-06-30 05:00:00,46.03
2018-06-30 06:00:00,48.36
2018-06-30 07:00:00,47.75
2018-06-30 08:00:00,43.53
2018-06-30 09:00:00,44.66
2018-06-30 10:00:00,43.12
2018-06-30 11:00:00,38.23
2018-06-30 12:00:00,38.01
2018-06-30 13:00:00,38.01
2018-06-30 14:00:00,39.47
2018-06-30 15:00:00,42.53
2018-06-30 16:00:00,47.33
2018-06-30 17:00:00,48.85
2018-06-30 18:00:00,48.73
2018-06-30 19:00:00,47.51
2018-06-30 20:00:00,48.23
2018-06-30 21:00:00,45.26
2018-06-30 22:00:00,37.46
2018-06-30 23:00:00,30.76
2018-07-01 00:00:00,26.11
2018-07-01 01:00:00,22.12
2018-07-01 02:00:00,23.42
2018-07-01 03:00:00,21.44
2018-07-01 04:00:00,23.43
2018-07-01 05:00:00,29.37
2018-07-01 06:00:00,29.98
2018-07-01 07:00:00,26.08
2018-07-01 08:00:00,20.71
2018-07-01 09:00:00,25.86
2018-07-01 10:00:00,27.2
2018-07-01 11:00:00,20.11
2018-07-01 12:00:00,18.72
2018-07-01 13:00:00,18.84
2018-07-01 14:00:00,20.87
2018-07-01 15:00:00,28.37
2018-07-01 16:00:00,42.19
2018-07-01 17:00:00,48.37
2018-07-01 18:00:00,49.67
2018-07-01 19:00:00,46.28
2018-07-01 20:00:00,52.01
2018-07-01 21:00:00,44.7
2018-07-01 22:00:00,41.45
2018-07-01 23:00:00,39.25
2018-07-02 00:00:00,38.19
2018-07-02 01:00:00,38.03
2018-07-02 02:00:00,38.08
2018-07-02 03:00:00,39.07
2018-07-02 04:00:00,49.49
2018-07-02 05:00:00,55.95
2018-07-02 06:00:00,54.92
2018-07-02 07:00:00,55.19
2018-07-02 08:00:00,54.83
2018-07-02 09:00:00,54.63
2018-07-02 10:00:00,56.26
2018-07-02 11:00:00,57.63
2018-07-02 12:00:00,57.63
2018-07-02 13:00:00,59.76
2018-07-02 14:00:00,57.44
2018-07-02 15:00:00,62.0
2018-07-02 16:00:00,62.47
2018-07-02 17:00:00,62.47
2018-07-02 18:00:00,59.02
2018-07-02 19:00:00,54.96
2018-07-02 20:00:00,54.5
2018-07-02 21:00:00,51.25
2018-07-02 22:00:00,42.23
2018-07-02 23:00:00,41.44
2018-07-03 00:00:00,41.71
2018-07-03 01:00:00,42.38
2018-07-03 02:00:00,43.02
2018-07-03 03:00:00,44.2
2018-07-03 04:00:00,50.24
2018-07-03 05:00:00,58.0
2018-07-03 06:00:00,61.89
2018-07-03 07:00:00,63.0
2018-07-03 08:00:00,62.96
2018-07-03 09:00:00,63.01
2018-07-03 10:00:00,62.78
2018-07-03 11:00:00,62.52
2018-07-03 12:00:00,62.01
2018-07-03 13:00:00,61.89
2018-07-03 14:00:00,61.96
2018-07-03 15:00:00,62.0
2018-07-03 16:00:00,63.17
2018-07-03 17:00:00,62.93
2018-07-03 18:00:00,63.03
2018-07-03 19:00:00,62.69
2018-07-03 20:00:00,65.0
2018-07-03 21:00:00,61.45
2018-07-03 22:00:00,48.0
2018-07-03 23:00:00,46.23
2018-07-04 00:00:00,45.8
2018-07-04 01:00:00,44.99
2018-07-04 02:00:00,45.44
2018-07-04 03:00:00,46.26
2018-07-04 04:00:00,52.55
2018-07-04 05:00:00,59.98
2018-07-04 06:00:00,62.64
2018-07-04 07:00:00,66.03
2018-07-04 08:00:00,63.3
2018-07-04 09:00:00,63.49
2018-07-04 10:00:00,62.83
2018-07-04 11:00:00,62.5
2018-07-04 12:00:00,62.01
2018-07-04 13:00:00,61.14
2018-07-04 14:00:00,60.5
2018-07-04 15:00:00,60.83
2018-07-04 16:00:00,60.83
2018-07-04 17:00:00,60.38
2018-07-04 18:00:00,59.93
2018-07-04 19:00:00,58.59
2018-07-04 20:00:00,62.01
2018-07-04 21:00:00,58.68
2018-07-04 22:00:00,54.08
2018-07-04 23:00:00,45.48
2018-07-05 00:00:00,44.31
2018-07-05 01:00:00,42.99
2018-07-05 02:00:00,43.11
2018-07-05 03:00:00,44.65
2018-07-05 04:00:00,51.89
2018-07-05 05:00:00,57.71
2018-07-05 06:00:00,61.21
2018-07-05 07:00:00,61.21
2018-07-05 08:00:00,61.85
2018-07-05 09:00:00,62.09
2018-07-05 10:00:00,61.89
2018-07-05 11:00:00,61.66
2018-07-05 12:00:00,58.79
2018-07-05 13:00:00,55.71
2018-07-05 14:00:00,53.39
2018-07-05 15:00:00,62.12
2018-07-05 16:00:00,61.99
2018-07-05 17:00:00,61.75
2018-07-05 18:00:00,59.91
2018-07-05 19:00:00,53.79
2018-07-05 20:00:00,61.63
2018-07-05 21:00:00,59.94
2018-07-05 22:00:00,48.39
2018-07-05 23:00:00,42.98
2018-07-06 00:00:00,42.06
2018-07-06 01:00:00,41.83
2018-07-06 02:00:00,42.0
2018-07-06 03:00:00,41.92
2018-07-06 04:00:00,49.1
2018-07-06 05:00:00,55.01
2018-07-06 06:00:00,56.6
2018-07-06 07:00:00,59.68
2018-07-06 08:00:00,59.88
2018-07-06 09:00:00,59.31
2018-07-06 10:00:00,56.74
2018-07-06 11:00:00,53.0
2018-07-06 12:00:00,51.05
2018-07-06 13:00:00,48.56
2018-07-06 14:00:00,47.37
2018-07-06 15:00:00,51.86
2018-07-06 16:00:00,58.79
2018-07-06 17:00:00,58.4
2018-07-06 18:00:00,51.82
2018-07-06 19:00:00,50.57
2018-07-06 20:00:00,60.32
2018-07-06 21:00:00,57.38
2018-07-06 22:00:00,47.71
2018-07-06 23:00:00,45.03
2018-07-07 00:00:00,41.02
2018-07-07 01:00:00,40.86
2018-07-07 02:00:00,39.46
2018-07-07 03:00:00,38.23
2018-07-07 04:00:00,39.53
2018-07-07 05:00:00,41.4
2018-07-07 06:00:00,43.49
2018-07-07 07:00:00,42.94
2018-07-07 08:00:00,38.94
2018-07-07 09:00:00,42.89
2018-07-07 10:00:00,44.19
2018-07-07 11:00:00,42.33
2018-07-07 12:00:00,37.0
2018-07-07 13:00:00,38.26
2018-07-07 14:00:00,35.96
2018-07-07 15:00:00,44.48
2018-07-07 16:00:00,45.05
2018-07-07 17:00:00,54.98
2018-07-07 18:00:00,50.04
2018-07-07 19:00:00,46.95
2018-07-07 20:00:00,56.34
2018-07-07 21:00:00,55.93
2018-07-07 22:00:00,43.62
2018-07-07 23:00:00,36.98
2018-07-08 00:00:00,33.93
2018-07-08 01:00:00,32.01
2018-07-08 02:00:00,30.33
2018-07-08 03:00:00,31.43
2018-07-08 04:00:00,30.69
2018-07-08 05:00:00,32.69
2018-07-08 06:00:00,33.71
2018-07-08 07:00:00,32.75
2018-07-08 08:00:00,29.88
2018-07-08 09:00:00,29.39
2018-07-08 10:00:00,29.34
2018-07-08 11:00:00,29.82
2018-07-08 12:00:00,27.47
2018-07-08 13:00:00,22.64
2018-07-08 14:00:00,27.43
2018-07-08 15:00:00,29.55
2018-07-08 16:00:00,43.71
2018-07-08 17:00:00,50.17
2018-07-08 18:00:00,50.1
2018-07-08 19:00:00,50.0
2018-07-08 20:00:00,58.55
2018-07-08 21:00:00,57.21
2018-07-08 22:00:00,61.4
2018-07-08 23:00:00,47.01
2018-07-09 00:00:00,42.27
2018-07-09 01:00:00,40.94
2018-07-09 02:00:00,41.32
2018-07-09 03:00:00,42.87
2018-07-09 04:00:00,50.14
2018-07-09 05:00:00,53.52
2018-07-09 06:00:00,54.71
2018-07-09 07:00:00,58.94
2018-07-09 08:00:00,58.15
2018-07-09 09:00:00,58.07
2018-07-09 10:00:00,56.31
2018-07-09 11:00:00,57.7
2018-07-09 12:00:00,57.23
2018-07-09 13:00:00,52.41
2018-07-09 14:00:00,52.54
2018-07-09 15:00:00,52.02
2018-07-09 16:00:00,52.95
2018-07-09 17:00:00,59.41
2018-07-09 18:00:00,53.44
2018-07-09 19:00:00,51.94
2018-07-09 20:00:00,52.59
2018-07-09 21:00:00,49.37
2018-07-09 22:00:00,43.98
2018-07-09 23:00:00,43.3
2018-07-10 00:00:00,44.78
2018-07-10 01:00:00,43.28
2018-07-10 02:00:00,41.7
2018-07-10 03:00:00,44.54
2018-07-10 04:00:00,50.61
2018-07-10 05:00:00,56.82
2018-07-10 06:00:00,58.34
2018-07-10 07:00:00,58.9
2018-07-10 08:00:00,58.41
2018-07-10 09:00:00,58.26
2018-07-10 10:00:00,57.32
2018-07-10 11:00:00,57.02
2018-07-10 12:00:00,55.97
2018-07-10 13:00:00,55.15
2018-07-10 14:00:00,54.37
2018-07-10 15:00:00,56.0
2018-07-10 16:00:00,57.05
2018-07-10 17:00:00,57.5
2018-07-10 18:00:00,56.08
2018-07-10 19:00:00,54.75
2018-07-10 20:00:00,55.99
2018-07-10 21:00:00,50.69
2018-07-10 22:00:00,45.5
2018-07-10 23:00:00,45.51
2018-07-11 00:00:00,43.66
2018-07-11 01:00:00,43.33
2018-07-11 02:00:00,43.39
2018-07-11 03:00:00,43.8
2018-07-11 04:00:00,51.44
2018-07-11 05:00:00,56.99
2018-07-11 06:00:00,57.51
2018-07-11 07:00:00,57.75
2018-07-11 08:00:00,56.94
2018-07-11 09:00:00,56.69
2018-07-11 10:00:00,55.99
2018-07-11 11:00:00,54.99
2018-07-11 12:00:00,53.67
2018-07-11 13:00:00,52.38
2018-07-11 14:00:00,52.66
2018-07-11 15:00:00,55.23
2018-07-11 16:00:00,56.91
2018-07-11 17:00:00,57.77
2018-07-11 18:00:00,56.85
2018-07-11 19:00:00,55.54
2018-07-11 20:00:00,55.65
2018-07-11 21:00:00,51.58
2018-07-11 22:00:00,48.77
2018-07-11 23:00:00,46.1
2018-07-12 00:00:00,47.51
2018-07-12 01:00:00,45.02
2018-07-12 02:00:00,44.43
2018-07-12 03:00:00,44.49
2018-07-12 04:00:00,51.05
2018-07-12 05:00:00,57.94
2018-07-12 06:00:00,58.9
2018-07-12 07:00:00,56.97
2018-07-12 08:00:00,58.31
2018-07-12 09:00:00,58.3
2018-07-12 10:00:00,56.51
2018-07-12 11:00:00,54.92
2018-07-12 12:00:00,53.93
2018-07-12 13:00:00,53.35
2018-07-12 14:00:00,53.46
2018-07-12 15:00:00,55.44
2018-07-12 16:00:00,56.32
2018-07-12 17:00:00,58.64
2018-07-12 18:00:00,57.07
2018-07-12 19:00:00,55.92
2018-07-12 20:00:00,54.85
2018-07-12 21:00:00,51.16
2018-07-12 22:00:00,49.32
2018-07-12 23:00:00,43.91
2018-07-13 00:00:00,43.14
2018-07-13 01:00:00,43.21
2018-07-13 02:00:00,43.5
2018-07-13 03:00:00,44.17
2018-07-13 04:00:00,51.79
2018-07-13 05:00:00,57.69
2018-07-13 06:00:00,57.98
2018-07-13 07:00:00,56.53
2018-07-13 08:00:00,55.0
2018-07-13 09:00:00,54.01
2018-07-13 10:00:00,51.81
2018-07-13 11:00:00,49.04
2018-07-13 12:00:00,46.76
2018-07-13 13:00:00,47.6
2018-07-13 14:00:00,50.06
2018-07-13 15:00:00,53.71
2018-07-13 16:00:00,55.85
2018-07-13 17:00:00,57.96
2018-07-13 18:00:00,56.37
2018-07-13 19:00:00,55.1
2018-07-13 20:00:00,57.75
2018-07-13 21:00:00,52.45
2018-07-13 22:00:00,52.77
2018-07-13 23:00:00,50.0
2018-07-14 00:00:00,48.19
2018-07-14 01:00:00,45.3
2018-07-14 02:00:00,43.42
2018-07-14 03:00:00,42.49
2018-07-14 04:00:00,43.06
2018-07-14 05:00:00,48.18
2018-07-14 06:00:00,51.25
2018-07-14 07:00:00,51.22
2018-07-14 08:00:00,49.29
2018-07-14 09:00:00,46.02
2018-07-14 10:00:00,46.92
2018-07-14 11:00:00,44.2
2018-07-14 12:00:00,43.64
2018-07-14 13:00:00,42.29
2018-07-14 14:00:00,42.48
2018-07-14 15:00:00,48.72
2018-07-14 16:00:00,53.97
2018-07-14 17:00:00,55.34
2018-07-14 18:00:00,57.55
2018-07-14 19:00:00,54.98
2018-07-14 20:00:00,58.12
2018-07-14 21:00:00,56.24
2018-07-14 22:00:00,49.82
2018-07-14 23:00:00,47.64
2018-07-15 00:00:00,45.01
2018-07-15 01:00:00,42.41
2018-07-15 02:00:00,42.29
2018-07-15 03:00:00,42.4
2018-07-15 04:00:00,41.49
2018-07-15 05:00:00,42.24
2018-07-15 06:00:00,42.25
2018-07-15 07:00:00,43.36
2018-07-15 08:00:00,42.14
2018-07-15 09:00:00,43.09
2018-07-15 10:00:00,45.23
2018-07-15 11:00:00,42.99
2018-07-15 12:00:00,40.7
2018-07-15 13:00:00,41.11
2018-07-15 14:00:00,42.3
2018-07-15 15:00:00,42.03
2018-07-15 16:00:00,51.72
2018-07-15 17:00:00,54.25
2018-07-15 18:00:00,56.05
2018-07-15 19:00:00,56.23
2018-07-15 20:00:00,58.98
2018-07-15 21:00:00,56.97
2018-07-15 22:00:00,50.58
2018-07-15 23:00:00,43.85
2018-07-16 00:00:00,42.03
2018-07-16 01:00:00,41.64
2018-07-16 02:00:00,39.54
2018-07-16 03:00:00,43.07
2018-07-16 04:00:00,53.05
2018-07-16 05:00:00,58.09
2018-07-16 06:00:00,59.4
2018-07-16 07:00:00,58.87
2018-07-16 08:00:00,57.43
2018-07-16 09:00:00,58.45
2018-07-16 10:00:00,56.15
2018-07-16 11:00:00,55.35
2018-07-16 12:00:00,55.46
2018-07-16 13:00:00,55.41
2018-07-16 14:00:00,55.91
2018-07-16 15:00:00,57.36
2018-07-16 16:00:00,59.34
2018-07-16 17:00:00,62.82
2018-07-16 18:00:00,59.22
2018-07-16 19:00:00,56.92
2018-07-16 20:00:00,57.08
2018-07-16 21:00:00,51.84
2018-07-16 22:00:00,46.52
2018-07-16 23:00:00,44.44
2018-07-17 00:00:00,42.54
2018-07-17 01:00:00,42.35
2018-07-17 02:00:00,42.6
2018-07-17 03:00:00,43.8
2018-07-17 04:00:00,52.2
2018-07-17 05:00:00,57.96
2018-07-17 06:00:00,59.44
2018-07-17 07:00:00,57.97
2018-07-17 08:00:00,56.05
2018-07-17 09:00:00,56.0
2018-07-17 10:00:00,53.79
2018-07-17 11:00:00,51.99
2018-07-17 12:00:00,52.34
2018-07-17 13:00:00,52.48
2018-07-17 14:00:00,52.42
2018-07-17 15:00:00,53.76
2018-07-17 16:00:00,56.18
2018-07-17 17:00:00,58.56
2018-07-17 18:00:00,56.94
2018-07-17 19:00:00,55.21
2018-07-17 20:00:00,54.44
2018-07-17 21:00:00,51.32
2018-07-17 22:00:00,45.81
2018-07-17 23:00:00,42.23
2018-07-18 00:00:00,41.91
2018-07-18 01:00:00,41.0
2018-07-18 02:00:00,40.89
2018-07-18 03:00:00,41.28
2018-07-18 04:00:00,48.93
2018-07-18 05:00:00,53.68
2018-07-18 06:00:00,55.93
2018-07-18 07:00:00,54.58
2018-07-18 08:00:00,53.68
2018-07-18 09:00:00,54.16
2018-07-18 10:00:00,52.69
2018-07-18 11:00:00,50.62
2018-07-18 12:00:00,49.01
2018-07-18 13:00:00,49.67
2018-07-18 14:00:00,52.06
2018-07-18 15:00:00,54.14
2018-07-18 16:00:00,59.4
2018-07-18 17:00:00,57.97
2018-07-18 18:00:00,56.87
2018-07-18 19:00:00,55.14
2018-07-18 20:00:00,54.17
2018-07-18 21:00:00,50.08
2018-07-18 22:00:00,44.35
2018-07-18 23:00:00,42.6
2018-07-19 00:00:00,41.7
2018-07-19 01:00:00,41.7
2018-07-19 02:00:00,41.39
2018-07-19 03:00:00,43.05
2018-07-19 04:00:00,51.05
2018-07-19 05:00:00,56.32
2018-07-19 06:00:00,57.98
2018-07-19 07:00:00,55.95
2018-07-19 08:00:00,54.08
2018-07-19 09:00:00,53.03
2018-07-19 10:00:00,52.6
2018-07-19 11:00:00,51.29
2018-07-19 12:00:00,51.74
2018-07-19 13:00:00,52.51
2018-07-19 14:00:00,52.73
2018-07-19 15:00:00,55.26
2018-07-19 16:00:00,57.99
2018-07-19 17:00:00,59.38
2018-07-19 18:00:00,58.47
2018-07-19 19:00:00,57.53
2018-07-19 20:00:00,56.15
2018-07-19 21:00:00,51.9
2018-07-19 22:00:00,48.82
2018-07-19 23:00:00,45.6
2018-07-20 00:00:00,44.49
2018-07-20 01:00:00,44.05
2018-07-20 02:00:00,44.93
2018-07-20 03:00:00,45.04
2018-07-20 04:00:00,52.47
2018-07-20 05:00:00,57.61
2018-07-20 06:00:00,57.93
2018-07-20 07:00:00,57.98
2018-07-20 08:00:00,57.06
2018-07-20 09:00:00,56.69
2018-07-20 10:00:00,55.1
2018-07-20 11:00:00,54.07
2018-07-20 12:00:00,54.03
2018-07-20 13:00:00,55.06
2018-07-20 14:00:00,56.07
2018-07-20 15:00:00,57.91
2018-07-20 16:00:00,58.5
2018-07-20 17:00:00,58.95
2018-07-20 18:00:00,57.98
2018-07-20 19:00:00,56.1
2018-07-20 20:00:00,56.02
2018-07-20 21:00:00,52.57
2018-07-20 22:00:00,50.33
2018-07-20 23:00:00,45.58
2018-07-21 00:00:00,44.73
2018-07-21 01:00:00,45.52
2018-07-21 02:00:00,44.67
2018-07-21 03:00:00,44.4
2018-07-21 04:00:00,44.06
2018-07-21 05:00:00,46.69
2018-07-21 06:00:00,52.52
2018-07-21 07:00:00,55.04
2018-07-21 08:00:00,55.09
2018-07-21 09:00:00,55.18
2018-07-21 10:00:00,54.72
2018-07-21 11:00:00,50.46
2018-07-21 12:00:00,45.0
2018-07-21 13:00:00,45.1
2018-07-21 14:00:00,47.09
2018-07-21 15:00:00,53.12
2018-07-21 16:00:00,55.02
2018-07-21 17:00:00,55.22
2018-07-21 18:00:00,54.96
2018-07-21 19:00:00,54.68
2018-07-21 20:00:00,57.48
2018-07-21 21:00:00,52.2
2018-07-21 22:00:00,51.79
2018-07-21 23:00:00,46.75
2018-07-22 00:00:00,44.25
2018-07-22 01:00:00,43.87
2018-07-22 02:00:00,42.85
2018-07-22 03:00:00,42.2
2018-07-22 04:00:00,42.07
2018-07-22 05:00:00,42.4
2018-07-22 06:00:00,43.61
2018-07-22 07:00:00,44.74
2018-07-22 08:00:00,44.5
2018-07-22 09:00:00,44.78
2018-07-22 10:00:00,43.58
2018-07-22 11:00:00,41.98
2018-07-22 12:00:00,41.25
2018-07-22 13:00:00,41.4
2018-07-22 14:00:00,42.87
2018-07-22 15:00:00,45.84
2018-07-22 16:00:00,47.96
2018-07-22 17:00:00,55.14
2018-07-22 18:00:00,56.95
2018-07-22 19:00:00,57.21
2018-07-22 20:00:00,59.41
2018-07-22 21:00:00,56.3
2018-07-22 22:00:00,52.18
2018-07-22 23:00:00,48.59
2018-07-23 00:00:00,45.8
2018-07-23 01:00:00,44.5
2018-07-23 02:00:00,44.68
2018-07-23 03:00:00,47.45
2018-07-23 04:00:00,53.06
2018-07-23 05:00:00,58.95
2018-07-23 06:00:00,59.94
2018-07-23 07:00:00,59.05
2018-07-23 08:00:00,57.99
2018-07-23 09:00:00,57.98
2018-07-23 10:00:00,57.27
2018-07-23 11:00:00,56.86
2018-07-23 12:00:00,55.26
2018-07-23 13:00:00,55.2
2018-07-23 14:00:00,55.82
2018-07-23 15:00:00,57.91
2018-07-23 16:00:00,59.91
2018-07-23 17:00:00,61.45
2018-07-23 18:00:00,60.1
2018-07-23 19:00:00,59.02
2018-07-23 20:00:00,57.98
2018-07-23 21:00:00,54.57
2018-07-23 22:00:00,50.88
2018-07-23 23:00:00,47.47
2018-07-24 00:00:00,46.55
2018-07-24 01:00:00,45.09
2018-07-24 02:00:00,45.57
2018-07-24 03:00:00,47.42
2018-07-24 04:00:00,53.97
2018-07-24 05:00:00,60.63
2018-07-24 06:00:00,62.9
2018-07-24 07:00:00,61.32
2018-07-24 08:00:00,59.57
2018-07-24 09:00:00,61.37
2018-07-24 10:00:00,59.99
2018-07-24 11:00:00,58.95
2018-07-24 12:00:00,58.91
2018-07-24 13:00:00,57.67
2018-07-24 14:00:00,58.19
2018-07-24 15:00:00,63.0
2018-07-24 16:00:00,64.17
2018-07-24 17:00:00,65.51
2018-07-24 18:00:00,64.22
2018-07-24 19:00:00,63.89
2018-07-24 20:00:00,61.02
2018-07-24 21:00:00,55.37
2018-07-24 22:00:00,53.64
2018-07-24 23:00:00,50.66
2018-07-25 00:00:00,49.08
2018-07-25 01:00:00,48.7
2018-07-25 02:00:00,48.23
2018-07-25 03:00:00,49.79
2018-07-25 04:00:00,55.71
2018-07-25 05:00:00,62.96
2018-07-25 06:00:00,65.0
2018-07-25 07:00:00,65.07
2018-07-25 08:00:00,65.0
2018-07-25 09:00:00,63.2
2018-07-25 10:00:00,59.74
2018-07-25 11:00:00,58.87
2018-07-25 12:00:00,57.92
2018-07-25 13:00:00,58.54
2018-07-25 14:00:00,62.85
2018-07-25 15:00:00,67.0
2018-07-25 16:00:00,65.8
2018-07-25 17:00:00,66.9
2018-07-25 18:00:00,65.45
2018-07-25 19:00:00,64.37
2018-07-25 20:00:00,62.02
2018-07-25 21:00:00,55.21
2018-07-25 22:00:00,50.02
2018-07-25 23:00:00,48.4
2018-07-26 00:00:00,47.5
2018-07-26 01:00:00,46.75
2018-07-26 02:00:00,46.35
2018-07-26 03:00:00,47.34
2018-07-26 04:00:00,52.28
2018-07-26 05:00:00,60.77
2018-07-26 06:00:00,64.08
2018-07-26 07:00:00,64.21
2018-07-26 08:00:00,65.76
2018-07-26 09:00:00,65.65
2018-07-26 10:00:00,63.0
2018-07-26 11:00:00,63.78
2018-07-26 12:00:00,64.07
2018-07-26 13:00:00,64.32
2018-07-26 14:00:00,63.55
2018-07-26 15:00:00,67.09
2018-07-26 16:00:00,67.19
2018-07-26 17:00:00,69.3
2018-07-26 18:00:00,66.3
2018-07-26 19:00:00,64.74
2018-07-26 20:00:00,65.7
2018-07-26 21:00:00,62.7
2018-07-26 22:00:00,49.56
2018-07-26 23:00:00,46.51
2018-07-27 00:00:00,45.0
2018-07-27 01:00:00,45.0
2018-07-27 02:00:00,44.72
2018-07-27 03:00:00,47.02
2018-07-27 04:00:00,52.51
2018-07-27 05:00:00,60.91
2018-07-27 06:00:00,62.01
2018-07-27 07:00:00,61.09
2018-07-27 08:00:00,64.37
2018-07-27 09:00:00,63.36
2018-07-27 10:00:00,59.37
2018-07-27 11:00:00,57.6
2018-07-27 12:00:00,58.53
2018-07-27 13:00:00,56.96
2018-07-27 14:00:00,56.55
2018-07-27 15:00:00,62.4
2018-07-27 16:00:00,63.12
2018-07-27 17:00:00,62.46
2018-07-27 18:00:00,62.21
2018-07-27 19:00:00,58.06
2018-07-27 20:00:00,57.0
2018-07-27 21:00:00,53.11
2018-07-27 22:00:00,51.91
2018-07-27 23:00:00,47.75
2018-07-28 00:00:00,43.54
2018-07-28 01:00:00,42.95
2018-07-28 02:00:00,43.04
2018-07-28 03:00:00,42.61
2018-07-28 04:00:00,44.48
2018-07-28 05:00:00,47.08
2018-07-28 06:00:00,50.83
2018-07-28 07:00:00,53.59
2018-07-28 08:00:00,49.06
2018-07-28 09:00:00,46.8
2018-07-28 10:00:00,45.28
2018-07-28 11:00:00,43.02
2018-07-28 12:00:00,42.09
2018-07-28 13:00:00,41.81
2018-07-28 14:00:00,42.4
2018-07-28 15:00:00,45.11
2018-07-28 16:00:00,50.0
2018-07-28 17:00:00,52.88
2018-07-28 18:00:00,52.84
2018-07-28 19:00:00,53.09
2018-07-28 20:00:00,53.76
2018-07-28 21:00:00,50.59
2018-07-28 22:00:00,47.4
2018-07-28 23:00:00,42.78
2018-07-29 00:00:00,41.63
2018-07-29 01:00:00,42.21
2018-07-29 02:00:00,42.5
2018-07-29 03:00:00,42.5
2018-07-29 04:00:00,42.09
2018-07-29 05:00:00,40.49
2018-07-29 06:00:00,40.55
2018-07-29 07:00:00,40.59
2018-07-29 08:00:00,41.57
2018-07-29 09:00:00,40.57
2018-07-29 10:00:00,40.61
2018-07-29 11:00:00,40.98
2018-07-29 12:00:00,36.76
2018-07-29 13:00:00,37.4
2018-07-29 14:00:00,41.53
2018-07-29 15:00:00,42.01
2018-07-29 16:00:00,50.73
2018-07-29 17:00:00,55.76
2018-07-29 18:00:00,57.43
2018-07-29 19:00:00,57.94
2018-07-29 20:00:00,57.22
2018-07-29 21:00:00,53.65
2018-07-29 22:00:00,49.87
2018-07-29 23:00:00,46.58
2018-07-30 00:00:00,45.04
2018-07-30 01:00:00,44.26
2018-07-30 02:00:00,44.81
2018-07-30 03:00:00,45.04
2018-07-30 04:00:00,52.56
2018-07-30 05:00:00,59.21
2018-07-30 06:00:00,60.99
2018-07-30 07:00:00,61.08
2018-07-30 08:00:00,57.36
2018-07-30 09:00:00,57.06
2018-07-30 10:00:00,55.91
2018-07-30 11:00:00,54.47
2018-07-30 12:00:00,53.55
2018-07-30 13:00:00,54.54
2018-07-30 14:00:00,55.94
2018-07-30 15:00:00,61.45
2018-07-30 16:00:00,62.8
2018-07-30 17:00:00,64.63
2018-07-30 18:00:00,63.46
2018-07-30 19:00:00,62.06
2018-07-30 20:00:00,60.37
2018-07-30 21:00:00,51.46
2018-07-30 22:00:00,47.02
2018-07-30 23:00:00,45.98
2018-07-31 00:00:00,45.25
2018-07-31 01:00:00,44.34
2018-07-31 02:00:00,44.03
2018-07-31 03:00:00,46.07
2018-07-31 04:00:00,51.91
2018-07-31 05:00:00,62.48
2018-07-31 06:00:00,65.77
2018-07-31 07:00:00,65.9
2018-07-31 08:00:00,62.03
2018-07-31 09:00:00,60.73
2018-07-31 10:00:00,56.65
2018-07-31 11:00:00,54.46
2018-07-31 12:00:00,52.87
2018-07-31 13:00:00,53.1
2018-07-31 14:00:00,54.02
2018-07-31 15:00:00,61.01
2018-07-31 16:00:00,65.06
2018-07-31 17:00:00,65.96
2018-07-31 18:00:00,65.32
2018-07-31 19:00:00,65.32
2018-07-31 20:00:00,63.68
2018-07-31 21:00:00,52.93
2018-07-31 22:00:00,47.13
2018-07-31 23:00:00,47.0
2018-08-01 00:00:00,44.89
2018-08-01 01:00:00,44.12
2018-08-01 02:00:00,44.21
2018-08-01 03:00:00,45.96
2018-08-01 04:00:00,49.4
2018-08-01 05:00:00,58.44
2018-08-01 06:00:00,60.52
2018-08-01 07:00:00,62.0
2018-08-01 08:00:00,60.43
2018-08-01 09:00:00,59.1
2018-08-01 10:00:00,58.22
2018-08-01 11:00:00,57.8
2018-08-01 12:00:00,57.99
2018-08-01 13:00:00,58.0
2018-08-01 14:00:00,58.24
2018-08-01 15:00:00,63.03
2018-08-01 16:00:00,65.0
2018-08-01 17:00:00,65.87
2018-08-01 18:00:00,64.0
2018-08-01 19:00:00,63.59
2018-08-01 20:00:00,62.54
2018-08-01 21:00:00,53.77
2018-08-01 22:00:00,47.77
2018-08-01 23:00:00,46.13
2018-08-02 00:00:00,46.78
2018-08-02 01:00:00,45.21
2018-08-02 02:00:00,45.3
2018-08-02 03:00:00,46.81
2018-08-02 04:00:00,53.06
2018-08-02 05:00:00,62.21
2018-08-02 06:00:00,64.66
2018-08-02 07:00:00,65.7
2018-08-02 08:00:00,65.7
2018-08-02 09:00:00,64.99
2018-08-02 10:00:00,64.15
2018-08-02 11:00:00,62.85
2018-08-02 12:00:00,61.91
2018-08-02 13:00:00,61.94
2018-08-02 14:00:00,63.07
2018-08-02 15:00:00,66.42
2018-08-02 16:00:00,67.98
2018-08-02 17:00:00,69.41
2018-08-02 18:00:00,67.72
2018-08-02 19:00:00,67.1
2018-08-02 20:00:00,65.44
2018-08-02 21:00:00,56.01
2018-08-02 22:00:00,52.37
2018-08-02 23:00:00,51.14
2018-08-03 00:00:00,49.09
2018-08-03 01:00:00,48.35
2018-08-03 02:00:00,48.47
2018-08-03 03:00:00,49.98
2018-08-03 04:00:00,58.7
2018-08-03 05:00:00,67.76
2018-08-03 06:00:00,69.21
2018-08-03 07:00:00,70.26
2018-08-03 08:00:00,70.46
2018-08-03 09:00:00,70.0
2018-08-03 10:00:00,70.7
2018-08-03 11:00:00,70.41
2018-08-03 12:00:00,70.0
2018-08-03 13:00:00,64.53
2018-08-03 14:00:00,65.92
2018-08-03 15:00:00,69.72
2018-08-03 16:00:00,70.51
2018-08-03 17:00:00,75.49
2018-08-03 18:00:00,70.35
2018-08-03 19:00:00,70.01
2018-08-03 20:00:00,66.98
2018-08-03 21:00:00,58.61
2018-08-03 22:00:00,55.84
2018-08-03 23:00:00,51.51
2018-08-04 00:00:00,49.94
2018-08-04 01:00:00,49.5
2018-08-04 02:00:00,48.75
2018-08-04 03:00:00,48.73
2018-08-04 04:00:00,49.96
2018-08-04 05:00:00,51.51
2018-08-04 06:00:00,54.89
2018-08-04 07:00:00,56.46
2018-08-04 08:00:00,53.79
2018-08-04 09:00:00,51.68
2018-08-04 10:00:00,51.11
2018-08-04 11:00:00,49.33
2018-08-04 12:00:00,46.78
2018-08-04 13:00:00,45.05
2018-08-04 14:00:00,45.1
2018-08-04 15:00:00,49.7
2018-08-04 16:00:00,52.76
2018-08-04 17:00:00,56.26
2018-08-04 18:00:00,54.47
2018-08-04 19:00:00,53.09
2018-08-04 20:00:00,56.57
2018-08-04 21:00:00,49.53
2018-08-04 22:00:00,52.01
2018-08-04 23:00:00,50.03
2018-08-05 00:00:00,49.41
2018-08-05 01:00:00,47.86
2018-08-05 02:00:00,46.37
2018-08-05 03:00:00,45.07
2018-08-05 04:00:00,45.68
2018-08-05 05:00:00,47.44
2018-08-05 06:00:00,49.44
2018-08-05 07:00:00,49.78
2018-08-05 08:00:00,46.09
2018-08-05 09:00:00,45.6
2018-08-05 10:00:00,45.54
2018-08-05 11:00:00,44.28
2018-08-05 12:00:00,44.11
2018-08-05 13:00:00,44.37
2018-08-05 14:00:00,45.06
2018-08-05 15:00:00,49.0
2018-08-05 16:00:00,52.54
2018-08-05 17:00:00,62.03
2018-08-05 18:00:00,64.95
2018-08-05 19:00:00,65.69
2018-08-05 20:00:00,67.59
2018-08-05 21:00:00,63.0
2018-08-05 22:00:00,50.18
2018-08-05 23:00:00,47.99
2018-08-06 00:00:00,47.02
2018-08-06 01:00:00,46.02
2018-08-06 02:00:00,45.08
2018-08-06 03:00:00,47.1
2018-08-06 04:00:00,54.38
2018-08-06 05:00:00,64.94
2018-08-06 06:00:00,68.01
2018-08-06 07:00:00,68.34
2018-08-06 08:00:00,65.94
2018-08-06 09:00:00,64.45
2018-08-06 10:00:00,62.36
2018-08-06 11:00:00,59.72
2018-08-06 12:00:00,60.42
2018-08-06 13:00:00,63.06
2018-08-06 14:00:00,66.99
2018-08-06 15:00:00,71.71
2018-08-06 16:00:00,74.02
2018-08-06 17:00:00,79.31
2018-08-06 18:00:00,73.79
2018-08-06 19:00:00,74.82
2018-08-06 20:00:00,71.61
2018-08-06 21:00:00,66.0
2018-08-06 22:00:00,58.11
2018-08-06 23:00:00,52.42
2018-08-07 00:00:00,51.01
2018-08-07 01:00:00,49.75
2018-08-07 02:00:00,49.53
2018-08-07 03:00:00,51.51
2018-08-07 04:00:00,57.99
2018-08-07 05:00:00,64.45
2018-08-07 06:00:00,66.8
2018-08-07 07:00:00,70.44
2018-08-07 08:00:00,69.0
2018-08-07 09:00:00,67.94
2018-08-07 10:00:00,66.92
2018-08-07 11:00:00,65.75
2018-08-07 12:00:00,66.11
2018-08-07 13:00:00,66.99
2018-08-07 14:00:00,67.19
2018-08-07 15:00:00,69.0
2018-08-07 16:00:00,75.42
2018-08-07 17:00:00,75.05
2018-08-07 18:00:00,67.33
2018-08-07 19:00:00,67.99
2018-08-07 20:00:00,66.91
2018-08-07 21:00:00,57.08
2018-08-07 22:00:00,47.77
2018-08-07 23:00:00,46.41
2018-08-08 00:00:00,45.49
2018-08-08 01:00:00,43.9
2018-08-08 02:00:00,43.9
2018-08-08 03:00:00,46.66
2018-08-08 04:00:00,51.15
2018-08-08 05:00:00,58.71
2018-08-08 06:00:00,65.06
2018-08-08 07:00:00,65.04
2018-08-08 08:00:00,59.12
2018-08-08 09:00:00,55.79
2018-08-08 10:00:00,56.26
2018-08-08 11:00:00,53.47
2018-08-08 12:00:00,49.99
2018-08-08 13:00:00,50.97
2018-08-08 14:00:00,54.56
2018-08-08 15:00:00,62.96
2018-08-08 16:00:00,65.7
2018-08-08 17:00:00,65.67
2018-08-08 18:00:00,66.41
2018-08-08 19:00:00,68.0
2018-08-08 20:00:00,68.01
2018-08-08 21:00:00,64.97
2018-08-08 22:00:00,50.57
2018-08-08 23:00:00,47.47
2018-08-09 00:00:00,46.14
2018-08-09 01:00:00,45.07
2018-08-09 02:00:00,44.8
2018-08-09 03:00:00,46.13
2018-08-09 04:00:00,52.05
2018-08-09 05:00:00,62.14
2018-08-09 06:00:00,63.9
2018-08-09 07:00:00,64.88
2018-08-09 08:00:00,64.67
2018-08-09 09:00:00,64.59
2018-08-09 10:00:00,62.77
2018-08-09 11:00:00,60.0
2018-08-09 12:00:00,57.56
2018-08-09 13:00:00,56.03
2018-08-09 14:00:00,54.39
2018-08-09 15:00:00,56.54
2018-08-09 16:00:00,58.76
2018-08-09 17:00:00,56.9
2018-08-09 18:00:00,52.36
2018-08-09 19:00:00,50.0
2018-08-09 20:00:00,49.54
2018-08-09 21:00:00,45.78
2018-08-09 22:00:00,36.29
2018-08-09 23:00:00,31.43
2018-08-10 00:00:00,31.37
2018-08-10 01:00:00,24.91
2018-08-10 02:00:00,25.39
2018-08-10 03:00:00,32.9
2018-08-10 04:00:00,46.08
2018-08-10 05:00:00,50.62
2018-08-10 06:00:00,53.47
2018-08-10 07:00:00,52.91
2018-08-10 08:00:00,51.5
2018-08-10 09:00:00,50.6
2018-08-10 10:00:00,48.66
2018-08-10 11:00:00,45.55
2018-08-10 12:00:00,44.05
2018-08-10 13:00:00,44.7
2018-08-10 14:00:00,48.04
2018-08-10 15:00:00,49.23
2018-08-10 16:00:00,59.36
2018-08-10 17:00:00,61.95
2018-08-10 18:00:00,57.15
2018-08-10 19:00:00,58.45
2018-08-10 20:00:00,57.0
2018-08-10 21:00:00,53.79
2018-08-10 22:00:00,49.43
2018-08-10 23:00:00,45.8
2018-08-11 00:00:00,44.02
2018-08-11 01:00:00,41.39
2018-08-11 02:00:00,40.64
2018-08-11 03:00:00,41.01
2018-08-11 04:00:00,41.52
2018-08-11 05:00:00,44.22
2018-08-11 06:00:00,47.97
2018-08-11 07:00:00,47.63
2018-08-11 08:00:00,45.02
2018-08-11 09:00:00,47.0
2018-08-11 10:00:00,48.19
2018-08-11 11:00:00,46.78
2018-08-11 12:00:00,43.57
2018-08-11 13:00:00,42.61
2018-08-11 14:00:00,41.68
2018-08-11 15:00:00,47.01
2018-08-11 16:00:00,50.32
2018-08-11 17:00:00,57.98
2018-08-11 18:00:00,58.92
2018-08-11 19:00:00,60.58
2018-08-11 20:00:00,61.14
2018-08-11 21:00:00,58.39
2018-08-11 22:00:00,48.22
2018-08-11 23:00:00,45.0
2018-08-12 00:00:00,42.8
2018-08-12 01:00:00,42.05
2018-08-12 02:00:00,40.99
2018-08-12 03:00:00,40.93
2018-08-12 04:00:00,41.47
2018-08-12 05:00:00,40.97
2018-08-12 06:00:00,41.1
2018-08-12 07:00:00,41.1
2018-08-12 08:00:00,41.1
2018-08-12 09:00:00,41.1
2018-08-12 10:00:00,41.1
2018-08-12 11:00:00,41.1
2018-08-12 12:00:00,24.6
2018-08-12 13:00:00,26.87
2018-08-12 14:00:00,30.08
2018-08-12 15:00:00,42.56
2018-08-12 16:00:00,51.19
2018-08-12 17:00:00,57.55
2018-08-12 18:00:00,61.35
2018-08-12 19:00:00,63.02
2018-08-12 20:00:00,62.1
2018-08-12 21:00:00,57.73
2018-08-12 22:00:00,50.6
2018-08-12 23:00:00,47.08
2018-08-13 00:00:00,44.97
2018-08-13 01:00:00,44.18
2018-08-13 02:00:00,44.06
2018-08-13 03:00:00,47.26
2018-08-13 04:00:00,53.69
2018-08-13 05:00:00,60.79
2018-08-13 06:00:00,61.93
2018-08-13 07:00:00,62.23
2018-08-13 08:00:00,61.38
2018-08-13 09:00:00,62.0
2018-08-13 10:00:00,61.91
2018-08-13 11:00:00,59.81
2018-08-13 12:00:00,58.05
2018-08-13 13:00:00,56.16
2018-08-13 14:00:00,58.13
2018-08-13 15:00:00,60.14
2018-08-13 16:00:00,59.91
2018-08-13 17:00:00,62.09
2018-08-13 18:00:00,59.9
2018-08-13 19:00:00,59.99
2018-08-13 20:00:00,56.7
2018-08-13 21:00:00,50.83
2018-08-13 22:00:00,49.41
2018-08-13 23:00:00,47.88
2018-08-14 00:00:00,46.88
2018-08-14 01:00:00,45.7
2018-08-14 02:00:00,45.77
2018-08-14 03:00:00,48.22
2018-08-14 04:00:00,53.47
2018-08-14 05:00:00,61.71
2018-08-14 06:00:00,64.07
2018-08-14 07:00:00,64.39
2018-08-14 08:00:00,64.03
2018-08-14 09:00:00,63.53
2018-08-14 10:00:00,59.9
2018-08-14 11:00:00,51.83
2018-08-14 12:00:00,48.0
2018-08-14 13:00:00,46.58
2018-08-14 14:00:00,45.81
2018-08-14 15:00:00,50.92
2018-08-14 16:00:00,59.89
2018-08-14 17:00:00,63.53
2018-08-14 18:00:00,63.44
2018-08-14 19:00:00,63.49
2018-08-14 20:00:00,62.15
2018-08-14 21:00:00,54.48
2018-08-14 22:00:00,48.73
2018-08-14 23:00:00,48.05
2018-08-15 00:00:00,47.85
2018-08-15 01:00:00,46.01
2018-08-15 02:00:00,44.43
2018-08-15 03:00:00,46.05
2018-08-15 04:00:00,49.32
2018-08-15 05:00:00,45.84
2018-08-15 06:00:00,51.74
2018-08-15 07:00:00,57.85
2018-08-15 08:00:00,53.69
2018-08-15 09:00:00,54.4
2018-08-15 10:00:00,52.23
2018-08-15 11:00:00,49.01
2018-08-15 12:00:00,48.25
2018-08-15 13:00:00,47.96
2018-08-15 14:00:00,48.66
2018-08-15 15:00:00,53.0
2018-08-15 16:00:00,62.21
2018-08-15 17:00:00,64.28
2018-08-15 18:00:00,65.0
2018-08-15 19:00:00,64.83
2018-08-15 20:00:00,63.83
2018-08-15 21:00:00,55.75
2018-08-15 22:00:00,49.88
2018-08-15 23:00:00,47.97
2018-08-16 00:00:00,47.39
2018-08-16 01:00:00,46.82
2018-08-16 02:00:00,46.51
2018-08-16 03:00:00,48.5
2018-08-16 04:00:00,55.0
2018-08-16 05:00:00,62.11
2018-08-16 06:00:00,63.63
2018-08-16 07:00:00,61.29
2018-08-16 08:00:00,55.01
2018-08-16 09:00:00,53.2
2018-08-16 10:00:00,54.48
2018-08-16 11:00:00,51.14
2018-08-16 12:00:00,50.83
2018-08-16 13:00:00,50.92
2018-08-16 14:00:00,52.07
2018-08-16 15:00:00,62.44
2018-08-16 16:00:00,65.7
2018-08-16 17:00:00,67.01
2018-08-16 18:00:00,67.06
2018-08-16 19:00:00,66.2
2018-08-16 20:00:00,64.39
2018-08-16 21:00:00,60.03
2018-08-16 22:00:00,50.66
2018-08-16 23:00:00,49.39
2018-08-17 00:00:00,47.44
2018-08-17 01:00:00,46.5
2018-08-17 02:00:00,47.02
2018-08-17 03:00:00,48.08
2018-08-17 04:00:00,56.64
2018-08-17 05:00:00,62.82
2018-08-17 06:00:00,63.99
2018-08-17 07:00:00,64.39
2018-08-17 08:00:00,63.05
2018-08-17 09:00:00,62.82
2018-08-17 10:00:00,61.96
2018-08-17 11:00:00,59.27
2018-08-17 12:00:00,55.24
2018-08-17 13:00:00,54.32
2018-08-17 14:00:00,57.21
2018-08-17 15:00:00,63.0
2018-08-17 16:00:00,64.46
2018-08-17 17:00:00,64.6
2018-08-17 18:00:00,64.57
2018-08-17 19:00:00,64.48
2018-08-17 20:00:00,63.9
2018-08-17 21:00:00,54.58
2018-08-17 22:00:00,57.28
2018-08-17 23:00:00,55.41
2018-08-18 00:00:00,49.31
2018-08-18 01:00:00,47.55
2018-08-18 02:00:00,47.3
2018-08-18 03:00:00,47.05
2018-08-18 04:00:00,47.89
2018-08-18 05:00:00,49.5
2018-08-18 06:00:00,53.89
2018-08-18 07:00:00,56.41
2018-08-18 08:00:00,53.6
2018-08-18 09:00:00,53.51
2018-08-18 10:00:00,55.68
2018-08-18 11:00:00,53.51
2018-08-18 12:00:00,52.18
2018-08-18 13:00:00,49.3
2018-08-18 14:00:00,48.97
2018-08-18 15:00:00,55.13
2018-08-18 16:00:00,62.14
2018-08-18 17:00:00,64.45
2018-08-18 18:00:00,64.9
2018-08-18 19:00:00,65.04
2018-08-18 20:00:00,64.98
2018-08-18 21:00:00,62.14
2018-08-18 22:00:00,55.56
2018-08-18 23:00:00,48.8
2018-08-19 00:00:00,46.08
2018-08-19 01:00:00,46.0
2018-08-19 02:00:00,46.05
2018-08-19 03:00:00,46.1
2018-08-19 04:00:00,45.3
2018-08-19 05:00:00,45.0
2018-08-19 06:00:00,46.06
2018-08-19 07:00:00,47.02
2018-08-19 08:00:00,46.02
2018-08-19 09:00:00,45.32
2018-08-19 10:00:00,44.62
2018-08-19 11:00:00,43.26
2018-08-19 12:00:00,40.7
2018-08-19 13:00:00,41.55
2018-08-19 14:00:00,44.02
2018-08-19 15:00:00,47.09
2018-08-19 16:00:00,56.31
2018-08-19 17:00:00,62.26
2018-08-19 18:00:00,63.41
2018-08-19 19:00:00,64.23
2018-08-19 20:00:00,64.6
2018-08-19 21:00:00,62.26
2018-08-19 22:00:00,60.79
2018-08-19 23:00:00,47.11
2018-08-20 00:00:00,44.15
2018-08-20 01:00:00,43.83
2018-08-20 02:00:00,43.6
2018-08-20 03:00:00,47.09
2018-08-20 04:00:00,55.57
2018-08-20 05:00:00,63.43
2018-08-20 06:00:00,64.46
2018-08-20 07:00:00,64.43
2018-08-20 08:00:00,65.55
2018-08-20 09:00:00,67.41
2018-08-20 10:00:00,66.9
2018-08-20 11:00:00,65.69
2018-08-20 12:00:00,66.0
2018-08-20 13:00:00,64.86
2018-08-20 14:00:00,62.8
2018-08-20 15:00:00,62.38
2018-08-20 16:00:00,66.78
2018-08-20 17:00:00,67.03
2018-08-20 18:00:00,67.01
2018-08-20 19:00:00,66.15
2018-08-20 20:00:00,66.65
2018-08-20 21:00:00,63.5
2018-08-20 22:00:00,58.09
2018-08-20 23:00:00,52.41
2018-08-21 00:00:00,51.79
2018-08-21 01:00:00,50.27
2018-08-21 02:00:00,51.16
2018-08-21 03:00:00,54.69
2018-08-21 04:00:00,65.0
2018-08-21 05:00:00,69.07
2018-08-21 06:00:00,74.0
2018-08-21 07:00:00,77.92
2018-08-21 08:00:00,78.79
2018-08-21 09:00:00,76.61
2018-08-21 10:00:00,75.26
2018-08-21 11:00:00,71.1
2018-08-21 12:00:00,70.51
2018-08-21 13:00:00,69.06
2018-08-21 14:00:00,69.0
2018-08-21 15:00:00,71.1
2018-08-21 16:00:00,74.9
2018-08-21 17:00:00,76.52
2018-08-21 18:00:00,75.54
2018-08-21 19:00:00,71.92
2018-08-21 20:00:00,68.93
2018-08-21 21:00:00,62.96
2018-08-21 22:00:00,60.51
2018-08-21 23:00:00,54.0
2018-08-22 00:00:00,51.14
2018-08-22 01:00:00,49.67
2018-08-22 02:00:00,50.53
2018-08-22 03:00:00,55.08
2018-08-22 04:00:00,66.06
2018-08-22 05:00:00,70.0
2018-08-22 06:00:00,71.9
2018-08-22 07:00:00,72.14
2018-08-22 08:00:00,70.53
2018-08-22 09:00:00,70.51
2018-08-22 10:00:00,71.79
2018-08-22 11:00:00,71.16
2018-08-22 12:00:00,71.68
2018-08-22 13:00:00,71.69
2018-08-22 14:00:00,70.67
2018-08-22 15:00:00,74.95
2018-08-22 16:00:00,77.15
2018-08-22 17:00:00,83.93
2018-08-22 18:00:00,80.52
2018-08-22 19:00:00,75.8
2018-08-22 20:00:00,73.62
2018-08-22 21:00:00,67.43
2018-08-22 22:00:00,67.9
2018-08-22 23:00:00,61.77
2018-08-23 00:00:00,55.11
2018-08-23 01:00:00,53.29
2018-08-23 02:00:00,54.12
2018-08-23 03:00:00,57.53
2018-08-23 04:00:00,66.67
2018-08-23 05:00:00,69.91
2018-08-23 06:00:00,73.77
2018-08-23 07:00:00,71.98
2018-08-23 08:00:00,71.69
2018-08-23 09:00:00,71.14
2018-08-23 10:00:00,70.0
2018-08-23 11:00:00,69.11
2018-08-23 12:00:00,68.89
2018-08-23 13:00:00,67.0
2018-08-23 14:00:00,67.86
2018-08-23 15:00:00,70.0
2018-08-23 16:00:00,73.02
2018-08-23 17:00:00,74.14
2018-08-23 18:00:00,74.19
2018-08-23 19:00:00,72.82
2018-08-23 20:00:00,69.89
2018-08-23 21:00:00,64.0
2018-08-23 22:00:00,62.43
2018-08-23 23:00:00,52.5
2018-08-24 00:00:00,51.37
2018-08-24 01:00:00,49.95
2018-08-24 02:00:00,49.62
2018-08-24 03:00:00,51.1
2018-08-24 04:00:00,61.26
2018-08-24 05:00:00,66.9
2018-08-24 06:00:00,68.76
2018-08-24 07:00:00,68.84
2018-08-24 08:00:00,68.32
2018-08-24 09:00:00,67.86
2018-08-24 10:00:00,67.46
2018-08-24 11:00:00,65.21
2018-08-24 12:00:00,62.63
2018-08-24 13:00:00,60.87
2018-08-24 14:00:00,59.77
2018-08-24 15:00:00,58.14
2018-08-24 16:00:00,64.5
2018-08-24 17:00:00,68.47
2018-08-24 18:00:00,68.0
2018-08-24 19:00:00,67.14
2018-08-24 20:00:00,65.94
2018-08-24 21:00:00,64.67
2018-08-24 22:00:00,57.93
2018-08-24 23:00:00,55.97
2018-08-25 00:00:00,53.57
2018-08-25 01:00:00,51.26
2018-08-25 02:00:00,50.86
2018-08-25 03:00:00,51.03
2018-08-25 04:00:00,51.16
2018-08-25 05:00:00,53.57
2018-08-25 06:00:00,58.05
2018-08-25 07:00:00,61.26
2018-08-25 08:00:00,61.26
2018-08-25 09:00:00,62.0
2018-08-25 10:00:00,64.47
2018-08-25 11:00:00,60.12
2018-08-25 12:00:00,55.36
2018-08-25 13:00:00,58.16
2018-08-25 14:00:00,58.13
2018-08-25 15:00:00,59.02
2018-08-25 16:00:00,64.15
2018-08-25 17:00:00,66.01
2018-08-25 18:00:00,67.99
2018-08-25 19:00:00,67.67
2018-08-25 20:00:00,66.69
2018-08-25 21:00:00,66.05
2018-08-25 22:00:00,63.54
2018-08-25 23:00:00,57.06
2018-08-26 00:00:00,58.87
2018-08-26 01:00:00,54.5
2018-08-26 02:00:00,50.06
2018-08-26 03:00:00,49.83
2018-08-26 04:00:00,48.9
2018-08-26 05:00:00,47.68
2018-08-26 06:00:00,49.05
2018-08-26 07:00:00,49.08
2018-08-26 08:00:00,51.94
2018-08-26 09:00:00,53.88
2018-08-26 10:00:00,55.86
2018-08-26 11:00:00,51.0
2018-08-26 12:00:00,46.0
2018-08-26 13:00:00,43.01
2018-08-26 14:00:00,46.0
2018-08-26 15:00:00,49.07
2018-08-26 16:00:00,59.97
2018-08-26 17:00:00,68.1
2018-08-26 18:00:00,70.0
2018-08-26 19:00:00,68.01
2018-08-26 20:00:00,63.43
2018-08-26 21:00:00,59.48
2018-08-26 22:00:00,48.18
2018-08-26 23:00:00,45.39
2018-08-27 00:00:00,35.55
2018-08-27 01:00:00,28.79
2018-08-27 02:00:00,34.04
2018-08-27 03:00:00,33.99
2018-08-27 04:00:00,51.82
2018-08-27 05:00:00,58.82
2018-08-27 06:00:00,66.9
2018-08-27 07:00:00,67.41
2018-08-27 08:00:00,67.12
2018-08-27 09:00:00,65.95
2018-08-27 10:00:00,68.55
2018-08-27 11:00:00,67.5
2018-08-27 12:00:00,67.03
2018-08-27 13:00:00,66.37
2018-08-27 14:00:00,67.98
2018-08-27 15:00:00,70.25
2018-08-27 16:00:00,70.89
2018-08-27 17:00:00,73.52
2018-08-27 18:00:00,74.83
2018-08-27 19:00:00,72.51
2018-08-27 20:00:00,71.74
2018-08-27 21:00:00,68.52
2018-08-27 22:00:00,65.58
2018-08-27 23:00:00,60.5
2018-08-28 00:00:00,58.36
2018-08-28 01:00:00,54.2
2018-08-28 02:00:00,53.97
2018-08-28 03:00:00,58.32
2018-08-28 04:00:00,64.69
2018-08-28 05:00:00,70.0
2018-08-28 06:00:00,72.18
2018-08-28 07:00:00,72.24
2018-08-28 08:00:00,72.14
2018-08-28 09:00:00,71.19
2018-08-28 10:00:00,70.19
2018-08-28 11:00:00,67.47
2018-08-28 12:00:00,68.01
2018-08-28 13:00:00,67.14
2018-08-28 14:00:00,68.74
2018-08-28 15:00:00,71.95
2018-08-28 16:00:00,74.97
2018-08-28 17:00:00,79.52
2018-08-28 18:00:00,82.51
2018-08-28 19:00:00,74.46
2018-08-28 20:00:00,72.14
2018-08-28 21:00:00,67.29
2018-08-28 22:00:00,63.59
2018-08-28 23:00:00,54.87
2018-08-29 00:00:00,53.54
2018-08-29 01:00:00,51.15
2018-08-29 02:00:00,51.25
2018-08-29 03:00:00,54.1
2018-08-29 04:00:00,66.9
2018-08-29 05:00:00,71.95
2018-08-29 06:00:00,73.66
2018-08-29 07:00:00,76.58
2018-08-29 08:00:00,75.94
2018-08-29 09:00:00,75.27
2018-08-29 10:00:00,75.0
2018-08-29 11:00:00,75.18
2018-08-29 12:00:00,74.01
2018-08-29 13:00:00,72.5
2018-08-29 14:00:00,72.53
2018-08-29 15:00:00,72.19
2018-08-29 16:00:00,74.78
2018-08-29 17:00:00,74.9
2018-08-29 18:00:00,74.1
2018-08-29 19:00:00,70.74
2018-08-29 20:00:00,69.84
2018-08-29 21:00:00,64.69
2018-08-29 22:00:00,55.9
2018-08-29 23:00:00,55.87
2018-08-30 00:00:00,52.74
2018-08-30 01:00:00,50.91
2018-08-30 02:00:00,50.5
2018-08-30 03:00:00,58.64
2018-08-30 04:00:00,64.15
2018-08-30 05:00:00,71.34
2018-08-30 06:00:00,74.83
2018-08-30 07:00:00,76.75
2018-08-30 08:00:00,75.43
2018-08-30 09:00:00,74.52
2018-08-30 10:00:00,74.23
2018-08-30 11:00:00,74.96
2018-08-30 12:00:00,73.77
2018-08-30 13:00:00,73.77
2018-08-30 14:00:00,72.93
2018-08-30 15:00:00,72.13
2018-08-30 16:00:00,73.66
2018-08-30 17:00:00,74.83
2018-08-30 18:00:00,73.69
2018-08-30 19:00:00,73.34
2018-08-30 20:00:00,71.59
2018-08-30 21:00:00,66.19
2018-08-30 22:00:00,61.9
2018-08-30 23:00:00,56.69
2018-08-31 00:00:00,54.29
2018-08-31 01:00:00,53.04
2018-08-31 02:00:00,52.09
2018-08-31 03:00:00,53.58
2018-08-31 04:00:00,64.15
2018-08-31 05:00:00,72.18
2018-08-31 06:00:00,73.51
2018-08-31 07:00:00,74.4
2018-08-31 08:00:00,73.66
2018-08-31 09:00:00,73.49
2018-08-31 10:00:00,72.5
2018-08-31 11:00:00,71.0
2018-08-31 12:00:00,70.06
2018-08-31 13:00:00,66.11
2018-08-31 14:00:00,66.87
2018-08-31 15:00:00,70.27
2018-08-31 16:00:00,72.17
2018-08-31 17:00:00,72.19
2018-08-31 18:00:00,73.31
2018-08-31 19:00:00,72.51
2018-08-31 20:00:00,69.98
2018-08-31 21:00:00,65.25
2018-08-31 22:00:00,67.49
2018-08-31 23:00:00,61.91
2018-09-01 00:00:00,55.56
2018-09-01 01:00:00,54.02
2018-09-01 02:00:00,52.69
2018-09-01 03:00:00,52.78
2018-09-01 04:00:00,54.94
2018-09-01 05:00:00,57.95
2018-09-01 06:00:00,60.91
2018-09-01 07:00:00,66.5
2018-09-01 08:00:00,64.68
2018-09-01 09:00:00,64.86
2018-09-01 10:00:00,62.79
2018-09-01 11:00:00,60.0
2018-09-01 12:00:00,56.42
2018-09-01 13:00:00,55.57
2018-09-01 14:00:00,56.05
2018-09-01 15:00:00,61.52
2018-09-01 16:00:00,68.49
2018-09-01 17:00:00,70.0
2018-09-01 18:00:00,71.14
2018-09-01 19:00:00,69.11
2018-09-01 20:00:00,68.72
2018-09-01 21:00:00,65.24
2018-09-01 22:00:00,55.04
2018-09-01 23:00:00,53.35
2018-09-02 00:00:00,49.35
2018-09-02 01:00:00,48.7
2018-09-02 02:00:00,46.37
2018-09-02 03:00:00,46.91
2018-09-02 04:00:00,46.9
2018-09-02 05:00:00,47.01
2018-09-02 06:00:00,49.66
2018-09-02 07:00:00,54.67
2018-09-02 08:00:00,54.45
2018-09-02 09:00:00,55.65
2018-09-02 10:00:00,54.59
2018-09-02 11:00:00,53.52
2018-09-02 12:00:00,50.5
2018-09-02 13:00:00,50.65
2018-09-02 14:00:00,48.35
2018-09-02 15:00:00,53.83
2018-09-02 16:00:00,62.1
2018-09-02 17:00:00,67.72
2018-09-02 18:00:00,70.67
2018-09-02 19:00:00,66.37
2018-09-02 20:00:00,62.8
2018-09-02 21:00:00,56.17
2018-09-02 22:00:00,61.0
2018-09-02 23:00:00,53.78
2018-09-03 00:00:00,51.35
2018-09-03 01:00:00,49.94
2018-09-03 02:00:00,49.72
2018-09-03 03:00:00,51.71
2018-09-03 04:00:00,67.04
2018-09-03 05:00:00,72.0
2018-09-03 06:00:00,73.55
2018-09-03 07:00:00,73.91
2018-09-03 08:00:00,73.51
2018-09-03 09:00:00,73.6
2018-09-03 10:00:00,71.12
2018-09-03 11:00:00,68.63
2018-09-03 12:00:00,67.05
2018-09-03 13:00:00,64.97
2018-09-03 14:00:00,66.96
2018-09-03 15:00:00,70.81
2018-09-03 16:00:00,72.3
2018-09-03 17:00:00,72.99
2018-09-03 18:00:00,72.91
2018-09-03 19:00:00,68.07
2018-09-03 20:00:00,60.03
2018-09-03 21:00:00,58.48
2018-09-03 22:00:00,57.13
2018-09-03 23:00:00,54.09
2018-09-04 00:00:00,52.18
2018-09-04 01:00:00,51.24
2018-09-04 02:00:00,51.69
2018-09-04 03:00:00,54.6
2018-09-04 04:00:00,67.09
2018-09-04 05:00:00,73.02
2018-09-04 06:00:00,74.68
2018-09-04 07:00:00,74.91
2018-09-04 08:00:00,73.92
2018-09-04 09:00:00,73.46
2018-09-04 10:00:00,71.06
2018-09-04 11:00:00,69.02
2018-09-04 12:00:00,68.81
2018-09-04 13:00:00,68.55
2018-09-04 14:00:00,70.01
2018-09-04 15:00:00,72.94
2018-09-04 16:00:00,73.99
2018-09-04 17:00:00,75.0
2018-09-04 18:00:00,75.0
2018-09-04 19:00:00,73.06
2018-09-04 20:00:00,69.3
2018-09-04 21:00:00,61.82
2018-09-04 22:00:00,55.72
2018-09-04 23:00:00,54.47
2018-09-05 00:00:00,53.56
2018-09-05 01:00:00,52.66
2018-09-05 02:00:00,53.18
2018-09-05 03:00:00,55.32
2018-09-05 04:00:00,71.54
2018-09-05 05:00:00,75.65
2018-09-05 06:00:00,76.76
2018-09-05 07:00:00,77.06
2018-09-05 08:00:00,76.68
2018-09-05 09:00:00,77.05
2018-09-05 10:00:00,75.17
2018-09-05 11:00:00,72.05
2018-09-05 12:00:00,72.69
2018-09-05 13:00:00,72.1
2018-09-05 14:00:00,74.02
2018-09-05 15:00:00,75.57
2018-09-05 16:00:00,76.76
2018-09-05 17:00:00,79.62
2018-09-05 18:00:00,79.33
2018-09-05 19:00:00,76.03
2018-09-05 20:00:00,70.01
2018-09-05 21:00:00,62.74
2018-09-05 22:00:00,55.11
2018-09-05 23:00:00,53.63
2018-09-06 00:00:00,52.38
2018-09-06 01:00:00,52.31
2018-09-06 02:00:00,52.38
2018-09-06 03:00:00,54.64
2018-09-06 04:00:00,68.98
2018-09-06 05:00:00,73.78
2018-09-06 06:00:00,74.95
2018-09-06 07:00:00,75.57
2018-09-06 08:00:00,74.36
2018-09-06 09:00:00,73.4
2018-09-06 10:00:00,71.06
2018-09-06 11:00:00,69.63
2018-09-06 12:00:00,70.24
2018-09-06 13:00:00,69.51
2018-09-06 14:00:00,71.09
2018-09-06 15:00:00,73.73
2018-09-06 16:00:00,73.89
2018-09-06 17:00:00,74.03
2018-09-06 18:00:00,74.3
2018-09-06 19:00:00,72.3
2018-09-06 20:00:00,63.71
2018-09-06 21:00:00,61.97
2018-09-06 22:00:00,56.38
2018-09-06 23:00:00,54.74
2018-09-07 00:00:00,53.55
2018-09-07 01:00:00,53.37
2018-09-07 02:00:00,53.66
2018-09-07 03:00:00,55.88
2018-09-07 04:00:00,66.98
2018-09-07 05:00:00,74.14
2018-09-07 06:00:00,79.99
2018-09-07 07:00:00,77.04
2018-09-07 08:00:00,72.68
2018-09-07 09:00:00,71.3
2018-09-07 10:00:00,71.14
2018-09-07 11:00:00,67.36
2018-09-07 12:00:00,63.78
2018-09-07 13:00:00,58.89
2018-09-07 14:00:00,59.78
2018-09-07 15:00:00,61.32
2018-09-07 16:00:00,67.22
2018-09-07 17:00:00,71.14
2018-09-07 18:00:00,72.01
2018-09-07 19:00:00,66.08
2018-09-07 20:00:00,68.58
2018-09-07 21:00:00,65.41
2018-09-07 22:00:00,65.61
2018-09-07 23:00:00,54.85
2018-09-08 00:00:00,51.7
2018-09-08 01:00:00,47.84
2018-09-08 02:00:00,47.52
2018-09-08 03:00:00,47.95
2018-09-08 04:00:00,51.16
2018-09-08 05:00:00,53.74
2018-09-08 06:00:00,56.84
2018-09-08 07:00:00,61.19
2018-09-08 08:00:00,59.92
2018-09-08 09:00:00,58.17
2018-09-08 10:00:00,59.59
2018-09-08 11:00:00,56.17
2018-09-08 12:00:00,51.3
2018-09-08 13:00:00,49.42
2018-09-08 14:00:00,51.12
2018-09-08 15:00:00,60.79
2018-09-08 16:00:00,69.97
2018-09-08 17:00:00,72.3
2018-09-08 18:00:00,74.91
2018-09-08 19:00:00,72.84
2018-09-08 20:00:00,70.66
2018-09-08 21:00:00,66.57
2018-09-08 22:00:00,54.95
2018-09-08 23:00:00,49.7
2018-09-09 00:00:00,43.75
2018-09-09 01:00:00,39.24
2018-09-09 02:00:00,33.81
2018-09-09 03:00:00,36.48
2018-09-09 04:00:00,42.79
2018-09-09 05:00:00,45.06
2018-09-09 06:00:00,48.15
2018-09-09 07:00:00,48.84
2018-09-09 08:00:00,45.01
2018-09-09 09:00:00,45.22
2018-09-09 10:00:00,45.01
2018-09-09 11:00:00,40.4
2018-09-09 12:00:00,34.82
2018-09-09 13:00:00,43.19
2018-09-09 14:00:00,46.01
2018-09-09 15:00:00,55.75
2018-09-09 16:00:00,68.14
2018-09-09 17:00:00,71.9
2018-09-09 18:00:00,74.11
2018-09-09 19:00:00,74.42
2018-09-09 20:00:00,69.77
2018-09-09 21:00:00,60.48
2018-09-09 22:00:00,54.18
2018-09-09 23:00:00,51.54
2018-09-10 00:00:00,49.52
2018-09-10 01:00:00,48.06
2018-09-10 02:00:00,47.47
2018-09-10 03:00:00,51.85
2018-09-10 04:00:00,70.24
2018-09-10 05:00:00,74.3
2018-09-10 06:00:00,75.19
2018-09-10 07:00:00,76.04
2018-09-10 08:00:00,75.43
2018-09-10 09:00:00,72.33
2018-09-10 10:00:00,66.65
2018-09-10 11:00:00,65.18
2018-09-10 12:00:00,59.46
2018-09-10 13:00:00,63.02
2018-09-10 14:00:00,67.92
2018-09-10 15:00:00,72.98
2018-09-10 16:00:00,75.4
2018-09-10 17:00:00,77.36
2018-09-10 18:00:00,79.93
2018-09-10 19:00:00,74.94
2018-09-10 20:00:00,69.93
2018-09-10 21:00:00,58.94
2018-09-10 22:00:00,59.04
2018-09-10 23:00:00,52.15
2018-09-11 00:00:00,48.59
2018-09-11 01:00:00,45.77
2018-09-11 02:00:00,42.08
2018-09-11 03:00:00,48.74
2018-09-11 04:00:00,64.81
2018-09-11 05:00:00,72.5
2018-09-11 06:00:00,73.92
2018-09-11 07:00:00,73.85
2018-09-11 08:00:00,70.76
2018-09-11 09:00:00,68.95
2018-09-11 10:00:00,65.85
2018-09-11 11:00:00,58.48
2018-09-11 12:00:00,61.04
2018-09-11 13:00:00,60.19
2018-09-11 14:00:00,64.09
2018-09-11 15:00:00,65.22
2018-09-11 16:00:00,75.12
2018-09-11 17:00:00,76.04
2018-09-11 18:00:00,79.0
2018-09-11 19:00:00,76.23
2018-09-11 20:00:00,69.62
2018-09-11 21:00:00,66.62
2018-09-11 22:00:00,59.06
2018-09-11 23:00:00,56.09
2018-09-12 00:00:00,51.11
2018-09-12 01:00:00,49.52
2018-09-12 02:00:00,50.05
2018-09-12 03:00:00,56.1
2018-09-12 04:00:00,72.16
2018-09-12 05:00:00,76.04
2018-09-12 06:00:00,76.04
2018-09-12 07:00:00,77.7
2018-09-12 08:00:00,72.78
2018-09-12 09:00:00,76.65
2018-09-12 10:00:00,71.59
2018-09-12 11:00:00,67.54
2018-09-12 12:00:00,68.42
2018-09-12 13:00:00,66.65
2018-09-12 14:00:00,68.79
2018-09-12 15:00:00,76.48
2018-09-12 16:00:00,77.64
2018-09-12 17:00:00,78.78
2018-09-12 18:00:00,80.08
2018-09-12 19:00:00,73.42
2018-09-12 20:00:00,70.91
2018-09-12 21:00:00,65.61
2018-09-12 22:00:00,59.48
2018-09-12 23:00:00,59.4
2018-09-13 00:00:00,56.71
2018-09-13 01:00:00,53.45
2018-09-13 02:00:00,53.94
2018-09-13 03:00:00,58.77
2018-09-13 04:00:00,72.11
2018-09-13 05:00:00,77.89
2018-09-13 06:00:00,81.26
2018-09-13 07:00:00,79.94
2018-09-13 08:00:00,78.89
2018-09-13 09:00:00,77.75
2018-09-13 10:00:00,76.66
2018-09-13 11:00:00,75.32
2018-09-13 12:00:00,74.93
2018-09-13 13:00:00,74.08
2018-09-13 14:00:00,72.93
2018-09-13 15:00:00,75.7
2018-09-13 16:00:00,77.6
2018-09-13 17:00:00,78.19
2018-09-13 18:00:00,78.8
2018-09-13 19:00:00,76.04
2018-09-13 20:00:00,72.9
2018-09-13 21:00:00,63.66
2018-09-13 22:00:00,57.63
2018-09-13 23:00:00,55.38
2018-09-14 00:00:00,54.08
2018-09-14 01:00:00,51.51
2018-09-14 02:00:00,50.53
2018-09-14 03:00:00,56.1
2018-09-14 04:00:00,70.91
2018-09-14 05:00:00,75.16
2018-09-14 06:00:00,78.45
2018-09-14 07:00:00,78.46
2018-09-14 08:00:00,77.45
2018-09-14 09:00:00,75.96
2018-09-14 10:00:00,72.08
2018-09-14 11:00:00,65.18
2018-09-14 12:00:00,64.17
2018-09-14 13:00:00,57.78
2018-09-14 14:00:00,58.0
2018-09-14 15:00:00,62.27
2018-09-14 16:00:00,72.91
2018-09-14 17:00:00,74.91
2018-09-14 18:00:00,74.74
2018-09-14 19:00:00,64.11
2018-09-14 20:00:00,71.94
2018-09-14 21:00:00,70.29
2018-09-14 22:00:00,56.34
2018-09-14 23:00:00,50.27
2018-09-15 00:00:00,48.22
2018-09-15 01:00:00,44.88
2018-09-15 02:00:00,43.86
2018-09-15 03:00:00,44.87
2018-09-15 04:00:00,47.35
2018-09-15 05:00:00,49.06
2018-09-15 06:00:00,54.64
2018-09-15 07:00:00,55.48
2018-09-15 08:00:00,53.98
2018-09-15 09:00:00,53.67
2018-09-15 10:00:00,55.97
2018-09-15 11:00:00,53.99
2018-09-15 12:00:00,49.64
2018-09-15 13:00:00,49.41
2018-09-15 14:00:00,51.25
2018-09-15 15:00:00,51.13
2018-09-15 16:00:00,60.12
2018-09-15 17:00:00,71.14
2018-09-15 18:00:00,74.64
2018-09-15 19:00:00,69.13
2018-09-15 20:00:00,65.22
2018-09-15 21:00:00,61.55
2018-09-15 22:00:00,58.9
2018-09-15 23:00:00,50.02
2018-09-16 00:00:00,45.01
2018-09-16 01:00:00,39.26
2018-09-16 02:00:00,34.93
2018-09-16 03:00:00,28.79
2018-09-16 04:00:00,32.9
2018-09-16 05:00:00,36.97
2018-09-16 06:00:00,44.23
2018-09-16 07:00:00,45.75
2018-09-16 08:00:00,45.21
2018-09-16 09:00:00,43.22
2018-09-16 10:00:00,43.37
2018-09-16 11:00:00,35.59
2018-09-16 12:00:00,27.55
2018-09-16 13:00:00,32.07
2018-09-16 14:00:00,42.34
2018-09-16 15:00:00,49.09
2018-09-16 16:00:00,63.13
2018-09-16 17:00:00,70.78
2018-09-16 18:00:00,74.8
2018-09-16 19:00:00,68.52
2018-09-16 20:00:00,63.97
2018-09-16 21:00:00,58.6
2018-09-16 22:00:00,53.81
2018-09-16 23:00:00,48.25
2018-09-17 00:00:00,45.41
2018-09-17 01:00:00,42.29
2018-09-17 02:00:00,43.48
2018-09-17 03:00:00,49.05
2018-09-17 04:00:00,69.9
2018-09-17 05:00:00,75.47
2018-09-17 06:00:00,75.91
2018-09-17 07:00:00,75.91
2018-09-17 08:00:00,74.69
2018-09-17 09:00:00,70.98
2018-09-17 10:00:00,67.71
2018-09-17 11:00:00,66.89
2018-09-17 12:00:00,64.32
2018-09-17 13:00:00,64.3
2018-09-17 14:00:00,68.0
2018-09-17 15:00:00,75.0
2018-09-17 16:00:00,77.03
2018-09-17 17:00:00,80.01
2018-09-17 18:00:00,81.82
2018-09-17 19:00:00,73.72
2018-09-17 20:00:00,64.5
2018-09-17 21:00:00,50.03
2018-09-17 22:00:00,50.0
2018-09-17 23:00:00,47.93
2018-09-18 00:00:00,44.46
2018-09-18 01:00:00,41.46
2018-09-18 02:00:00,43.37
2018-09-18 03:00:00,46.03
2018-09-18 04:00:00,60.74
2018-09-18 05:00:00,74.5
2018-09-18 06:00:00,74.98
2018-09-18 07:00:00,75.52
2018-09-18 08:00:00,67.88
2018-09-18 09:00:00,66.25
2018-09-18 10:00:00,57.85
2018-09-18 11:00:00,57.9
2018-09-18 12:00:00,56.64
2018-09-18 13:00:00,56.38
2018-09-18 14:00:00,56.87
2018-09-18 15:00:00,67.04
2018-09-18 16:00:00,74.94
2018-09-18 17:00:00,77.65
2018-09-18 18:00:00,81.1
2018-09-18 19:00:00,74.86
2018-09-18 20:00:00,68.07
2018-09-18 21:00:00,61.65
2018-09-18 22:00:00,50.66
2018-09-18 23:00:00,48.13
2018-09-19 00:00:00,46.65
2018-09-19 01:00:00,43.09
2018-09-19 02:00:00,44.26
2018-09-19 03:00:00,48.4
2018-09-19 04:00:00,63.15
2018-09-19 05:00:00,75.99
2018-09-19 06:00:00,79.79
2018-09-19 07:00:00,80.01
2018-09-19 08:00:00,77.86
2018-09-19 09:00:00,73.32
2018-09-19 10:00:00,67.07
2018-09-19 11:00:00,58.08
2018-09-19 12:00:00,54.85
2018-09-19 13:00:00,56.91
2018-09-19 14:00:00,54.23
2018-09-19 15:00:00,63.09
2018-09-19 16:00:00,72.34
2018-09-19 17:00:00,75.99
2018-09-19 18:00:00,79.87
2018-09-19 19:00:00,69.87
2018-09-19 20:00:00,61.24
2018-09-19 21:00:00,54.2
2018-09-19 22:00:00,50.35
2018-09-19 23:00:00,44.1
2018-09-20 00:00:00,42.32
2018-09-20 01:00:00,42.12
2018-09-20 02:00:00,45.02
2018-09-20 03:00:00,49.3
2018-09-20 04:00:00,66.89
2018-09-20 05:00:00,75.7
2018-09-20 06:00:00,75.94
2018-09-20 07:00:00,74.17
2018-09-20 08:00:00,68.89
2018-09-20 09:00:00,68.07
2018-09-20 10:00:00,64.94
2018-09-20 11:00:00,60.09
2018-09-20 12:00:00,60.49
2018-09-20 13:00:00,57.33
2018-09-20 14:00:00,56.87
2018-09-20 15:00:00,69.13
2018-09-20 16:00:00,75.01
2018-09-20 17:00:00,79.65
2018-09-20 18:00:00,78.89
2018-09-20 19:00:00,69.46
2018-09-20 20:00:00,62.26
2018-09-20 21:00:00,54.1
2018-09-20 22:00:00,54.48
2018-09-20 23:00:00,43.82
2018-09-21 00:00:00,32.58
2018-09-21 01:00:00,31.95
2018-09-21 02:00:00,28.81
2018-09-21 03:00:00,34.89
2018-09-21 04:00:00,54.8
2018-09-21 05:00:00,71.86
2018-09-21 06:00:00,74.29
2018-09-21 07:00:00,65.85
2018-09-21 08:00:00,59.17
2018-09-21 09:00:00,65.09
2018-09-21 10:00:00,69.96
2018-09-21 11:00:00,67.16
2018-09-21 12:00:00,64.19
2018-09-21 13:00:00,59.24
2018-09-21 14:00:00,55.17
2018-09-21 15:00:00,60.17
2018-09-21 16:00:00,68.09
2018-09-21 17:00:00,75.0
2018-09-21 18:00:00,75.79
2018-09-21 19:00:00,68.21
2018-09-21 20:00:00,72.4
2018-09-21 21:00:00,68.84
2018-09-21 22:00:00,66.46
2018-09-21 23:00:00,58.31
2018-09-22 00:00:00,56.82
2018-09-22 01:00:00,49.62
2018-09-22 02:00:00,42.04
2018-09-22 03:00:00,43.54
2018-09-22 04:00:00,48.1
2018-09-22 05:00:00,57.74
2018-09-22 06:00:00,65.61
2018-09-22 07:00:00,73.37
2018-09-22 08:00:00,73.24
2018-09-22 09:00:00,72.59
2018-09-22 10:00:00,71.15
2018-09-22 11:00:00,68.59
2018-09-22 12:00:00,67.28
2018-09-22 13:00:00,68.47
2018-09-22 14:00:00,68.11
2018-09-22 15:00:00,66.71
2018-09-22 16:00:00,71.39
2018-09-22 17:00:00,75.7
2018-09-22 18:00:00,77.08
2018-09-22 19:00:00,75.69
2018-09-22 20:00:00,72.01
2018-09-22 21:00:00,69.2
2018-09-22 22:00:00,59.06
2018-09-22 23:00:00,46.58
2018-09-23 00:00:00,38.56
2018-09-23 01:00:00,37.47
2018-09-23 02:00:00,33.6
2018-09-23 03:00:00,32.08
2018-09-23 04:00:00,36.09
2018-09-23 05:00:00,43.14
2018-09-23 06:00:00,55.1
2018-09-23 07:00:00,57.79
2018-09-23 08:00:00,56.35
2018-09-23 09:00:00,60.13
2018-09-23 10:00:00,57.25
2018-09-23 11:00:00,56.06
2018-09-23 12:00:00,47.64
2018-09-23 13:00:00,39.92
2018-09-23 14:00:00,37.58
2018-09-23 15:00:00,40.9
2018-09-23 16:00:00,57.58
2018-09-23 17:00:00,61.78
2018-09-23 18:00:00,67.36
2018-09-23 19:00:00,54.46
2018-09-23 20:00:00,61.67
2018-09-23 21:00:00,67.55
2018-09-23 22:00:00,48.36
2018-09-23 23:00:00,48.18
2018-09-24 00:00:00,46.84
2018-09-24 01:00:00,38.23
2018-09-24 02:00:00,38.91
2018-09-24 03:00:00,50.42
2018-09-24 04:00:00,60.46
2018-09-24 05:00:00,78.93
2018-09-24 06:00:00,80.96
2018-09-24 07:00:00,81.17
2018-09-24 08:00:00,73.9
2018-09-24 09:00:00,74.55
2018-09-24 10:00:00,71.06
2018-09-24 11:00:00,70.92
2018-09-24 12:00:00,69.9
2018-09-24 13:00:00,69.29
2018-09-24 14:00:00,68.8
2018-09-24 15:00:00,69.56
2018-09-24 16:00:00,71.68
2018-09-24 17:00:00,78.3
2018-09-24 18:00:00,74.29
2018-09-24 19:00:00,72.13
2018-09-24 20:00:00,70.01
2018-09-24 21:00:00,69.29
2018-09-24 22:00:00,55.96
2018-09-24 23:00:00,52.49
2018-09-25 00:00:00,47.7
2018-09-25 01:00:00,44.96
2018-09-25 02:00:00,44.49
2018-09-25 03:00:00,54.09
2018-09-25 04:00:00,65.5
2018-09-25 05:00:00,76.93
2018-09-25 06:00:00,82.9
2018-09-25 07:00:00,76.77
2018-09-25 08:00:00,74.21
2018-09-25 09:00:00,71.29
2018-09-25 10:00:00,63.1
2018-09-25 11:00:00,59.38
2018-09-25 12:00:00,58.77
2018-09-25 13:00:00,60.03
2018-09-25 14:00:00,64.31
2018-09-25 15:00:00,71.45
2018-09-25 16:00:00,75.09
2018-09-25 17:00:00,89.01
2018-09-25 18:00:00,79.73
2018-09-25 19:00:00,74.39
2018-09-25 20:00:00,65.8
2018-09-25 21:00:00,58.98
2018-09-25 22:00:00,47.98
2018-09-25 23:00:00,49.3
2018-09-26 00:00:00,45.28
2018-09-26 01:00:00,35.7
2018-09-26 02:00:00,35.81
2018-09-26 03:00:00,49.86
2018-09-26 04:00:00,60.47
2018-09-26 05:00:00,75.36
2018-09-26 06:00:00,75.25
2018-09-26 07:00:00,74.9
2018-09-26 08:00:00,74.1
2018-09-26 09:00:00,72.5
2018-09-26 10:00:00,67.85
2018-09-26 11:00:00,64.43
2018-09-26 12:00:00,63.96
2018-09-26 13:00:00,64.68
2018-09-26 14:00:00,62.38
2018-09-26 15:00:00,71.73
2018-09-26 16:00:00,74.75
2018-09-26 17:00:00,76.78
2018-09-26 18:00:00,79.99
2018-09-26 19:00:00,68.3
2018-09-26 20:00:00,72.69
2018-09-26 21:00:00,63.28
2018-09-26 22:00:00,62.67
2018-09-26 23:00:00,57.6
2018-09-27 00:00:00,48.25
2018-09-27 01:00:00,45.59
2018-09-27 02:00:00,44.92
2018-09-27 03:00:00,52.45
2018-09-27 04:00:00,66.4
2018-09-27 05:00:00,74.9
2018-09-27 06:00:00,78.0
2018-09-27 07:00:00,75.21
2018-09-27 08:00:00,68.46
2018-09-27 09:00:00,70.7
2018-09-27 10:00:00,60.22
2018-09-27 11:00:00,61.5
2018-09-27 12:00:00,60.68
2018-09-27 13:00:00,60.76
2018-09-27 14:00:00,62.43
2018-09-27 15:00:00,66.44
2018-09-27 16:00:00,75.0
2018-09-27 17:00:00,78.26
2018-09-27 18:00:00,79.73
2018-09-27 19:00:00,66.53
2018-09-27 20:00:00,65.76
2018-09-27 21:00:00,64.14
2018-09-27 22:00:00,61.13
2018-09-27 23:00:00,58.89
2018-09-28 00:00:00,52.01
2018-09-28 01:00:00,48.72
2018-09-28 02:00:00,48.98
2018-09-28 03:00:00,51.3
2018-09-28 04:00:00,63.13
2018-09-28 05:00:00,78.0
2018-09-28 06:00:00,80.0
2018-09-28 07:00:00,78.03
2018-09-28 08:00:00,73.26
2018-09-28 09:00:00,70.97
2018-09-28 10:00:00,67.68
2018-09-28 11:00:00,62.58
2018-09-28 12:00:00,56.6
2018-09-28 13:00:00,53.89
2018-09-28 14:00:00,54.38
2018-09-28 15:00:00,53.8
2018-09-28 16:00:00,59.92
2018-09-28 17:00:00,68.76
2018-09-28 18:00:00,64.12
2018-09-28 19:00:00,58.58
2018-09-28 20:00:00,59.94
2018-09-28 21:00:00,56.63
2018-09-28 22:00:00,57.44
2018-09-28 23:00:00,55.7
2018-09-29 00:00:00,52.38
2018-09-29 01:00:00,48.5
2018-09-29 02:00:00,47.81
2018-09-29 03:00:00,48.42
2018-09-29 04:00:00,54.4
2018-09-29 05:00:00,55.38
2018-09-29 06:00:00,59.9
2018-09-29 07:00:00,65.34
2018-09-29 08:00:00,63.21
2018-09-29 09:00:00,61.8
2018-09-29 10:00:00,61.44
2018-09-29 11:00:00,57.39
2018-09-29 12:00:00,54.11
2018-09-29 13:00:00,54.48
2018-09-29 14:00:00,58.19
2018-09-29 15:00:00,57.95
2018-09-29 16:00:00,70.01
2018-09-29 17:00:00,75.46
2018-09-29 18:00:00,77.49
2018-09-29 19:00:00,68.88
2018-09-29 20:00:00,69.26
2018-09-29 21:00:00,65.69
2018-09-29 22:00:00,62.86
2018-09-29 23:00:00,57.2
2018-09-30 00:00:00,54.87
2018-09-30 01:00:00,49.66
2018-09-30 02:00:00,42.54
2018-09-30 03:00:00,43.41
2018-09-30 04:00:00,48.33
2018-09-30 05:00:00,46.79
2018-09-30 06:00:00,54.41
2018-09-30 07:00:00,49.8
2018-09-30 08:00:00,54.44
2018-09-30 09:00:00,56.44
2018-09-30 10:00:00,59.72
2018-09-30 11:00:00,59.69
2018-09-30 12:00:00,41.45
2018-09-30 13:00:00,45.34
2018-09-30 14:00:00,48.25
2018-09-30 15:00:00,55.8
2018-09-30 16:00:00,64.62
2018-09-30 17:00:00,74.21
2018-09-30 18:00:00,74.39
2018-09-30 19:00:00,65.31
2018-09-30 20:00:00,67.19
2018-09-30 21:00:00,61.19
2018-09-30 22:00:00,59.53
2018-09-30 23:00:00,56.1
2018-10-01 00:00:00,51.41
2018-10-01 01:00:00,47.38
2018-10-01 02:00:00,47.59
2018-10-01 03:00:00,51.61
2018-10-01 04:00:00,69.13
2018-10-01 05:00:00,77.32
2018-10-01 06:00:00,84.97
2018-10-01 07:00:00,79.56
2018-10-01 08:00:00,73.7
2018-10-01 09:00:00,72.45
2018-10-01 10:00:00,69.95
2018-10-01 11:00:00,66.23
2018-10-01 12:00:00,61.17
2018-10-01 13:00:00,59.45
2018-10-01 14:00:00,58.18
2018-10-01 15:00:00,60.42
2018-10-01 16:00:00,69.93
2018-10-01 17:00:00,75.0
2018-10-01 18:00:00,75.67
2018-10-01 19:00:00,70.08
2018-10-01 20:00:00,64.91
2018-10-01 21:00:00,59.49
2018-10-01 22:00:00,59.14
2018-10-01 23:00:00,56.97
2018-10-02 00:00:00,51.41
2018-10-02 01:00:00,48.55
2018-10-02 02:00:00,48.29
2018-10-02 03:00:00,50.64
2018-10-02 04:00:00,58.18
2018-10-02 05:00:00,73.43
2018-10-02 06:00:00,74.26
2018-10-02 07:00:00,75.49
2018-10-02 08:00:00,73.7
2018-10-02 09:00:00,70.47
2018-10-02 10:00:00,71.5
2018-10-02 11:00:00,69.93
2018-10-02 12:00:00,65.99
2018-10-02 13:00:00,65.1
2018-10-02 14:00:00,65.01
2018-10-02 15:00:00,67.13
2018-10-02 16:00:00,73.94
2018-10-02 17:00:00,81.12
2018-10-02 18:00:00,80.0
2018-10-02 19:00:00,75.21
2018-10-02 20:00:00,69.95
2018-10-02 21:00:00,65.1
2018-10-02 22:00:00,61.87
2018-10-02 23:00:00,58.44
2018-10-03 00:00:00,50.62
2018-10-03 01:00:00,38.89
2018-10-03 02:00:00,40.37
2018-10-03 03:00:00,55.65
2018-10-03 04:00:00,61.03
2018-10-03 05:00:00,77.0
2018-10-03 06:00:00,78.68
2018-10-03 07:00:00,79.73
2018-10-03 08:00:00,78.0
2018-10-03 09:00:00,76.89
2018-10-03 10:00:00,75.67
2018-10-03 11:00:00,75.85
2018-10-03 12:00:00,71.52
2018-10-03 13:00:00,68.24
2018-10-03 14:00:00,64.59
2018-10-03 15:00:00,74.14
2018-10-03 16:00:00,77.03
2018-10-03 17:00:00,85.6
2018-10-03 18:00:00,81.65
2018-10-03 19:00:00,78.27
2018-10-03 20:00:00,73.38
2018-10-03 21:00:00,65.95
2018-10-03 22:00:00,62.77
2018-10-03 23:00:00,59.0
2018-10-04 00:00:00,58.08
2018-10-04 01:00:00,58.08
2018-10-04 02:00:00,58.08
2018-10-04 03:00:00,58.08
2018-10-04 04:00:00,74.67
2018-10-04 05:00:00,74.67
2018-10-04 06:00:00,74.67
2018-10-04 07:00:00,82.31
2018-10-04 08:00:00,79.17
2018-10-04 09:00:00,76.89
2018-10-04 10:00:00,74.98
2018-10-04 11:00:00,72.89
2018-10-04 12:00:00,67.31
2018-10-04 13:00:00,63.97
2018-10-04 14:00:00,68.58
2018-10-04 15:00:00,77.24
2018-10-04 16:00:00,80.46
2018-10-04 17:00:00,91.13
2018-10-04 18:00:00,84.13
2018-10-04 19:00:00,79.81
2018-10-04 20:00:00,76.2
2018-10-04 21:00:00,71.18
2018-10-04 22:00:00,61.03
2018-10-04 23:00:00,55.07
2018-10-05 00:00:00,52.73
2018-10-05 01:00:00,49.76
2018-10-05 02:00:00,48.28
2018-10-05 03:00:00,54.2
2018-10-05 04:00:00,65.09
2018-10-05 05:00:00,79.08
2018-10-05 06:00:00,80.0
2018-10-05 07:00:00,79.47
2018-10-05 08:00:00,76.39
2018-10-05 09:00:00,75.0
2018-10-05 10:00:00,74.9
2018-10-05 11:00:00,63.36
2018-10-05 12:00:00,65.66
2018-10-05 13:00:00,64.49
2018-10-05 14:00:00,64.51
2018-10-05 15:00:00,75.0
2018-10-05 16:00:00,78.66
2018-10-05 17:00:00,82.96
2018-10-05 18:00:00,79.9
2018-10-05 19:00:00,68.1
2018-10-05 20:00:00,64.53
2018-10-05 21:00:00,59.15
2018-10-05 22:00:00,55.04
2018-10-05 23:00:00,53.68
2018-10-06 00:00:00,51.52
2018-10-06 01:00:00,51.0
2018-10-06 02:00:00,50.0
2018-10-06 03:00:00,46.91
2018-10-06 04:00:00,53.03
2018-10-06 05:00:00,62.37
2018-10-06 06:00:00,63.98
2018-10-06 07:00:00,70.72
2018-10-06 08:00:00,64.79
2018-10-06 09:00:00,59.06
2018-10-06 10:00:00,58.0
2018-10-06 11:00:00,51.62
2018-10-06 12:00:00,50.2
2018-10-06 13:00:00,49.38
2018-10-06 14:00:00,54.81
2018-10-06 15:00:00,59.93
2018-10-06 16:00:00,72.06
2018-10-06 17:00:00,82.27
2018-10-06 18:00:00,75.78
2018-10-06 19:00:00,61.39
2018-10-06 20:00:00,60.73
2018-10-06 21:00:00,61.84
2018-10-06 22:00:00,57.87
2018-10-06 23:00:00,47.63
2018-10-07 00:00:00,45.75
2018-10-07 01:00:00,43.02
2018-10-07 02:00:00,42.5
2018-10-07 03:00:00,43.8
2018-10-07 04:00:00,44.6
2018-10-07 05:00:00,46.56
2018-10-07 06:00:00,50.74
2018-10-07 07:00:00,55.98
2018-10-07 08:00:00,55.09
2018-10-07 09:00:00,55.13
2018-10-07 10:00:00,54.06
2018-10-07 11:00:00,50.9
2018-10-07 12:00:00,49.91
2018-10-07 13:00:00,49.05
2018-10-07 14:00:00,50.21
2018-10-07 15:00:00,55.48
2018-10-07 16:00:00,70.0
2018-10-07 17:00:00,80.94
2018-10-07 18:00:00,77.07
2018-10-07 19:00:00,71.47
2018-10-07 20:00:00,69.11
2018-10-07 21:00:00,64.02
2018-10-07 22:00:00,55.88
2018-10-07 23:00:00,53.98
2018-10-08 00:00:00,51.5
2018-10-08 01:00:00,47.32
2018-10-08 02:00:00,47.94
2018-10-08 03:00:00,53.4
2018-10-08 04:00:00,62.94
2018-10-08 05:00:00,79.98
2018-10-08 06:00:00,82.65
2018-10-08 07:00:00,84.59
2018-10-08 08:00:00,81.42
2018-10-08 09:00:00,72.88
2018-10-08 10:00:00,71.69
2018-10-08 11:00:00,71.69
2018-10-08 12:00:00,66.05
2018-10-08 13:00:00,64.34
2018-10-08 14:00:00,65.63
2018-10-08 15:00:00,74.9
2018-10-08 16:00:00,85.37
2018-10-08 17:00:00,102.29
2018-10-08 18:00:00,85.77
2018-10-08 19:00:00,78.31
2018-10-08 20:00:00,74.27
2018-10-08 21:00:00,70.84
2018-10-08 22:00:00,68.51
2018-10-08 23:00:00,58.09
2018-10-09 00:00:00,56.68
2018-10-09 01:00:00,52.6
2018-10-09 02:00:00,55.77
2018-10-09 03:00:00,60.77
2018-10-09 04:00:00,74.27
2018-10-09 05:00:00,93.26
2018-10-09 06:00:00,98.69
2018-10-09 07:00:00,92.41
2018-10-09 08:00:00,84.27
2018-10-09 09:00:00,72.2
2018-10-09 10:00:00,72.05
2018-10-09 11:00:00,71.0
2018-10-09 12:00:00,66.72
2018-10-09 13:00:00,67.25
2018-10-09 14:00:00,70.79
2018-10-09 15:00:00,83.2
2018-10-09 16:00:00,90.0
2018-10-09 17:00:00,110.28
2018-10-09 18:00:00,92.55
2018-10-09 19:00:00,80.71
2018-10-09 20:00:00,70.02
2018-10-09 21:00:00,62.81
2018-10-09 22:00:00,57.52
2018-10-09 23:00:00,55.13
2018-10-10 00:00:00,54.88
2018-10-10 01:00:00,54.05
2018-10-10 02:00:00,54.64
2018-10-10 03:00:00,55.46
2018-10-10 04:00:00,72.16
2018-10-10 05:00:00,88.0
2018-10-10 06:00:00,93.22
2018-10-10 07:00:00,86.84
2018-10-10 08:00:00,80.81
2018-10-10 09:00:00,74.49
2018-10-10 10:00:00,73.0
2018-10-10 11:00:00,69.39
2018-10-10 12:00:00,65.27
2018-10-10 13:00:00,61.45
2018-10-10 14:00:00,61.19
2018-10-10 15:00:00,69.3
2018-10-10 16:00:00,70.68
2018-10-10 17:00:00,79.28
2018-10-10 18:00:00,73.82
2018-10-10 19:00:00,60.25
2018-10-10 20:00:00,62.4
2018-10-10 21:00:00,59.63
2018-10-10 22:00:00,56.93
2018-10-10 23:00:00,53.53
2018-10-11 00:00:00,50.03
2018-10-11 01:00:00,45.82
2018-10-11 02:00:00,40.19
2018-10-11 03:00:00,49.87
2018-10-11 04:00:00,56.12
2018-10-11 05:00:00,72.96
2018-10-11 06:00:00,73.36
2018-10-11 07:00:00,73.36
2018-10-11 08:00:00,73.17
2018-10-11 09:00:00,70.78
2018-10-11 10:00:00,70.15
2018-10-11 11:00:00,66.83
2018-10-11 12:00:00,62.0
2018-10-11 13:00:00,60.37
2018-10-11 14:00:00,65.06
2018-10-11 15:00:00,72.85
2018-10-11 16:00:00,81.3
2018-10-11 17:00:00,88.5
2018-10-11 18:00:00,76.67
2018-10-11 19:00:00,72.82
2018-10-11 20:00:00,69.68
2018-10-11 21:00:00,65.03
2018-10-11 22:00:00,57.22
2018-10-11 23:00:00,54.99
2018-10-12 00:00:00,52.25
2018-10-12 01:00:00,45.64
2018-10-12 02:00:00,45.8
2018-10-12 03:00:00,49.64
2018-10-12 04:00:00,56.63
2018-10-12 05:00:00,69.87
2018-10-12 06:00:00,71.47
2018-10-12 07:00:00,69.76
2018-10-12 08:00:00,69.64
2018-10-12 09:00:00,66.14
2018-10-12 10:00:00,63.73
2018-10-12 11:00:00,54.08
2018-10-12 12:00:00,53.48
2018-10-12 13:00:00,55.0
2018-10-12 14:00:00,56.96
2018-10-12 15:00:00,67.32
2018-10-12 16:00:00,69.94
2018-10-12 17:00:00,79.08
2018-10-12 18:00:00,72.82
2018-10-12 19:00:00,66.91
2018-10-12 20:00:00,64.98
2018-10-12 21:00:00,62.41
2018-10-12 22:00:00,56.89
2018-10-12 23:00:00,54.11
2018-10-13 00:00:00,51.39
2018-10-13 01:00:00,42.99
2018-10-13 02:00:00,44.87
2018-10-13 03:00:00,43.91
2018-10-13 04:00:00,48.38
2018-10-13 05:00:00,58.71
2018-10-13 06:00:00,62.9
2018-10-13 07:00:00,65.92
2018-10-13 08:00:00,63.22
2018-10-13 09:00:00,60.3
2018-10-13 10:00:00,58.12
2018-10-13 11:00:00,53.65
2018-10-13 12:00:00,47.25
2018-10-13 13:00:00,45.88
2018-10-13 14:00:00,52.45
2018-10-13 15:00:00,60.46
2018-10-13 16:00:00,64.93
2018-10-13 17:00:00,72.82
2018-10-13 18:00:00,75.4
2018-10-13 19:00:00,66.95
2018-10-13 20:00:00,65.56
2018-10-13 21:00:00,65.77
2018-10-13 22:00:00,48.91
2018-10-13 23:00:00,38.33
2018-10-14 00:00:00,33.69
2018-10-14 01:00:00,34.04
2018-10-14 02:00:00,32.14
2018-10-14 03:00:00,24.68
2018-10-14 04:00:00,28.02
2018-10-14 05:00:00,36.3
2018-10-14 06:00:00,38.87
2018-10-14 07:00:00,38.78
2018-10-14 08:00:00,35.88
2018-10-14 09:00:00,34.98
2018-10-14 10:00:00,36.56
2018-10-14 11:00:00,28.78
2018-10-14 12:00:00,19.73
2018-10-14 13:00:00,23.17
2018-10-14 14:00:00,25.42
2018-10-14 15:00:00,42.86
2018-10-14 16:00:00,56.56
2018-10-14 17:00:00,68.09
2018-10-14 18:00:00,73.36
2018-10-14 19:00:00,54.74
2018-10-14 20:00:00,60.96
2018-10-14 21:00:00,59.88
2018-10-14 22:00:00,49.23
2018-10-14 23:00:00,39.5
2018-10-15 00:00:00,35.81
2018-10-15 01:00:00,35.61
2018-10-15 02:00:00,33.0
2018-10-15 03:00:00,42.0
2018-10-15 04:00:00,60.02
2018-10-15 05:00:00,79.38
2018-10-15 06:00:00,79.05
2018-10-15 07:00:00,82.99
2018-10-15 08:00:00,81.3
2018-10-15 09:00:00,81.3
2018-10-15 10:00:00,74.98
2018-10-15 11:00:00,70.0
2018-10-15 12:00:00,69.64
2018-10-15 13:00:00,70.46
2018-10-15 14:00:00,71.86
2018-10-15 15:00:00,80.28
2018-10-15 16:00:00,90.0
2018-10-15 17:00:00,107.32
2018-10-15 18:00:00,86.95
2018-10-15 19:00:00,75.57
2018-10-15 20:00:00,70.46
2018-10-15 21:00:00,59.57
2018-10-15 22:00:00,56.06
2018-10-15 23:00:00,53.55
2018-10-16 00:00:00,52.01
2018-10-16 01:00:00,51.0
2018-10-16 02:00:00,52.2
2018-10-16 03:00:00,57.02
2018-10-16 04:00:00,73.36
2018-10-16 05:00:00,86.98
2018-10-16 06:00:00,95.01
2018-10-16 07:00:00,86.02
2018-10-16 08:00:00,83.0
2018-10-16 09:00:00,77.84
2018-10-16 10:00:00,74.51
2018-10-16 11:00:00,74.57
2018-10-16 12:00:00,71.79
2018-10-16 13:00:00,72.41
2018-10-16 14:00:00,74.04
2018-10-16 15:00:00,80.95
2018-10-16 16:00:00,89.97
2018-10-16 17:00:00,105.12
2018-10-16 18:00:00,89.42
2018-10-16 19:00:00,76.71
2018-10-16 20:00:00,73.36
2018-10-16 21:00:00,70.0
2018-10-16 22:00:00,63.85
2018-10-16 23:00:00,59.73
2018-10-17 00:00:00,56.98
2018-10-17 01:00:00,51.54
2018-10-17 02:00:00,51.65
2018-10-17 03:00:00,57.71
2018-10-17 04:00:00,73.6
2018-10-17 05:00:00,88.77
2018-10-17 06:00:00,89.99
2018-10-17 07:00:00,87.6
2018-10-17 08:00:00,83.1
2018-10-17 09:00:00,78.2
2018-10-17 10:00:00,75.09
2018-10-17 11:00:00,74.51
2018-10-17 12:00:00,72.25
2018-10-17 13:00:00,71.84
2018-10-17 14:00:00,79.94
2018-10-17 15:00:00,82.94
2018-10-17 16:00:00,89.94
2018-10-17 17:00:00,112.66
2018-10-17 18:00:00,86.14
2018-10-17 19:00:00,75.57
2018-10-17 20:00:00,70.0
2018-10-17 21:00:00,62.02
2018-10-17 22:00:00,57.48
2018-10-17 23:00:00,53.36
2018-10-18 00:00:00,50.75
2018-10-18 01:00:00,48.88
2018-10-18 02:00:00,48.9
2018-10-18 03:00:00,52.32
2018-10-18 04:00:00,61.06
2018-10-18 05:00:00,74.38
2018-10-18 06:00:00,82.99
2018-10-18 07:00:00,80.97
2018-10-18 08:00:00,74.96
2018-10-18 09:00:00,74.49
2018-10-18 10:00:00,70.15
2018-10-18 11:00:00,68.95
2018-10-18 12:00:00,64.16
2018-10-18 13:00:00,62.53
2018-10-18 14:00:00,62.53
2018-10-18 15:00:00,71.69
2018-10-18 16:00:00,80.15
2018-10-18 17:00:00,84.19
2018-10-18 18:00:00,75.48
2018-10-18 19:00:00,66.22
2018-10-18 20:00:00,62.07
2018-10-18 21:00:00,59.32
2018-10-18 22:00:00,54.12
2018-10-18 23:00:00,52.4
2018-10-19 00:00:00,50.63
2018-10-19 01:00:00,49.94
2018-10-19 02:00:00,50.22
2018-10-19 03:00:00,52.25
2018-10-19 04:00:00,57.16
2018-10-19 05:00:00,80.96
2018-10-19 06:00:00,84.09
2018-10-19 07:00:00,84.28
2018-10-19 08:00:00,81.94
2018-10-19 09:00:00,75.19
2018-10-19 10:00:00,69.4
2018-10-19 11:00:00,63.5
2018-10-19 12:00:00,60.91
2018-10-19 13:00:00,60.92
2018-10-19 14:00:00,62.17
2018-10-19 15:00:00,73.77
2018-10-19 16:00:00,81.96
2018-10-19 17:00:00,83.95
2018-10-19 18:00:00,79.48
2018-10-19 19:00:00,68.95
2018-10-19 20:00:00,60.43
2018-10-19 21:00:00,57.98
2018-10-19 22:00:00,64.75
2018-10-19 23:00:00,56.55
2018-10-20 00:00:00,53.01
2018-10-20 01:00:00,51.29
2018-10-20 02:00:00,50.75
2018-10-20 03:00:00,50.0
2018-10-20 04:00:00,52.4
2018-10-20 05:00:00,56.03
2018-10-20 06:00:00,61.97
2018-10-20 07:00:00,70.93
2018-10-20 08:00:00,66.48
2018-10-20 09:00:00,61.78
2018-10-20 10:00:00,59.21
2018-10-20 11:00:00,57.35
2018-10-20 12:00:00,55.01
2018-10-20 13:00:00,53.05
2018-10-20 14:00:00,55.11
2018-10-20 15:00:00,61.24
2018-10-20 16:00:00,75.8
2018-10-20 17:00:00,79.95
2018-10-20 18:00:00,71.69
2018-10-20 19:00:00,62.29
2018-10-20 20:00:00,60.01
2018-10-20 21:00:00,60.86
2018-10-20 22:00:00,55.0
2018-10-20 23:00:00,54.01
2018-10-21 00:00:00,51.53
2018-10-21 01:00:00,50.5
2018-10-21 02:00:00,50.33
2018-10-21 03:00:00,50.5
2018-10-21 04:00:00,52.02
2018-10-21 05:00:00,56.03
2018-10-21 06:00:00,59.0
2018-10-21 07:00:00,61.03
2018-10-21 08:00:00,60.94
2018-10-21 09:00:00,60.79
2018-10-21 10:00:00,57.75
2018-10-21 11:00:00,51.54
2018-10-21 12:00:00,48.0
2018-10-21 13:00:00,44.97
2018-10-21 14:00:00,52.06
2018-10-21 15:00:00,58.58
2018-10-21 16:00:00,68.95
2018-10-21 17:00:00,74.94
2018-10-21 18:00:00,72.5
2018-10-21 19:00:00,57.94
2018-10-21 20:00:00,59.9
2018-10-21 21:00:00,59.69
2018-10-21 22:00:00,60.59
2018-10-21 23:00:00,49.77
2018-10-22 00:00:00,46.64
2018-10-22 01:00:00,39.75
2018-10-22 02:00:00,41.81
2018-10-22 03:00:00,47.71
2018-10-22 04:00:00,60.0
2018-10-22 05:00:00,75.49
2018-10-22 06:00:00,76.71
2018-10-22 07:00:00,72.82
2018-10-22 08:00:00,71.15
2018-10-22 09:00:00,70.17
2018-10-22 10:00:00,68.37
2018-10-22 11:00:00,62.17
2018-10-22 12:00:00,58.79
2018-10-22 13:00:00,58.0
2018-10-22 14:00:00,57.88
2018-10-22 15:00:00,66.54
2018-10-22 16:00:00,78.91
2018-10-22 17:00:00,83.91
2018-10-22 18:00:00,73.32
2018-10-22 19:00:00,67.55
2018-10-22 20:00:00,59.72
2018-10-22 21:00:00,57.69
2018-10-22 22:00:00,54.23
2018-10-22 23:00:00,52.9
2018-10-23 00:00:00,50.14
2018-10-23 01:00:00,45.23
2018-10-23 02:00:00,39.58
2018-10-23 03:00:00,49.18
2018-10-23 04:00:00,54.4
2018-10-23 05:00:00,73.53
2018-10-23 06:00:00,80.42
2018-10-23 07:00:00,79.7
2018-10-23 08:00:00,72.63
2018-10-23 09:00:00,70.01
2018-10-23 10:00:00,68.89
2018-10-23 11:00:00,64.96
2018-10-23 12:00:00,60.85
2018-10-23 13:00:00,57.56
2018-10-23 14:00:00,59.25
2018-10-23 15:00:00,64.21
2018-10-23 16:00:00,70.99
2018-10-23 17:00:00,84.58
2018-10-23 18:00:00,75.45
2018-10-23 19:00:00,67.85
2018-10-23 20:00:00,67.64
2018-10-23 21:00:00,59.78
2018-10-23 22:00:00,55.91
2018-10-23 23:00:00,51.29
2018-10-24 00:00:00,49.25
2018-10-24 01:00:00,43.73
2018-10-24 02:00:00,44.24
2018-10-24 03:00:00,50.59
2018-10-24 04:00:00,58.0
2018-10-24 05:00:00,77.92
2018-10-24 06:00:00,77.37
2018-10-24 07:00:00,78.4
2018-10-24 08:00:00,77.95
2018-10-24 09:00:00,77.05
2018-10-24 10:00:00,74.7
2018-10-24 11:00:00,70.0
2018-10-24 12:00:00,67.0
2018-10-24 13:00:00,64.2
2018-10-24 14:00:00,64.93
2018-10-24 15:00:00,67.85
2018-10-24 16:00:00,83.13
2018-10-24 17:00:00,89.78
2018-10-24 18:00:00,81.8
2018-10-24 19:00:00,73.36
2018-10-24 20:00:00,68.62
2018-10-24 21:00:00,66.9
2018-10-24 22:00:00,65.03
2018-10-24 23:00:00,56.97
2018-10-25 00:00:00,50.31
2018-10-25 01:00:00,47.06
2018-10-25 02:00:00,47.13
2018-10-25 03:00:00,56.59
2018-10-25 04:00:00,68.94
2018-10-25 05:00:00,81.14
2018-10-25 06:00:00,85.95
2018-10-25 07:00:00,84.0
2018-10-25 08:00:00,81.33
2018-10-25 09:00:00,79.51
2018-10-25 10:00:00,75.21
2018-10-25 11:00:00,74.05
2018-10-25 12:00:00,72.82
2018-10-25 13:00:00,70.15
2018-10-25 14:00:00,70.0
2018-10-25 15:00:00,74.15
2018-10-25 16:00:00,84.99
2018-10-25 17:00:00,96.27
2018-10-25 18:00:00,81.33
2018-10-25 19:00:00,75.75
2018-10-25 20:00:00,72.39
2018-10-25 21:00:00,69.04
2018-10-25 22:00:00,67.65
2018-10-25 23:00:00,60.29
2018-10-26 00:00:00,58.31
2018-10-26 01:00:00,54.49
2018-10-26 02:00:00,50.39
2018-10-26 03:00:00,59.95
2018-10-26 04:00:00,70.22
2018-10-26 05:00:00,79.31
2018-10-26 06:00:00,85.06
2018-10-26 07:00:00,88.17
2018-10-26 08:00:00,86.1
2018-10-26 09:00:00,82.78
2018-10-26 10:00:00,76.82
2018-10-26 11:00:00,74.23
2018-10-26 12:00:00,64.2
2018-10-26 13:00:00,61.49
2018-10-26 14:00:00,62.31
2018-10-26 15:00:00,69.64
2018-10-26 16:00:00,78.15
2018-10-26 17:00:00,87.35
2018-10-26 18:00:00,76.96
2018-10-26 19:00:00,68.2
2018-10-26 20:00:00,66.02
2018-10-26 21:00:00,64.02
2018-10-26 22:00:00,68.49
2018-10-26 23:00:00,64.51
2018-10-27 00:00:00,61.65
2018-10-27 01:00:00,54.6
2018-10-27 02:00:00,53.07
2018-10-27 03:00:00,53.14
2018-10-27 04:00:00,53.99
2018-10-27 05:00:00,63.69
2018-10-27 06:00:00,61.12
2018-10-27 07:00:00,73.56
2018-10-27 08:00:00,74.1
2018-10-27 09:00:00,73.6
2018-10-27 10:00:00,72.25
2018-10-27 11:00:00,65.61
2018-10-27 12:00:00,62.6
2018-10-27 13:00:00,61.52
2018-10-27 14:00:00,62.78
2018-10-27 15:00:00,70.0
2018-10-27 16:00:00,79.72
2018-10-27 17:00:00,84.24
2018-10-27 18:00:00,77.0
2018-10-27 19:00:00,68.95
2018-10-27 20:00:00,65.79
2018-10-27 21:00:00,63.45
2018-10-27 22:00:00,64.47
2018-10-27 23:00:00,54.83
2018-10-28 00:00:00,54.83
2018-10-28 01:00:00,50.12
2018-10-28 02:00:00,45.92
2018-10-28 03:00:00,44.0
2018-10-28 04:00:00,44.79
2018-10-28 05:00:00,47.27
2018-10-28 06:00:00,48.86
2018-10-28 07:00:00,50.1
2018-10-28 08:00:00,51.1
2018-10-28 09:00:00,50.1
2018-10-28 10:00:00,50.62
2018-10-28 11:00:00,52.6
2018-10-28 12:00:00,51.9
2018-10-28 13:00:00,47.15
2018-10-28 14:00:00,46.99
2018-10-28 15:00:00,47.36
2018-10-28 16:00:00,55.61
2018-10-28 17:00:00,65.02
2018-10-28 18:00:00,69.14
2018-10-28 19:00:00,66.03
2018-10-28 20:00:00,64.02
2018-10-28 21:00:00,64.0
2018-10-28 22:00:00,60.0
2018-10-28 23:00:00,51.75
2018-10-29 00:00:00,48.0
2018-10-29 01:00:00,42.92
2018-10-29 02:00:00,36.33
2018-10-29 03:00:00,36.66
2018-10-29 04:00:00,47.62
2018-10-29 05:00:00,60.22
2018-10-29 06:00:00,78.5
2018-10-29 07:00:00,84.74
2018-10-29 08:00:00,87.12
2018-10-29 09:00:00,84.86
2018-10-29 10:00:00,85.28
2018-10-29 11:00:00,83.35
2018-10-29 12:00:00,82.82
2018-10-29 13:00:00,82.9
2018-10-29 14:00:00,83.06
2018-10-29 15:00:00,82.74
2018-10-29 16:00:00,98.68
2018-10-29 17:00:00,120.55
2018-10-29 18:00:00,114.05
2018-10-29 19:00:00,83.87
2018-10-29 20:00:00,73.0
2018-10-29 21:00:00,69.39
2018-10-29 22:00:00,65.01
2018-10-29 23:00:00,60.56
2018-10-30 00:00:00,58.37
2018-10-30 01:00:00,52.9
2018-10-30 02:00:00,52.52
2018-10-30 03:00:00,53.0
2018-10-30 04:00:00,57.22
2018-10-30 05:00:00,73.78
2018-10-30 06:00:00,83.3
2018-10-30 07:00:00,90.12
2018-10-30 08:00:00,91.1
2018-10-30 09:00:00,86.33
2018-10-30 10:00:00,80.0
2018-10-30 11:00:00,71.27
2018-10-30 12:00:00,70.2
2018-10-30 13:00:00,69.43
2018-10-30 14:00:00,67.81
2018-10-30 15:00:00,67.89
2018-10-30 16:00:00,77.87
2018-10-30 17:00:00,103.52
2018-10-30 18:00:00,101.21
2018-10-30 19:00:00,77.55
2018-10-30 20:00:00,73.01
2018-10-30 21:00:00,70.37
2018-10-30 22:00:00,65.46
2018-10-30 23:00:00,65.55
2018-10-31 00:00:00,60.77
2018-10-31 01:00:00,59.57
2018-10-31 02:00:00,56.16
2018-10-31 03:00:00,55.49
2018-10-31 04:00:00,57.05
2018-10-31 05:00:00,68.68
2018-10-31 06:00:00,78.07
2018-10-31 07:00:00,87.77
2018-10-31 08:00:00,87.08
2018-10-31 09:00:00,82.51
2018-10-31 10:00:00,82.76
2018-10-31 11:00:00,78.33
2018-10-31 12:00:00,76.9
2018-10-31 13:00:00,71.86
2018-10-31 14:00:00,72.99
2018-10-31 15:00:00,77.33
2018-10-31 16:00:00,85.64
2018-10-31 17:00:00,95.49
2018-10-31 18:00:00,87.84
2018-10-31 19:00:00,75.93
2018-10-31 20:00:00,67.12
2018-10-31 21:00:00,66.95
2018-10-31 22:00:00,60.64
2018-10-31 23:00:00,58.0
2018-11-01 00:00:00,55.04
2018-11-01 01:00:00,49.62
2018-11-01 02:00:00,43.8
2018-11-01 03:00:00,40.12
2018-11-01 04:00:00,41.42
2018-11-01 05:00:00,43.02
2018-11-01 06:00:00,47.71
2018-11-01 07:00:00,48.51
2018-11-01 08:00:00,53.01
2018-11-01 09:00:00,48.99
2018-11-01 10:00:00,50.61
2018-11-01 11:00:00,57.28
2018-11-01 12:00:00,55.37
2018-11-01 13:00:00,53.07
2018-11-01 14:00:00,53.09
2018-11-01 15:00:00,50.38
2018-11-01 16:00:00,62.99
2018-11-01 17:00:00,70.69
2018-11-01 18:00:00,71.28
2018-11-01 19:00:00,65.11
2018-11-01 20:00:00,59.17
2018-11-01 21:00:00,61.4
2018-11-01 22:00:00,59.11
2018-11-01 23:00:00,56.86
2018-11-02 00:00:00,54.24
2018-11-02 01:00:00,49.12
2018-11-02 02:00:00,45.29
2018-11-02 03:00:00,47.06
2018-11-02 04:00:00,51.15
2018-11-02 05:00:00,60.18
2018-11-02 06:00:00,69.07
2018-11-02 07:00:00,74.07
2018-11-02 08:00:00,73.42
2018-11-02 09:00:00,71.0
2018-11-02 10:00:00,69.8
2018-11-02 11:00:00,68.4
2018-11-02 12:00:00,67.2
2018-11-02 13:00:00,64.2
2018-11-02 14:00:00,66.03
2018-11-02 15:00:00,70.99
2018-11-02 16:00:00,82.64
2018-11-02 17:00:00,87.89
2018-11-02 18:00:00,81.21
2018-11-02 19:00:00,71.42
2018-11-02 20:00:00,67.23
2018-11-02 21:00:00,67.89
2018-11-02 22:00:00,67.16
2018-11-02 23:00:00,65.21
2018-11-03 00:00:00,56.27
2018-11-03 01:00:00,54.94
2018-11-03 02:00:00,52.12
2018-11-03 03:00:00,50.1
2018-11-03 04:00:00,52.61
2018-11-03 05:00:00,54.24
2018-11-03 06:00:00,57.0
2018-11-03 07:00:00,61.5
2018-11-03 08:00:00,65.03
2018-11-03 09:00:00,64.03
2018-11-03 10:00:00,62.27
2018-11-03 11:00:00,61.52
2018-11-03 12:00:00,58.45
2018-11-03 13:00:00,54.88
2018-11-03 14:00:00,57.0
2018-11-03 15:00:00,61.41
2018-11-03 16:00:00,70.0
2018-11-03 17:00:00,75.0
2018-11-03 18:00:00,75.56
2018-11-03 19:00:00,69.71
2018-11-03 20:00:00,62.32
2018-11-03 21:00:00,64.47
2018-11-03 22:00:00,60.52
2018-11-03 23:00:00,59.54
2018-11-04 00:00:00,51.6
2018-11-04 01:00:00,50.25
2018-11-04 02:00:00,45.11
2018-11-04 03:00:00,44.54
2018-11-04 04:00:00,45.68
2018-11-04 05:00:00,48.56
2018-11-04 06:00:00,46.82
2018-11-04 07:00:00,46.33
2018-11-04 08:00:00,50.34
2018-11-04 09:00:00,56.93
2018-11-04 10:00:00,58.32
2018-11-04 11:00:00,58.97
2018-11-04 12:00:00,54.97
2018-11-04 13:00:00,49.3
2018-11-04 14:00:00,51.01
2018-11-04 15:00:00,52.3
2018-11-04 16:00:00,62.99
2018-11-04 17:00:00,67.17
2018-11-04 18:00:00,68.68
2018-11-04 19:00:00,64.28
2018-11-04 20:00:00,58.62
2018-11-04 21:00:00,58.39
2018-11-04 22:00:00,54.99
2018-11-04 23:00:00,48.59
2018-11-05 00:00:00,46.61
2018-11-05 01:00:00,44.56
2018-11-05 02:00:00,41.92
2018-11-05 03:00:00,41.07
2018-11-05 04:00:00,46.17
2018-11-05 05:00:00,54.22
2018-11-05 06:00:00,67.64
2018-11-05 07:00:00,69.91
2018-11-05 08:00:00,70.02
2018-11-05 09:00:00,68.68
2018-11-05 10:00:00,68.31
2018-11-05 11:00:00,66.07
2018-11-05 12:00:00,67.2
2018-11-05 13:00:00,68.21
2018-11-05 14:00:00,70.94
2018-11-05 15:00:00,71.99
2018-11-05 16:00:00,80.47
2018-11-05 17:00:00,84.99
2018-11-05 18:00:00,77.1
2018-11-05 19:00:00,69.21
2018-11-05 20:00:00,64.18
2018-11-05 21:00:00,62.03
2018-11-05 22:00:00,54.84
2018-11-05 23:00:00,51.0
2018-11-06 00:00:00,47.64
2018-11-06 01:00:00,44.82
2018-11-06 02:00:00,43.53
2018-11-06 03:00:00,43.93
2018-11-06 04:00:00,48.18
2018-11-06 05:00:00,57.1
2018-11-06 06:00:00,67.95
2018-11-06 07:00:00,70.1
2018-11-06 08:00:00,68.25
2018-11-06 09:00:00,65.44
2018-11-06 10:00:00,63.86
2018-11-06 11:00:00,60.73
2018-11-06 12:00:00,62.41
2018-11-06 13:00:00,63.14
2018-11-06 14:00:00,64.34
2018-11-06 15:00:00,66.89
2018-11-06 16:00:00,74.68
2018-11-06 17:00:00,77.37
2018-11-06 18:00:00,74.43
2018-11-06 19:00:00,67.2
2018-11-06 20:00:00,55.54
2018-11-06 21:00:00,55.22
2018-11-06 22:00:00,52.07
2018-11-06 23:00:00,44.65
2018-11-07 00:00:00,43.6
2018-11-07 01:00:00,41.59
2018-11-07 02:00:00,40.64
2018-11-07 03:00:00,39.37
2018-11-07 04:00:00,43.77
2018-11-07 05:00:00,50.79
2018-11-07 06:00:00,61.99
2018-11-07 07:00:00,64.18
2018-11-07 08:00:00,63.01
2018-11-07 09:00:00,61.56
2018-11-07 10:00:00,61.06
2018-11-07 11:00:00,59.78
2018-11-07 12:00:00,60.03
2018-11-07 13:00:00,62.94
2018-11-07 14:00:00,65.61
2018-11-07 15:00:00,67.7
2018-11-07 16:00:00,70.99
2018-11-07 17:00:00,73.57
2018-11-07 18:00:00,73.09
2018-11-07 19:00:00,63.57
2018-11-07 20:00:00,53.83
2018-11-07 21:00:00,54.96
2018-11-07 22:00:00,52.03
2018-11-07 23:00:00,48.22
2018-11-08 00:00:00,46.47
2018-11-08 01:00:00,45.27
2018-11-08 02:00:00,44.33
2018-11-08 03:00:00,45.97
2018-11-08 04:00:00,48.1
2018-11-08 05:00:00,57.11
2018-11-08 06:00:00,67.0
2018-11-08 07:00:00,68.95
2018-11-08 08:00:00,68.82
2018-11-08 09:00:00,67.71
2018-11-08 10:00:00,67.43
2018-11-08 11:00:00,64.97
2018-11-08 12:00:00,65.67
2018-11-08 13:00:00,67.49
2018-11-08 14:00:00,68.29
2018-11-08 15:00:00,70.58
2018-11-08 16:00:00,86.39
2018-11-08 17:00:00,90.06
2018-11-08 18:00:00,75.82
2018-11-08 19:00:00,69.07
2018-11-08 20:00:00,62.63
2018-11-08 21:00:00,59.63
2018-11-08 22:00:00,54.97
2018-11-08 23:00:00,52.3
2018-11-09 00:00:00,50.6
2018-11-09 01:00:00,48.12
2018-11-09 02:00:00,47.64
2018-11-09 03:00:00,47.84
2018-11-09 04:00:00,51.0
2018-11-09 05:00:00,62.16
2018-11-09 06:00:00,69.06
2018-11-09 07:00:00,72.56
2018-11-09 08:00:00,71.1
2018-11-09 09:00:00,68.47
2018-11-09 10:00:00,65.99
2018-11-09 11:00:00,63.75
2018-11-09 12:00:00,62.15
2018-11-09 13:00:00,62.84
2018-11-09 14:00:00,64.81
2018-11-09 15:00:00,63.87
2018-11-09 16:00:00,69.72
2018-11-09 17:00:00,68.16
2018-11-09 18:00:00,66.44
2018-11-09 19:00:00,61.26
2018-11-09 20:00:00,56.12
2018-11-09 21:00:00,54.64
2018-11-09 22:00:00,51.84
2018-11-09 23:00:00,48.8
2018-11-10 00:00:00,43.45
2018-11-10 01:00:00,40.59
2018-11-10 02:00:00,38.92
2018-11-10 03:00:00,38.05
2018-11-10 04:00:00,38.2
2018-11-10 05:00:00,39.65
2018-11-10 06:00:00,42.69
2018-11-10 07:00:00,46.0
2018-11-10 08:00:00,51.0
2018-11-10 09:00:00,54.07
2018-11-10 10:00:00,55.5
2018-11-10 11:00:00,56.15
2018-11-10 12:00:00,56.96
2018-11-10 13:00:00,55.05
2018-11-10 14:00:00,54.72
2018-11-10 15:00:00,53.09
2018-11-10 16:00:00,60.1
2018-11-10 17:00:00,68.1
2018-11-10 18:00:00,67.33
2018-11-10 19:00:00,58.44
2018-11-10 20:00:00,51.12
2018-11-10 21:00:00,55.09
2018-11-10 22:00:00,53.05
2018-11-10 23:00:00,53.64
2018-11-11 00:00:00,46.3
2018-11-11 01:00:00,42.81
2018-11-11 02:00:00,36.08
2018-11-11 03:00:00,34.38
2018-11-11 04:00:00,34.49
2018-11-11 05:00:00,35.46
2018-11-11 06:00:00,40.38
2018-11-11 07:00:00,43.12
2018-11-11 08:00:00,46.7
2018-11-11 09:00:00,49.2
2018-11-11 10:00:00,52.23
2018-11-11 11:00:00,52.8
2018-11-11 12:00:00,51.16
2018-11-11 13:00:00,51.03
2018-11-11 14:00:00,51.86
2018-11-11 15:00:00,48.91
2018-11-11 16:00:00,62.0
2018-11-11 17:00:00,68.28
2018-11-11 18:00:00,68.31
2018-11-11 19:00:00,62.49
2018-11-11 20:00:00,52.9
2018-11-11 21:00:00,57.58
2018-11-11 22:00:00,55.46
2018-11-11 23:00:00,54.89
2018-11-12 00:00:00,49.55
2018-11-12 01:00:00,46.9
2018-11-12 02:00:00,43.04
2018-11-12 03:00:00,42.41
2018-11-12 04:00:00,47.6
2018-11-12 05:00:00,64.68
2018-11-12 06:00:00,69.87
2018-11-12 07:00:00,68.71
2018-11-12 08:00:00,69.62
2018-11-12 09:00:00,68.71
2018-11-12 10:00:00,69.06
2018-11-12 11:00:00,67.73
2018-11-12 12:00:00,65.25
2018-11-12 13:00:00,67.18
2018-11-12 14:00:00,68.0
2018-11-12 15:00:00,68.85
2018-11-12 16:00:00,73.41
2018-11-12 17:00:00,78.04
2018-11-12 18:00:00,75.43
2018-11-12 19:00:00,71.09
2018-11-12 20:00:00,61.2
2018-11-12 21:00:00,61.23
2018-11-12 22:00:00,56.65
2018-11-12 23:00:00,56.29
2018-11-13 00:00:00,50.3
2018-11-13 01:00:00,48.34
2018-11-13 02:00:00,45.48
2018-11-13 03:00:00,46.03
2018-11-13 04:00:00,48.33
2018-11-13 05:00:00,62.22
2018-11-13 06:00:00,68.25
2018-11-13 07:00:00,70.0
2018-11-13 08:00:00,70.49
2018-11-13 09:00:00,68.31
2018-11-13 10:00:00,68.07
2018-11-13 11:00:00,66.4
2018-11-13 12:00:00,66.83
2018-11-13 13:00:00,67.14
2018-11-13 14:00:00,68.07
2018-11-13 15:00:00,71.94
2018-11-13 16:00:00,80.52
2018-11-13 17:00:00,88.47
2018-11-13 18:00:00,79.19
2018-11-13 19:00:00,72.46
2018-11-13 20:00:00,66.21
2018-11-13 21:00:00,65.87
2018-11-13 22:00:00,58.55
2018-11-13 23:00:00,60.16
2018-11-14 00:00:00,55.13
2018-11-14 01:00:00,51.95
2018-11-14 02:00:00,48.44
2018-11-14 03:00:00,46.75
2018-11-14 04:00:00,50.77
2018-11-14 05:00:00,60.3
2018-11-14 06:00:00,70.6
2018-11-14 07:00:00,73.62
2018-11-14 08:00:00,70.36
2018-11-14 09:00:00,67.62
2018-11-14 10:00:00,66.03
2018-11-14 11:00:00,63.2
2018-11-14 12:00:00,64.18
2018-11-14 13:00:00,65.9
2018-11-14 14:00:00,70.1
2018-11-14 15:00:00,73.98
2018-11-14 16:00:00,83.47
2018-11-14 17:00:00,80.13
2018-11-14 18:00:00,75.27
2018-11-14 19:00:00,68.88
2018-11-14 20:00:00,63.0
2018-11-14 21:00:00,60.0
2018-11-14 22:00:00,57.49
2018-11-14 23:00:00,56.83
2018-11-15 00:00:00,51.95
2018-11-15 01:00:00,51.27
2018-11-15 02:00:00,50.29
2018-11-15 03:00:00,51.03
2018-11-15 04:00:00,53.17
2018-11-15 05:00:00,65.05
2018-11-15 06:00:00,73.16
2018-11-15 07:00:00,74.44
2018-11-15 08:00:00,73.27
2018-11-15 09:00:00,70.0
2018-11-15 10:00:00,68.4
2018-11-15 11:00:00,67.19
2018-11-15 12:00:00,67.51
2018-11-15 13:00:00,68.43
2018-11-15 14:00:00,73.1
2018-11-15 15:00:00,74.47
2018-11-15 16:00:00,79.7
2018-11-15 17:00:00,79.0
2018-11-15 18:00:00,76.0
2018-11-15 19:00:00,71.07
2018-11-15 20:00:00,68.27
2018-11-15 21:00:00,65.41
2018-11-15 22:00:00,64.01
2018-11-15 23:00:00,62.6
2018-11-16 00:00:00,56.85
2018-11-16 01:00:00,53.89
2018-11-16 02:00:00,51.97
2018-11-16 03:00:00,51.28
2018-11-16 04:00:00,55.77
2018-11-16 05:00:00,65.05
2018-11-16 06:00:00,74.05
2018-11-16 07:00:00,81.35
2018-11-16 08:00:00,83.05
2018-11-16 09:00:00,76.95
2018-11-16 10:00:00,72.39
2018-11-16 11:00:00,68.24
2018-11-16 12:00:00,67.0
2018-11-16 13:00:00,67.0
2018-11-16 14:00:00,68.09
2018-11-16 15:00:00,69.97
2018-11-16 16:00:00,78.0
2018-11-16 17:00:00,81.99
2018-11-16 18:00:00,74.05
2018-11-16 19:00:00,68.69
2018-11-16 20:00:00,64.48
2018-11-16 21:00:00,62.61
2018-11-16 22:00:00,59.96
2018-11-16 23:00:00,64.98
2018-11-17 00:00:00,60.97
2018-11-17 01:00:00,56.42
2018-11-17 02:00:00,53.99
2018-11-17 03:00:00,49.12
2018-11-17 04:00:00,55.87
2018-11-17 05:00:00,55.69
2018-11-17 06:00:00,58.56
2018-11-17 07:00:00,61.21
2018-11-17 08:00:00,66.0
2018-11-17 09:00:00,65.76
2018-11-17 10:00:00,61.98
2018-11-17 11:00:00,59.41
2018-11-17 12:00:00,57.97
2018-11-17 13:00:00,53.11
2018-11-17 14:00:00,56.44
2018-11-17 15:00:00,61.46
2018-11-17 16:00:00,66.0
2018-11-17 17:00:00,69.81
2018-11-17 18:00:00,70.01
2018-11-17 19:00:00,65.0
2018-11-17 20:00:00,58.66
2018-11-17 21:00:00,60.08
2018-11-17 22:00:00,57.99
2018-11-17 23:00:00,56.7
2018-11-18 00:00:00,51.18
2018-11-18 01:00:00,50.01
2018-11-18 02:00:00,47.96
2018-11-18 03:00:00,47.47
2018-11-18 04:00:00,48.75
2018-11-18 05:00:00,48.01
2018-11-18 06:00:00,49.67
2018-11-18 07:00:00,53.05
2018-11-18 08:00:00,54.43
2018-11-18 09:00:00,58.34
2018-11-18 10:00:00,59.41
2018-11-18 11:00:00,59.98
2018-11-18 12:00:00,55.74
2018-11-18 13:00:00,51.07
2018-11-18 14:00:00,52.95
2018-11-18 15:00:00,53.22
2018-11-18 16:00:00,60.01
2018-11-18 17:00:00,70.25
2018-11-18 18:00:00,69.87
2018-11-18 19:00:00,69.57
2018-11-18 20:00:00,66.84
2018-11-18 21:00:00,66.84
2018-11-18 22:00:00,64.54
2018-11-18 23:00:00,66.26
2018-11-19 00:00:00,62.44
2018-11-19 01:00:00,59.93
2018-11-19 02:00:00,56.53
2018-11-19 03:00:00,55.1
2018-11-19 04:00:00,60.95
2018-11-19 05:00:00,70.0
2018-11-19 06:00:00,82.06
2018-11-19 07:00:00,82.38
2018-11-19 08:00:00,82.0
2018-11-19 09:00:00,79.4
2018-11-19 10:00:00,77.53
2018-11-19 11:00:00,74.53
2018-11-19 12:00:00,74.0
2018-11-19 13:00:00,73.9
2018-11-19 14:00:00,74.72
2018-11-19 15:00:00,78.0
2018-11-19 16:00:00,90.66
2018-11-19 17:00:00,101.0
2018-11-19 18:00:00,93.24
2018-11-19 19:00:00,79.89
2018-11-19 20:00:00,71.0
2018-11-19 21:00:00,70.07
2018-11-19 22:00:00,67.89
2018-11-19 23:00:00,64.55
2018-11-20 00:00:00,59.9
2018-11-20 01:00:00,55.66
2018-11-20 02:00:00,51.87
2018-11-20 03:00:00,52.07
2018-11-20 04:00:00,55.61
2018-11-20 05:00:00,69.09
2018-11-20 06:00:00,84.32
2018-11-20 07:00:00,102.57
2018-11-20 08:00:00,107.36
2018-11-20 09:00:00,104.06
2018-11-20 10:00:00,103.88
2018-11-20 11:00:00,101.85
2018-11-20 12:00:00,99.79
2018-11-20 13:00:00,90.0
2018-11-20 14:00:00,98.15
2018-11-20 15:00:00,115.46
2018-11-20 16:00:00,134.77
2018-11-20 17:00:00,227.22
2018-11-20 18:00:00,175.0
2018-11-20 19:00:00,110.91
2018-11-20 20:00:00,74.0
2018-11-20 21:00:00,74.45
2018-11-20 22:00:00,72.02
2018-11-20 23:00:00,70.64
2018-11-21 00:00:00,65.61
2018-11-21 01:00:00,63.32
2018-11-21 02:00:00,58.12
2018-11-21 03:00:00,57.72
2018-11-21 04:00:00,62.31
2018-11-21 05:00:00,81.09
2018-11-21 06:00:00,147.47
2018-11-21 07:00:00,189.27
2018-11-21 08:00:00,172.39
2018-11-21 09:00:00,143.74
2018-11-21 10:00:00,137.5
2018-11-21 11:00:00,113.83
2018-11-21 12:00:00,121.05
2018-11-21 13:00:00,106.61
2018-11-21 14:00:00,104.21
2018-11-21 15:00:00,105.47
2018-11-21 16:00:00,165.69
2018-11-21 17:00:00,259.95
2018-11-21 18:00:00,175.12
2018-11-21 19:00:00,106.01
2018-11-21 20:00:00,83.16
2018-11-21 21:00:00,85.88
2018-11-21 22:00:00,86.96
2018-11-21 23:00:00,66.5
2018-11-22 00:00:00,64.5
2018-11-22 01:00:00,62.4
2018-11-22 02:00:00,56.66
2018-11-22 03:00:00,56.6
2018-11-22 04:00:00,64.07
2018-11-22 05:00:00,81.08
2018-11-22 06:00:00,117.32
2018-11-22 07:00:00,159.93
2018-11-22 08:00:00,131.28
2018-11-22 09:00:00,108.31
2018-11-22 10:00:00,115.09
2018-11-22 11:00:00,107.83
2018-11-22 12:00:00,99.39
2018-11-22 13:00:00,100.0
2018-11-22 14:00:00,100.0
2018-11-22 15:00:00,112.83
2018-11-22 16:00:00,173.77
2018-11-22 17:00:00,208.87
2018-11-22 18:00:00,142.47
2018-11-22 19:00:00,99.24
2018-11-22 20:00:00,77.5
2018-11-22 21:00:00,73.99
2018-11-22 22:00:00,73.61
2018-11-22 23:00:00,66.93
2018-11-23 00:00:00,64.07
2018-11-23 01:00:00,61.21
2018-11-23 02:00:00,59.5
2018-11-23 03:00:00,59.41
2018-11-23 04:00:00,62.7
2018-11-23 05:00:00,75.92
2018-11-23 06:00:00,99.85
2018-11-23 07:00:00,106.0
2018-11-23 08:00:00,101.52
2018-11-23 09:00:00,101.05
2018-11-23 10:00:00,98.93
2018-11-23 11:00:00,98.28
2018-11-23 12:00:00,94.9
2018-11-23 13:00:00,93.6
2018-11-23 14:00:00,94.43
2018-11-23 15:00:00,97.09
2018-11-23 16:00:00,109.2
2018-11-23 17:00:00,109.57
2018-11-23 18:00:00,94.86
2018-11-23 19:00:00,81.31
2018-11-23 20:00:00,68.71
2018-11-23 21:00:00,67.97
2018-11-23 22:00:00,67.26
2018-11-23 23:00:00,63.77
2018-11-24 00:00:00,61.51
2018-11-24 01:00:00,59.76
2018-11-24 02:00:00,55.67
2018-11-24 03:00:00,54.01
2018-11-24 04:00:00,55.42
2018-11-24 05:00:00,57.78
2018-11-24 06:00:00,61.7
2018-11-24 07:00:00,65.16
2018-11-24 08:00:00,72.2
2018-11-24 09:00:00,73.49
2018-11-24 10:00:00,73.17
2018-11-24 11:00:00,73.01
2018-11-24 12:00:00,66.93
2018-11-24 13:00:00,64.57
2018-11-24 14:00:00,65.04
2018-11-24 15:00:00,68.11
2018-11-24 16:00:00,79.79
2018-11-24 17:00:00,89.86
2018-11-24 18:00:00,78.35
2018-11-24 19:00:00,67.18
2018-11-24 20:00:00,63.14
2018-11-24 21:00:00,61.99
2018-11-24 22:00:00,63.76
2018-11-24 23:00:00,58.81
2018-11-25 00:00:00,54.53
2018-11-25 01:00:00,50.34
2018-11-25 02:00:00,48.46
2018-11-25 03:00:00,48.07
2018-11-25 04:00:00,48.07
2018-11-25 05:00:00,49.09
2018-11-25 06:00:00,53.33
2018-11-25 07:00:00,54.26
2018-11-25 08:00:00,59.06
2018-11-25 09:00:00,62.02
2018-11-25 10:00:00,63.26
2018-11-25 11:00:00,65.15
2018-11-25 12:00:00,63.41
2018-11-25 13:00:00,58.97
2018-11-25 14:00:00,59.03
2018-11-25 15:00:00,61.47
2018-11-25 16:00:00,67.65
2018-11-25 17:00:00,73.1
2018-11-25 18:00:00,71.43
2018-11-25 19:00:00,70.0
2018-11-25 20:00:00,65.45
2018-11-25 21:00:00,62.7
2018-11-25 22:00:00,58.54
2018-11-25 23:00:00,52.62
2018-11-26 00:00:00,49.44
2018-11-26 01:00:00,47.41
2018-11-26 02:00:00,45.6
2018-11-26 03:00:00,45.18
2018-11-26 04:00:00,49.51
2018-11-26 05:00:00,70.68
2018-11-26 06:00:00,89.74
2018-11-26 07:00:00,94.77
2018-11-26 08:00:00,99.94
2018-11-26 09:00:00,96.78
2018-11-26 10:00:00,97.58
2018-11-26 11:00:00,94.25
2018-11-26 12:00:00,97.54
2018-11-26 13:00:00,94.74
2018-11-26 14:00:00,95.0
2018-11-26 15:00:00,100.02
2018-11-26 16:00:00,148.94
2018-11-26 17:00:00,202.52
2018-11-26 18:00:00,150.07
2018-11-26 19:00:00,96.29
2018-11-26 20:00:00,75.58
2018-11-26 21:00:00,76.32
2018-11-26 22:00:00,68.39
2018-11-26 23:00:00,61.1
2018-11-27 00:00:00,58.33
2018-11-27 01:00:00,56.61
2018-11-27 02:00:00,51.67
2018-11-27 03:00:00,51.97
2018-11-27 04:00:00,56.19
2018-11-27 05:00:00,71.9
2018-11-27 06:00:00,93.03
2018-11-27 07:00:00,100.0
2018-11-27 08:00:00,99.0
2018-11-27 09:00:00,93.37
2018-11-27 10:00:00,95.0
2018-11-27 11:00:00,88.98
2018-11-27 12:00:00,88.21
2018-11-27 13:00:00,85.99
2018-11-27 14:00:00,86.94
2018-11-27 15:00:00,87.19
2018-11-27 16:00:00,98.27
2018-11-27 17:00:00,92.43
2018-11-27 18:00:00,82.76
2018-11-27 19:00:00,70.61
2018-11-27 20:00:00,67.07
2018-11-27 21:00:00,63.87
2018-11-27 22:00:00,59.4
2018-11-27 23:00:00,58.22
2018-11-28 00:00:00,51.9
2018-11-28 01:00:00,50.06
2018-11-28 02:00:00,47.75
2018-11-28 03:00:00,46.88
2018-11-28 04:00:00,49.1
2018-11-28 05:00:00,57.63
2018-11-28 06:00:00,67.98
2018-11-28 07:00:00,70.0
2018-11-28 08:00:00,68.07
2018-11-28 09:00:00,67.63
2018-11-28 10:00:00,66.94
2018-11-28 11:00:00,65.61
2018-11-28 12:00:00,65.5
2018-11-28 13:00:00,65.51
2018-11-28 14:00:00,65.97
2018-11-28 15:00:00,67.03
2018-11-28 16:00:00,69.47
2018-11-28 17:00:00,72.37
2018-11-28 18:00:00,70.01
2018-11-28 19:00:00,67.98
2018-11-28 20:00:00,62.85
2018-11-28 21:00:00,61.3
2018-11-28 22:00:00,57.98
2018-11-28 23:00:00,56.3
2018-11-29 00:00:00,51.84
2018-11-29 01:00:00,50.1
2018-11-29 02:00:00,46.2
2018-11-29 03:00:00,46.03
2018-11-29 04:00:00,49.64
2018-11-29 05:00:00,59.15
2018-11-29 06:00:00,68.82
2018-11-29 07:00:00,69.0
2018-11-29 08:00:00,69.02
2018-11-29 09:00:00,67.09
2018-11-29 10:00:00,65.96
2018-11-29 11:00:00,64.3
2018-11-29 12:00:00,63.94
2018-11-29 13:00:00,63.09
2018-11-29 14:00:00,63.92
2018-11-29 15:00:00,67.2
2018-11-29 16:00:00,72.74
2018-11-29 17:00:00,75.28
2018-11-29 18:00:00,72.47
2018-11-29 19:00:00,69.22
2018-11-29 20:00:00,64.08
2018-11-29 21:00:00,63.05
2018-11-29 22:00:00,58.61
2018-11-29 23:00:00,55.14
2018-11-30 00:00:00,52.99
2018-11-30 01:00:00,51.0
2018-11-30 02:00:00,41.24
2018-11-30 03:00:00,39.78
2018-11-30 04:00:00,45.96
2018-11-30 05:00:00,55.2
2018-11-30 06:00:00,67.2
2018-11-30 07:00:00,68.25
2018-11-30 08:00:00,68.03
2018-11-30 09:00:00,68.19
2018-11-30 10:00:00,67.98
2018-11-30 11:00:00,67.2
2018-11-30 12:00:00,67.24
2018-11-30 13:00:00,65.3
2018-11-30 14:00:00,64.95
2018-11-30 15:00:00,67.24
2018-11-30 16:00:00,72.34
2018-11-30 17:00:00,76.33
2018-11-30 18:00:00,73.9
2018-11-30 19:00:00,68.4
2018-11-30 20:00:00,60.94
2018-11-30 21:00:00,63.63
2018-11-30 22:00:00,63.89
2018-11-30 23:00:00,58.36
2018-12-01 00:00:00,55.91
2018-12-01 01:00:00,54.51
2018-12-01 02:00:00,55.29
2018-12-01 03:00:00,52.01
2018-12-01 04:00:00,52.01
2018-12-01 05:00:00,55.9
2018-12-01 06:00:00,57.0
2018-12-01 07:00:00,58.46
2018-12-01 08:00:00,63.98
2018-12-01 09:00:00,65.1
2018-12-01 10:00:00,65.76
2018-12-01 11:00:00,64.77
2018-12-01 12:00:00,61.8
2018-12-01 13:00:00,57.4
2018-12-01 14:00:00,53.74
2018-12-01 15:00:00,53.14
2018-12-01 16:00:00,63.89
2018-12-01 17:00:00,67.09
2018-12-01 18:00:00,67.03
2018-12-01 19:00:00,52.98
2018-12-01 20:00:00,40.64
2018-12-01 21:00:00,56.68
2018-12-01 22:00:00,60.05
2018-12-01 23:00:00,48.93
2018-12-02 00:00:00,42.13
2018-12-02 01:00:00,37.34
2018-12-02 02:00:00,35.52
2018-12-02 03:00:00,30.94
2018-12-02 04:00:00,29.73
2018-12-02 05:00:00,28.99
2018-12-02 06:00:00,32.99
2018-12-02 07:00:00,38.48
2018-12-02 08:00:00,46.89
2018-12-02 09:00:00,50.01
2018-12-02 10:00:00,54.4
2018-12-02 11:00:00,53.84
2018-12-02 12:00:00,53.82
2018-12-02 13:00:00,47.94
2018-12-02 14:00:00,46.3
2018-12-02 15:00:00,46.4
2018-12-02 16:00:00,53.84
2018-12-02 17:00:00,57.22
2018-12-02 18:00:00,59.03
2018-12-02 19:00:00,50.09
2018-12-02 20:00:00,47.36
2018-12-02 21:00:00,46.65
2018-12-02 22:00:00,53.13
2018-12-02 23:00:00,38.28
2018-12-03 00:00:00,28.55
2018-12-03 01:00:00,27.4
2018-12-03 02:00:00,26.46
2018-12-03 03:00:00,21.1
2018-12-03 04:00:00,31.15
2018-12-03 05:00:00,54.34
2018-12-03 06:00:00,64.82
2018-12-03 07:00:00,62.64
2018-12-03 08:00:00,62.7
2018-12-03 09:00:00,56.95
2018-12-03 10:00:00,59.98
2018-12-03 11:00:00,58.38
2018-12-03 12:00:00,56.95
2018-12-03 13:00:00,54.09
2018-12-03 14:00:00,59.94
2018-12-03 15:00:00,58.03
2018-12-03 16:00:00,68.83
2018-12-03 17:00:00,70.15
2018-12-03 18:00:00,70.0
2018-12-03 19:00:00,63.06
2018-12-03 20:00:00,53.28
2018-12-03 21:00:00,50.14
2018-12-03 22:00:00,50.54
2018-12-03 23:00:00,50.84
2018-12-04 00:00:00,36.49
2018-12-04 01:00:00,36.22
2018-12-04 02:00:00,34.1
2018-12-04 03:00:00,37.04
2018-12-04 04:00:00,46.56
2018-12-04 05:00:00,55.0
2018-12-04 06:00:00,68.91
2018-12-04 07:00:00,70.62
2018-12-04 08:00:00,69.68
2018-12-04 09:00:00,68.8
2018-12-04 10:00:00,68.79
2018-12-04 11:00:00,67.75
2018-12-04 12:00:00,67.51
2018-12-04 13:00:00,68.01
2018-12-04 14:00:00,68.64
2018-12-04 15:00:00,72.81
2018-12-04 16:00:00,72.03
2018-12-04 17:00:00,73.98
2018-12-04 18:00:00,71.42
2018-12-04 19:00:00,68.14
2018-12-04 20:00:00,60.9
2018-12-04 21:00:00,58.29
2018-12-04 22:00:00,55.85
2018-12-04 23:00:00,48.7
2018-12-05 00:00:00,46.95
2018-12-05 01:00:00,47.1
2018-12-05 02:00:00,46.33
2018-12-05 03:00:00,47.08
2018-12-05 04:00:00,47.08
2018-12-05 05:00:00,57.08
2018-12-05 06:00:00,67.03
2018-12-05 07:00:00,69.94
2018-12-05 08:00:00,68.17
2018-12-05 09:00:00,68.66
2018-12-05 10:00:00,68.79
2018-12-05 11:00:00,67.06
2018-12-05 12:00:00,67.78
2018-12-05 13:00:00,68.7
2018-12-05 14:00:00,68.77
2018-12-05 15:00:00,67.54
2018-12-05 16:00:00,69.45
2018-12-05 17:00:00,68.09
2018-12-05 18:00:00,65.91
2018-12-05 19:00:00,56.1
2018-12-05 20:00:00,49.81
2018-12-05 21:00:00,50.56
2018-12-05 22:00:00,48.39
2018-12-05 23:00:00,44.56
2018-12-06 00:00:00,43.79
2018-12-06 01:00:00,42.82
2018-12-06 02:00:00,42.29
2018-12-06 03:00:00,42.07
2018-12-06 04:00:00,47.7
2018-12-06 05:00:00,54.04
2018-12-06 06:00:00,64.04
2018-12-06 07:00:00,67.17
2018-12-06 08:00:00,66.95
2018-12-06 09:00:00,67.29
2018-12-06 10:00:00,67.07
2018-12-06 11:00:00,66.11
2018-12-06 12:00:00,65.23
2018-12-06 13:00:00,64.23
2018-12-06 14:00:00,60.85
2018-12-06 15:00:00,62.48
2018-12-06 16:00:00,66.66
2018-12-06 17:00:00,67.83
2018-12-06 18:00:00,66.1
2018-12-06 19:00:00,58.34
2018-12-06 20:00:00,52.99
2018-12-06 21:00:00,51.79
2018-12-06 22:00:00,49.85
2018-12-06 23:00:00,41.97
2018-12-07 00:00:00,36.82
2018-12-07 01:00:00,33.68
2018-12-07 02:00:00,32.06
2018-12-07 03:00:00,28.99
2018-12-07 04:00:00,34.31
2018-12-07 05:00:00,48.57
2018-12-07 06:00:00,63.18
2018-12-07 07:00:00,64.62
2018-12-07 08:00:00,63.97
2018-12-07 09:00:00,56.23
2018-12-07 10:00:00,57.3
2018-12-07 11:00:00,51.69
2018-12-07 12:00:00,50.05
2018-12-07 13:00:00,48.81
2018-12-07 14:00:00,46.63
2018-12-07 15:00:00,50.17
2018-12-07 16:00:00,60.32
2018-12-07 17:00:00,61.61
2018-12-07 18:00:00,51.03
2018-12-07 19:00:00,52.79
2018-12-07 20:00:00,47.1
2018-12-07 21:00:00,45.17
2018-12-07 22:00:00,40.73
2018-12-07 23:00:00,41.51
2018-12-08 00:00:00,20.94
2018-12-08 01:00:00,19.15
2018-12-08 02:00:00,13.02
2018-12-08 03:00:00,11.76
2018-12-08 04:00:00,9.97
2018-12-08 05:00:00,17.64
2018-12-08 06:00:00,23.7
2018-12-08 07:00:00,29.51
2018-12-08 08:00:00,29.55
2018-12-08 09:00:00,28.63
2018-12-08 10:00:00,28.12
2018-12-08 11:00:00,37.53
2018-12-08 12:00:00,39.66
2018-12-08 13:00:00,39.85
2018-12-08 14:00:00,40.05
2018-12-08 15:00:00,39.35
2018-12-08 16:00:00,42.24
2018-12-08 17:00:00,46.13
2018-12-08 18:00:00,37.2
2018-12-08 19:00:00,27.64
2018-12-08 20:00:00,21.31
2018-12-08 21:00:00,24.76
2018-12-08 22:00:00,29.81
2018-12-08 23:00:00,17.99
2018-12-09 00:00:00,13.63
2018-12-09 01:00:00,9.36
2018-12-09 02:00:00,5.8
2018-12-09 03:00:00,1.82
2018-12-09 04:00:00,2.4
2018-12-09 05:00:00,2.47
2018-12-09 06:00:00,7.93
2018-12-09 07:00:00,10.98
2018-12-09 08:00:00,22.71
2018-12-09 09:00:00,34.83
2018-12-09 10:00:00,37.15
2018-12-09 11:00:00,38.21
2018-12-09 12:00:00,31.37
2018-12-09 13:00:00,27.73
2018-12-09 14:00:00,25.77
2018-12-09 15:00:00,28.92
2018-12-09 16:00:00,35.97
2018-12-09 17:00:00,47.58
2018-12-09 18:00:00,53.89
2018-12-09 19:00:00,47.56
2018-12-09 20:00:00,39.5
2018-12-09 21:00:00,40.67
2018-12-09 22:00:00,30.92
2018-12-09 23:00:00,32.43
2018-12-10 00:00:00,22.82
2018-12-10 01:00:00,14.84
2018-12-10 02:00:00,11.4
2018-12-10 03:00:00,10.71
2018-12-10 04:00:00,28.6
2018-12-10 05:00:00,46.45
2018-12-10 06:00:00,64.2
2018-12-10 07:00:00,66.22
2018-12-10 08:00:00,65.9
2018-12-10 09:00:00,64.92
2018-12-10 10:00:00,63.8
2018-12-10 11:00:00,61.1
2018-12-10 12:00:00,60.86
2018-12-10 13:00:00,61.67
2018-12-10 14:00:00,58.03
2018-12-10 15:00:00,64.65
2018-12-10 16:00:00,68.03
2018-12-10 17:00:00,69.71
2018-12-10 18:00:00,68.53
2018-12-10 19:00:00,63.81
2018-12-10 20:00:00,52.69
2018-12-10 21:00:00,53.06
2018-12-10 22:00:00,49.13
2018-12-10 23:00:00,47.19
2018-12-11 00:00:00,44.05
2018-12-11 01:00:00,47.08
2018-12-11 02:00:00,44.02
2018-12-11 03:00:00,44.43
2018-12-11 04:00:00,50.53
2018-12-11 05:00:00,59.84
2018-12-11 06:00:00,67.98
2018-12-11 07:00:00,70.78
2018-12-11 08:00:00,69.88
2018-12-11 09:00:00,68.53
2018-12-11 10:00:00,67.21
2018-12-11 11:00:00,64.62
2018-12-11 12:00:00,65.06
2018-12-11 13:00:00,65.91
2018-12-11 14:00:00,67.65
2018-12-11 15:00:00,69.93
2018-12-11 16:00:00,81.36
2018-12-11 17:00:00,75.93
2018-12-11 18:00:00,70.74
2018-12-11 19:00:00,68.04
2018-12-11 20:00:00,64.07
2018-12-11 21:00:00,63.59
2018-12-11 22:00:00,57.15
2018-12-11 23:00:00,54.33
2018-12-12 00:00:00,48.7
2018-12-12 01:00:00,49.01
2018-12-12 02:00:00,48.28
2018-12-12 03:00:00,48.69
2018-12-12 04:00:00,52.29
2018-12-12 05:00:00,66.47
2018-12-12 06:00:00,85.05
2018-12-12 07:00:00,90.12
2018-12-12 08:00:00,89.68
2018-12-12 09:00:00,86.88
2018-12-12 10:00:00,81.06
2018-12-12 11:00:00,75.95
2018-12-12 12:00:00,76.41
2018-12-12 13:00:00,79.41
2018-12-12 14:00:00,82.24
2018-12-12 15:00:00,82.18
2018-12-12 16:00:00,89.86
2018-12-12 17:00:00,83.45
2018-12-12 18:00:00,77.27
2018-12-12 19:00:00,69.99
2018-12-12 20:00:00,66.1
2018-12-12 21:00:00,63.45
2018-12-12 22:00:00,57.32
2018-12-12 23:00:00,56.78
2018-12-13 00:00:00,52.57
2018-12-13 01:00:00,49.82
2018-12-13 02:00:00,49.05
2018-12-13 03:00:00,48.28
2018-12-13 04:00:00,51.18
2018-12-13 05:00:00,64.41
2018-12-13 06:00:00,76.99
2018-12-13 07:00:00,79.47
2018-12-13 08:00:00,78.54
2018-12-13 09:00:00,75.37
2018-12-13 10:00:00,75.56
2018-12-13 11:00:00,72.98
2018-12-13 12:00:00,72.98
2018-12-13 13:00:00,74.4
2018-12-13 14:00:00,78.77
2018-12-13 15:00:00,81.52
2018-12-13 16:00:00,88.71
2018-12-13 17:00:00,88.8
2018-12-13 18:00:00,85.0
2018-12-13 19:00:00,73.78
2018-12-13 20:00:00,69.09
2018-12-13 21:00:00,67.33
2018-12-13 22:00:00,64.57
2018-12-13 23:00:00,60.86
2018-12-14 00:00:00,58.62
2018-12-14 01:00:00,58.05
2018-12-14 02:00:00,51.19
2018-12-14 03:00:00,50.18
2018-12-14 04:00:00,50.18
2018-12-14 05:00:00,50.18
2018-12-14 06:00:00,50.18
2018-12-14 07:00:00,90.08
2018-12-14 08:00:00,88.93
2018-12-14 09:00:00,84.17
2018-12-14 10:00:00,84.33
2018-12-14 11:00:00,83.3
2018-12-14 12:00:00,81.81
2018-12-14 13:00:00,83.3
2018-12-14 14:00:00,83.04
2018-12-14 15:00:00,84.84
2018-12-14 16:00:00,97.29
2018-12-14 17:00:00,90.0
2018-12-14 18:00:00,85.15
2018-12-14 19:00:00,76.52
2018-12-14 20:00:00,71.28
2018-12-14 21:00:00,69.09
2018-12-14 22:00:00,68.47
2018-12-14 23:00:00,70.33
2018-12-15 00:00:00,63.43
2018-12-15 01:00:00,58.34
2018-12-15 02:00:00,52.74
2018-12-15 03:00:00,51.25
2018-12-15 04:00:00,50.81
2018-12-15 05:00:00,51.76
2018-12-15 06:00:00,57.15
2018-12-15 07:00:00,67.73
2018-12-15 08:00:00,68.4
2018-12-15 09:00:00,70.49
2018-12-15 10:00:00,68.93
2018-12-15 11:00:00,67.58
2018-12-15 12:00:00,63.1
2018-12-15 13:00:00,58.0
2018-12-15 14:00:00,58.72
2018-12-15 15:00:00,60.04
2018-12-15 16:00:00,62.72
2018-12-15 17:00:00,69.83
2018-12-15 18:00:00,67.61
2018-12-15 19:00:00,60.78
2018-12-15 20:00:00,51.56
2018-12-15 21:00:00,60.48
2018-12-15 22:00:00,59.41
2018-12-15 23:00:00,55.19
2018-12-16 00:00:00,51.2
2018-12-16 01:00:00,49.58
2018-12-16 02:00:00,46.74
2018-12-16 03:00:00,46.0
2018-12-16 04:00:00,46.77
2018-12-16 05:00:00,49.11
2018-12-16 06:00:00,50.81
2018-12-16 07:00:00,51.6
2018-12-16 08:00:00,56.72
2018-12-16 09:00:00,57.98
2018-12-16 10:00:00,58.82
2018-12-16 11:00:00,64.44
2018-12-16 12:00:00,59.29
2018-12-16 13:00:00,57.05
2018-12-16 14:00:00,55.87
2018-12-16 15:00:00,58.45
2018-12-16 16:00:00,67.01
2018-12-16 17:00:00,71.1
2018-12-16 18:00:00,69.31
2018-12-16 19:00:00,68.07
2018-12-16 20:00:00,60.6
2018-12-16 21:00:00,66.01
2018-12-16 22:00:00,57.26
2018-12-16 23:00:00,52.08
2018-12-17 00:00:00,51.0
2018-12-17 01:00:00,49.92
2018-12-17 02:00:00,49.05
2018-12-17 03:00:00,49.47
2018-12-17 04:00:00,52.03
2018-12-17 05:00:00,65.15
2018-12-17 06:00:00,78.1
2018-12-17 07:00:00,83.7
2018-12-17 08:00:00,83.76
2018-12-17 09:00:00,82.0
2018-12-17 10:00:00,80.96
2018-12-17 11:00:00,79.02
2018-12-17 12:00:00,79.01
2018-12-17 13:00:00,79.03
2018-12-17 14:00:00,78.98
2018-12-17 15:00:00,79.05
2018-12-17 16:00:00,81.63
2018-12-17 17:00:00,81.38
2018-12-17 18:00:00,79.0
2018-12-17 19:00:00,75.04
2018-12-17 20:00:00,68.15
2018-12-17 21:00:00,64.8
2018-12-17 22:00:00,58.78
2018-12-17 23:00:00,53.0
2018-12-18 00:00:00,51.03
2018-12-18 01:00:00,50.0
2018-12-18 02:00:00,49.04
2018-12-18 03:00:00,49.0
2018-12-18 04:00:00,50.87
2018-12-18 05:00:00,58.81
2018-12-18 06:00:00,71.23
2018-12-18 07:00:00,74.63
2018-12-18 08:00:00,72.04
2018-12-18 09:00:00,69.68
2018-12-18 10:00:00,68.57
2018-12-18 11:00:00,66.12
2018-12-18 12:00:00,66.43
2018-12-18 13:00:00,66.8
2018-12-18 14:00:00,66.15
2018-12-18 15:00:00,65.87
2018-12-18 16:00:00,67.14
2018-12-18 17:00:00,67.23
2018-12-18 18:00:00,67.65
2018-12-18 19:00:00,65.91
2018-12-18 20:00:00,55.98
2018-12-18 21:00:00,57.43
2018-12-18 22:00:00,55.42
2018-12-18 23:00:00,53.58
2018-12-19 00:00:00,50.0
2018-12-19 01:00:00,44.86
2018-12-19 02:00:00,44.71
2018-12-19 03:00:00,45.36
2018-12-19 04:00:00,47.99
2018-12-19 05:00:00,52.27
2018-12-19 06:00:00,63.75
2018-12-19 07:00:00,65.81
2018-12-19 08:00:00,67.06
2018-12-19 09:00:00,67.16
2018-12-19 10:00:00,69.8
2018-12-19 11:00:00,69.19
2018-12-19 12:00:00,69.89
2018-12-19 13:00:00,69.76
2018-12-19 14:00:00,69.03
2018-12-19 15:00:00,69.35
2018-12-19 16:00:00,69.67
2018-12-19 17:00:00,69.8
2018-12-19 18:00:00,69.08
2018-12-19 19:00:00,66.96
2018-12-19 20:00:00,56.38
2018-12-19 21:00:00,59.32
2018-12-19 22:00:00,56.01
2018-12-19 23:00:00,51.27
2018-12-20 00:00:00,49.08
2018-12-20 01:00:00,48.78
2018-12-20 02:00:00,47.5
2018-12-20 03:00:00,47.72
2018-12-20 04:00:00,48.05
2018-12-20 05:00:00,55.72
2018-12-20 06:00:00,66.29
2018-12-20 07:00:00,68.49
2018-12-20 08:00:00,68.4
2018-12-20 09:00:00,67.04
2018-12-20 10:00:00,66.8
2018-12-20 11:00:00,65.25
2018-12-20 12:00:00,65.25
2018-12-20 13:00:00,64.64
2018-12-20 14:00:00,64.89
2018-12-20 15:00:00,65.01
2018-12-20 16:00:00,67.83
2018-12-20 17:00:00,68.49
2018-12-20 18:00:00,67.84
2018-12-20 19:00:00,58.43
2018-12-20 20:00:00,53.7
2018-12-20 21:00:00,53.19
2018-12-20 22:00:00,47.35
2018-12-20 23:00:00,49.92
2018-12-21 00:00:00,47.4
2018-12-21 01:00:00,44.6
2018-12-21 02:00:00,40.0
2018-12-21 03:00:00,41.68
2018-12-21 04:00:00,44.9
2018-12-21 05:00:00,50.94
2018-12-21 06:00:00,64.01
2018-12-21 07:00:00,64.49
2018-12-21 08:00:00,64.64
2018-12-21 09:00:00,61.05
2018-12-21 10:00:00,61.18
2018-12-21 11:00:00,62.71
2018-12-21 12:00:00,58.04
2018-12-21 13:00:00,56.57
2018-12-21 14:00:00,54.52
2018-12-21 15:00:00,54.86
2018-12-21 16:00:00,64.25
2018-12-21 17:00:00,62.51
2018-12-21 18:00:00,57.06
2018-12-21 19:00:00,53.75
2018-12-21 20:00:00,48.35
2018-12-21 21:00:00,46.22
2018-12-21 22:00:00,41.27
2018-12-21 23:00:00,38.02
2018-12-22 00:00:00,18.3
2018-12-22 01:00:00,14.25
2018-12-22 02:00:00,7.48
2018-12-22 03:00:00,6.92
2018-12-22 04:00:00,14.62
2018-12-22 05:00:00,20.72
2018-12-22 06:00:00,34.92
2018-12-22 07:00:00,45.98
2018-12-22 08:00:00,54.07
2018-12-22 09:00:00,55.42
2018-12-22 10:00:00,56.59
2018-12-22 11:00:00,59.07
2018-12-22 12:00:00,54.82
2018-12-22 13:00:00,53.54
2018-12-22 14:00:00,54.46
2018-12-22 15:00:00,56.03
2018-12-22 16:00:00,66.25
2018-12-22 17:00:00,68.07
2018-12-22 18:00:00,63.11
2018-12-22 19:00:00,57.97
2018-12-22 20:00:00,53.81
2018-12-22 21:00:00,58.95
2018-12-22 22:00:00,56.65
2018-12-22 23:00:00,45.71
2018-12-23 00:00:00,39.5
2018-12-23 01:00:00,38.76
2018-12-23 02:00:00,34.66
2018-12-23 03:00:00,29.84
2018-12-23 04:00:00,26.77
2018-12-23 05:00:00,19.46
2018-12-23 06:00:00,28.62
2018-12-23 07:00:00,33.08
2018-12-23 08:00:00,41.48
2018-12-23 09:00:00,48.24
2018-12-23 10:00:00,49.79
2018-12-23 11:00:00,52.75
2018-12-23 12:00:00,50.92
2018-12-23 13:00:00,49.95
2018-12-23 14:00:00,43.35
2018-12-23 15:00:00,42.94
2018-12-23 16:00:00,53.49
2018-12-23 17:00:00,68.01
2018-12-23 18:00:00,68.25
2018-12-23 19:00:00,60.92
2018-12-23 20:00:00,53.99
2018-12-23 21:00:00,54.96
2018-12-23 22:00:00,53.11
2018-12-23 23:00:00,43.01
2018-12-24 00:00:00,39.93
2018-12-24 01:00:00,36.88
2018-12-24 02:00:00,26.63
2018-12-24 03:00:00,18.89
2018-12-24 04:00:00,26.72
2018-12-24 05:00:00,38.97
2018-12-24 06:00:00,49.09
2018-12-24 07:00:00,53.87
2018-12-24 08:00:00,62.0
2018-12-24 09:00:00,59.06
2018-12-24 10:00:00,55.67
2018-12-24 11:00:00,55.65
2018-12-24 12:00:00,54.72
2018-12-24 13:00:00,53.34
2018-12-24 14:00:00,53.66
2018-12-24 15:00:00,61.68
2018-12-24 16:00:00,68.7
2018-12-24 17:00:00,69.0
2018-12-24 18:00:00,62.02
2018-12-24 19:00:00,53.48
2018-12-24 20:00:00,53.43
2018-12-24 21:00:00,56.49
2018-12-24 22:00:00,55.0
2018-12-24 23:00:00,49.85
2018-12-25 00:00:00,41.54
2018-12-25 01:00:00,39.72
2018-12-25 02:00:00,22.78
2018-12-25 03:00:00,18.37
2018-12-25 04:00:00,19.11
2018-12-25 05:00:00,20.72
2018-12-25 06:00:00,26.96
2018-12-25 07:00:00,24.35
2018-12-25 08:00:00,39.59
2018-12-25 09:00:00,45.23
2018-12-25 10:00:00,44.09
2018-12-25 11:00:00,37.24
2018-12-25 12:00:00,32.42
2018-12-25 13:00:00,28.53
2018-12-25 14:00:00,28.32
2018-12-25 15:00:00,39.28
2018-12-25 16:00:00,53.73
2018-12-25 17:00:00,59.03
2018-12-25 18:00:00,59.48
2018-12-25 19:00:00,52.99
2018-12-25 20:00:00,49.94
2018-12-25 21:00:00,55.48
2018-12-25 22:00:00,54.1
2018-12-25 23:00:00,49.1
2018-12-26 00:00:00,38.68
2018-12-26 01:00:00,31.95
2018-12-26 02:00:00,27.79
2018-12-26 03:00:00,26.08
2018-12-26 04:00:00,31.71
2018-12-26 05:00:00,41.26
2018-12-26 06:00:00,51.49
2018-12-26 07:00:00,54.93
2018-12-26 08:00:00,59.29
2018-12-26 09:00:00,61.78
2018-12-26 10:00:00,61.78
2018-12-26 11:00:00,61.0
2018-12-26 12:00:00,52.87
2018-12-26 13:00:00,52.11
2018-12-26 14:00:00,52.69
2018-12-26 15:00:00,58.13
2018-12-26 16:00:00,68.4
2018-12-26 17:00:00,70.15
2018-12-26 18:00:00,69.8
2018-12-26 19:00:00,62.3
2018-12-26 20:00:00,59.93
2018-12-26 21:00:00,62.34
2018-12-26 22:00:00,58.98
2018-12-26 23:00:00,51.75
2018-12-27 00:00:00,49.86
2018-12-27 01:00:00,47.96
2018-12-27 02:00:00,46.28
2018-12-27 03:00:00,46.25
2018-12-27 04:00:00,49.18
2018-12-27 05:00:00,51.61
2018-12-27 06:00:00,62.4
2018-12-27 07:00:00,65.42
2018-12-27 08:00:00,68.85
2018-12-27 09:00:00,67.88
2018-12-27 10:00:00,66.78
2018-12-27 11:00:00,66.14
2018-12-27 12:00:00,65.0
2018-12-27 13:00:00,65.51
2018-12-27 14:00:00,68.11
2018-12-27 15:00:00,69.22
2018-12-27 16:00:00,70.74
2018-12-27 17:00:00,71.97
2018-12-27 18:00:00,71.25
2018-12-27 19:00:00,70.0
2018-12-27 20:00:00,62.56
2018-12-27 21:00:00,64.62
2018-12-27 22:00:00,56.81
2018-12-27 23:00:00,53.72
2018-12-28 00:00:00,50.0
2018-12-28 01:00:00,49.19
2018-12-28 02:00:00,48.51
2018-12-28 03:00:00,48.07
2018-12-28 04:00:00,49.82
2018-12-28 05:00:00,52.03
2018-12-28 06:00:00,62.8
2018-12-28 07:00:00,65.77
2018-12-28 08:00:00,68.01
2018-12-28 09:00:00,68.0
2018-12-28 10:00:00,66.36
2018-12-28 11:00:00,66.01
2018-12-28 12:00:00,64.64
2018-12-28 13:00:00,64.64
2018-12-28 14:00:00,63.35
2018-12-28 15:00:00,66.01
2018-12-28 16:00:00,68.01
2018-12-28 17:00:00,70.16
2018-12-28 18:00:00,68.93
2018-12-28 19:00:00,66.0
2018-12-28 20:00:00,59.91
2018-12-28 21:00:00,61.77
2018-12-28 22:00:00,58.43
2018-12-28 23:00:00,56.69
2018-12-29 00:00:00,50.45
2018-12-29 01:00:00,48.9
2018-12-29 02:00:00,47.2
2018-12-29 03:00:00,46.92
2018-12-29 04:00:00,47.21
2018-12-29 05:00:00,48.01
2018-12-29 06:00:00,50.02
2018-12-29 07:00:00,52.26
2018-12-29 08:00:00,60.41
2018-12-29 09:00:00,62.01
2018-12-29 10:00:00,60.09
2018-12-29 11:00:00,58.97
2018-12-29 12:00:00,54.91
2018-12-29 13:00:00,51.44
2018-12-29 14:00:00,51.09
2018-12-29 15:00:00,51.28
2018-12-29 16:00:00,58.57
2018-12-29 17:00:00,62.09
2018-12-29 18:00:00,59.36
2018-12-29 19:00:00,50.57
2018-12-29 20:00:00,46.2
2018-12-29 21:00:00,51.41
2018-12-29 22:00:00,56.7
2018-12-29 23:00:00,44.89
2018-12-30 00:00:00,46.23
2018-12-30 01:00:00,46.52
2018-12-30 02:00:00,34.42
2018-12-30 03:00:00,26.34
2018-12-30 04:00:00,25.64
2018-12-30 05:00:00,29.51
2018-12-30 06:00:00,29.27
2018-12-30 07:00:00,40.19
2018-12-30 08:00:00,47.99
2018-12-30 09:00:00,51.72
2018-12-30 10:00:00,51.86
2018-12-30 11:00:00,51.88
2018-12-30 12:00:00,51.35
2018-12-30 13:00:00,46.19
2018-12-30 14:00:00,47.64
2018-12-30 15:00:00,50.85
2018-12-30 16:00:00,58.4
2018-12-30 17:00:00,64.76
2018-12-30 18:00:00,62.97
2018-12-30 19:00:00,62.42
2018-12-30 20:00:00,54.28
2018-12-30 21:00:00,55.63
2018-12-30 22:00:00,55.0
2018-12-30 23:00:00,50.94
2018-12-31 00:00:00,49.57
2018-12-31 01:00:00,48.32
2018-12-31 02:00:00,45.89
2018-12-31 03:00:00,45.47
2018-12-31 04:00:00,47.11
2018-12-31 05:00:00,49.12
2018-12-31 06:00:00,53.79
2018-12-31 07:00:00,57.47
2018-12-31 08:00:00,61.52
2018-12-31 09:00:00,62.64
2018-12-31 10:00:00,64.56
2018-12-31 11:00:00,65.01
2018-12-31 12:00:00,63.91
2018-12-31 13:00:00,59.68
2018-12-31 14:00:00,56.6
2018-12-31 15:00:00,63.28
2018-12-31 16:00:00,68.01
2018-12-31 17:00:00,66.98
2018-12-31 18:00:00,58.28
2018-12-31 19:00:00,50.01
2018-12-31 20:00:00,45.5
2018-12-31 21:00:00,49.8
2018-12-31 22:00:00,44.26
2018-12-31 23:00:00,51.0
2019-01-01 00:00:00,46.27
2019-01-01 01:00:00,39.78
2019-01-01 02:00:00,27.87
2019-01-01 03:00:00,23.21
2019-01-01 04:00:00,22.64
2019-01-01 05:00:00,20.9
2019-01-01 06:00:00,26.54
2019-01-01 07:00:00,25.0
2019-01-01 08:00:00,25.0
2019-01-01 09:00:00,34.64
2019-01-01 10:00:00,41.03
2019-01-01 11:00:00,48.97
2019-01-01 12:00:00,41.06
2019-01-01 13:00:00,37.95
2019-01-01 14:00:00,33.42
2019-01-01 15:00:00,39.8
2019-01-01 16:00:00,44.29
2019-01-01 17:00:00,62.65
2019-01-01 18:00:00,65.56
2019-01-01 19:00:00,61.27
2019-01-01 20:00:00,57.41
2019-01-01 21:00:00,58.65
2019-01-01 22:00:00,54.91
2019-01-01 23:00:00,53.11
2019-01-02 00:00:00,45.87
2019-01-02 01:00:00,39.15
2019-01-02 02:00:00,25.84
2019-01-02 03:00:00,28.36
2019-01-02 04:00:00,30.72
2019-01-02 05:00:00,51.1
2019-01-02 06:00:00,58.37
2019-01-02 07:00:00,56.82
2019-01-02 08:00:00,57.44
2019-01-02 09:00:00,61.09
2019-01-02 10:00:00,63.63
2019-01-02 11:00:00,62.8
2019-01-02 12:00:00,58.65
2019-01-02 13:00:00,55.64
2019-01-02 14:00:00,56.72
2019-01-02 15:00:00,62.19
2019-01-02 16:00:00,67.1
2019-01-02 17:00:00,69.3
2019-01-02 18:00:00,69.25
2019-01-02 19:00:00,63.43
2019-01-02 20:00:00,55.64
2019-01-02 21:00:00,55.97
2019-01-02 22:00:00,54.31
2019-01-02 23:00:00,47.03
2019-01-03 00:00:00,45.93
2019-01-03 01:00:00,45.91
2019-01-03 02:00:00,44.0
2019-01-03 03:00:00,43.88
2019-01-03 04:00:00,45.92
2019-01-03 05:00:00,54.69
2019-01-03 06:00:00,66.58
2019-01-03 07:00:00,68.03
2019-01-03 08:00:00,69.12
2019-01-03 09:00:00,69.19
2019-01-03 10:00:00,68.01
2019-01-03 11:00:00,67.2
2019-01-03 12:00:00,66.7
2019-01-03 13:00:00,67.0
2019-01-03 14:00:00,68.01
2019-01-03 15:00:00,68.99
2019-01-03 16:00:00,71.15
2019-01-03 17:00:00,73.43
2019-01-03 18:00:00,70.55
2019-01-03 19:00:00,68.38
2019-01-03 20:00:00,61.72
2019-01-03 21:00:00,59.84
2019-01-03 22:00:00,58.65
2019-01-03 23:00:00,55.52
2019-01-04 00:00:00,52.91
2019-01-04 01:00:00,49.61
2019-01-04 02:00:00,47.41
2019-01-04 03:00:00,47.0
2019-01-04 04:00:00,47.78
2019-01-04 05:00:00,59.54
2019-01-04 06:00:00,68.4
2019-01-04 07:00:00,69.71
2019-01-04 08:00:00,71.86
2019-01-04 09:00:00,71.58
2019-01-04 10:00:00,70.16
2019-01-04 11:00:00,70.16
2019-01-04 12:00:00,69.17
2019-01-04 13:00:00,69.15
2019-01-04 14:00:00,68.4
2019-01-04 15:00:00,68.4
2019-01-04 16:00:00,73.18
2019-01-04 17:00:00,77.23
2019-01-04 18:00:00,75.97
2019-01-04 19:00:00,70.2
2019-01-04 20:00:00,68.71
2019-01-04 21:00:00,68.68
2019-01-04 22:00:00,67.51
2019-01-04 23:00:00,71.68
2019-01-05 00:00:00,63.74
2019-01-05 01:00:00,60.0
2019-01-05 02:00:00,55.84
2019-01-05 03:00:00,53.48
2019-01-05 04:00:00,53.34
2019-01-05 05:00:00,52.57
2019-01-05 06:00:00,55.67
2019-01-05 07:00:00,60.79
2019-01-05 08:00:00,66.92
2019-01-05 09:00:00,69.12
2019-01-05 10:00:00,68.25
2019-01-05 11:00:00,67.67
2019-01-05 12:00:00,64.0
2019-01-05 13:00:00,61.57
2019-01-05 14:00:00,59.4
2019-01-05 15:00:00,58.31
2019-01-05 16:00:00,67.2
2019-01-05 17:00:00,69.0
2019-01-05 18:00:00,68.71
2019-01-05 19:00:00,68.07
2019-01-05 20:00:00,60.05
2019-01-05 21:00:00,65.76
2019-01-05 22:00:00,62.8
2019-01-05 23:00:00,60.9
2019-01-06 00:00:00,53.78
2019-01-06 01:00:00,51.43
2019-01-06 02:00:00,48.02
2019-01-06 03:00:00,48.37
2019-01-06 04:00:00,47.17
2019-01-06 05:00:00,48.19
2019-01-06 06:00:00,49.11
2019-01-06 07:00:00,51.06
2019-01-06 08:00:00,53.4
2019-01-06 09:00:00,56.55
2019-01-06 10:00:00,60.02
2019-01-06 11:00:00,60.22
2019-01-06 12:00:00,55.0
2019-01-06 13:00:00,52.39
2019-01-06 14:00:00,51.57
2019-01-06 15:00:00,54.71
2019-01-06 16:00:00,63.43
2019-01-06 17:00:00,67.37
2019-01-06 18:00:00,67.2
2019-01-06 19:00:00,66.03
2019-01-06 20:00:00,55.36
2019-01-06 21:00:00,58.59
2019-01-06 22:00:00,54.86
2019-01-06 23:00:00,58.15
2019-01-07 00:00:00,51.86
2019-01-07 01:00:00,47.84
2019-01-07 02:00:00,46.11
2019-01-07 03:00:00,46.08
2019-01-07 04:00:00,47.62
2019-01-07 05:00:00,55.77
2019-01-07 06:00:00,68.61
2019-01-07 07:00:00,74.15
2019-01-07 08:00:00,74.93
2019-01-07 09:00:00,73.59
2019-01-07 10:00:00,71.23
2019-01-07 11:00:00,70.0
2019-01-07 12:00:00,68.74
2019-01-07 13:00:00,66.62
2019-01-07 14:00:00,64.99
2019-01-07 15:00:00,62.67
2019-01-07 16:00:00,67.04
2019-01-07 17:00:00,70.39
2019-01-07 18:00:00,70.33
2019-01-07 19:00:00,69.0
2019-01-07 20:00:00,62.37
2019-01-07 21:00:00,62.3
2019-01-07 22:00:00,56.42
2019-01-07 23:00:00,52.29
2019-01-08 00:00:00,42.01
2019-01-08 01:00:00,42.57
2019-01-08 02:00:00,29.4
2019-01-08 03:00:00,27.4
2019-01-08 04:00:00,39.27
2019-01-08 05:00:00,51.85
2019-01-08 06:00:00,65.82
2019-01-08 07:00:00,67.2
2019-01-08 08:00:00,68.16
2019-01-08 09:00:00,68.53
2019-01-08 10:00:00,68.15
2019-01-08 11:00:00,67.95
2019-01-08 12:00:00,67.97
2019-01-08 13:00:00,65.48
2019-01-08 14:00:00,63.13
2019-01-08 15:00:00,59.99
2019-01-08 16:00:00,67.25
2019-01-08 17:00:00,69.94
2019-01-08 18:00:00,70.0
2019-01-08 19:00:00,68.15
2019-01-08 20:00:00,55.8
2019-01-08 21:00:00,55.39
2019-01-08 22:00:00,53.46
2019-01-08 23:00:00,49.45
2019-01-09 00:00:00,48.91
2019-01-09 01:00:00,46.22
2019-01-09 02:00:00,30.81
2019-01-09 03:00:00,27.83
2019-01-09 04:00:00,37.58
2019-01-09 05:00:00,50.8
2019-01-09 06:00:00,64.07
2019-01-09 07:00:00,67.16
2019-01-09 08:00:00,67.29
2019-01-09 09:00:00,67.2
2019-01-09 10:00:00,67.0
2019-01-09 11:00:00,64.97
2019-01-09 12:00:00,64.25
2019-01-09 13:00:00,61.46
2019-01-09 14:00:00,58.64
2019-01-09 15:00:00,61.49
2019-01-09 16:00:00,67.05
2019-01-09 17:00:00,68.53
2019-01-09 18:00:00,69.01
2019-01-09 19:00:00,66.58
2019-01-09 20:00:00,62.74
2019-01-09 21:00:00,62.44
2019-01-09 22:00:00,54.7
2019-01-09 23:00:00,58.6
2019-01-10 00:00:00,50.49
2019-01-10 01:00:00,51.2
2019-01-10 02:00:00,48.8
2019-01-10 03:00:00,48.5
2019-01-10 04:00:00,49.8
2019-01-10 05:00:00,62.92
2019-01-10 06:00:00,72.6
2019-01-10 07:00:00,81.17
2019-01-10 08:00:00,81.79
2019-01-10 09:00:00,81.15
2019-01-10 10:00:00,80.0
2019-01-10 11:00:00,76.39
2019-01-10 12:00:00,75.0
2019-01-10 13:00:00,76.06
2019-01-10 14:00:00,75.4
2019-01-10 15:00:00,76.78
2019-01-10 16:00:00,83.45
2019-01-10 17:00:00,85.15
2019-01-10 18:00:00,78.16
2019-01-10 19:00:00,71.92
2019-01-10 20:00:00,67.73
2019-01-10 21:00:00,65.52
2019-01-10 22:00:00,63.02
2019-01-10 23:00:00,60.84
2019-01-11 00:00:00,55.61
2019-01-11 01:00:00,52.85
2019-01-11 02:00:00,51.0
2019-01-11 03:00:00,49.98
2019-01-11 04:00:00,51.6
2019-01-11 05:00:00,58.31
2019-01-11 06:00:00,70.31
2019-01-11 07:00:00,76.57
2019-01-11 08:00:00,73.83
2019-01-11 09:00:00,73.87
2019-01-11 10:00:00,72.77
2019-01-11 11:00:00,68.77
2019-01-11 12:00:00,67.2
2019-01-11 13:00:00,68.0
2019-01-11 14:00:00,66.06
2019-01-11 15:00:00,66.18
2019-01-11 16:00:00,69.23
2019-01-11 17:00:00,77.54
2019-01-11 18:00:00,71.83
2019-01-11 19:00:00,69.19
2019-01-11 20:00:00,67.12
2019-01-11 21:00:00,66.03
2019-01-11 22:00:00,63.57
2019-01-11 23:00:00,57.54
2019-01-12 00:00:00,51.63
2019-01-12 01:00:00,46.16
2019-01-12 02:00:00,44.95
2019-01-12 03:00:00,43.22
2019-01-12 04:00:00,42.51
2019-01-12 05:00:00,42.98
2019-01-12 06:00:00,51.36
2019-01-12 07:00:00,54.89
2019-01-12 08:00:00,62.11
2019-01-12 09:00:00,65.0
2019-01-12 10:00:00,64.47
2019-01-12 11:00:00,62.89
2019-01-12 12:00:00,59.5
2019-01-12 13:00:00,55.73
2019-01-12 14:00:00,50.69
2019-01-12 15:00:00,47.68
2019-01-12 16:00:00,54.03
2019-01-12 17:00:00,57.89
2019-01-12 18:00:00,58.31
2019-01-12 19:00:00,53.19
2019-01-12 20:00:00,46.54
2019-01-12 21:00:00,57.61
2019-01-12 22:00:00,54.06
2019-01-12 23:00:00,57.48
2019-01-13 00:00:00,52.29
2019-01-13 01:00:00,43.74
2019-01-13 02:00:00,31.66
2019-01-13 03:00:00,27.08
2019-01-13 04:00:00,26.8
2019-01-13 05:00:00,27.45
2019-01-13 06:00:00,26.48
2019-01-13 07:00:00,33.41
2019-01-13 08:00:00,52.22
2019-01-13 09:00:00,52.05
2019-01-13 10:00:00,53.12
2019-01-13 11:00:00,57.61
2019-01-13 12:00:00,54.62
2019-01-13 13:00:00,49.05
2019-01-13 14:00:00,32.82
2019-01-13 15:00:00,32.45
2019-01-13 16:00:00,46.95
2019-01-13 17:00:00,63.76
2019-01-13 18:00:00,64.45
2019-01-13 19:00:00,59.04
2019-01-13 20:00:00,53.4
2019-01-13 21:00:00,56.03
2019-01-13 22:00:00,56.84
2019-01-13 23:00:00,44.16
2019-01-14 00:00:00,30.97
2019-01-14 01:00:00,25.15
2019-01-14 02:00:00,28.34
2019-01-14 03:00:00,23.49
2019-01-14 04:00:00,30.16
2019-01-14 05:00:00,55.26
2019-01-14 06:00:00,66.49
2019-01-14 07:00:00,65.81
2019-01-14 08:00:00,66.77
2019-01-14 09:00:00,66.73
2019-01-14 10:00:00,67.0
2019-01-14 11:00:00,67.2
2019-01-14 12:00:00,66.42
2019-01-14 13:00:00,64.33
2019-01-14 14:00:00,62.56
2019-01-14 15:00:00,62.84
2019-01-14 16:00:00,68.07
2019-01-14 17:00:00,71.64
2019-01-14 18:00:00,72.52
2019-01-14 19:00:00,71.81
2019-01-14 20:00:00,63.73
2019-01-14 21:00:00,60.49
2019-01-14 22:00:00,57.66
2019-01-14 23:00:00,57.63
2019-01-15 00:00:00,49.31
2019-01-15 01:00:00,47.78
2019-01-15 02:00:00,41.45
2019-01-15 03:00:00,37.58
2019-01-15 04:00:00,44.02
2019-01-15 05:00:00,53.11
2019-01-15 06:00:00,68.65
2019-01-15 07:00:00,70.16
2019-01-15 08:00:00,69.68
2019-01-15 09:00:00,71.04
2019-01-15 10:00:00,70.11
2019-01-15 11:00:00,68.29
2019-01-15 12:00:00,64.37
2019-01-15 13:00:00,60.86
2019-01-15 14:00:00,57.16
2019-01-15 15:00:00,64.76
2019-01-15 16:00:00,71.52
2019-01-15 17:00:00,74.05
2019-01-15 18:00:00,74.74
2019-01-15 19:00:00,71.34
2019-01-15 20:00:00,61.88
2019-01-15 21:00:00,56.98
2019-01-15 22:00:00,56.09
2019-01-15 23:00:00,58.26
2019-01-16 00:00:00,55.51
2019-01-16 01:00:00,53.56
2019-01-16 02:00:00,45.07
2019-01-16 03:00:00,44.68
2019-01-16 04:00:00,54.34
2019-01-16 05:00:00,61.91
2019-01-16 06:00:00,70.3
2019-01-16 07:00:00,71.69
2019-01-16 08:00:00,72.47
2019-01-16 09:00:00,72.2
2019-01-16 10:00:00,71.04
2019-01-16 11:00:00,68.1
2019-01-16 12:00:00,67.75
2019-01-16 13:00:00,65.53
2019-01-16 14:00:00,63.36
2019-01-16 15:00:00,60.82
2019-01-16 16:00:00,69.59
2019-01-16 17:00:00,72.33
2019-01-16 18:00:00,72.95
2019-01-16 19:00:00,67.09
2019-01-16 20:00:00,53.94
2019-01-16 21:00:00,55.47
2019-01-16 22:00:00,56.85
2019-01-16 23:00:00,59.34
2019-01-17 00:00:00,55.99
2019-01-17 01:00:00,54.53
2019-01-17 02:00:00,32.58
2019-01-17 03:00:00,33.97
2019-01-17 04:00:00,49.79
2019-01-17 05:00:00,56.37
2019-01-17 06:00:00,67.07
2019-01-17 07:00:00,68.17
2019-01-17 08:00:00,68.13
2019-01-17 09:00:00,68.07
2019-01-17 10:00:00,66.03
2019-01-17 11:00:00,65.82
2019-01-17 12:00:00,63.23
2019-01-17 13:00:00,61.71
2019-01-17 14:00:00,64.5
2019-01-17 15:00:00,65.39
2019-01-17 16:00:00,68.25
2019-01-17 17:00:00,72.09
2019-01-17 18:00:00,73.45
2019-01-17 19:00:00,70.84
2019-01-17 20:00:00,65.58
2019-01-17 21:00:00,64.97
2019-01-17 22:00:00,61.53
2019-01-17 23:00:00,60.15
2019-01-18 00:00:00,58.94
2019-01-18 01:00:00,56.99
2019-01-18 02:00:00,54.27
2019-01-18 03:00:00,48.0
2019-01-18 04:00:00,55.34
2019-01-18 05:00:00,66.31
2019-01-18 06:00:00,73.08
2019-01-18 07:00:00,76.86
2019-01-18 08:00:00,74.93
2019-01-18 09:00:00,72.01
2019-01-18 10:00:00,71.2
2019-01-18 11:00:00,69.74
2019-01-18 12:00:00,68.6
2019-01-18 13:00:00,67.44
2019-01-18 14:00:00,68.14
2019-01-18 15:00:00,69.0
2019-01-18 16:00:00,75.04
2019-01-18 17:00:00,76.13
2019-01-18 18:00:00,74.43
2019-01-18 19:00:00,70.74
2019-01-18 20:00:00,64.7
2019-01-18 21:00:00,65.19
2019-01-18 22:00:00,63.06
2019-01-18 23:00:00,64.5
2019-01-19 00:00:00,61.76
2019-01-19 01:00:00,55.66
2019-01-19 02:00:00,59.2
2019-01-19 03:00:00,55.55
2019-01-19 04:00:00,56.6
2019-01-19 05:00:00,57.96
2019-01-19 06:00:00,62.84
2019-01-19 07:00:00,65.48
2019-01-19 08:00:00,68.71
2019-01-19 09:00:00,68.5
2019-01-19 10:00:00,68.25
2019-01-19 11:00:00,66.95
2019-01-19 12:00:00,64.2
2019-01-19 13:00:00,63.93
2019-01-19 14:00:00,61.73
2019-01-19 15:00:00,62.93
2019-01-19 16:00:00,67.15
2019-01-19 17:00:00,68.91
2019-01-19 18:00:00,70.0
2019-01-19 19:00:00,67.56
2019-01-19 20:00:00,65.02
2019-01-19 21:00:00,66.02
2019-01-19 22:00:00,63.5
2019-01-19 23:00:00,66.69
2019-01-20 00:00:00,63.41
2019-01-20 01:00:00,60.44
2019-01-20 02:00:00,54.6
2019-01-20 03:00:00,51.52
2019-01-20 04:00:00,51.71
2019-01-20 05:00:00,51.98
2019-01-20 06:00:00,54.72
2019-01-20 07:00:00,54.47
2019-01-20 08:00:00,62.91
2019-01-20 09:00:00,66.3
2019-01-20 10:00:00,66.15
2019-01-20 11:00:00,65.12
2019-01-20 12:00:00,62.41
2019-01-20 13:00:00,58.57
2019-01-20 14:00:00,55.39
2019-01-20 15:00:00,58.02
2019-01-20 16:00:00,66.68
2019-01-20 17:00:00,69.43
2019-01-20 18:00:00,70.11
2019-01-20 19:00:00,70.01
2019-01-20 20:00:00,66.1
2019-01-20 21:00:00,65.8
2019-01-20 22:00:00,64.5
2019-01-20 23:00:00,55.54
2019-01-21 00:00:00,53.02
2019-01-21 01:00:00,52.1
2019-01-21 02:00:00,51.31
2019-01-21 03:00:00,51.14
2019-01-21 04:00:00,53.23
2019-01-21 05:00:00,67.16
2019-01-21 06:00:00,79.62
2019-01-21 07:00:00,88.06
2019-01-21 08:00:00,86.01
2019-01-21 09:00:00,80.04
2019-01-21 10:00:00,79.15
2019-01-21 11:00:00,75.41
2019-01-21 12:00:00,71.56
2019-01-21 13:00:00,72.03
2019-01-21 14:00:00,76.49
2019-01-21 15:00:00,81.08
2019-01-21 16:00:00,88.35
2019-01-21 17:00:00,88.5
2019-01-21 18:00:00,81.62
2019-01-21 19:00:00,77.77
2019-01-21 20:00:00,71.05
2019-01-21 21:00:00,69.01
2019-01-21 22:00:00,67.02
2019-01-21 23:00:00,63.93
2019-01-22 00:00:00,58.71
2019-01-22 01:00:00,56.68
2019-01-22 02:00:00,52.92
2019-01-22 03:00:00,52.1
2019-01-22 04:00:00,54.67
2019-01-22 05:00:00,63.57
2019-01-22 06:00:00,75.87
2019-01-22 07:00:00,83.58
2019-01-22 08:00:00,80.1
2019-01-22 09:00:00,80.93
2019-01-22 10:00:00,81.08
2019-01-22 11:00:00,75.6
2019-01-22 12:00:00,76.83
2019-01-22 13:00:00,78.41
2019-01-22 14:00:00,79.19
2019-01-22 15:00:00,80.88
2019-01-22 16:00:00,85.0
2019-01-22 17:00:00,91.52
2019-01-22 18:00:00,87.12
2019-01-22 19:00:00,79.93
2019-01-22 20:00:00,68.71
2019-01-22 21:00:00,66.52
2019-01-22 22:00:00,61.75
2019-01-22 23:00:00,57.99
2019-01-23 00:00:00,56.09
2019-01-23 01:00:00,55.05
2019-01-23 02:00:00,51.19
2019-01-23 03:00:00,51.02
2019-01-23 04:00:00,55.2
2019-01-23 05:00:00,65.28
2019-01-23 06:00:00,82.9
2019-01-23 07:00:00,92.15
2019-01-23 08:00:00,93.65
2019-01-23 09:00:00,91.93
2019-01-23 10:00:00,90.31
2019-01-23 11:00:00,84.96
2019-01-23 12:00:00,83.99
2019-01-23 13:00:00,85.59
2019-01-23 14:00:00,86.87
2019-01-23 15:00:00,84.96
2019-01-23 16:00:00,90.01
2019-01-23 17:00:00,93.9
2019-01-23 18:00:00,90.54
2019-01-23 19:00:00,78.56
2019-01-23 20:00:00,69.6
2019-01-23 21:00:00,68.77
2019-01-23 22:00:00,65.18
2019-01-23 23:00:00,63.16
2019-01-24 00:00:00,59.98
2019-01-24 01:00:00,58.2
2019-01-24 02:00:00,56.52
2019-01-24 03:00:00,56.95
2019-01-24 04:00:00,61.53
2019-01-24 05:00:00,74.9
2019-01-24 06:00:00,99.07
2019-01-24 07:00:00,113.07
2019-01-24 08:00:00,111.23
2019-01-24 09:00:00,108.25
2019-01-24 10:00:00,103.69
2019-01-24 11:00:00,98.33
2019-01-24 12:00:00,92.63
2019-01-24 13:00:00,89.86
2019-01-24 14:00:00,90.45
2019-01-24 15:00:00,95.01
2019-01-24 16:00:00,106.82
2019-01-24 17:00:00,121.46
2019-01-24 18:00:00,102.06
2019-01-24 19:00:00,89.34
2019-01-24 20:00:00,74.43
2019-01-24 21:00:00,70.12
2019-01-24 22:00:00,65.57
2019-01-24 23:00:00,64.63
2019-01-25 00:00:00,60.64
2019-01-25 01:00:00,57.8
2019-01-25 02:00:00,55.58
2019-01-25 03:00:00,55.28
2019-01-25 04:00:00,58.98
2019-01-25 05:00:00,69.83
2019-01-25 06:00:00,84.48
2019-01-25 07:00:00,97.0
2019-01-25 08:00:00,93.64
2019-01-25 09:00:00,85.0
2019-01-25 10:00:00,78.0
2019-01-25 11:00:00,71.81
2019-01-25 12:00:00,69.87
2019-01-25 13:00:00,68.64
2019-01-25 14:00:00,65.58
2019-01-25 15:00:00,65.08
2019-01-25 16:00:00,70.87
2019-01-25 17:00:00,72.03
2019-01-25 18:00:00,69.69
2019-01-25 19:00:00,67.63
2019-01-25 20:00:00,63.75
2019-01-25 21:00:00,62.96
2019-01-25 22:00:00,59.99
2019-01-25 23:00:00,60.73
2019-01-26 00:00:00,54.69
2019-01-26 01:00:00,53.14
2019-01-26 02:00:00,49.52
2019-01-26 03:00:00,45.03
2019-01-26 04:00:00,44.51
2019-01-26 05:00:00,49.58
2019-01-26 06:00:00,53.54
2019-01-26 07:00:00,55.03
2019-01-26 08:00:00,61.19
2019-01-26 09:00:00,66.49
2019-01-26 10:00:00,65.44
2019-01-26 11:00:00,62.87
2019-01-26 12:00:00,57.44
2019-01-26 13:00:00,53.32
2019-01-26 14:00:00,52.8
2019-01-26 15:00:00,52.44
2019-01-26 16:00:00,55.95
2019-01-26 17:00:00,57.92
2019-01-26 18:00:00,55.39
2019-01-26 19:00:00,48.89
2019-01-26 20:00:00,44.99
2019-01-26 21:00:00,50.45
2019-01-26 22:00:00,54.12
2019-01-26 23:00:00,51.88
2019-01-27 00:00:00,37.48
2019-01-27 01:00:00,30.74
2019-01-27 02:00:00,25.31
2019-01-27 03:00:00,21.07
2019-01-27 04:00:00,18.98
2019-01-27 05:00:00,19.74
2019-01-27 06:00:00,28.51
2019-01-27 07:00:00,33.14
2019-01-27 08:00:00,40.84
2019-01-27 09:00:00,44.63
2019-01-27 10:00:00,47.23
2019-01-27 11:00:00,46.97
2019-01-27 12:00:00,43.24
2019-01-27 13:00:00,41.31
2019-01-27 14:00:00,40.5
2019-01-27 15:00:00,41.18
2019-01-27 16:00:00,47.2
2019-01-27 17:00:00,52.64
2019-01-27 18:00:00,59.2
2019-01-27 19:00:00,50.44
2019-01-27 20:00:00,47.78
2019-01-27 21:00:00,50.82
2019-01-27 22:00:00,51.82
2019-01-27 23:00:00,45.33
2019-01-28 00:00:00,40.97
2019-01-28 01:00:00,40.42
2019-01-28 02:00:00,37.8
2019-01-28 03:00:00,38.09
2019-01-28 04:00:00,41.83
2019-01-28 05:00:00,53.08
2019-01-28 06:00:00,64.04
2019-01-28 07:00:00,65.1
2019-01-28 08:00:00,65.0
2019-01-28 09:00:00,63.96
2019-01-28 10:00:00,57.44
2019-01-28 11:00:00,57.97
2019-01-28 12:00:00,54.95
2019-01-28 13:00:00,52.3
2019-01-28 14:00:00,51.49
2019-01-28 15:00:00,53.97
2019-01-28 16:00:00,62.38
2019-01-28 17:00:00,71.51
2019-01-28 18:00:00,70.01
2019-01-28 19:00:00,68.65
2019-01-28 20:00:00,63.71
2019-01-28 21:00:00,64.29
2019-01-28 22:00:00,57.12
2019-01-28 23:00:00,55.0
2019-01-29 00:00:00,50.15
2019-01-29 01:00:00,49.89
2019-01-29 02:00:00,47.43
2019-01-29 03:00:00,45.97
2019-01-29 04:00:00,49.07
2019-01-29 05:00:00,56.91
2019-01-29 06:00:00,68.77
2019-01-29 07:00:00,73.14
2019-01-29 08:00:00,73.1
2019-01-29 09:00:00,72.95
2019-01-29 10:00:00,72.25
2019-01-29 11:00:00,69.98
2019-01-29 12:00:00,68.99
2019-01-29 13:00:00,66.56
2019-01-29 14:00:00,66.0
2019-01-29 15:00:00,69.33
2019-01-29 16:00:00,71.45
2019-01-29 17:00:00,72.82
2019-01-29 18:00:00,69.81
2019-01-29 19:00:00,65.84
2019-01-29 20:00:00,57.05
2019-01-29 21:00:00,59.06
2019-01-29 22:00:00,52.63
2019-01-29 23:00:00,48.51
2019-01-30 00:00:00,46.36
2019-01-30 01:00:00,45.1
2019-01-30 02:00:00,42.85
2019-01-30 03:00:00,42.74
2019-01-30 04:00:00,46.34
2019-01-30 05:00:00,52.44
2019-01-30 06:00:00,64.99
2019-01-30 07:00:00,68.17
2019-01-30 08:00:00,68.65
2019-01-30 09:00:00,68.07
2019-01-30 10:00:00,68.06
2019-01-30 11:00:00,65.48
2019-01-30 12:00:00,63.65
2019-01-30 13:00:00,60.47
2019-01-30 14:00:00,58.3
2019-01-30 15:00:00,61.15
2019-01-30 16:00:00,64.98
2019-01-30 17:00:00,71.85
2019-01-30 18:00:00,70.14
2019-01-30 19:00:00,65.24
2019-01-30 20:00:00,60.77
2019-01-30 21:00:00,57.38
2019-01-30 22:00:00,58.58
2019-01-30 23:00:00,55.33
2019-01-31 00:00:00,49.62
2019-01-31 01:00:00,49.47
2019-01-31 02:00:00,46.82
2019-01-31 03:00:00,45.08
2019-01-31 04:00:00,48.7
2019-01-31 05:00:00,62.71
2019-01-31 06:00:00,71.7
2019-01-31 07:00:00,78.49
2019-01-31 08:00:00,75.58
2019-01-31 09:00:00,71.64
2019-01-31 10:00:00,69.42
2019-01-31 11:00:00,66.81
2019-01-31 12:00:00,66.22
2019-01-31 13:00:00,66.16
2019-01-31 14:00:00,66.16
2019-01-31 15:00:00,65.35
2019-01-31 16:00:00,66.68
2019-01-31 17:00:00,66.98
2019-01-31 18:00:00,65.4
2019-01-31 19:00:00,59.9
2019-01-31 20:00:00,52.84
2019-01-31 21:00:00,51.36
2019-01-31 22:00:00,48.8
2019-01-31 23:00:00,47.07
2019-02-01 00:00:00,45.47
2019-02-01 01:00:00,43.1
2019-02-01 02:00:00,41.1
2019-02-01 03:00:00,41.51
2019-02-01 04:00:00,45.76
2019-02-01 05:00:00,50.71
2019-02-01 06:00:00,66.72
2019-02-01 07:00:00,68.87
2019-02-01 08:00:00,70.47
2019-02-01 09:00:00,72.57
2019-02-01 10:00:00,70.58
2019-02-01 11:00:00,70.99
2019-02-01 12:00:00,68.04
2019-02-01 13:00:00,65.11
2019-02-01 14:00:00,64.55
2019-02-01 15:00:00,63.91
2019-02-01 16:00:00,67.71
2019-02-01 17:00:00,70.09
2019-02-01 18:00:00,68.33
2019-02-01 19:00:00,62.99
2019-02-01 20:00:00,57.29
2019-02-01 21:00:00,54.01
2019-02-01 22:00:00,50.92
2019-02-01 23:00:00,50.56
2019-02-02 00:00:00,47.07
2019-02-02 01:00:00,45.7
2019-02-02 02:00:00,43.14
2019-02-02 03:00:00,42.71
2019-02-02 04:00:00,42.6
2019-02-02 05:00:00,43.47
2019-02-02 06:00:00,47.68
2019-02-02 07:00:00,51.47
2019-02-02 08:00:00,55.79
2019-02-02 09:00:00,59.5
2019-02-02 10:00:00,59.15
2019-02-02 11:00:00,56.08
2019-02-02 12:00:00,50.33
2019-02-02 13:00:00,49.09
2019-02-02 14:00:00,48.6
2019-02-02 15:00:00,49.39
2019-02-02 16:00:00,56.86
2019-02-02 17:00:00,57.91
2019-02-02 18:00:00,54.59
2019-02-02 19:00:00,50.43
2019-02-02 20:00:00,48.48
2019-02-02 21:00:00,48.49
2019-02-02 22:00:00,46.06
2019-02-02 23:00:00,46.39
2019-02-03 00:00:00,41.29
2019-02-03 01:00:00,40.48
2019-02-03 02:00:00,39.0
2019-02-03 03:00:00,38.9
2019-02-03 04:00:00,38.47
2019-02-03 05:00:00,39.88
2019-02-03 06:00:00,40.97
2019-02-03 07:00:00,43.8
2019-02-03 08:00:00,47.05
2019-02-03 09:00:00,49.33
2019-02-03 10:00:00,51.11
2019-02-03 11:00:00,50.35
2019-02-03 12:00:00,47.09
2019-02-03 13:00:00,45.14
2019-02-03 14:00:00,44.4
2019-02-03 15:00:00,45.79
2019-02-03 16:00:00,51.94
2019-02-03 17:00:00,59.54
2019-02-03 18:00:00,63.93
2019-02-03 19:00:00,63.54
2019-02-03 20:00:00,55.06
2019-02-03 21:00:00,53.98
2019-02-03 22:00:00,49.3
2019-02-03 23:00:00,45.91
2019-02-04 00:00:00,42.14
2019-02-04 01:00:00,41.15
2019-02-04 02:00:00,39.21
2019-02-04 03:00:00,38.55
2019-02-04 04:00:00,40.75
2019-02-04 05:00:00,49.61
2019-02-04 06:00:00,64.1
2019-02-04 07:00:00,64.59
2019-02-04 08:00:00,65.38
2019-02-04 09:00:00,65.88
2019-02-04 10:00:00,65.13
2019-02-04 11:00:00,61.78
2019-02-04 12:00:00,59.34
2019-02-04 13:00:00,57.09
2019-02-04 14:00:00,56.46
2019-02-04 15:00:00,58.01
2019-02-04 16:00:00,63.93
2019-02-04 17:00:00,69.04
2019-02-04 18:00:00,70.66
2019-02-04 19:00:00,66.23
2019-02-04 20:00:00,62.38
2019-02-04 21:00:00,64.77
2019-02-04 22:00:00,61.41
2019-02-04 23:00:00,58.3
2019-02-05 00:00:00,54.44
2019-02-05 01:00:00,51.78
2019-02-05 02:00:00,48.28
2019-02-05 03:00:00,44.64
2019-02-05 04:00:00,48.54
2019-02-05 05:00:00,59.46
2019-02-05 06:00:00,64.09
2019-02-05 07:00:00,68.07
2019-02-05 08:00:00,68.0
2019-02-05 09:00:00,65.79
2019-02-05 10:00:00,62.85
2019-02-05 11:00:00,59.35
2019-02-05 12:00:00,58.18
2019-02-05 13:00:00,57.96
2019-02-05 14:00:00,58.04
2019-02-05 15:00:00,60.35
2019-02-05 16:00:00,63.06
2019-02-05 17:00:00,65.79
2019-02-05 18:00:00,66.83
2019-02-05 19:00:00,61.77
2019-02-05 20:00:00,54.14
2019-02-05 21:00:00,52.83
2019-02-05 22:00:00,48.17
2019-02-05 23:00:00,42.8
2019-02-06 00:00:00,41.63
2019-02-06 01:00:00,41.3
2019-02-06 02:00:00,40.4
2019-02-06 03:00:00,41.38
2019-02-06 04:00:00,42.31
2019-02-06 05:00:00,51.39
2019-02-06 06:00:00,60.26
2019-02-06 07:00:00,61.15
2019-02-06 08:00:00,65.88
2019-02-06 09:00:00,60.28
2019-02-06 10:00:00,59.38
2019-02-06 11:00:00,54.69
2019-02-06 12:00:00,54.37
2019-02-06 13:00:00,52.93
2019-02-06 14:00:00,54.3
2019-02-06 15:00:00,56.73
2019-02-06 16:00:00,60.27
2019-02-06 17:00:00,62.4
2019-02-06 18:00:00,63.86
2019-02-06 19:00:00,58.0
2019-02-06 20:00:00,50.49
2019-02-06 21:00:00,49.5
2019-02-06 22:00:00,46.18
2019-02-06 23:00:00,46.25
2019-02-07 00:00:00,45.21
2019-02-07 01:00:00,41.24
2019-02-07 02:00:00,38.05
2019-02-07 03:00:00,37.0
2019-02-07 04:00:00,39.04
2019-02-07 05:00:00,48.06
2019-02-07 06:00:00,54.9
2019-02-07 07:00:00,56.5
2019-02-07 08:00:00,55.53
2019-02-07 09:00:00,54.62
2019-02-07 10:00:00,54.2
2019-02-07 11:00:00,48.91
2019-02-07 12:00:00,46.34
2019-02-07 13:00:00,44.4
2019-02-07 14:00:00,43.55
2019-02-07 15:00:00,45.36
2019-02-07 16:00:00,52.0
2019-02-07 17:00:00,55.48
2019-02-07 18:00:00,56.47
2019-02-07 19:00:00,52.68
2019-02-07 20:00:00,44.96
2019-02-07 21:00:00,51.33
2019-02-07 22:00:00,44.9
2019-02-07 23:00:00,48.01
2019-02-08 00:00:00,41.45
2019-02-08 01:00:00,38.97
2019-02-08 02:00:00,34.96
2019-02-08 03:00:00,36.19
2019-02-08 04:00:00,39.38
2019-02-08 05:00:00,47.14
2019-02-08 06:00:00,57.56
2019-02-08 07:00:00,58.0
2019-02-08 08:00:00,57.82
2019-02-08 09:00:00,56.78
2019-02-08 10:00:00,55.26
2019-02-08 11:00:00,51.9
2019-02-08 12:00:00,46.07
2019-02-08 13:00:00,45.1
2019-02-08 14:00:00,44.12
2019-02-08 15:00:00,44.78
2019-02-08 16:00:00,50.0
2019-02-08 17:00:00,54.52
2019-02-08 18:00:00,56.32
2019-02-08 19:00:00,47.67
2019-02-08 20:00:00,39.52
2019-02-08 21:00:00,46.03
2019-02-08 22:00:00,39.89
2019-02-08 23:00:00,38.92
2019-02-09 00:00:00,25.7
2019-02-09 01:00:00,26.26
2019-02-09 02:00:00,20.49
2019-02-09 03:00:00,15.7
2019-02-09 04:00:00,17.93
2019-02-09 05:00:00,24.09
2019-02-09 06:00:00,29.24
2019-02-09 07:00:00,36.07
2019-02-09 08:00:00,42.34
2019-02-09 09:00:00,38.82
2019-02-09 10:00:00,40.1
2019-02-09 11:00:00,40.09
2019-02-09 12:00:00,29.07
2019-02-09 13:00:00,24.86
2019-02-09 14:00:00,24.61
2019-02-09 15:00:00,29.59
2019-02-09 16:00:00,35.08
2019-02-09 17:00:00,43.02
2019-02-09 18:00:00,56.12
2019-02-09 19:00:00,39.5
2019-02-09 20:00:00,41.16
2019-02-09 21:00:00,44.71
2019-02-09 22:00:00,47.21
2019-02-09 23:00:00,32.55
2019-02-10 00:00:00,26.7
2019-02-10 01:00:00,25.36
2019-02-10 02:00:00,17.96
2019-02-10 03:00:00,15.6
2019-02-10 04:00:00,19.0
2019-02-10 05:00:00,16.2
2019-02-10 06:00:00,17.54
2019-02-10 07:00:00,25.3
2019-02-10 08:00:00,36.0
2019-02-10 09:00:00,39.16
2019-02-10 10:00:00,40.86
2019-02-10 11:00:00,36.89
2019-02-10 12:00:00,36.1
2019-02-10 13:00:00,33.97
2019-02-10 14:00:00,31.19
2019-02-10 15:00:00,32.61
2019-02-10 16:00:00,39.41
2019-02-10 17:00:00,49.19
2019-02-10 18:00:00,49.82
2019-02-10 19:00:00,44.51
2019-02-10 20:00:00,34.18
2019-02-10 21:00:00,36.43
2019-02-10 22:00:00,33.54
2019-02-10 23:00:00,25.34
2019-02-11 00:00:00,24.31
2019-02-11 01:00:00,21.06
2019-02-11 02:00:00,18.72
2019-02-11 03:00:00,20.0
2019-02-11 04:00:00,27.77
2019-02-11 05:00:00,49.51
2019-02-11 06:00:00,59.23
2019-02-11 07:00:00,59.85
2019-02-11 08:00:00,60.48
2019-02-11 09:00:00,58.53
2019-02-11 10:00:00,57.2
2019-02-11 11:00:00,54.33
2019-02-11 12:00:00,54.35
2019-02-11 13:00:00,49.68
2019-02-11 14:00:00,45.88
2019-02-11 15:00:00,49.92
2019-02-11 16:00:00,58.78
2019-02-11 17:00:00,63.75
2019-02-11 18:00:00,66.25
2019-02-11 19:00:00,59.76
2019-02-11 20:00:00,52.24
2019-02-11 21:00:00,48.6
2019-02-11 22:00:00,45.59
2019-02-11 23:00:00,45.8
2019-02-12 00:00:00,42.79
2019-02-12 01:00:00,43.84
2019-02-12 02:00:00,39.02
2019-02-12 03:00:00,38.12
2019-02-12 04:00:00,40.02
2019-02-12 05:00:00,46.83
2019-02-12 06:00:00,58.01
2019-02-12 07:00:00,61.29
2019-02-12 08:00:00,59.6
2019-02-12 09:00:00,57.95
2019-02-12 10:00:00,56.24
2019-02-12 11:00:00,54.35
2019-02-12 12:00:00,50.62
2019-02-12 13:00:00,49.98
2019-02-12 14:00:00,50.17
2019-02-12 15:00:00,52.84
2019-02-12 16:00:00,56.92
2019-02-12 17:00:00,60.47
2019-02-12 18:00:00,65.83
2019-02-12 19:00:00,59.47
2019-02-12 20:00:00,52.3
2019-02-12 21:00:00,48.59
2019-02-12 22:00:00,42.31
2019-02-12 23:00:00,40.37
2019-02-13 00:00:00,38.98
2019-02-13 01:00:00,41.27
2019-02-13 02:00:00,41.16
2019-02-13 03:00:00,37.68
2019-02-13 04:00:00,40.58
2019-02-13 05:00:00,45.95
2019-02-13 06:00:00,58.59
2019-02-13 07:00:00,65.31
2019-02-13 08:00:00,61.98
2019-02-13 09:00:00,56.68
2019-02-13 10:00:00,54.42
2019-02-13 11:00:00,51.02
2019-02-13 12:00:00,49.09
2019-02-13 13:00:00,46.3
2019-02-13 14:00:00,46.82
2019-02-13 15:00:00,49.71
2019-02-13 16:00:00,53.94
2019-02-13 17:00:00,56.55
2019-02-13 18:00:00,61.02
2019-02-13 19:00:00,55.18
2019-02-13 20:00:00,47.14
2019-02-13 21:00:00,48.34
2019-02-13 22:00:00,44.61
2019-02-13 23:00:00,44.51
2019-02-14 00:00:00,39.15
2019-02-14 01:00:00,40.58
2019-02-14 02:00:00,39.0
2019-02-14 03:00:00,38.47
2019-02-14 04:00:00,43.04
2019-02-14 05:00:00,55.27
2019-02-14 06:00:00,60.73
2019-02-14 07:00:00,63.67
2019-02-14 08:00:00,62.07
2019-02-14 09:00:00,55.97
2019-02-14 10:00:00,53.66
2019-02-14 11:00:00,50.42
2019-02-14 12:00:00,46.64
2019-02-14 13:00:00,44.62
2019-02-14 14:00:00,47.12
2019-02-14 15:00:00,52.39
2019-02-14 16:00:00,55.63
2019-02-14 17:00:00,60.2
2019-02-14 18:00:00,61.93
2019-02-14 19:00:00,54.97
2019-02-14 20:00:00,49.69
2019-02-14 21:00:00,47.5
2019-02-14 22:00:00,43.6
2019-02-14 23:00:00,44.64
2019-02-15 00:00:00,42.19
2019-02-15 01:00:00,41.72
2019-02-15 02:00:00,40.19
2019-02-15 03:00:00,41.1
2019-02-15 04:00:00,43.67
2019-02-15 05:00:00,52.98
2019-02-15 06:00:00,59.98
2019-02-15 07:00:00,61.73
2019-02-15 08:00:00,56.19
2019-02-15 09:00:00,53.13
2019-02-15 10:00:00,51.01
2019-02-15 11:00:00,45.84
2019-02-15 12:00:00,44.7
2019-02-15 13:00:00,42.52
2019-02-15 14:00:00,44.41
2019-02-15 15:00:00,48.18
2019-02-15 16:00:00,53.61
2019-02-15 17:00:00,56.54
2019-02-15 18:00:00,55.49
2019-02-15 19:00:00,52.07
2019-02-15 20:00:00,45.58
2019-02-15 21:00:00,48.42
2019-02-15 22:00:00,46.42
2019-02-15 23:00:00,50.1
2019-02-16 00:00:00,46.79
2019-02-16 01:00:00,41.68
2019-02-16 02:00:00,39.79
2019-02-16 03:00:00,36.52
2019-02-16 04:00:00,40.46
2019-02-16 05:00:00,42.21
2019-02-16 06:00:00,46.78
2019-02-16 07:00:00,47.95
2019-02-16 08:00:00,48.57
2019-02-16 09:00:00,47.3
2019-02-16 10:00:00,39.05
2019-02-16 11:00:00,41.99
2019-02-16 12:00:00,37.03
2019-02-16 13:00:00,37.82
2019-02-16 14:00:00,39.61
2019-02-16 15:00:00,42.11
2019-02-16 16:00:00,46.83
2019-02-16 17:00:00,52.38
2019-02-16 18:00:00,56.41
2019-02-16 19:00:00,46.47
2019-02-16 20:00:00,40.67
2019-02-16 21:00:00,47.45
2019-02-16 22:00:00,40.7
2019-02-16 23:00:00,43.74
2019-02-17 00:00:00,40.1
2019-02-17 01:00:00,37.24
2019-02-17 02:00:00,36.27
2019-02-17 03:00:00,36.13
2019-02-17 04:00:00,36.74
2019-02-17 05:00:00,36.52
2019-02-17 06:00:00,38.82
2019-02-17 07:00:00,40.0
2019-02-17 08:00:00,38.88
2019-02-17 09:00:00,37.93
2019-02-17 10:00:00,36.5
2019-02-17 11:00:00,37.41
2019-02-17 12:00:00,35.09
2019-02-17 13:00:00,35.12
2019-02-17 14:00:00,36.27
2019-02-17 15:00:00,39.36
2019-02-17 16:00:00,44.03
2019-02-17 17:00:00,49.6
2019-02-17 18:00:00,50.07
2019-02-17 19:00:00,46.15
2019-02-17 20:00:00,38.62
2019-02-17 21:00:00,42.83
2019-02-17 22:00:00,38.75
2019-02-17 23:00:00,39.41
2019-02-18 00:00:00,38.78
2019-02-18 01:00:00,38.78
2019-02-18 02:00:00,38.2
2019-02-18 03:00:00,38.8
2019-02-18 04:00:00,40.0
2019-02-18 05:00:00,51.72
2019-02-18 06:00:00,57.37
2019-02-18 07:00:00,56.01
2019-02-18 08:00:00,52.61
2019-02-18 09:00:00,48.43
2019-02-18 10:00:00,45.35
2019-02-18 11:00:00,43.75
2019-02-18 12:00:00,43.51
2019-02-18 13:00:00,44.73
2019-02-18 14:00:00,47.35
2019-02-18 15:00:00,50.9
2019-02-18 16:00:00,52.94
2019-02-18 17:00:00,56.94
2019-02-18 18:00:00,55.76
2019-02-18 19:00:00,51.91
2019-02-18 20:00:00,43.98
2019-02-18 21:00:00,46.86
2019-02-18 22:00:00,44.42
2019-02-18 23:00:00,36.23
2019-02-19 00:00:00,38.47
2019-02-19 01:00:00,38.24
2019-02-19 02:00:00,36.0
2019-02-19 03:00:00,36.08
2019-02-19 04:00:00,38.1
2019-02-19 05:00:00,45.68
2019-02-19 06:00:00,55.79
2019-02-19 07:00:00,60.05
2019-02-19 08:00:00,54.03
2019-02-19 09:00:00,53.11
2019-02-19 10:00:00,53.27
2019-02-19 11:00:00,50.0
2019-02-19 12:00:00,46.59
2019-02-19 13:00:00,44.41
2019-02-19 14:00:00,41.1
2019-02-19 15:00:00,43.8
2019-02-19 16:00:00,50.92
2019-02-19 17:00:00,54.09
2019-02-19 18:00:00,54.6
2019-02-19 19:00:00,52.54
2019-02-19 20:00:00,51.23
2019-02-19 21:00:00,47.31
2019-02-19 22:00:00,46.78
2019-02-19 23:00:00,39.44
2019-02-20 00:00:00,37.61
2019-02-20 01:00:00,38.75
2019-02-20 02:00:00,35.2
2019-02-20 03:00:00,36.06
2019-02-20 04:00:00,38.06
2019-02-20 05:00:00,49.24
2019-02-20 06:00:00,54.75
2019-02-20 07:00:00,55.09
2019-02-20 08:00:00,53.37
2019-02-20 09:00:00,52.09
2019-02-20 10:00:00,50.85
2019-02-20 11:00:00,50.92
2019-02-20 12:00:00,45.5
2019-02-20 13:00:00,45.91
2019-02-20 14:00:00,46.12
2019-02-20 15:00:00,49.79
2019-02-20 16:00:00,51.96
2019-02-20 17:00:00,54.25
2019-02-20 18:00:00,54.67
2019-02-20 19:00:00,51.61
2019-02-20 20:00:00,47.46
2019-02-20 21:00:00,49.71
2019-02-20 22:00:00,43.36
2019-02-20 23:00:00,47.39
2019-02-21 00:00:00,40.98
2019-02-21 01:00:00,40.31
2019-02-21 02:00:00,35.36
2019-02-21 03:00:00,36.08
2019-02-21 04:00:00,37.9
2019-02-21 05:00:00,48.95
2019-02-21 06:00:00,57.7
2019-02-21 07:00:00,56.32
2019-02-21 08:00:00,54.51
2019-02-21 09:00:00,52.64
2019-02-21 10:00:00,51.22
2019-02-21 11:00:00,49.46
2019-02-21 12:00:00,45.51
2019-02-21 13:00:00,39.52
2019-02-21 14:00:00,43.02
2019-02-21 15:00:00,46.3
2019-02-21 16:00:00,50.61
2019-02-21 17:00:00,53.1
2019-02-21 18:00:00,55.12
2019-02-21 19:00:00,51.39
2019-02-21 20:00:00,46.13
2019-02-21 21:00:00,45.08
2019-02-21 22:00:00,44.01
2019-02-21 23:00:00,41.78
2019-02-22 00:00:00,40.32
2019-02-22 01:00:00,39.84
2019-02-22 02:00:00,39.59
2019-02-22 03:00:00,39.35
2019-02-22 04:00:00,42.0
2019-02-22 05:00:00,50.46
2019-02-22 06:00:00,55.1
2019-02-22 07:00:00,58.02
2019-02-22 08:00:00,55.62
2019-02-22 09:00:00,54.14
2019-02-22 10:00:00,53.06
2019-02-22 11:00:00,51.45
2019-02-22 12:00:00,48.99
2019-02-22 13:00:00,45.88
2019-02-22 14:00:00,43.66
2019-02-22 15:00:00,41.85
2019-02-22 16:00:00,47.24
2019-02-22 17:00:00,50.61
2019-02-22 18:00:00,50.98
2019-02-22 19:00:00,47.11
2019-02-22 20:00:00,43.02
2019-02-22 21:00:00,45.45
2019-02-22 22:00:00,42.95
2019-02-22 23:00:00,38.04
2019-02-23 00:00:00,36.54
2019-02-23 01:00:00,36.06
2019-02-23 02:00:00,36.01
2019-02-23 03:00:00,35.61
2019-02-23 04:00:00,36.03
2019-02-23 05:00:00,37.3
2019-02-23 06:00:00,41.11
2019-02-23 07:00:00,43.57
2019-02-23 08:00:00,44.85
2019-02-23 09:00:00,40.94
2019-02-23 10:00:00,38.02
2019-02-23 11:00:00,36.1
2019-02-23 12:00:00,35.84
2019-02-23 13:00:00,35.62
2019-02-23 14:00:00,35.5
2019-02-23 15:00:00,37.36
2019-02-23 16:00:00,47.49
2019-02-23 17:00:00,50.58
2019-02-23 18:00:00,50.97
2019-02-23 19:00:00,46.99
2019-02-23 20:00:00,40.35
2019-02-23 21:00:00,41.59
2019-02-23 22:00:00,39.0
2019-02-23 23:00:00,37.82
2019-02-24 00:00:00,37.19
2019-02-24 01:00:00,37.19
2019-02-24 02:00:00,36.21
2019-02-24 03:00:00,36.21
2019-02-24 04:00:00,37.04
2019-02-24 05:00:00,37.12
2019-02-24 06:00:00,37.98
2019-02-24 07:00:00,39.11
2019-02-24 08:00:00,39.79
2019-02-24 09:00:00,37.65
2019-02-24 10:00:00,37.06
2019-02-24 11:00:00,37.14
2019-02-24 12:00:00,35.0
2019-02-24 13:00:00,34.54
2019-02-24 14:00:00,35.25
2019-02-24 15:00:00,34.56
2019-02-24 16:00:00,36.9
2019-02-24 17:00:00,49.93
2019-02-24 18:00:00,51.47
2019-02-24 19:00:00,50.0
2019-02-24 20:00:00,44.46
2019-02-24 21:00:00,47.65
2019-02-24 22:00:00,44.1
2019-02-24 23:00:00,38.7
2019-02-25 00:00:00,37.02
2019-02-25 01:00:00,37.0
2019-02-25 02:00:00,36.37
2019-02-25 03:00:00,36.06
2019-02-25 04:00:00,40.07
2019-02-25 05:00:00,50.02
2019-02-25 06:00:00,56.88
2019-02-25 07:00:00,55.59
2019-02-25 08:00:00,50.72
2019-02-25 09:00:00,48.71
2019-02-25 10:00:00,43.89
2019-02-25 11:00:00,42.1
2019-02-25 12:00:00,38.98
2019-02-25 13:00:00,37.88
2019-02-25 14:00:00,42.0
2019-02-25 15:00:00,44.4
2019-02-25 16:00:00,47.51
2019-02-25 17:00:00,51.78
2019-02-25 18:00:00,54.4
2019-02-25 19:00:00,50.61
2019-02-25 20:00:00,43.09
2019-02-25 21:00:00,42.4
2019-02-25 22:00:00,40.4
2019-02-25 23:00:00,37.1
2019-02-26 00:00:00,37.0
2019-02-26 01:00:00,36.84
2019-02-26 02:00:00,35.88
2019-02-26 03:00:00,36.77
2019-02-26 04:00:00,39.41
2019-02-26 05:00:00,48.74
2019-02-26 06:00:00,53.04
2019-02-26 07:00:00,51.88
2019-02-26 08:00:00,49.92
2019-02-26 09:00:00,46.62
2019-02-26 10:00:00,43.88
2019-02-26 11:00:00,39.28
2019-02-26 12:00:00,39.0
2019-02-26 13:00:00,37.91
2019-02-26 14:00:00,41.45
2019-02-26 15:00:00,39.09
2019-02-26 16:00:00,45.2
2019-02-26 17:00:00,49.68
2019-02-26 18:00:00,54.94
2019-02-26 19:00:00,50.48
2019-02-26 20:00:00,47.57
2019-02-26 21:00:00,46.8
2019-02-26 22:00:00,41.41
2019-02-26 23:00:00,40.98
2019-02-27 00:00:00,39.42
2019-02-27 01:00:00,38.58
2019-02-27 02:00:00,37.99
2019-02-27 03:00:00,36.63
2019-02-27 04:00:00,41.48
2019-02-27 05:00:00,50.4
2019-02-27 06:00:00,56.8
2019-02-27 07:00:00,54.19
2019-02-27 08:00:00,49.95
2019-02-27 09:00:00,44.57
2019-02-27 10:00:00,40.79
2019-02-27 11:00:00,39.63
2019-02-27 12:00:00,39.58
2019-02-27 13:00:00,40.06
2019-02-27 14:00:00,40.62
2019-02-27 15:00:00,38.37
2019-02-27 16:00:00,44.17
2019-02-27 17:00:00,47.54
2019-02-27 18:00:00,51.82
2019-02-27 19:00:00,46.69
2019-02-27 20:00:00,41.58
2019-02-27 21:00:00,41.39
2019-02-27 22:00:00,39.02
2019-02-27 23:00:00,34.68
2019-02-28 00:00:00,34.23
2019-02-28 01:00:00,32.65
2019-02-28 02:00:00,29.53
2019-02-28 03:00:00,31.74
2019-02-28 04:00:00,33.27
2019-02-28 05:00:00,42.45
2019-02-28 06:00:00,49.14
2019-02-28 07:00:00,50.91
2019-02-28 08:00:00,49.09
2019-02-28 09:00:00,42.54
2019-02-28 10:00:00,38.89
2019-02-28 11:00:00,38.0
2019-02-28 12:00:00,37.08
2019-02-28 13:00:00,38.05
2019-02-28 14:00:00,33.6
2019-02-28 15:00:00,34.19
2019-02-28 16:00:00,38.29
2019-02-28 17:00:00,46.52
2019-02-28 18:00:00,50.97
2019-02-28 19:00:00,47.37
2019-02-28 20:00:00,44.2
2019-02-28 21:00:00,43.21
2019-02-28 22:00:00,41.44
2019-02-28 23:00:00,39.4
2019-03-01 00:00:00,36.09
2019-03-01 01:00:00,35.78
2019-03-01 02:00:00,33.89
2019-03-01 03:00:00,33.18
2019-03-01 04:00:00,35.55
2019-03-01 05:00:00,46.75
2019-03-01 06:00:00,47.98
2019-03-01 07:00:00,48.88
2019-03-01 08:00:00,48.85
2019-03-01 09:00:00,49.27
2019-03-01 10:00:00,49.14
2019-03-01 11:00:00,48.56
2019-03-01 12:00:00,47.4
2019-03-01 13:00:00,46.91
2019-03-01 14:00:00,43.6
2019-03-01 15:00:00,41.57
2019-03-01 16:00:00,45.94
2019-03-01 17:00:00,47.98
2019-03-01 18:00:00,52.49
2019-03-01 19:00:00,48.66
2019-03-01 20:00:00,46.53
2019-03-01 21:00:00,45.65
2019-03-01 22:00:00,44.41
2019-03-01 23:00:00,44.19
2019-03-02 00:00:00,43.28
2019-03-02 01:00:00,41.09
2019-03-02 02:00:00,39.49
2019-03-02 03:00:00,37.89
2019-03-02 04:00:00,39.97
2019-03-02 05:00:00,41.42
2019-03-02 06:00:00,43.92
2019-03-02 07:00:00,47.89
2019-03-02 08:00:00,48.6
2019-03-02 09:00:00,47.9
2019-03-02 10:00:00,45.84
2019-03-02 11:00:00,43.9
2019-03-02 12:00:00,40.21
2019-03-02 13:00:00,36.85
2019-03-02 14:00:00,36.03
2019-03-02 15:00:00,33.96
2019-03-02 16:00:00,36.8
2019-03-02 17:00:00,46.49
2019-03-02 18:00:00,46.8
2019-03-02 19:00:00,38.73
2019-03-02 20:00:00,33.24
2019-03-02 21:00:00,33.2
2019-03-02 22:00:00,29.25
2019-03-02 23:00:00,26.83
2019-03-03 00:00:00,17.78
2019-03-03 01:00:00,14.68
2019-03-03 02:00:00,11.2
2019-03-03 03:00:00,10.7
2019-03-03 04:00:00,10.68
2019-03-03 05:00:00,8.37
2019-03-03 06:00:00,11.1
2019-03-03 07:00:00,13.74
2019-03-03 08:00:00,15.43
2019-03-03 09:00:00,14.11
2019-03-03 10:00:00,15.41
2019-03-03 11:00:00,13.91
2019-03-03 12:00:00,8.58
2019-03-03 13:00:00,8.7
2019-03-03 14:00:00,10.71
2019-03-03 15:00:00,16.51
2019-03-03 16:00:00,17.05
2019-03-03 17:00:00,33.03
2019-03-03 18:00:00,39.05
2019-03-03 19:00:00,28.94
2019-03-03 20:00:00,26.18
2019-03-03 21:00:00,29.99
2019-03-03 22:00:00,26.55
2019-03-03 23:00:00,30.0
2019-03-04 00:00:00,12.69
2019-03-04 01:00:00,7.01
2019-03-04 02:00:00,3.52
2019-03-04 03:00:00,7.92
2019-03-04 04:00:00,15.04
2019-03-04 05:00:00,29.03
2019-03-04 06:00:00,38.57
2019-03-04 07:00:00,37.56
2019-03-04 08:00:00,33.07
2019-03-04 09:00:00,33.05
2019-03-04 10:00:00,37.38
2019-03-04 11:00:00,39.98
2019-03-04 12:00:00,32.37
2019-03-04 13:00:00,27.94
2019-03-04 14:00:00,24.29
2019-03-04 15:00:00,26.75
2019-03-04 16:00:00,33.6
2019-03-04 17:00:00,42.85
2019-03-04 18:00:00,43.33
2019-03-04 19:00:00,42.15
2019-03-04 20:00:00,26.74
2019-03-04 21:00:00,39.76
2019-03-04 22:00:00,36.9
2019-03-04 23:00:00,31.65
2019-03-05 00:00:00,30.66
2019-03-05 01:00:00,28.17
2019-03-05 02:00:00,19.94
2019-03-05 03:00:00,20.72
2019-03-05 04:00:00,28.05
2019-03-05 05:00:00,37.4
2019-03-05 06:00:00,44.81
2019-03-05 07:00:00,48.5
2019-03-05 08:00:00,45.27
2019-03-05 09:00:00,42.88
2019-03-05 10:00:00,39.95
2019-03-05 11:00:00,39.05
2019-03-05 12:00:00,38.92
2019-03-05 13:00:00,39.37
2019-03-05 14:00:00,44.09
2019-03-05 15:00:00,46.39
2019-03-05 16:00:00,49.27
2019-03-05 17:00:00,52.73
2019-03-05 18:00:00,55.23
2019-03-05 19:00:00,51.1
2019-03-05 20:00:00,48.09
2019-03-05 21:00:00,46.09
2019-03-05 22:00:00,41.54
2019-03-05 23:00:00,36.08
2019-03-06 00:00:00,32.44
2019-03-06 01:00:00,30.02
2019-03-06 02:00:00,26.44
2019-03-06 03:00:00,25.68
2019-03-06 04:00:00,30.19
2019-03-06 05:00:00,37.84
2019-03-06 06:00:00,44.01
2019-03-06 07:00:00,48.0
2019-03-06 08:00:00,45.2
2019-03-06 09:00:00,42.63
2019-03-06 10:00:00,38.9
2019-03-06 11:00:00,32.88
2019-03-06 12:00:00,32.75
2019-03-06 13:00:00,32.8
2019-03-06 14:00:00,32.99
2019-03-06 15:00:00,32.17
2019-03-06 16:00:00,35.46
2019-03-06 17:00:00,41.71
2019-03-06 18:00:00,46.78
2019-03-06 19:00:00,43.54
2019-03-06 20:00:00,33.18
2019-03-06 21:00:00,31.75
2019-03-06 22:00:00,29.97
2019-03-06 23:00:00,27.45
2019-03-07 00:00:00,26.95
2019-03-07 01:00:00,24.33
2019-03-07 02:00:00,21.59
2019-03-07 03:00:00,23.59
2019-03-07 04:00:00,25.49
2019-03-07 05:00:00,33.22
2019-03-07 06:00:00,41.49
2019-03-07 07:00:00,41.42
2019-03-07 08:00:00,35.09
2019-03-07 09:00:00,33.15
2019-03-07 10:00:00,32.47
2019-03-07 11:00:00,31.43
2019-03-07 12:00:00,30.34
2019-03-07 13:00:00,30.31
2019-03-07 14:00:00,30.1
2019-03-07 15:00:00,31.08
2019-03-07 16:00:00,36.11
2019-03-07 17:00:00,43.95
2019-03-07 18:00:00,45.64
2019-03-07 19:00:00,40.68
2019-03-07 20:00:00,30.27
2019-03-07 21:00:00,31.9
2019-03-07 22:00:00,35.61
2019-03-07 23:00:00,30.47
2019-03-08 00:00:00,25.74
2019-03-08 01:00:00,27.86
2019-03-08 02:00:00,23.5
2019-03-08 03:00:00,23.26
2019-03-08 04:00:00,35.13
2019-03-08 05:00:00,37.29
2019-03-08 06:00:00,48.64
2019-03-08 07:00:00,49.63
2019-03-08 08:00:00,53.05
2019-03-08 09:00:00,51.35
2019-03-08 10:00:00,49.76
2019-03-08 11:00:00,47.65
2019-03-08 12:00:00,44.2
2019-03-08 13:00:00,41.21
2019-03-08 14:00:00,34.94
2019-03-08 15:00:00,38.46
2019-03-08 16:00:00,43.07
2019-03-08 17:00:00,48.89
2019-03-08 18:00:00,51.33
2019-03-08 19:00:00,44.04
2019-03-08 20:00:00,40.57
2019-03-08 21:00:00,39.24
2019-03-08 22:00:00,31.39
2019-03-08 23:00:00,29.82
2019-03-09 00:00:00,20.87
2019-03-09 01:00:00,16.29
2019-03-09 02:00:00,14.37
2019-03-09 03:00:00,10.85
2019-03-09 04:00:00,14.6
2019-03-09 05:00:00,18.06
2019-03-09 06:00:00,18.2
2019-03-09 07:00:00,23.21
2019-03-09 08:00:00,28.64
2019-03-09 09:00:00,28.14
2019-03-09 10:00:00,28.43
2019-03-09 11:00:00,37.84
2019-03-09 12:00:00,22.74
2019-03-09 13:00:00,20.9
2019-03-09 14:00:00,17.62
2019-03-09 15:00:00,18.01
2019-03-09 16:00:00,21.06
2019-03-09 17:00:00,27.71
2019-03-09 18:00:00,32.18
2019-03-09 19:00:00,29.11
2019-03-09 20:00:00,26.52
2019-03-09 21:00:00,36.67
2019-03-09 22:00:00,34.77
2019-03-09 23:00:00,17.67
2019-03-10 00:00:00,18.49
2019-03-10 01:00:00,17.95
2019-03-10 02:00:00,9.91
2019-03-10 03:00:00,6.54
2019-03-10 04:00:00,6.56
2019-03-10 05:00:00,10.74
2019-03-10 06:00:00,13.11
2019-03-10 07:00:00,15.02
2019-03-10 08:00:00,19.36
2019-03-10 09:00:00,16.28
2019-03-10 10:00:00,18.5
2019-03-10 11:00:00,18.95
2019-03-10 12:00:00,20.09
2019-03-10 13:00:00,13.88
2019-03-10 14:00:00,10.84
2019-03-10 15:00:00,9.23
2019-03-10 16:00:00,20.57
2019-03-10 17:00:00,23.51
2019-03-10 18:00:00,40.92
2019-03-10 19:00:00,30.8
2019-03-10 20:00:00,26.72
2019-03-10 21:00:00,28.63
2019-03-10 22:00:00,24.62
2019-03-10 23:00:00,23.64
2019-03-11 00:00:00,22.71
2019-03-11 01:00:00,24.97
2019-03-11 02:00:00,19.06
2019-03-11 03:00:00,20.55
2019-03-11 04:00:00,25.8
2019-03-11 05:00:00,39.61
2019-03-11 06:00:00,47.96
2019-03-11 07:00:00,48.06
2019-03-11 08:00:00,46.84
2019-03-11 09:00:00,45.31
2019-03-11 10:00:00,42.66
2019-03-11 11:00:00,39.95
2019-03-11 12:00:00,38.69
2019-03-11 13:00:00,36.9
2019-03-11 14:00:00,37.11
2019-03-11 15:00:00,39.0
2019-03-11 16:00:00,46.28
2019-03-11 17:00:00,50.29
2019-03-11 18:00:00,57.9
2019-03-11 19:00:00,50.19
2019-03-11 20:00:00,47.57
2019-03-11 21:00:00,47.61
2019-03-11 22:00:00,44.01
2019-03-11 23:00:00,40.98
2019-03-12 00:00:00,38.97
2019-03-12 01:00:00,36.91
2019-03-12 02:00:00,35.0
2019-03-12 03:00:00,32.92
2019-03-12 04:00:00,36.3
2019-03-12 05:00:00,46.83
2019-03-12 06:00:00,52.05
2019-03-12 07:00:00,51.37
2019-03-12 08:00:00,48.02
2019-03-12 09:00:00,44.1
2019-03-12 10:00:00,39.84
2019-03-12 11:00:00,37.43
2019-03-12 12:00:00,34.02
2019-03-12 13:00:00,33.37
2019-03-12 14:00:00,34.91
2019-03-12 15:00:00,36.7
2019-03-12 16:00:00,40.33
2019-03-12 17:00:00,44.02
2019-03-12 18:00:00,44.68
2019-03-12 19:00:00,38.45
2019-03-12 20:00:00,30.99
2019-03-12 21:00:00,33.98
2019-03-12 22:00:00,33.67
2019-03-12 23:00:00,26.85
2019-03-13 00:00:00,22.28
2019-03-13 01:00:00,25.33
2019-03-13 02:00:00,11.78
2019-03-13 03:00:00,14.61
2019-03-13 04:00:00,21.87
2019-03-13 05:00:00,28.67
2019-03-13 06:00:00,38.52
2019-03-13 07:00:00,37.89
2019-03-13 08:00:00,32.56
2019-03-13 09:00:00,29.5
2019-03-13 10:00:00,28.46
2019-03-13 11:00:00,29.88
2019-03-13 12:00:00,29.14
2019-03-13 13:00:00,30.04
2019-03-13 14:00:00,27.54
2019-03-13 15:00:00,27.98
2019-03-13 16:00:00,33.4
2019-03-13 17:00:00,36.7
2019-03-13 18:00:00,43.05
2019-03-13 19:00:00,34.39
2019-03-13 20:00:00,30.08
2019-03-13 21:00:00,27.35
2019-03-13 22:00:00,25.17
2019-03-13 23:00:00,28.14
2019-03-14 00:00:00,26.86
2019-03-14 01:00:00,25.88
2019-03-14 02:00:00,24.32
2019-03-14 03:00:00,23.72
2019-03-14 04:00:00,27.18
2019-03-14 05:00:00,37.69
2019-03-14 06:00:00,43.46
2019-03-14 07:00:00,43.72
2019-03-14 08:00:00,41.19
2019-03-14 09:00:00,42.12
2019-03-14 10:00:00,41.13
2019-03-14 11:00:00,41.27
2019-03-14 12:00:00,39.75
2019-03-14 13:00:00,38.29
2019-03-14 14:00:00,36.62
2019-03-14 15:00:00,34.81
2019-03-14 16:00:00,36.34
2019-03-14 17:00:00,38.73
2019-03-14 18:00:00,42.39
2019-03-14 19:00:00,38.51
2019-03-14 20:00:00,32.09
2019-03-14 21:00:00,31.88
2019-03-14 22:00:00,26.99
2019-03-14 23:00:00,26.71
2019-03-15 00:00:00,18.89
2019-03-15 01:00:00,16.56
2019-03-15 02:00:00,12.12
2019-03-15 03:00:00,16.68
2019-03-15 04:00:00,23.63
2019-03-15 05:00:00,29.72
2019-03-15 06:00:00,41.41
2019-03-15 07:00:00,42.94
2019-03-15 08:00:00,42.59
2019-03-15 09:00:00,41.54
2019-03-15 10:00:00,40.97
2019-03-15 11:00:00,39.91
2019-03-15 12:00:00,33.98
2019-03-15 13:00:00,28.27
2019-03-15 14:00:00,27.33
2019-03-15 15:00:00,25.32
2019-03-15 16:00:00,27.26
2019-03-15 17:00:00,32.4
2019-03-15 18:00:00,39.41
2019-03-15 19:00:00,30.63
2019-03-15 20:00:00,24.63
2019-03-15 21:00:00,32.45
2019-03-15 22:00:00,20.94
2019-03-15 23:00:00,24.16
2019-03-16 00:00:00,11.44
2019-03-16 01:00:00,8.34
2019-03-16 02:00:00,6.49
2019-03-16 03:00:00,8.4
2019-03-16 04:00:00,8.37
2019-03-16 05:00:00,14.07
2019-03-16 06:00:00,23.04
2019-03-16 07:00:00,23.05
2019-03-16 08:00:00,29.83
2019-03-16 09:00:00,28.88
2019-03-16 10:00:00,24.91
2019-03-16 11:00:00,25.38
2019-03-16 12:00:00,26.37
2019-03-16 13:00:00,13.68
2019-03-16 14:00:00,9.27
2019-03-16 15:00:00,7.44
2019-03-16 16:00:00,14.96
2019-03-16 17:00:00,23.74
2019-03-16 18:00:00,30.95
2019-03-16 19:00:00,25.55
2019-03-16 20:00:00,11.64
2019-03-16 21:00:00,15.09
2019-03-16 22:00:00,10.92
2019-03-16 23:00:00,6.35
2019-03-17 00:00:00,7.25
2019-03-17 01:00:00,1.65
2019-03-17 02:00:00,2.16
2019-03-17 03:00:00,-3.96
2019-03-17 04:00:00,-0.8
2019-03-17 05:00:00,2.52
2019-03-17 06:00:00,2.16
2019-03-17 07:00:00,-0.07
2019-03-17 08:00:00,0.5
2019-03-17 09:00:00,6.8
2019-03-17 10:00:00,8.39
2019-03-17 11:00:00,7.52
2019-03-17 12:00:00,-1.86
2019-03-17 13:00:00,-9.6
2019-03-17 14:00:00,-10.99
2019-03-17 15:00:00,-2.66
2019-03-17 16:00:00,11.03
2019-03-17 17:00:00,30.5
2019-03-17 18:00:00,39.13
2019-03-17 19:00:00,33.33
2019-03-17 20:00:00,26.21
2019-03-17 21:00:00,28.62
2019-03-17 22:00:00,26.16
2019-03-17 23:00:00,31.54
2019-03-18 00:00:00,32.16
2019-03-18 01:00:00,28.21
2019-03-18 02:00:00,19.75
2019-03-18 03:00:00,19.08
2019-03-18 04:00:00,32.21
2019-03-18 05:00:00,44.18
2019-03-18 06:00:00,47.23
2019-03-18 07:00:00,49.86
2019-03-18 08:00:00,45.21
2019-03-18 09:00:00,42.31
2019-03-18 10:00:00,39.21
2019-03-18 11:00:00,40.83
2019-03-18 12:00:00,36.25
2019-03-18 13:00:00,35.32
2019-03-18 14:00:00,34.87
2019-03-18 15:00:00,36.34
2019-03-18 16:00:00,43.33
2019-03-18 17:00:00,46.12
2019-03-18 18:00:00,50.01
2019-03-18 19:00:00,45.99
2019-03-18 20:00:00,43.65
2019-03-18 21:00:00,41.7
2019-03-18 22:00:00,41.08
2019-03-18 23:00:00,39.08
2019-03-19 00:00:00,38.49
2019-03-19 01:00:00,37.45
2019-03-19 02:00:00,36.47
2019-03-19 03:00:00,36.42
2019-03-19 04:00:00,40.29
2019-03-19 05:00:00,46.96
2019-03-19 06:00:00,51.27
2019-03-19 07:00:00,54.38
2019-03-19 08:00:00,49.69
2019-03-19 09:00:00,46.31
2019-03-19 10:00:00,44.55
2019-03-19 11:00:00,43.31
2019-03-19 12:00:00,42.89
2019-03-19 13:00:00,42.48
2019-03-19 14:00:00,43.74
2019-03-19 15:00:00,44.61
2019-03-19 16:00:00,48.96
2019-03-19 17:00:00,54.62
2019-03-19 18:00:00,60.73
2019-03-19 19:00:00,52.55
2019-03-19 20:00:00,46.46
2019-03-19 21:00:00,44.72
2019-03-19 22:00:00,41.08
2019-03-19 23:00:00,38.28
2019-03-20 00:00:00,36.3
2019-03-20 01:00:00,35.05
2019-03-20 02:00:00,34.33
2019-03-20 03:00:00,34.69
2019-03-20 04:00:00,37.2
2019-03-20 05:00:00,44.77
2019-03-20 06:00:00,48.37
2019-03-20 07:00:00,48.01
2019-03-20 08:00:00,44.56
2019-03-20 09:00:00,41.23
2019-03-20 10:00:00,39.86
2019-03-20 11:00:00,37.59
2019-03-20 12:00:00,37.47
2019-03-20 13:00:00,38.16
2019-03-20 14:00:00,40.36
2019-03-20 15:00:00,42.1
2019-03-20 16:00:00,45.49
2019-03-20 17:00:00,51.08
2019-03-20 18:00:00,55.55
2019-03-20 19:00:00,49.13
2019-03-20 20:00:00,44.24
2019-03-20 21:00:00,43.08
2019-03-20 22:00:00,40.22
2019-03-20 23:00:00,35.47
2019-03-21 00:00:00,34.7
2019-03-21 01:00:00,33.51
2019-03-21 02:00:00,33.04
2019-03-21 03:00:00,33.1
2019-03-21 04:00:00,35.93
2019-03-21 05:00:00,44.04
2019-03-21 06:00:00,47.71
2019-03-21 07:00:00,45.09
2019-03-21 08:00:00,42.94
2019-03-21 09:00:00,38.5
2019-03-21 10:00:00,35.89
2019-03-21 11:00:00,35.43
2019-03-21 12:00:00,34.5
2019-03-21 13:00:00,34.66
2019-03-21 14:00:00,36.81
2019-03-21 15:00:00,39.27
2019-03-21 16:00:00,43.4
2019-03-21 17:00:00,46.7
2019-03-21 18:00:00,55.0
2019-03-21 19:00:00,47.53
2019-03-21 20:00:00,43.92
2019-03-21 21:00:00,41.94
2019-03-21 22:00:00,39.36
2019-03-21 23:00:00,39.0
2019-03-22 00:00:00,35.95
2019-03-22 01:00:00,36.69
2019-03-22 02:00:00,36.39
2019-03-22 03:00:00,36.28
2019-03-22 04:00:00,39.95
2019-03-22 05:00:00,46.01
2019-03-22 06:00:00,50.98
2019-03-22 07:00:00,49.2
2019-03-22 08:00:00,44.97
2019-03-22 09:00:00,40.41
2019-03-22 10:00:00,36.57
2019-03-22 11:00:00,35.0
2019-03-22 12:00:00,34.3
2019-03-22 13:00:00,34.46
2019-03-22 14:00:00,35.0
2019-03-22 15:00:00,37.78
2019-03-22 16:00:00,41.14
2019-03-22 17:00:00,46.91
2019-03-22 18:00:00,50.17
2019-03-22 19:00:00,46.0
2019-03-22 20:00:00,40.61
2019-03-22 21:00:00,39.9
2019-03-22 22:00:00,37.12
2019-03-22 23:00:00,35.53
2019-03-23 00:00:00,34.94
2019-03-23 01:00:00,34.9
2019-03-23 02:00:00,33.1
2019-03-23 03:00:00,33.05
2019-03-23 04:00:00,34.6
2019-03-23 05:00:00,36.64
2019-03-23 06:00:00,38.86
2019-03-23 07:00:00,38.43
2019-03-23 08:00:00,37.79
2019-03-23 09:00:00,34.93
2019-03-23 10:00:00,32.63
2019-03-23 11:00:00,30.72
2019-03-23 12:00:00,29.36
2019-03-23 13:00:00,28.52
2019-03-23 14:00:00,29.75
2019-03-23 15:00:00,30.08
2019-03-23 16:00:00,35.16
2019-03-23 17:00:00,40.81
2019-03-23 18:00:00,44.99
2019-03-23 19:00:00,42.25
2019-03-23 20:00:00,39.1
2019-03-23 21:00:00,40.35
2019-03-23 22:00:00,37.93
2019-03-23 23:00:00,39.15
2019-03-24 00:00:00,36.05
2019-03-24 01:00:00,34.45
2019-03-24 02:00:00,33.61
2019-03-24 03:00:00,33.85
2019-03-24 04:00:00,34.2
2019-03-24 05:00:00,34.32
2019-03-24 06:00:00,34.98
2019-03-24 07:00:00,36.6
2019-03-24 08:00:00,35.81
2019-03-24 09:00:00,33.78
2019-03-24 10:00:00,32.01
2019-03-24 11:00:00,31.1
2019-03-24 12:00:00,25.08
2019-03-24 13:00:00,24.13
2019-03-24 14:00:00,23.79
2019-03-24 15:00:00,25.1
2019-03-24 16:00:00,27.69
2019-03-24 17:00:00,39.37
2019-03-24 18:00:00,42.67
2019-03-24 19:00:00,39.61
2019-03-24 20:00:00,36.52
2019-03-24 21:00:00,35.32
2019-03-24 22:00:00,31.32
2019-03-24 23:00:00,24.34
2019-03-25 00:00:00,29.04
2019-03-25 01:00:00,23.32
2019-03-25 02:00:00,21.12
2019-03-25 03:00:00,22.54
2019-03-25 04:00:00,26.36
2019-03-25 05:00:00,34.45
2019-03-25 06:00:00,43.0
2019-03-25 07:00:00,41.81
2019-03-25 08:00:00,41.25
2019-03-25 09:00:00,36.0
2019-03-25 10:00:00,31.65
2019-03-25 11:00:00,31.53
2019-03-25 12:00:00,31.66
2019-03-25 13:00:00,29.76
2019-03-25 14:00:00,30.08
2019-03-25 15:00:00,29.54
2019-03-25 16:00:00,36.68
2019-03-25 17:00:00,41.2
2019-03-25 18:00:00,47.01
2019-03-25 19:00:00,42.96
2019-03-25 20:00:00,39.81
2019-03-25 21:00:00,39.99
2019-03-25 22:00:00,37.56
2019-03-25 23:00:00,33.25
2019-03-26 00:00:00,30.87
2019-03-26 01:00:00,30.25
2019-03-26 02:00:00,30.21
2019-03-26 03:00:00,30.22
2019-03-26 04:00:00,32.5
2019-03-26 05:00:00,39.0
2019-03-26 06:00:00,43.71
2019-03-26 07:00:00,42.75
2019-03-26 08:00:00,41.01
2019-03-26 09:00:00,38.52
2019-03-26 10:00:00,35.69
2019-03-26 11:00:00,33.57
2019-03-26 12:00:00,32.86
2019-03-26 13:00:00,31.74
2019-03-26 14:00:00,32.27
2019-03-26 15:00:00,34.0
2019-03-26 16:00:00,39.76
2019-03-26 17:00:00,43.0
2019-03-26 18:00:00,49.4
2019-03-26 19:00:00,46.41
2019-03-26 20:00:00,43.37
2019-03-26 21:00:00,42.28
2019-03-26 22:00:00,38.42
2019-03-26 23:00:00,36.62
2019-03-27 00:00:00,34.81
2019-03-27 01:00:00,34.27
2019-03-27 02:00:00,33.37
2019-03-27 03:00:00,34.14
2019-03-27 04:00:00,36.82
2019-03-27 05:00:00,42.01
2019-03-27 06:00:00,46.0
2019-03-27 07:00:00,47.04
2019-03-27 08:00:00,43.94
2019-03-27 09:00:00,41.48
2019-03-27 10:00:00,40.61
2019-03-27 11:00:00,40.0
2019-03-27 12:00:00,39.58
2019-03-27 13:00:00,38.75
2019-03-27 14:00:00,34.07
2019-03-27 15:00:00,39.18
2019-03-27 16:00:00,41.49
2019-03-27 17:00:00,44.17
2019-03-27 18:00:00,48.06
2019-03-27 19:00:00,43.99
2019-03-27 20:00:00,41.22
2019-03-27 21:00:00,40.83
2019-03-27 22:00:00,36.92
2019-03-27 23:00:00,32.73
2019-03-28 00:00:00,33.67
2019-03-28 01:00:00,33.38
2019-03-28 02:00:00,33.29
2019-03-28 03:00:00,33.12
2019-03-28 04:00:00,36.67
2019-03-28 05:00:00,44.48
2019-03-28 06:00:00,49.17
2019-03-28 07:00:00,48.97
2019-03-28 08:00:00,46.78
2019-03-28 09:00:00,44.12
2019-03-28 10:00:00,43.36
2019-03-28 11:00:00,42.54
2019-03-28 12:00:00,42.39
2019-03-28 13:00:00,35.88
2019-03-28 14:00:00,33.77
2019-03-28 15:00:00,32.86
2019-03-28 16:00:00,37.47
2019-03-28 17:00:00,43.72
2019-03-28 18:00:00,52.77
2019-03-28 19:00:00,46.61
2019-03-28 20:00:00,42.05
2019-03-28 21:00:00,42.38
2019-03-28 22:00:00,39.32
2019-03-28 23:00:00,39.28
2019-03-29 00:00:00,34.1
2019-03-29 01:00:00,34.44
2019-03-29 02:00:00,34.47
2019-03-29 03:00:00,34.99
2019-03-29 04:00:00,38.04
2019-03-29 05:00:00,45.56
2019-03-29 06:00:00,48.51
2019-03-29 07:00:00,47.62
2019-03-29 08:00:00,43.07
2019-03-29 09:00:00,38.2
2019-03-29 10:00:00,34.49
2019-03-29 11:00:00,33.43
2019-03-29 12:00:00,32.87
2019-03-29 13:00:00,32.4
2019-03-29 14:00:00,33.13
2019-03-29 15:00:00,36.01
2019-03-29 16:00:00,38.53
2019-03-29 17:00:00,42.61
2019-03-29 18:00:00,49.33
2019-03-29 19:00:00,47.94
2019-03-29 20:00:00,43.04
2019-03-29 21:00:00,42.75
2019-03-29 22:00:00,39.32
2019-03-29 23:00:00,37.49
2019-03-30 00:00:00,36.68
2019-03-30 01:00:00,34.36
2019-03-30 02:00:00,34.61
2019-03-30 03:00:00,27.23
2019-03-30 04:00:00,35.02
2019-03-30 05:00:00,33.51
2019-03-30 06:00:00,33.72
2019-03-30 07:00:00,35.22
2019-03-30 08:00:00,33.17
2019-03-30 09:00:00,31.63
2019-03-30 10:00:00,29.8
2019-03-30 11:00:00,29.56
2019-03-30 12:00:00,26.79
2019-03-30 13:00:00,26.66
2019-03-30 14:00:00,29.47
2019-03-30 15:00:00,28.47
2019-03-30 16:00:00,33.03
2019-03-30 17:00:00,34.44
2019-03-30 18:00:00,44.95
2019-03-30 19:00:00,43.08
2019-03-30 20:00:00,40.53
2019-03-30 21:00:00,40.86
2019-03-30 22:00:00,36.85
2019-03-30 23:00:00,40.1
2019-03-31 00:00:00,34.39
2019-03-31 01:00:00,32.97
2019-03-31 02:00:00,32.6
2019-03-31 03:00:00,30.94
2019-03-31 04:00:00,30.95
2019-03-31 05:00:00,32.25
2019-03-31 06:00:00,33.07
2019-03-31 07:00:00,33.22
2019-03-31 08:00:00,29.92
2019-03-31 09:00:00,26.77
2019-03-31 10:00:00,25.15
2019-03-31 11:00:00,13.19
2019-03-31 12:00:00,4.3
2019-03-31 13:00:00,-11.58
2019-03-31 14:00:00,-0.56
2019-03-31 15:00:00,1.92
2019-03-31 16:00:00,26.57
2019-03-31 17:00:00,38.69
2019-03-31 18:00:00,41.8
2019-03-31 19:00:00,39.08
2019-03-31 20:00:00,40.3
2019-03-31 21:00:00,37.51
2019-03-31 22:00:00,31.06
2019-03-31 23:00:00,29.96
2019-04-01 00:00:00,31.07
2019-04-01 01:00:00,27.74
2019-04-01 02:00:00,26.5
2019-04-01 03:00:00,32.18
2019-04-01 04:00:00,37.93
2019-04-01 05:00:00,45.45
2019-04-01 06:00:00,53.56
2019-04-01 07:00:00,45.95
2019-04-01 08:00:00,42.2
2019-04-01 09:00:00,39.11
2019-04-01 10:00:00,34.3
2019-04-01 11:00:00,32.29
2019-04-01 12:00:00,31.1
2019-04-01 13:00:00,31.55
2019-04-01 14:00:00,31.8
2019-04-01 15:00:00,35.74
2019-04-01 16:00:00,41.56
2019-04-01 17:00:00,45.1
2019-04-01 18:00:00,45.06
2019-04-01 19:00:00,39.41
2019-04-01 20:00:00,35.8
2019-04-01 21:00:00,33.65
2019-04-01 22:00:00,30.62
2019-04-01 23:00:00,28.91
2019-04-02 00:00:00,27.92
2019-04-02 01:00:00,26.13
2019-04-02 02:00:00,28.07
2019-04-02 03:00:00,31.04
2019-04-02 04:00:00,40.29
2019-04-02 05:00:00,43.78
2019-04-02 06:00:00,44.52
2019-04-02 07:00:00,44.54
2019-04-02 08:00:00,41.54
2019-04-02 09:00:00,40.99
2019-04-02 10:00:00,35.5
2019-04-02 11:00:00,33.25
2019-04-02 12:00:00,31.33
2019-04-02 13:00:00,30.65
2019-04-02 14:00:00,31.04
2019-04-02 15:00:00,35.08
2019-04-02 16:00:00,40.73
2019-04-02 17:00:00,43.15
2019-04-02 18:00:00,42.74
2019-04-02 19:00:00,38.2
2019-04-02 20:00:00,35.08
2019-04-02 21:00:00,32.38
2019-04-02 22:00:00,31.9
2019-04-02 23:00:00,31.5
2019-04-03 00:00:00,31.08
2019-04-03 01:00:00,31.19
2019-04-03 02:00:00,32.57
2019-04-03 03:00:00,35.0
2019-04-03 04:00:00,42.98
2019-04-03 05:00:00,48.25
2019-04-03 06:00:00,52.42
2019-04-03 07:00:00,54.72
2019-04-03 08:00:00,49.47
2019-04-03 09:00:00,48.21
2019-04-03 10:00:00,45.21
2019-04-03 11:00:00,43.11
2019-04-03 12:00:00,41.77
2019-04-03 13:00:00,41.48
2019-04-03 14:00:00,41.73
2019-04-03 15:00:00,42.68
2019-04-03 16:00:00,45.44
2019-04-03 17:00:00,51.32
2019-04-03 18:00:00,52.34
2019-04-03 19:00:00,44.08
2019-04-03 20:00:00,49.12
2019-04-03 21:00:00,42.76
2019-04-03 22:00:00,41.56
2019-04-03 23:00:00,35.27
2019-04-04 00:00:00,33.0
2019-04-04 01:00:00,34.79
2019-04-04 02:00:00,34.13
2019-04-04 03:00:00,36.86
2019-04-04 04:00:00,44.67
2019-04-04 05:00:00,56.19
2019-04-04 06:00:00,59.86
2019-04-04 07:00:00,60.44
2019-04-04 08:00:00,53.69
2019-04-04 09:00:00,49.03
2019-04-04 10:00:00,46.94
2019-04-04 11:00:00,41.71
2019-04-04 12:00:00,38.59
2019-04-04 13:00:00,38.3
2019-04-04 14:00:00,38.1
2019-04-04 15:00:00,40.08
2019-04-04 16:00:00,45.23
2019-04-04 17:00:00,50.5
2019-04-04 18:00:00,48.93
2019-04-04 19:00:00,43.81
2019-04-04 20:00:00,42.44
2019-04-04 21:00:00,37.02
2019-04-04 22:00:00,40.36
2019-04-04 23:00:00,36.37
2019-04-05 00:00:00,36.14
2019-04-05 01:00:00,36.98
2019-04-05 02:00:00,36.17
2019-04-05 03:00:00,38.79
2019-04-05 04:00:00,45.83
2019-04-05 05:00:00,54.92
2019-04-05 06:00:00,58.67
2019-04-05 07:00:00,58.43
2019-04-05 08:00:00,52.55
2019-04-05 09:00:00,46.35
2019-04-05 10:00:00,43.49
2019-04-05 11:00:00,40.73
2019-04-05 12:00:00,38.82
2019-04-05 13:00:00,38.34
2019-04-05 14:00:00,38.64
2019-04-05 15:00:00,40.96
2019-04-05 16:00:00,44.35
2019-04-05 17:00:00,47.23
2019-04-05 18:00:00,46.94
2019-04-05 19:00:00,41.99
2019-04-05 20:00:00,41.33
2019-04-05 21:00:00,40.33
2019-04-05 22:00:00,41.65
2019-04-05 23:00:00,39.86
2019-04-06 00:00:00,38.31
2019-04-06 01:00:00,36.1
2019-04-06 02:00:00,36.13
2019-04-06 03:00:00,37.27
2019-04-06 04:00:00,39.2
2019-04-06 05:00:00,42.03
2019-04-06 06:00:00,44.06
2019-04-06 07:00:00,46.51
2019-04-06 08:00:00,42.72
2019-04-06 09:00:00,40.91
2019-04-06 10:00:00,40.35
2019-04-06 11:00:00,34.36
2019-04-06 12:00:00,31.62
2019-04-06 13:00:00,31.88
2019-04-06 14:00:00,32.2
2019-04-06 15:00:00,33.53
2019-04-06 16:00:00,41.33
2019-04-06 17:00:00,42.91
2019-04-06 18:00:00,45.65
2019-04-06 19:00:00,41.22
2019-04-06 20:00:00,40.82
2019-04-06 21:00:00,38.41
2019-04-06 22:00:00,45.26
2019-04-06 23:00:00,37.86
2019-04-07 00:00:00,37.18
2019-04-07 01:00:00,35.5
2019-04-07 02:00:00,35.64
2019-04-07 03:00:00,36.17
2019-04-07 04:00:00,36.69
2019-04-07 05:00:00,39.43
2019-04-07 06:00:00,40.51
2019-04-07 07:00:00,40.66
2019-04-07 08:00:00,36.63
2019-04-07 09:00:00,34.99
2019-04-07 10:00:00,34.68
2019-04-07 11:00:00,31.5
2019-04-07 12:00:00,28.03
2019-04-07 13:00:00,28.92
2019-04-07 14:00:00,31.4
2019-04-07 15:00:00,34.87
2019-04-07 16:00:00,42.9
2019-04-07 17:00:00,46.65
2019-04-07 18:00:00,49.65
2019-04-07 19:00:00,46.27
2019-04-07 20:00:00,45.55
2019-04-07 21:00:00,44.01
2019-04-07 22:00:00,38.84
2019-04-07 23:00:00,37.7
2019-04-08 00:00:00,36.73
2019-04-08 01:00:00,36.3
2019-04-08 02:00:00,37.2
2019-04-08 03:00:00,41.6
2019-04-08 04:00:00,54.96
2019-04-08 05:00:00,59.47
2019-04-08 06:00:00,60.0
2019-04-08 07:00:00,58.62
2019-04-08 08:00:00,51.77
2019-04-08 09:00:00,47.63
2019-04-08 10:00:00,47.4
2019-04-08 11:00:00,43.97
2019-04-08 12:00:00,42.66
2019-04-08 13:00:00,40.17
2019-04-08 14:00:00,39.73
2019-04-08 15:00:00,42.84
2019-04-08 16:00:00,45.05
2019-04-08 17:00:00,48.46
2019-04-08 18:00:00,46.58
2019-04-08 19:00:00,43.53
2019-04-08 20:00:00,43.39
2019-04-08 21:00:00,45.42
2019-04-08 22:00:00,40.97
2019-04-08 23:00:00,40.55
2019-04-09 00:00:00,35.6
2019-04-09 01:00:00,34.96
2019-04-09 02:00:00,35.12
2019-04-09 03:00:00,37.47
2019-04-09 04:00:00,47.2
2019-04-09 05:00:00,52.08
2019-04-09 06:00:00,55.32
2019-04-09 07:00:00,49.47
2019-04-09 08:00:00,46.97
2019-04-09 09:00:00,46.01
2019-04-09 10:00:00,44.26
2019-04-09 11:00:00,43.41
2019-04-09 12:00:00,39.59
2019-04-09 13:00:00,37.38
2019-04-09 14:00:00,37.39
2019-04-09 15:00:00,40.71
2019-04-09 16:00:00,44.09
2019-04-09 17:00:00,47.01
2019-04-09 18:00:00,45.94
2019-04-09 19:00:00,42.76
2019-04-09 20:00:00,42.01
2019-04-09 21:00:00,39.07
2019-04-09 22:00:00,40.27
2019-04-09 23:00:00,37.18
2019-04-10 00:00:00,36.54
2019-04-10 01:00:00,35.78
2019-04-10 02:00:00,36.63
2019-04-10 03:00:00,38.55
2019-04-10 04:00:00,46.99
2019-04-10 05:00:00,54.43
2019-04-10 06:00:00,58.02
2019-04-10 07:00:00,54.35
2019-04-10 08:00:00,49.5
2019-04-10 09:00:00,51.04
2019-04-10 10:00:00,50.07
2019-04-10 11:00:00,44.62
2019-04-10 12:00:00,38.37
2019-04-10 13:00:00,37.6
2019-04-10 14:00:00,38.12
2019-04-10 15:00:00,42.6
2019-04-10 16:00:00,46.5
2019-04-10 17:00:00,47.2
2019-04-10 18:00:00,46.97
2019-04-10 19:00:00,44.56
2019-04-10 20:00:00,42.6
2019-04-10 21:00:00,39.23
2019-04-10 22:00:00,37.5
2019-04-10 23:00:00,37.07
2019-04-11 00:00:00,37.07
2019-04-11 01:00:00,36.52
2019-04-11 02:00:00,37.1
2019-04-11 03:00:00,38.87
2019-04-11 04:00:00,47.91
2019-04-11 05:00:00,56.4
2019-04-11 06:00:00,59.24
2019-04-11 07:00:00,51.7
2019-04-11 08:00:00,48.55
2019-04-11 09:00:00,45.98
2019-04-11 10:00:00,43.95
2019-04-11 11:00:00,39.86
2019-04-11 12:00:00,38.9
2019-04-11 13:00:00,39.28
2019-04-11 14:00:00,39.0
2019-04-11 15:00:00,43.92
2019-04-11 16:00:00,47.69
2019-04-11 17:00:00,54.02
2019-04-11 18:00:00,52.99
2019-04-11 19:00:00,49.02
2019-04-11 20:00:00,47.2
2019-04-11 21:00:00,44.05
2019-04-11 22:00:00,39.59
2019-04-11 23:00:00,39.01
2019-04-12 00:00:00,37.95
2019-04-12 01:00:00,37.22
2019-04-12 02:00:00,37.5
2019-04-12 03:00:00,41.05
2019-04-12 04:00:00,49.62
2019-04-12 05:00:00,58.98
2019-04-12 06:00:00,60.08
2019-04-12 07:00:00,51.55
2019-04-12 08:00:00,48.97
2019-04-12 09:00:00,46.99
2019-04-12 10:00:00,45.1
2019-04-12 11:00:00,44.11
2019-04-12 12:00:00,42.11
2019-04-12 13:00:00,40.67
2019-04-12 14:00:00,38.57
2019-04-12 15:00:00,41.73
2019-04-12 16:00:00,46.43
2019-04-12 17:00:00,48.43
2019-04-12 18:00:00,48.08
2019-04-12 19:00:00,45.36
2019-04-12 20:00:00,45.27
2019-04-12 21:00:00,43.27
2019-04-12 22:00:00,44.78
2019-04-12 23:00:00,43.62
2019-04-13 00:00:00,42.36
2019-04-13 01:00:00,40.11
2019-04-13 02:00:00,39.45
2019-04-13 03:00:00,40.93
2019-04-13 04:00:00,43.78
2019-04-13 05:00:00,45.1
2019-04-13 06:00:00,47.28
2019-04-13 07:00:00,46.96
2019-04-13 08:00:00,42.45
2019-04-13 09:00:00,42.69
2019-04-13 10:00:00,47.47
2019-04-13 11:00:00,43.4
2019-04-13 12:00:00,37.11
2019-04-13 13:00:00,36.42
2019-04-13 14:00:00,35.65
2019-04-13 15:00:00,37.83
2019-04-13 16:00:00,43.03
2019-04-13 17:00:00,46.09
2019-04-13 18:00:00,46.28
2019-04-13 19:00:00,44.52
2019-04-13 20:00:00,45.93
2019-04-13 21:00:00,47.68
2019-04-13 22:00:00,57.61
2019-04-13 23:00:00,47.85
2019-04-14 00:00:00,46.69
2019-04-14 01:00:00,43.11
2019-04-14 02:00:00,37.23
2019-04-14 03:00:00,37.45
2019-04-14 04:00:00,37.36
2019-04-14 05:00:00,38.18
2019-04-14 06:00:00,40.36
2019-04-14 07:00:00,39.76
2019-04-14 08:00:00,37.1
2019-04-14 09:00:00,36.9
2019-04-14 10:00:00,38.36
2019-04-14 11:00:00,34.7
2019-04-14 12:00:00,30.59
2019-04-14 13:00:00,30.76
2019-04-14 14:00:00,32.59
2019-04-14 15:00:00,35.11
2019-04-14 16:00:00,41.87
2019-04-14 17:00:00,44.7
2019-04-14 18:00:00,46.74
2019-04-14 19:00:00,53.86
2019-04-14 20:00:00,57.41
2019-04-14 21:00:00,51.35
2019-04-14 22:00:00,53.97
2019-04-14 23:00:00,42.97
2019-04-15 00:00:00,41.01
2019-04-15 01:00:00,38.9
2019-04-15 02:00:00,37.99
2019-04-15 03:00:00,42.6
2019-04-15 04:00:00,50.59
2019-04-15 05:00:00,59.18
2019-04-15 06:00:00,60.67
2019-04-15 07:00:00,59.84
2019-04-15 08:00:00,59.0
2019-04-15 09:00:00,59.0
2019-04-15 10:00:00,59.0
2019-04-15 11:00:00,45.77
2019-04-15 12:00:00,40.82
2019-04-15 13:00:00,37.52
2019-04-15 14:00:00,36.0
2019-04-15 15:00:00,40.96
2019-04-15 16:00:00,47.01
2019-04-15 17:00:00,49.27
2019-04-15 18:00:00,48.56
2019-04-15 19:00:00,45.7
2019-04-15 20:00:00,42.43
2019-04-15 21:00:00,44.01
2019-04-15 22:00:00,38.4
2019-04-15 23:00:00,35.91
2019-04-16 00:00:00,36.66
2019-04-16 01:00:00,36.03
2019-04-16 02:00:00,35.06
2019-04-16 03:00:00,37.42
2019-04-16 04:00:00,46.22
2019-04-16 05:00:00,52.06
2019-04-16 06:00:00,52.31
2019-04-16 07:00:00,54.03
2019-04-16 08:00:00,50.84
2019-04-16 09:00:00,50.15
2019-04-16 10:00:00,48.47
2019-04-16 11:00:00,44.83
2019-04-16 12:00:00,43.16
2019-04-16 13:00:00,42.15
2019-04-16 14:00:00,39.7
2019-04-16 15:00:00,44.5
2019-04-16 16:00:00,49.74
2019-04-16 17:00:00,52.95
2019-04-16 18:00:00,50.32
2019-04-16 19:00:00,47.94
2019-04-16 20:00:00,49.25
2019-04-16 21:00:00,48.01
2019-04-16 22:00:00,46.92
2019-04-16 23:00:00,40.96
2019-04-17 00:00:00,35.02
2019-04-17 01:00:00,35.02
2019-04-17 02:00:00,35.36
2019-04-17 03:00:00,37.94
2019-04-17 04:00:00,46.82
2019-04-17 05:00:00,50.43
2019-04-17 06:00:00,52.23
2019-04-17 07:00:00,50.4
2019-04-17 08:00:00,48.01
2019-04-17 09:00:00,43.2
2019-04-17 10:00:00,41.13
2019-04-17 11:00:00,38.5
2019-04-17 12:00:00,36.12
2019-04-17 13:00:00,35.05
2019-04-17 14:00:00,35.49
2019-04-17 15:00:00,38.73
2019-04-17 16:00:00,46.09
2019-04-17 17:00:00,49.49
2019-04-17 18:00:00,48.09
2019-04-17 19:00:00,44.83
2019-04-17 20:00:00,41.03
2019-04-17 21:00:00,37.29
2019-04-17 22:00:00,37.93
2019-04-17 23:00:00,37.3
2019-04-18 00:00:00,37.24
2019-04-18 01:00:00,35.02
2019-04-18 02:00:00,35.06
2019-04-18 03:00:00,38.07
2019-04-18 04:00:00,47.82
2019-04-18 05:00:00,51.95
2019-04-18 06:00:00,56.19
2019-04-18 07:00:00,49.93
2019-04-18 08:00:00,44.57
2019-04-18 09:00:00,40.39
2019-04-18 10:00:00,37.99
2019-04-18 11:00:00,34.93
2019-04-18 12:00:00,34.3
2019-04-18 13:00:00,32.67
2019-04-18 14:00:00,34.34
2019-04-18 15:00:00,39.4
2019-04-18 16:00:00,45.09
2019-04-18 17:00:00,49.31
2019-04-18 18:00:00,48.19
2019-04-18 19:00:00,44.95
2019-04-18 20:00:00,43.19
2019-04-18 21:00:00,41.39
2019-04-18 22:00:00,36.7
2019-04-18 23:00:00,34.12
2019-04-19 00:00:00,32.76
2019-04-19 01:00:00,31.55
2019-04-19 02:00:00,32.07
2019-04-19 03:00:00,34.18
2019-04-19 04:00:00,38.42
2019-04-19 05:00:00,41.0
2019-04-19 06:00:00,45.28
2019-04-19 07:00:00,43.81
2019-04-19 08:00:00,38.76
2019-04-19 09:00:00,36.51
2019-04-19 10:00:00,34.64
2019-04-19 11:00:00,30.94
2019-04-19 12:00:00,26.24
2019-04-19 13:00:00,25.45
2019-04-19 14:00:00,27.98
2019-04-19 15:00:00,30.56
2019-04-19 16:00:00,38.13
2019-04-19 17:00:00,38.4
2019-04-19 18:00:00,43.2
2019-04-19 19:00:00,44.39
2019-04-19 20:00:00,44.0
2019-04-19 21:00:00,42.0
2019-04-19 22:00:00,35.48
2019-04-19 23:00:00,31.57
2019-04-20 00:00:00,30.0
2019-04-20 01:00:00,27.13
2019-04-20 02:00:00,25.75
2019-04-20 03:00:00,27.02
2019-04-20 04:00:00,28.46
2019-04-20 05:00:00,30.0
2019-04-20 06:00:00,35.26
2019-04-20 07:00:00,37.7
2019-04-20 08:00:00,31.03
2019-04-20 09:00:00,28.38
2019-04-20 10:00:00,26.91
2019-04-20 11:00:00,22.8
2019-04-20 12:00:00,21.03
2019-04-20 13:00:00,20.0
2019-04-20 14:00:00,21.65
2019-04-20 15:00:00,22.45
2019-04-20 16:00:00,27.57
2019-04-20 17:00:00,31.17
2019-04-20 18:00:00,38.89
2019-04-20 19:00:00,43.41
2019-04-20 20:00:00,42.5
2019-04-20 21:00:00,41.37
2019-04-20 22:00:00,36.95
2019-04-20 23:00:00,34.02
2019-04-21 00:00:00,30.23
2019-04-21 01:00:00,28.62
2019-04-21 02:00:00,30.0
2019-04-21 03:00:00,30.35
2019-04-21 04:00:00,33.4
2019-04-21 05:00:00,32.19
2019-04-21 06:00:00,34.0
2019-04-21 07:00:00,32.23
2019-04-21 08:00:00,29.1
2019-04-21 09:00:00,29.05
2019-04-21 10:00:00,27.47
2019-04-21 11:00:00,10.0
2019-04-21 12:00:00,6.27
2019-04-21 13:00:00,9.7
2019-04-21 14:00:00,22.4
2019-04-21 15:00:00,29.47
2019-04-21 16:00:00,40.7
2019-04-21 17:00:00,45.01
2019-04-21 18:00:00,46.08
2019-04-21 19:00:00,44.16
2019-04-21 20:00:00,41.38
2019-04-21 21:00:00,38.34
2019-04-21 22:00:00,27.79
2019-04-21 23:00:00,19.18
2019-04-22 00:00:00,13.0
2019-04-22 01:00:00,10.01
2019-04-22 02:00:00,10.53
2019-04-22 03:00:00,9.54
2019-04-22 04:00:00,10.01
2019-04-22 05:00:00,7.74
2019-04-22 06:00:00,14.35
2019-04-22 07:00:00,11.76
2019-04-22 08:00:00,7.32
2019-04-22 09:00:00,5.0
2019-04-22 10:00:00,10.71
2019-04-22 11:00:00,5.44
2019-04-22 12:00:00,0.07
2019-04-22 13:00:00,-4.1
2019-04-22 14:00:00,-0.5
2019-04-22 15:00:00,3.06
2019-04-22 16:00:00,10.7
2019-04-22 17:00:00,23.01
2019-04-22 18:00:00,24.66
2019-04-22 19:00:00,20.32
2019-04-22 20:00:00,12.92
2019-04-22 21:00:00,8.02
2019-04-22 22:00:00,8.41
2019-04-22 23:00:00,6.76
2019-04-23 00:00:00,2.76
2019-04-23 01:00:00,1.85
2019-04-23 02:00:00,3.51
2019-04-23 03:00:00,14.22
2019-04-23 04:00:00,29.45
2019-04-23 05:00:00,40.6
2019-04-23 06:00:00,41.38
2019-04-23 07:00:00,38.68
2019-04-23 08:00:00,24.46
2019-04-23 09:00:00,30.11
2019-04-23 10:00:00,30.11
2019-04-23 11:00:00,32.5
2019-04-23 12:00:00,25.62
2019-04-23 13:00:00,28.27
2019-04-23 14:00:00,19.81
2019-04-23 15:00:00,33.49
2019-04-23 16:00:00,40.02
2019-04-23 17:00:00,42.88
2019-04-23 18:00:00,42.84
2019-04-23 19:00:00,41.69
2019-04-23 20:00:00,36.35
2019-04-23 21:00:00,30.71
2019-04-23 22:00:00,27.8
2019-04-23 23:00:00,26.71
2019-04-24 00:00:00,24.73
2019-04-24 01:00:00,18.38
2019-04-24 02:00:00,25.01
2019-04-24 03:00:00,27.53
2019-04-24 04:00:00,32.08
2019-04-24 05:00:00,43.18
2019-04-24 06:00:00,43.85
2019-04-24 07:00:00,41.97
2019-04-24 08:00:00,38.85
2019-04-24 09:00:00,34.43
2019-04-24 10:00:00,29.99
2019-04-24 11:00:00,32.52
2019-04-24 12:00:00,31.6
2019-04-24 13:00:00,30.59
2019-04-24 14:00:00,31.61
2019-04-24 15:00:00,31.53
2019-04-24 16:00:00,34.4
2019-04-24 17:00:00,39.45
2019-04-24 18:00:00,42.08
2019-04-24 19:00:00,41.29
2019-04-24 20:00:00,38.34
2019-04-24 21:00:00,33.46
2019-04-24 22:00:00,29.1
2019-04-24 23:00:00,26.1
2019-04-25 00:00:00,12.69
2019-04-25 01:00:00,5.48
2019-04-25 02:00:00,0.51
2019-04-25 03:00:00,5.53
2019-04-25 04:00:00,19.46
2019-04-25 05:00:00,24.04
2019-04-25 06:00:00,39.12
2019-04-25 07:00:00,38.06
2019-04-25 08:00:00,33.09
2019-04-25 09:00:00,37.65
2019-04-25 10:00:00,35.65
2019-04-25 11:00:00,32.0
2019-04-25 12:00:00,30.5
2019-04-25 13:00:00,27.35
2019-04-25 14:00:00,26.98
2019-04-25 15:00:00,25.69
2019-04-25 16:00:00,32.32
2019-04-25 17:00:00,38.08
2019-04-25 18:00:00,40.84
2019-04-25 19:00:00,46.36
2019-04-25 20:00:00,42.21
2019-04-25 21:00:00,39.04
2019-04-25 22:00:00,37.0
2019-04-25 23:00:00,35.0
2019-04-26 00:00:00,32.12
2019-04-26 01:00:00,27.98
2019-04-26 02:00:00,25.77
2019-04-26 03:00:00,29.99
2019-04-26 04:00:00,41.5
2019-04-26 05:00:00,50.79
2019-04-26 06:00:00,56.38
2019-04-26 07:00:00,52.94
2019-04-26 08:00:00,49.93
2019-04-26 09:00:00,46.94
2019-04-26 10:00:00,43.96
2019-04-26 11:00:00,42.16
2019-04-26 12:00:00,40.35
2019-04-26 13:00:00,38.53
2019-04-26 14:00:00,32.41
2019-04-26 15:00:00,30.49
2019-04-26 16:00:00,40.07
2019-04-26 17:00:00,42.51
2019-04-26 18:00:00,40.82
2019-04-26 19:00:00,42.54
2019-04-26 20:00:00,41.97
2019-04-26 21:00:00,37.05
2019-04-26 22:00:00,32.02
2019-04-26 23:00:00,30.1
2019-04-27 00:00:00,29.05
2019-04-27 01:00:00,28.04
2019-04-27 02:00:00,13.82
2019-04-27 03:00:00,13.38
2019-04-27 04:00:00,16.47
2019-04-27 05:00:00,15.45
2019-04-27 06:00:00,21.34
2019-04-27 07:00:00,27.47
2019-04-27 08:00:00,31.22
2019-04-27 09:00:00,29.04
2019-04-27 10:00:00,30.48
2019-04-27 11:00:00,26.47
2019-04-27 12:00:00,21.58
2019-04-27 13:00:00,13.89
2019-04-27 14:00:00,11.76
2019-04-27 15:00:00,10.49
2019-04-27 16:00:00,24.13
2019-04-27 17:00:00,20.59
2019-04-27 18:00:00,30.14
2019-04-27 19:00:00,37.31
2019-04-27 20:00:00,36.36
2019-04-27 21:00:00,31.57
2019-04-27 22:00:00,32.57
2019-04-27 23:00:00,30.74
2019-04-28 00:00:00,30.0
2019-04-28 01:00:00,29.0
2019-04-28 02:00:00,27.28
2019-04-28 03:00:00,27.69
2019-04-28 04:00:00,23.82
2019-04-28 05:00:00,26.16
2019-04-28 06:00:00,32.05
2019-04-28 07:00:00,31.42
2019-04-28 08:00:00,32.86
2019-04-28 09:00:00,32.69
2019-04-28 10:00:00,33.73
2019-04-28 11:00:00,30.0
2019-04-28 12:00:00,28.0
2019-04-28 13:00:00,28.0
2019-04-28 14:00:00,28.09
2019-04-28 15:00:00,32.38
2019-04-28 16:00:00,41.07
2019-04-28 17:00:00,43.31
2019-04-28 18:00:00,43.83
2019-04-28 19:00:00,46.07
2019-04-28 20:00:00,47.76
2019-04-28 21:00:00,44.56
2019-04-28 22:00:00,38.53
2019-04-28 23:00:00,36.22
2019-04-29 00:00:00,35.57
2019-04-29 01:00:00,35.01
2019-04-29 02:00:00,34.18
2019-04-29 03:00:00,36.57
2019-04-29 04:00:00,46.82
2019-04-29 05:00:00,52.77
2019-04-29 06:00:00,56.71
2019-04-29 07:00:00,51.3
2019-04-29 08:00:00,46.99
2019-04-29 09:00:00,45.61
2019-04-29 10:00:00,44.06
2019-04-29 11:00:00,43.0
2019-04-29 12:00:00,40.67
2019-04-29 13:00:00,39.41
2019-04-29 14:00:00,31.9
2019-04-29 15:00:00,33.96
2019-04-29 16:00:00,40.88
2019-04-29 17:00:00,46.78
2019-04-29 18:00:00,42.48
2019-04-29 19:00:00,46.81
2019-04-29 20:00:00,44.86
2019-04-29 21:00:00,38.43
2019-04-29 22:00:00,34.0
2019-04-29 23:00:00,36.07
2019-04-30 00:00:00,35.0
2019-04-30 01:00:00,35.24
2019-04-30 02:00:00,34.44
2019-04-30 03:00:00,36.59
2019-04-30 04:00:00,45.62
2019-04-30 05:00:00,52.14
2019-04-30 06:00:00,60.0
2019-04-30 07:00:00,51.47
2019-04-30 08:00:00,47.43
2019-04-30 09:00:00,44.85
2019-04-30 10:00:00,40.85
2019-04-30 11:00:00,36.49
2019-04-30 12:00:00,34.98
2019-04-30 13:00:00,34.94
2019-04-30 14:00:00,35.34
2019-04-30 15:00:00,41.3
2019-04-30 16:00:00,47.09
2019-04-30 17:00:00,54.4
2019-04-30 18:00:00,51.76
2019-04-30 19:00:00,48.71
2019-04-30 20:00:00,46.28
2019-04-30 21:00:00,43.41
2019-04-30 22:00:00,38.0
2019-04-30 23:00:00,35.2
2019-05-01 00:00:00,32.64
2019-05-01 01:00:00,31.16
2019-05-01 02:00:00,26.51
2019-05-01 03:00:00,29.93
2019-05-01 04:00:00,24.71
2019-05-01 05:00:00,29.19
2019-05-01 06:00:00,23.88
2019-05-01 07:00:00,31.0
2019-05-01 08:00:00,30.62
2019-05-01 09:00:00,29.58
2019-05-01 10:00:00,28.6
2019-05-01 11:00:00,21.2
2019-05-01 12:00:00,14.62
2019-05-01 13:00:00,7.18
2019-05-01 14:00:00,10.19
2019-05-01 15:00:00,22.88
2019-05-01 16:00:00,30.72
2019-05-01 17:00:00,35.55
2019-05-01 18:00:00,37.81
2019-05-01 19:00:00,37.79
2019-05-01 20:00:00,38.76
2019-05-01 21:00:00,32.49
2019-05-01 22:00:00,32.16
2019-05-01 23:00:00,29.7
2019-05-02 00:00:00,29.16
2019-05-02 01:00:00,27.69
2019-05-02 02:00:00,26.97
2019-05-02 03:00:00,31.93
2019-05-02 04:00:00,41.75
2019-05-02 05:00:00,45.52
2019-05-02 06:00:00,47.18
2019-05-02 07:00:00,43.3
2019-05-02 08:00:00,41.63
2019-05-02 09:00:00,40.14
2019-05-02 10:00:00,39.07
2019-05-02 11:00:00,38.17
2019-05-02 12:00:00,37.2
2019-05-02 13:00:00,37.0
2019-05-02 14:00:00,37.48
2019-05-02 15:00:00,40.41
2019-05-02 16:00:00,45.98
2019-05-02 17:00:00,47.18
2019-05-02 18:00:00,45.1
2019-05-02 19:00:00,43.12
2019-05-02 20:00:00,44.72
2019-05-02 21:00:00,41.71
2019-05-02 22:00:00,33.29
2019-05-02 23:00:00,34.9
2019-05-03 00:00:00,33.6
2019-05-03 01:00:00,32.48
2019-05-03 02:00:00,33.1
2019-05-03 03:00:00,35.96
2019-05-03 04:00:00,41.95
2019-05-03 05:00:00,46.99
2019-05-03 06:00:00,50.1
2019-05-03 07:00:00,47.94
2019-05-03 08:00:00,46.9
2019-05-03 09:00:00,46.47
2019-05-03 10:00:00,43.7
2019-05-03 11:00:00,40.64
2019-05-03 12:00:00,37.98
2019-05-03 13:00:00,35.61
2019-05-03 14:00:00,35.47
2019-05-03 15:00:00,38.89
2019-05-03 16:00:00,42.01
2019-05-03 17:00:00,43.96
2019-05-03 18:00:00,44.57
2019-05-03 19:00:00,44.92
2019-05-03 20:00:00,45.37
2019-05-03 21:00:00,42.01
2019-05-03 22:00:00,39.72
2019-05-03 23:00:00,37.26
2019-05-04 00:00:00,35.56
2019-05-04 01:00:00,34.9
2019-05-04 02:00:00,34.98
2019-05-04 03:00:00,34.51
2019-05-04 04:00:00,35.59
2019-05-04 05:00:00,40.87
2019-05-04 06:00:00,45.0
2019-05-04 07:00:00,45.07
2019-05-04 08:00:00,43.62
2019-05-04 09:00:00,42.65
2019-05-04 10:00:00,40.56
2019-05-04 11:00:00,36.98
2019-05-04 12:00:00,34.95
2019-05-04 13:00:00,31.14
2019-05-04 14:00:00,28.59
2019-05-04 15:00:00,30.0
2019-05-04 16:00:00,34.59
2019-05-04 17:00:00,38.53
2019-05-04 18:00:00,44.81
2019-05-04 19:00:00,45.5
2019-05-04 20:00:00,45.92
2019-05-04 21:00:00,44.3
2019-05-04 22:00:00,35.19
2019-05-04 23:00:00,32.02
2019-05-05 00:00:00,29.15
2019-05-05 01:00:00,29.33
2019-05-05 02:00:00,26.47
2019-05-05 03:00:00,26.1
2019-05-05 04:00:00,28.05
2019-05-05 05:00:00,29.01
2019-05-05 06:00:00,31.35
2019-05-05 07:00:00,31.62
2019-05-05 08:00:00,30.38
2019-05-05 09:00:00,29.98
2019-05-05 10:00:00,30.62
2019-05-05 11:00:00,29.26
2019-05-05 12:00:00,19.01
2019-05-05 13:00:00,18.58
2019-05-05 14:00:00,21.72
2019-05-05 15:00:00,27.43
2019-05-05 16:00:00,32.44
2019-05-05 17:00:00,38.47
2019-05-05 18:00:00,42.03
2019-05-05 19:00:00,45.06
2019-05-05 20:00:00,46.47
2019-05-05 21:00:00,42.1
2019-05-05 22:00:00,41.11
2019-05-05 23:00:00,36.97
2019-05-06 00:00:00,36.18
2019-05-06 01:00:00,35.0
2019-05-06 02:00:00,33.87
2019-05-06 03:00:00,36.35
2019-05-06 04:00:00,45.85
2019-05-06 05:00:00,51.63
2019-05-06 06:00:00,48.84
2019-05-06 07:00:00,45.22
2019-05-06 08:00:00,45.18
2019-05-06 09:00:00,45.77
2019-05-06 10:00:00,45.32
2019-05-06 11:00:00,44.19
2019-05-06 12:00:00,42.08
2019-05-06 13:00:00,41.09
2019-05-06 14:00:00,41.16
2019-05-06 15:00:00,43.87
2019-05-06 16:00:00,47.19
2019-05-06 17:00:00,54.4
2019-05-06 18:00:00,56.14
2019-05-06 19:00:00,56.14
2019-05-06 20:00:00,55.0
2019-05-06 21:00:00,45.66
2019-05-06 22:00:00,42.32
2019-05-06 23:00:00,40.98
2019-05-07 00:00:00,40.8
2019-05-07 01:00:00,40.03
2019-05-07 02:00:00,40.03
2019-05-07 03:00:00,42.71
2019-05-07 04:00:00,51.59
2019-05-07 05:00:00,60.16
2019-05-07 06:00:00,63.9
2019-05-07 07:00:00,57.53
2019-05-07 08:00:00,55.11
2019-05-07 09:00:00,54.03
2019-05-07 10:00:00,50.94
2019-05-07 11:00:00,48.94
2019-05-07 12:00:00,48.0
2019-05-07 13:00:00,46.77
2019-05-07 14:00:00,47.1
2019-05-07 15:00:00,48.94
2019-05-07 16:00:00,54.0
2019-05-07 17:00:00,62.57
2019-05-07 18:00:00,52.94
2019-05-07 19:00:00,55.0
2019-05-07 20:00:00,50.98
2019-05-07 21:00:00,45.0
2019-05-07 22:00:00,44.18
2019-05-07 23:00:00,39.03
2019-05-08 00:00:00,35.96
2019-05-08 01:00:00,35.79
2019-05-08 02:00:00,35.08
2019-05-08 03:00:00,34.64
2019-05-08 04:00:00,33.96
2019-05-08 05:00:00,39.48
2019-05-08 06:00:00,44.49
2019-05-08 07:00:00,46.2
2019-05-08 08:00:00,44.66
2019-05-08 09:00:00,43.5
2019-05-08 10:00:00,42.87
2019-05-08 11:00:00,38.19
2019-05-08 12:00:00,35.78
2019-05-08 13:00:00,34.9
2019-05-08 14:00:00,34.38
2019-05-08 15:00:00,33.0
2019-05-08 16:00:00,37.35
2019-05-08 17:00:00,39.19
2019-05-08 18:00:00,39.61
2019-05-08 19:00:00,38.01
2019-05-08 20:00:00,37.28
2019-05-08 21:00:00,34.16
2019-05-08 22:00:00,33.92
2019-05-08 23:00:00,32.01
2019-05-09 00:00:00,30.26
2019-05-09 01:00:00,30.69
2019-05-09 02:00:00,33.1
2019-05-09 03:00:00,37.07
2019-05-09 04:00:00,45.99
2019-05-09 05:00:00,49.92
2019-05-09 06:00:00,54.66
2019-05-09 07:00:00,52.19
2019-05-09 08:00:00,49.95
2019-05-09 09:00:00,49.93
2019-05-09 10:00:00,49.05
2019-05-09 11:00:00,47.76
2019-05-09 12:00:00,45.76
2019-05-09 13:00:00,45.33
2019-05-09 14:00:00,45.54
2019-05-09 15:00:00,46.5
2019-05-09 16:00:00,47.55
2019-05-09 17:00:00,50.87
2019-05-09 18:00:00,50.72
2019-05-09 19:00:00,49.9
2019-05-09 20:00:00,49.07
2019-05-09 21:00:00,44.0
2019-05-09 22:00:00,40.1
2019-05-09 23:00:00,38.83
2019-05-10 00:00:00,37.54
2019-05-10 01:00:00,37.25
2019-05-10 02:00:00,37.17
2019-05-10 03:00:00,39.02
2019-05-10 04:00:00,47.63
2019-05-10 05:00:00,54.58
2019-05-10 06:00:00,56.17
2019-05-10 07:00:00,53.07
2019-05-10 08:00:00,50.16
2019-05-10 09:00:00,46.93
2019-05-10 10:00:00,43.49
2019-05-10 11:00:00,39.02
2019-05-10 12:00:00,38.35
2019-05-10 13:00:00,37.36
2019-05-10 14:00:00,37.38
2019-05-10 15:00:00,42.7
2019-05-10 16:00:00,48.9
2019-05-10 17:00:00,50.48
2019-05-10 18:00:00,49.77
2019-05-10 19:00:00,51.45
2019-05-10 20:00:00,51.22
2019-05-10 21:00:00,48.47
2019-05-10 22:00:00,44.06
2019-05-10 23:00:00,40.0
2019-05-11 00:00:00,37.94
2019-05-11 01:00:00,34.1
2019-05-11 02:00:00,32.21
2019-05-11 03:00:00,32.08
2019-05-11 04:00:00,29.85
2019-05-11 05:00:00,29.22
2019-05-11 06:00:00,28.77
2019-05-11 07:00:00,30.08
2019-05-11 08:00:00,27.05
2019-05-11 09:00:00,27.95
2019-05-11 10:00:00,31.85
2019-05-11 11:00:00,33.28
2019-05-11 12:00:00,28.77
2019-05-11 13:00:00,25.61
2019-05-11 14:00:00,23.55
2019-05-11 15:00:00,29.21
2019-05-11 16:00:00,37.36
2019-05-11 17:00:00,39.9
2019-05-11 18:00:00,37.88
2019-05-11 19:00:00,39.18
2019-05-11 20:00:00,41.51
2019-05-11 21:00:00,38.67
2019-05-11 22:00:00,37.42
2019-05-11 23:00:00,31.88
2019-05-12 00:00:00,29.56
2019-05-12 01:00:00,26.25
2019-05-12 02:00:00,25.0
2019-05-12 03:00:00,24.04
2019-05-12 04:00:00,24.6
2019-05-12 05:00:00,27.21
2019-05-12 06:00:00,30.14
2019-05-12 07:00:00,25.27
2019-05-12 08:00:00,16.98
2019-05-12 09:00:00,15.4
2019-05-12 10:00:00,16.4
2019-05-12 11:00:00,8.36
2019-05-12 12:00:00,-5.16
2019-05-12 13:00:00,-12.27
2019-05-12 14:00:00,-1.27
2019-05-12 15:00:00,14.88
2019-05-12 16:00:00,32.51
2019-05-12 17:00:00,35.07
2019-05-12 18:00:00,40.0
2019-05-12 19:00:00,40.87
2019-05-12 20:00:00,42.71
2019-05-12 21:00:00,38.91
2019-05-12 22:00:00,37.72
2019-05-12 23:00:00,32.67
2019-05-13 00:00:00,31.81
2019-05-13 01:00:00,31.12
2019-05-13 02:00:00,30.57
2019-05-13 03:00:00,35.73
2019-05-13 04:00:00,46.16
2019-05-13 05:00:00,53.01
2019-05-13 06:00:00,53.01
2019-05-13 07:00:00,47.26
2019-05-13 08:00:00,40.0
2019-05-13 09:00:00,36.7
2019-05-13 10:00:00,34.7
2019-05-13 11:00:00,32.74
2019-05-13 12:00:00,31.33
2019-05-13 13:00:00,30.98
2019-05-13 14:00:00,32.06
2019-05-13 15:00:00,30.35
2019-05-13 16:00:00,43.6
2019-05-13 17:00:00,48.95
2019-05-13 18:00:00,44.75
2019-05-13 19:00:00,47.61
2019-05-13 20:00:00,46.88
2019-05-13 21:00:00,41.26
2019-05-13 22:00:00,38.34
2019-05-13 23:00:00,35.83
2019-05-14 00:00:00,35.32
2019-05-14 01:00:00,34.96
2019-05-14 02:00:00,35.6
2019-05-14 03:00:00,38.79
2019-05-14 04:00:00,45.34
2019-05-14 05:00:00,52.01
2019-05-14 06:00:00,55.53
2019-05-14 07:00:00,46.98
2019-05-14 08:00:00,40.71
2019-05-14 09:00:00,36.3
2019-05-14 10:00:00,34.26
2019-05-14 11:00:00,34.0
2019-05-14 12:00:00,33.84
2019-05-14 13:00:00,34.04
2019-05-14 14:00:00,34.93
2019-05-14 15:00:00,37.3
2019-05-14 16:00:00,43.95
2019-05-14 17:00:00,47.91
2019-05-14 18:00:00,46.06
2019-05-14 19:00:00,46.02
2019-05-14 20:00:00,45.19
2019-05-14 21:00:00,40.36
2019-05-14 22:00:00,37.1
2019-05-14 23:00:00,35.68
2019-05-15 00:00:00,35.57
2019-05-15 01:00:00,35.44
2019-05-15 02:00:00,34.38
2019-05-15 03:00:00,36.21
2019-05-15 04:00:00,43.61
2019-05-15 05:00:00,50.99
2019-05-15 06:00:00,55.07
2019-05-15 07:00:00,47.82
2019-05-15 08:00:00,44.84
2019-05-15 09:00:00,40.94
2019-05-15 10:00:00,38.77
2019-05-15 11:00:00,35.67
2019-05-15 12:00:00,35.57
2019-05-15 13:00:00,34.28
2019-05-15 14:00:00,35.52
2019-05-15 15:00:00,40.0
2019-05-15 16:00:00,44.11
2019-05-15 17:00:00,45.8
2019-05-15 18:00:00,44.37
2019-05-15 19:00:00,43.23
2019-05-15 20:00:00,43.5
2019-05-15 21:00:00,38.91
2019-05-15 22:00:00,34.5
2019-05-15 23:00:00,34.5
2019-05-16 00:00:00,34.01
2019-05-16 01:00:00,32.07
2019-05-16 02:00:00,33.09
2019-05-16 03:00:00,35.05
2019-05-16 04:00:00,42.7
2019-05-16 05:00:00,47.21
2019-05-16 06:00:00,49.3
2019-05-16 07:00:00,45.06
2019-05-16 08:00:00,44.23
2019-05-16 09:00:00,43.93
2019-05-16 10:00:00,41.7
2019-05-16 11:00:00,39.97
2019-05-16 12:00:00,38.87
2019-05-16 13:00:00,37.97
2019-05-16 14:00:00,35.9
2019-05-16 15:00:00,39.05
2019-05-16 16:00:00,40.97
2019-05-16 17:00:00,42.8
2019-05-16 18:00:00,41.58
2019-05-16 19:00:00,41.38
2019-05-16 20:00:00,40.83
2019-05-16 21:00:00,36.79
2019-05-16 22:00:00,35.7
2019-05-16 23:00:00,35.18
2019-05-17 00:00:00,34.25
2019-05-17 01:00:00,33.79
2019-05-17 02:00:00,34.0
2019-05-17 03:00:00,36.09
2019-05-17 04:00:00,41.13
2019-05-17 05:00:00,47.04
2019-05-17 06:00:00,51.12
2019-05-17 07:00:00,49.17
2019-05-17 08:00:00,46.27
2019-05-17 09:00:00,46.03
2019-05-17 10:00:00,44.86
2019-05-17 11:00:00,41.6
2019-05-17 12:00:00,39.15
2019-05-17 13:00:00,38.49
2019-05-17 14:00:00,39.04
2019-05-17 15:00:00,42.53
2019-05-17 16:00:00,45.7
2019-05-17 17:00:00,48.06
2019-05-17 18:00:00,47.15
2019-05-17 19:00:00,42.49
2019-05-17 20:00:00,48.32
2019-05-17 21:00:00,43.47
2019-05-17 22:00:00,37.37
2019-05-17 23:00:00,34.39
2019-05-18 00:00:00,34.85
2019-05-18 01:00:00,34.11
2019-05-18 02:00:00,34.76
2019-05-18 03:00:00,33.42
2019-05-18 04:00:00,33.92
2019-05-18 05:00:00,36.24
2019-05-18 06:00:00,38.99
2019-05-18 07:00:00,37.52
2019-05-18 08:00:00,35.12
2019-05-18 09:00:00,34.79
2019-05-18 10:00:00,33.9
2019-05-18 11:00:00,33.05
2019-05-18 12:00:00,32.36
2019-05-18 13:00:00,33.25
2019-05-18 14:00:00,34.1
2019-05-18 15:00:00,35.36
2019-05-18 16:00:00,39.08
2019-05-18 17:00:00,40.99
2019-05-18 18:00:00,45.17
2019-05-18 19:00:00,44.75
2019-05-18 20:00:00,44.96
2019-05-18 21:00:00,42.0
2019-05-18 22:00:00,39.66
2019-05-18 23:00:00,36.02
2019-05-19 00:00:00,35.0
2019-05-19 01:00:00,34.03
2019-05-19 02:00:00,32.63
2019-05-19 03:00:00,32.37
2019-05-19 04:00:00,33.37
2019-05-19 05:00:00,34.04
2019-05-19 06:00:00,35.07
2019-05-19 07:00:00,35.02
2019-05-19 08:00:00,34.08
2019-05-19 09:00:00,34.1
2019-05-19 10:00:00,33.8
2019-05-19 11:00:00,29.64
2019-05-19 12:00:00,27.41
2019-05-19 13:00:00,27.49
2019-05-19 14:00:00,30.28
2019-05-19 15:00:00,34.47
2019-05-19 16:00:00,38.28
2019-05-19 17:00:00,42.28
2019-05-19 18:00:00,42.34
2019-05-19 19:00:00,41.71
2019-05-19 20:00:00,43.33
2019-05-19 21:00:00,38.94
2019-05-19 22:00:00,37.3
2019-05-19 23:00:00,35.0
2019-05-20 00:00:00,34.55
2019-05-20 01:00:00,33.51
2019-05-20 02:00:00,33.77
2019-05-20 03:00:00,36.04
2019-05-20 04:00:00,44.31
2019-05-20 05:00:00,55.01
2019-05-20 06:00:00,57.38
2019-05-20 07:00:00,57.45
2019-05-20 08:00:00,56.63
2019-05-20 09:00:00,55.5
2019-05-20 10:00:00,51.99
2019-05-20 11:00:00,50.29
2019-05-20 12:00:00,47.59
2019-05-20 13:00:00,45.06
2019-05-20 14:00:00,43.25
2019-05-20 15:00:00,46.09
2019-05-20 16:00:00,47.91
2019-05-20 17:00:00,49.39
2019-05-20 18:00:00,46.18
2019-05-20 19:00:00,45.8
2019-05-20 20:00:00,44.17
2019-05-20 21:00:00,37.66
2019-05-20 22:00:00,35.2
2019-05-20 23:00:00,34.44
2019-05-21 00:00:00,33.12
2019-05-21 01:00:00,31.49
2019-05-21 02:00:00,32.37
2019-05-21 03:00:00,33.03
2019-05-21 04:00:00,40.07
2019-05-21 05:00:00,48.06
2019-05-21 06:00:00,57.61
2019-05-21 07:00:00,55.0
2019-05-21 08:00:00,52.52
2019-05-21 09:00:00,51.15
2019-05-21 10:00:00,49.85
2019-05-21 11:00:00,46.27
2019-05-21 12:00:00,43.52
2019-05-21 13:00:00,38.98
2019-05-21 14:00:00,38.6
2019-05-21 15:00:00,39.6
2019-05-21 16:00:00,45.95
2019-05-21 17:00:00,46.96
2019-05-21 18:00:00,44.87
2019-05-21 19:00:00,44.11
2019-05-21 20:00:00,43.45
2019-05-21 21:00:00,37.39
2019-05-21 22:00:00,32.66
2019-05-21 23:00:00,32.5
2019-05-22 00:00:00,29.66
2019-05-22 01:00:00,29.0
2019-05-22 02:00:00,29.61
2019-05-22 03:00:00,33.09
2019-05-22 04:00:00,37.6
2019-05-22 05:00:00,46.6
2019-05-22 06:00:00,50.35
2019-05-22 07:00:00,48.37
2019-05-22 08:00:00,45.77
2019-05-22 09:00:00,42.41
2019-05-22 10:00:00,40.99
2019-05-22 11:00:00,38.65
2019-05-22 12:00:00,36.99
2019-05-22 13:00:00,36.02
2019-05-22 14:00:00,35.71
2019-05-22 15:00:00,39.0
2019-05-22 16:00:00,42.85
2019-05-22 17:00:00,47.47
2019-05-22 18:00:00,48.99
2019-05-22 19:00:00,48.14
2019-05-22 20:00:00,48.45
2019-05-22 21:00:00,41.16
2019-05-22 22:00:00,35.8
2019-05-22 23:00:00,33.32
2019-05-23 00:00:00,32.37
2019-05-23 01:00:00,30.14
2019-05-23 02:00:00,27.41
2019-05-23 03:00:00,30.79
2019-05-23 04:00:00,36.74
2019-05-23 05:00:00,46.77
2019-05-23 06:00:00,47.06
2019-05-23 07:00:00,40.86
2019-05-23 08:00:00,35.85
2019-05-23 09:00:00,35.6
2019-05-23 10:00:00,35.56
2019-05-23 11:00:00,35.74
2019-05-23 12:00:00,35.55
2019-05-23 13:00:00,36.76
2019-05-23 14:00:00,37.57
2019-05-23 15:00:00,43.04
2019-05-23 16:00:00,48.55
2019-05-23 17:00:00,52.38
2019-05-23 18:00:00,50.15
2019-05-23 19:00:00,49.45
2019-05-23 20:00:00,49.41
2019-05-23 21:00:00,45.27
2019-05-23 22:00:00,39.9
2019-05-23 23:00:00,35.24
2019-05-24 00:00:00,34.08
2019-05-24 01:00:00,32.37
2019-05-24 02:00:00,25.69
2019-05-24 03:00:00,29.7
2019-05-24 04:00:00,38.03
2019-05-24 05:00:00,47.14
2019-05-24 06:00:00,50.95
2019-05-24 07:00:00,45.94
2019-05-24 08:00:00,43.78
2019-05-24 09:00:00,39.54
2019-05-24 10:00:00,37.48
2019-05-24 11:00:00,35.85
2019-05-24 12:00:00,35.35
2019-05-24 13:00:00,35.0
2019-05-24 14:00:00,35.08
2019-05-24 15:00:00,36.64
2019-05-24 16:00:00,41.64
2019-05-24 17:00:00,44.88
2019-05-24 18:00:00,41.05
2019-05-24 19:00:00,39.26
2019-05-24 20:00:00,45.06
2019-05-24 21:00:00,41.89
2019-05-24 22:00:00,41.97
2019-05-24 23:00:00,37.15
2019-05-25 00:00:00,35.07
2019-05-25 01:00:00,34.03
2019-05-25 02:00:00,33.84
2019-05-25 03:00:00,33.09
2019-05-25 04:00:00,34.05
2019-05-25 05:00:00,35.11
2019-05-25 06:00:00,37.7
2019-05-25 07:00:00,37.56
2019-05-25 08:00:00,36.32
2019-05-25 09:00:00,35.2
2019-05-25 10:00:00,34.24
2019-05-25 11:00:00,33.01
2019-05-25 12:00:00,31.42
2019-05-25 13:00:00,31.35
2019-05-25 14:00:00,32.08
2019-05-25 15:00:00,34.19
2019-05-25 16:00:00,37.48
2019-05-25 17:00:00,41.12
2019-05-25 18:00:00,44.47
2019-05-25 19:00:00,44.71
2019-05-25 20:00:00,44.47
2019-05-25 21:00:00,40.58
2019-05-25 22:00:00,36.4
2019-05-25 23:00:00,33.04
2019-05-26 00:00:00,28.02
2019-05-26 01:00:00,13.53
2019-05-26 02:00:00,22.23
2019-05-26 03:00:00,13.38
2019-05-26 04:00:00,14.63
2019-05-26 05:00:00,18.65
2019-05-26 06:00:00,24.58
2019-05-26 07:00:00,20.87
2019-05-26 08:00:00,18.69
2019-05-26 09:00:00,21.79
2019-05-26 10:00:00,18.38
2019-05-26 11:00:00,3.68
2019-05-26 12:00:00,-7.3
2019-05-26 13:00:00,-3.93
2019-05-26 14:00:00,4.67
2019-05-26 15:00:00,18.65
2019-05-26 16:00:00,33.01
2019-05-26 17:00:00,36.63
2019-05-26 18:00:00,37.16
2019-05-26 19:00:00,36.59
2019-05-26 20:00:00,36.37
2019-05-26 21:00:00,32.45
2019-05-26 22:00:00,21.94
2019-05-26 23:00:00,16.09
2019-05-27 00:00:00,15.25
2019-05-27 01:00:00,14.09
2019-05-27 02:00:00,19.65
2019-05-27 03:00:00,28.76
2019-05-27 04:00:00,28.12
2019-05-27 05:00:00,43.75
2019-05-27 06:00:00,43.35
2019-05-27 07:00:00,42.37
2019-05-27 08:00:00,39.74
2019-05-27 09:00:00,39.27
2019-05-27 10:00:00,38.03
2019-05-27 11:00:00,38.0
2019-05-27 12:00:00,36.43
2019-05-27 13:00:00,35.89
2019-05-27 14:00:00,35.46
2019-05-27 15:00:00,27.13
2019-05-27 16:00:00,32.78
2019-05-27 17:00:00,33.98
2019-05-27 18:00:00,29.13
2019-05-27 19:00:00,28.37
2019-05-27 20:00:00,37.72
2019-05-27 21:00:00,38.64
2019-05-27 22:00:00,34.07
2019-05-27 23:00:00,30.62
2019-05-28 00:00:00,29.5
2019-05-28 01:00:00,29.94
2019-05-28 02:00:00,24.17
2019-05-28 03:00:00,27.73
2019-05-28 04:00:00,27.21
2019-05-28 05:00:00,34.36
2019-05-28 06:00:00,36.86
2019-05-28 07:00:00,41.33
2019-05-28 08:00:00,42.9
2019-05-28 09:00:00,45.68
2019-05-28 10:00:00,44.95
2019-05-28 11:00:00,39.08
2019-05-28 12:00:00,34.79
2019-05-28 13:00:00,33.05
2019-05-28 14:00:00,30.25
2019-05-28 15:00:00,31.58
2019-05-28 16:00:00,33.58
2019-05-28 17:00:00,41.91
2019-05-28 18:00:00,31.29
2019-05-28 19:00:00,30.79
2019-05-28 20:00:00,38.77
2019-05-28 21:00:00,34.07
2019-05-28 22:00:00,34.4
2019-05-28 23:00:00,33.07
2019-05-29 00:00:00,30.57
2019-05-29 01:00:00,28.4
2019-05-29 02:00:00,23.53
2019-05-29 03:00:00,30.63
2019-05-29 04:00:00,34.73
2019-05-29 05:00:00,42.4
2019-05-29 06:00:00,46.45
2019-05-29 07:00:00,45.81
2019-05-29 08:00:00,38.92
2019-05-29 09:00:00,38.39
2019-05-29 10:00:00,40.89
2019-05-29 11:00:00,39.9
2019-05-29 12:00:00,39.92
2019-05-29 13:00:00,38.29
2019-05-29 14:00:00,33.35
2019-05-29 15:00:00,41.01
2019-05-29 16:00:00,40.89
2019-05-29 17:00:00,45.33
2019-05-29 18:00:00,38.95
2019-05-29 19:00:00,38.65
2019-05-29 20:00:00,40.77
2019-05-29 21:00:00,34.55
2019-05-29 22:00:00,32.1
2019-05-29 23:00:00,28.6
2019-05-30 00:00:00,24.54
2019-05-30 01:00:00,14.7
2019-05-30 02:00:00,8.6
2019-05-30 03:00:00,8.25
2019-05-30 04:00:00,8.4
2019-05-30 05:00:00,12.04
2019-05-30 06:00:00,13.58
2019-05-30 07:00:00,10.78
2019-05-30 08:00:00,9.16
2019-05-30 09:00:00,10.95
2019-05-30 10:00:00,13.92
2019-05-30 11:00:00,10.06
2019-05-30 12:00:00,7.43
2019-05-30 13:00:00,7.03
2019-05-30 14:00:00,10.79
2019-05-30 15:00:00,22.46
2019-05-30 16:00:00,27.23
2019-05-30 17:00:00,34.24
2019-05-30 18:00:00,35.04
2019-05-30 19:00:00,35.98
2019-05-30 20:00:00,40.34
2019-05-30 21:00:00,36.69
2019-05-30 22:00:00,32.02
2019-05-30 23:00:00,29.49
2019-05-31 00:00:00,27.33
2019-05-31 01:00:00,26.28
2019-05-31 02:00:00,27.22
2019-05-31 03:00:00,29.07
2019-05-31 04:00:00,35.0
2019-05-31 05:00:00,41.05
2019-05-31 06:00:00,41.49
2019-05-31 07:00:00,39.78
2019-05-31 08:00:00,37.0
2019-05-31 09:00:00,35.63
2019-05-31 10:00:00,34.17
2019-05-31 11:00:00,30.51
2019-05-31 12:00:00,30.0
2019-05-31 13:00:00,29.14
2019-05-31 14:00:00,27.29
2019-05-31 15:00:00,28.45
2019-05-31 16:00:00,34.76
2019-05-31 17:00:00,38.14
2019-05-31 18:00:00,35.06
2019-05-31 19:00:00,38.79
2019-05-31 20:00:00,43.98
2019-05-31 21:00:00,40.0
2019-05-31 22:00:00,33.63
2019-05-31 23:00:00,31.03
2019-06-01 00:00:00,28.23
2019-06-01 01:00:00,21.63
2019-06-01 02:00:00,19.13
2019-06-01 03:00:00,21.09
2019-06-01 04:00:00,21.34
2019-06-01 05:00:00,26.79
2019-06-01 06:00:00,30.14
2019-06-01 07:00:00,29.95
2019-06-01 08:00:00,27.99
2019-06-01 09:00:00,26.93
2019-06-01 10:00:00,27.89
2019-06-01 11:00:00,24.06
2019-06-01 12:00:00,20.85
2019-06-01 13:00:00,25.77
2019-06-01 14:00:00,27.57
2019-06-01 15:00:00,29.09
2019-06-01 16:00:00,33.37
2019-06-01 17:00:00,40.15
2019-06-01 18:00:00,34.08
2019-06-01 19:00:00,34.38
2019-06-01 20:00:00,40.36
2019-06-01 21:00:00,37.6
2019-06-01 22:00:00,27.03
2019-06-01 23:00:00,28.55
2019-06-02 00:00:00,27.5
2019-06-02 01:00:00,18.08
2019-06-02 02:00:00,12.95
2019-06-02 03:00:00,10.39
2019-06-02 04:00:00,6.42
2019-06-02 05:00:00,11.73
2019-06-02 06:00:00,13.74
2019-06-02 07:00:00,13.86
2019-06-02 08:00:00,11.76
2019-06-02 09:00:00,11.9
2019-06-02 10:00:00,8.91
2019-06-02 11:00:00,3.5
2019-06-02 12:00:00,-9.02
2019-06-02 13:00:00,-0.48
2019-06-02 14:00:00,3.5
2019-06-02 15:00:00,18.79
2019-06-02 16:00:00,25.82
2019-06-02 17:00:00,37.41
2019-06-02 18:00:00,38.13
2019-06-02 19:00:00,37.14
2019-06-02 20:00:00,37.12
2019-06-02 21:00:00,29.85
2019-06-02 22:00:00,26.61
2019-06-02 23:00:00,23.34
2019-06-03 00:00:00,20.78
2019-06-03 01:00:00,17.71
2019-06-03 02:00:00,14.51
2019-06-03 03:00:00,21.16
2019-06-03 04:00:00,22.24
2019-06-03 05:00:00,41.46
2019-06-03 06:00:00,45.02
2019-06-03 07:00:00,41.81
2019-06-03 08:00:00,39.36
2019-06-03 09:00:00,37.71
2019-06-03 10:00:00,36.25
2019-06-03 11:00:00,35.46
2019-06-03 12:00:00,35.23
2019-06-03 13:00:00,35.68
2019-06-03 14:00:00,35.69
2019-06-03 15:00:00,38.13
2019-06-03 16:00:00,45.42
2019-06-03 17:00:00,50.5
2019-06-03 18:00:00,48.91
2019-06-03 19:00:00,44.94
2019-06-03 20:00:00,45.96
2019-06-03 21:00:00,41.4
2019-06-03 22:00:00,34.74
2019-06-03 23:00:00,32.99
2019-06-04 00:00:00,31.86
2019-06-04 01:00:00,28.28
2019-06-04 02:00:00,24.49
2019-06-04 03:00:00,25.14
2019-06-04 04:00:00,30.74
2019-06-04 05:00:00,37.98
2019-06-04 06:00:00,47.69
2019-06-04 07:00:00,46.93
2019-06-04 08:00:00,42.24
2019-06-04 09:00:00,41.0
2019-06-04 10:00:00,37.56
2019-06-04 11:00:00,36.5
2019-06-04 12:00:00,35.19
2019-06-04 13:00:00,34.47
2019-06-04 14:00:00,36.65
2019-06-04 15:00:00,30.03
2019-06-04 16:00:00,39.39
2019-06-04 17:00:00,43.05
2019-06-04 18:00:00,37.28
2019-06-04 19:00:00,38.28
2019-06-04 20:00:00,33.83
2019-06-04 21:00:00,28.01
2019-06-04 22:00:00,27.48
2019-06-04 23:00:00,26.06
2019-06-05 00:00:00,24.55
2019-06-05 01:00:00,24.54
2019-06-05 02:00:00,25.31
2019-06-05 03:00:00,24.6
2019-06-05 04:00:00,27.46
2019-06-05 05:00:00,37.14
2019-06-05 06:00:00,44.99
2019-06-05 07:00:00,43.97
2019-06-05 08:00:00,41.38
2019-06-05 09:00:00,40.46
2019-06-05 10:00:00,38.85
2019-06-05 11:00:00,36.32
2019-06-05 12:00:00,36.19
2019-06-05 13:00:00,38.01
2019-06-05 14:00:00,39.0
2019-06-05 15:00:00,41.37
2019-06-05 16:00:00,43.92
2019-06-05 17:00:00,44.07
2019-06-05 18:00:00,33.88
2019-06-05 19:00:00,31.08
2019-06-05 20:00:00,39.99
2019-06-05 21:00:00,32.09
2019-06-05 22:00:00,28.5
2019-06-05 23:00:00,26.5
2019-06-06 00:00:00,24.64
2019-06-06 01:00:00,24.03
2019-06-06 02:00:00,24.06
2019-06-06 03:00:00,27.54
2019-06-06 04:00:00,32.16
2019-06-06 05:00:00,40.73
2019-06-06 06:00:00,42.91
2019-06-06 07:00:00,39.93
2019-06-06 08:00:00,34.11
2019-06-06 09:00:00,33.62
2019-06-06 10:00:00,32.31
2019-06-06 11:00:00,32.0
2019-06-06 12:00:00,32.0
2019-06-06 13:00:00,32.53
2019-06-06 14:00:00,33.58
2019-06-06 15:00:00,35.76
2019-06-06 16:00:00,35.98
2019-06-06 17:00:00,39.07
2019-06-06 18:00:00,39.17
2019-06-06 19:00:00,34.34
2019-06-06 20:00:00,41.81
2019-06-06 21:00:00,37.54
2019-06-06 22:00:00,35.77
2019-06-06 23:00:00,23.06
2019-06-07 00:00:00,21.72
2019-06-07 01:00:00,10.41
2019-06-07 02:00:00,6.85
2019-06-07 03:00:00,9.41
2019-06-07 04:00:00,14.79
2019-06-07 05:00:00,31.12
2019-06-07 06:00:00,43.55
2019-06-07 07:00:00,41.99
2019-06-07 08:00:00,37.21
2019-06-07 09:00:00,33.39
2019-06-07 10:00:00,30.09
2019-06-07 11:00:00,27.7
2019-06-07 12:00:00,27.07
2019-06-07 13:00:00,27.21
2019-06-07 14:00:00,23.26
2019-06-07 15:00:00,31.27
2019-06-07 16:00:00,27.54
2019-06-07 17:00:00,32.17
2019-06-07 18:00:00,22.63
2019-06-07 19:00:00,20.22
2019-06-07 20:00:00,30.04
2019-06-07 21:00:00,26.25
2019-06-07 22:00:00,3.25
2019-06-07 23:00:00,0.9
2019-06-08 00:00:00,2.71
2019-06-08 01:00:00,-17.67
2019-06-08 02:00:00,-24.92
2019-06-08 03:00:00,-20.54
2019-06-08 04:00:00,-6.65
2019-06-08 05:00:00,2.64
2019-06-08 06:00:00,5.3
2019-06-08 07:00:00,5.27
2019-06-08 08:00:00,5.34
2019-06-08 09:00:00,6.62
2019-06-08 10:00:00,11.34
2019-06-08 11:00:00,6.08
2019-06-08 12:00:00,0.03
2019-06-08 13:00:00,0.0
2019-06-08 14:00:00,3.43
2019-06-08 15:00:00,6.86
2019-06-08 16:00:00,10.57
2019-06-08 17:00:00,12.92
2019-06-08 18:00:00,11.8
2019-06-08 19:00:00,12.39
2019-06-08 20:00:00,21.94
2019-06-08 21:00:00,28.72
2019-06-08 22:00:00,26.15
2019-06-08 23:00:00,18.7
2019-06-09 00:00:00,17.13
2019-06-09 01:00:00,15.11
2019-06-09 02:00:00,14.68
2019-06-09 03:00:00,13.87
2019-06-09 04:00:00,15.73
2019-06-09 05:00:00,15.93
2019-06-09 06:00:00,18.0
2019-06-09 07:00:00,14.88
2019-06-09 08:00:00,10.8
2019-06-09 09:00:00,15.73
2019-06-09 10:00:00,18.33
2019-06-09 11:00:00,15.81
2019-06-09 12:00:00,15.73
2019-06-09 13:00:00,17.94
2019-06-09 14:00:00,18.39
2019-06-09 15:00:00,20.68
2019-06-09 16:00:00,29.74
2019-06-09 17:00:00,32.12
2019-06-09 18:00:00,25.53
2019-06-09 19:00:00,19.86
2019-06-09 20:00:00,34.38
2019-06-09 21:00:00,35.6
2019-06-09 22:00:00,33.32
2019-06-09 23:00:00,28.84
2019-06-10 00:00:00,27.78
2019-06-10 01:00:00,27.0
2019-06-10 02:00:00,27.01
2019-06-10 03:00:00,25.83
2019-06-10 04:00:00,26.84
2019-06-10 05:00:00,30.03
2019-06-10 06:00:00,33.54
2019-06-10 07:00:00,30.92
2019-06-10 08:00:00,30.06
2019-06-10 09:00:00,29.55
2019-06-10 10:00:00,28.69
2019-06-10 11:00:00,27.32
2019-06-10 12:00:00,27.3
2019-06-10 13:00:00,27.45
2019-06-10 14:00:00,28.08
2019-06-10 15:00:00,31.19
2019-06-10 16:00:00,34.98
2019-06-10 17:00:00,40.0
2019-06-10 18:00:00,39.74
2019-06-10 19:00:00,39.7
2019-06-10 20:00:00,40.0
2019-06-10 21:00:00,35.06
2019-06-10 22:00:00,33.0
2019-06-10 23:00:00,29.21
2019-06-11 00:00:00,28.28
2019-06-11 01:00:00,26.87
2019-06-11 02:00:00,24.6
2019-06-11 03:00:00,29.13
2019-06-11 04:00:00,30.07
2019-06-11 05:00:00,44.0
2019-06-11 06:00:00,48.41
2019-06-11 07:00:00,48.99
2019-06-11 08:00:00,47.42
2019-06-11 09:00:00,46.99
2019-06-11 10:00:00,47.38
2019-06-11 11:00:00,45.72
2019-06-11 12:00:00,44.09
2019-06-11 13:00:00,43.19
2019-06-11 14:00:00,42.29
2019-06-11 15:00:00,42.81
2019-06-11 16:00:00,44.5
2019-06-11 17:00:00,44.98
2019-06-11 18:00:00,45.72
2019-06-11 19:00:00,43.32
2019-06-11 20:00:00,46.1
2019-06-11 21:00:00,40.93
2019-06-11 22:00:00,37.69
2019-06-11 23:00:00,35.65
2019-06-12 00:00:00,33.43
2019-06-12 01:00:00,27.58
2019-06-12 02:00:00,29.58
2019-06-12 03:00:00,30.67
2019-06-12 04:00:00,32.83
2019-06-12 05:00:00,44.46
2019-06-12 06:00:00,51.22
2019-06-12 07:00:00,51.0
2019-06-12 08:00:00,50.54
2019-06-12 09:00:00,50.54
2019-06-12 10:00:00,45.98
2019-06-12 11:00:00,42.91
2019-06-12 12:00:00,39.05
2019-06-12 13:00:00,34.09
2019-06-12 14:00:00,27.72
2019-06-12 15:00:00,32.05
2019-06-12 16:00:00,39.0
2019-06-12 17:00:00,46.0
2019-06-12 18:00:00,39.19
2019-06-12 19:00:00,42.92
2019-06-12 20:00:00,44.64
2019-06-12 21:00:00,38.7
2019-06-12 22:00:00,29.78
2019-06-12 23:00:00,28.34
2019-06-13 00:00:00,26.66
2019-06-13 01:00:00,17.2
2019-06-13 02:00:00,17.72
2019-06-13 03:00:00,20.39
2019-06-13 04:00:00,27.83
2019-06-13 05:00:00,42.74
2019-06-13 06:00:00,44.49
2019-06-13 07:00:00,36.42
2019-06-13 08:00:00,32.9
2019-06-13 09:00:00,30.09
2019-06-13 10:00:00,28.23
2019-06-13 11:00:00,28.53
2019-06-13 12:00:00,28.79
2019-06-13 13:00:00,29.9
2019-06-13 14:00:00,31.09
2019-06-13 15:00:00,33.68
2019-06-13 16:00:00,37.14
2019-06-13 17:00:00,43.79
2019-06-13 18:00:00,36.38
2019-06-13 19:00:00,37.96
2019-06-13 20:00:00,47.56
2019-06-13 21:00:00,41.03
2019-06-13 22:00:00,33.44
2019-06-13 23:00:00,29.78
2019-06-14 00:00:00,28.05
2019-06-14 01:00:00,23.65
2019-06-14 02:00:00,17.6
2019-06-14 03:00:00,25.66
2019-06-14 04:00:00,28.5
2019-06-14 05:00:00,35.44
2019-06-14 06:00:00,43.06
2019-06-14 07:00:00,49.04
2019-06-14 08:00:00,42.91
2019-06-14 09:00:00,41.01
2019-06-14 10:00:00,34.9
2019-06-14 11:00:00,33.02
2019-06-14 12:00:00,33.28
2019-06-14 13:00:00,34.06
2019-06-14 14:00:00,36.34
2019-06-14 15:00:00,31.63
2019-06-14 16:00:00,35.68
2019-06-14 17:00:00,40.13
2019-06-14 18:00:00,39.01
2019-06-14 19:00:00,31.72
2019-06-14 20:00:00,42.19
2019-06-14 21:00:00,37.94
2019-06-14 22:00:00,33.29
2019-06-14 23:00:00,31.47
2019-06-15 00:00:00,29.92
2019-06-15 01:00:00,27.35
2019-06-15 02:00:00,25.08
2019-06-15 03:00:00,25.11
2019-06-15 04:00:00,26.68
2019-06-15 05:00:00,29.99
2019-06-15 06:00:00,33.0
2019-06-15 07:00:00,33.94
2019-06-15 08:00:00,32.2
2019-06-15 09:00:00,31.23
2019-06-15 10:00:00,28.35
2019-06-15 11:00:00,24.93
2019-06-15 12:00:00,23.54
2019-06-15 13:00:00,23.64
2019-06-15 14:00:00,24.92
2019-06-15 15:00:00,22.74
2019-06-15 16:00:00,27.75
2019-06-15 17:00:00,25.38
2019-06-15 18:00:00,19.84
2019-06-15 19:00:00,19.31
2019-06-15 20:00:00,32.94
2019-06-15 21:00:00,34.31
2019-06-15 22:00:00,30.17
2019-06-15 23:00:00,25.85
2019-06-16 00:00:00,18.0
2019-06-16 01:00:00,20.85
2019-06-16 02:00:00,19.38
2019-06-16 03:00:00,16.55
2019-06-16 04:00:00,14.06
2019-06-16 05:00:00,14.72
2019-06-16 06:00:00,18.42
2019-06-16 07:00:00,22.15
2019-06-16 08:00:00,25.93
2019-06-16 09:00:00,27.98
2019-06-16 10:00:00,27.17
2019-06-16 11:00:00,23.92
2019-06-16 12:00:00,15.01
2019-06-16 13:00:00,16.0
2019-06-16 14:00:00,14.56
2019-06-16 15:00:00,20.89
2019-06-16 16:00:00,25.09
2019-06-16 17:00:00,29.58
2019-06-16 18:00:00,31.95
2019-06-16 19:00:00,30.32
2019-06-16 20:00:00,41.02
2019-06-16 21:00:00,40.91
2019-06-16 22:00:00,33.06
2019-06-16 23:00:00,30.28
2019-06-17 00:00:00,19.93
2019-06-17 01:00:00,18.01
2019-06-17 02:00:00,18.23
2019-06-17 03:00:00,25.62
2019-06-17 04:00:00,24.56
2019-06-17 05:00:00,36.29
2019-06-17 06:00:00,35.82
2019-06-17 07:00:00,39.19
2019-06-17 08:00:00,34.64
2019-06-17 09:00:00,33.7
2019-06-17 10:00:00,33.99
2019-06-17 11:00:00,35.16
2019-06-17 12:00:00,34.76
2019-06-17 13:00:00,35.5
2019-06-17 14:00:00,36.2
2019-06-17 15:00:00,38.86
2019-06-17 16:00:00,41.06
2019-06-17 17:00:00,42.44
2019-06-17 18:00:00,39.97
2019-06-17 19:00:00,34.24
2019-06-17 20:00:00,41.09
2019-06-17 21:00:00,39.1
2019-06-17 22:00:00,32.97
2019-06-17 23:00:00,32.85
2019-06-18 00:00:00,28.54
2019-06-18 01:00:00,15.83
2019-06-18 02:00:00,15.64
2019-06-18 03:00:00,20.07
2019-06-18 04:00:00,30.9
2019-06-18 05:00:00,31.83
2019-06-18 06:00:00,41.05
2019-06-18 07:00:00,41.61
2019-06-18 08:00:00,39.92
2019-06-18 09:00:00,38.9
2019-06-18 10:00:00,37.12
2019-06-18 11:00:00,36.1
2019-06-18 12:00:00,36.06
2019-06-18 13:00:00,33.2
2019-06-18 14:00:00,34.65
2019-06-18 15:00:00,39.51
2019-06-18 16:00:00,41.06
2019-06-18 17:00:00,42.05
2019-06-18 18:00:00,37.46
2019-06-18 19:00:00,31.0
2019-06-18 20:00:00,35.08
2019-06-18 21:00:00,37.08
2019-06-18 22:00:00,34.12
2019-06-18 23:00:00,24.91
2019-06-19 00:00:00,22.97
2019-06-19 01:00:00,21.99
2019-06-19 02:00:00,17.31
2019-06-19 03:00:00,19.27
2019-06-19 04:00:00,21.59
2019-06-19 05:00:00,37.89
2019-06-19 06:00:00,39.41
2019-06-19 07:00:00,39.72
2019-06-19 08:00:00,42.98
2019-06-19 09:00:00,40.81
2019-06-19 10:00:00,37.01
2019-06-19 11:00:00,36.93
2019-06-19 12:00:00,36.29
2019-06-19 13:00:00,36.09
2019-06-19 14:00:00,34.91
2019-06-19 15:00:00,30.32
2019-06-19 16:00:00,38.63
2019-06-19 17:00:00,39.47
2019-06-19 18:00:00,33.93
2019-06-19 19:00:00,36.63
2019-06-19 20:00:00,40.08
2019-06-19 21:00:00,34.99
2019-06-19 22:00:00,30.8
2019-06-19 23:00:00,29.5
2019-06-20 00:00:00,29.55
2019-06-20 01:00:00,27.07
2019-06-20 02:00:00,21.04
2019-06-20 03:00:00,27.73
2019-06-20 04:00:00,29.42
2019-06-20 05:00:00,36.09
2019-06-20 06:00:00,40.39
2019-06-20 07:00:00,39.35
2019-06-20 08:00:00,38.95
2019-06-20 09:00:00,37.81
2019-06-20 10:00:00,36.08
2019-06-20 11:00:00,34.09
2019-06-20 12:00:00,33.17
2019-06-20 13:00:00,33.93
2019-06-20 14:00:00,33.54
2019-06-20 15:00:00,36.71
2019-06-20 16:00:00,39.62
2019-06-20 17:00:00,40.48
2019-06-20 18:00:00,38.57
2019-06-20 19:00:00,34.05
2019-06-20 20:00:00,44.71
2019-06-20 21:00:00,39.28
2019-06-20 22:00:00,34.3
2019-06-20 23:00:00,30.47
2019-06-21 00:00:00,27.21
2019-06-21 01:00:00,19.76
2019-06-21 02:00:00,17.91
2019-06-21 03:00:00,24.39
2019-06-21 04:00:00,26.61
2019-06-21 05:00:00,31.98
2019-06-21 06:00:00,47.09
2019-06-21 07:00:00,44.41
2019-06-21 08:00:00,43.93
2019-06-21 09:00:00,41.04
2019-06-21 10:00:00,36.21
2019-06-21 11:00:00,33.53
2019-06-21 12:00:00,32.41
2019-06-21 13:00:00,32.26
2019-06-21 14:00:00,32.22
2019-06-21 15:00:00,34.98
2019-06-21 16:00:00,40.79
2019-06-21 17:00:00,42.36
2019-06-21 18:00:00,35.48
2019-06-21 19:00:00,29.57
2019-06-21 20:00:00,37.46
2019-06-21 21:00:00,36.95
2019-06-21 22:00:00,28.65
2019-06-21 23:00:00,20.37
2019-06-22 00:00:00,16.56
2019-06-22 01:00:00,16.35
2019-06-22 02:00:00,12.62
2019-06-22 03:00:00,17.63
2019-06-22 04:00:00,17.37
2019-06-22 05:00:00,26.94
2019-06-22 06:00:00,24.34
2019-06-22 07:00:00,28.67
2019-06-22 08:00:00,27.35
2019-06-22 09:00:00,24.76
2019-06-22 10:00:00,29.97
2019-06-22 11:00:00,28.55
2019-06-22 12:00:00,22.73
2019-06-22 13:00:00,17.74
2019-06-22 14:00:00,15.8
2019-06-22 15:00:00,17.91
2019-06-22 16:00:00,27.21
2019-06-22 17:00:00,34.8
2019-06-22 18:00:00,32.54
2019-06-22 19:00:00,30.85
2019-06-22 20:00:00,34.03
2019-06-22 21:00:00,29.58
2019-06-22 22:00:00,28.1
2019-06-22 23:00:00,23.48
2019-06-23 00:00:00,14.44
2019-06-23 01:00:00,6.54
2019-06-23 02:00:00,4.38
2019-06-23 03:00:00,-0.1
2019-06-23 04:00:00,-0.91
2019-06-23 05:00:00,5.07
2019-06-23 06:00:00,9.83
2019-06-23 07:00:00,9.21
2019-06-23 08:00:00,7.19
2019-06-23 09:00:00,8.23
2019-06-23 10:00:00,11.75
2019-06-23 11:00:00,5.03
2019-06-23 12:00:00,0.01
2019-06-23 13:00:00,-0.92
2019-06-23 14:00:00,0.04
2019-06-23 15:00:00,10.03
2019-06-23 16:00:00,16.99
2019-06-23 17:00:00,23.98
2019-06-23 18:00:00,19.1
2019-06-23 19:00:00,23.21
2019-06-23 20:00:00,34.19
2019-06-23 21:00:00,29.48
2019-06-23 22:00:00,26.97
2019-06-23 23:00:00,25.68
2019-06-24 00:00:00,24.0
2019-06-24 01:00:00,16.83
2019-06-24 02:00:00,16.5
2019-06-24 03:00:00,20.66
2019-06-24 04:00:00,26.51
2019-06-24 05:00:00,30.73
2019-06-24 06:00:00,32.96
2019-06-24 07:00:00,36.24
2019-06-24 08:00:00,32.67
2019-06-24 09:00:00,32.74
2019-06-24 10:00:00,31.6
2019-06-24 11:00:00,30.9
2019-06-24 12:00:00,30.7
2019-06-24 13:00:00,31.58
2019-06-24 14:00:00,32.53
2019-06-24 15:00:00,35.95
2019-06-24 16:00:00,38.45
2019-06-24 17:00:00,39.45
2019-06-24 18:00:00,30.97
2019-06-24 19:00:00,25.49
2019-06-24 20:00:00,34.3
2019-06-24 21:00:00,29.0
2019-06-24 22:00:00,23.01
2019-06-24 23:00:00,25.6
2019-06-25 00:00:00,24.48
2019-06-25 01:00:00,15.63
2019-06-25 02:00:00,15.09
2019-06-25 03:00:00,23.94
2019-06-25 04:00:00,23.52
2019-06-25 05:00:00,38.31
2019-06-25 06:00:00,43.36
2019-06-25 07:00:00,40.96
2019-06-25 08:00:00,37.77
2019-06-25 09:00:00,36.45
2019-06-25 10:00:00,34.95
2019-06-25 11:00:00,34.06
2019-06-25 12:00:00,34.16
2019-06-25 13:00:00,34.91
2019-06-25 14:00:00,36.93
2019-06-25 15:00:00,37.01
2019-06-25 16:00:00,40.92
2019-06-25 17:00:00,44.91
2019-06-25 18:00:00,38.2
2019-06-25 19:00:00,37.5
2019-06-25 20:00:00,45.83
2019-06-25 21:00:00,37.4
2019-06-25 22:00:00,31.18
2019-06-25 23:00:00,32.25
2019-06-26 00:00:00,24.43
2019-06-26 01:00:00,17.26
2019-06-26 02:00:00,14.29
2019-06-26 03:00:00,19.59
2019-06-26 04:00:00,28.65
2019-06-26 05:00:00,28.87
2019-06-26 06:00:00,35.98
2019-06-26 07:00:00,37.13
2019-06-26 08:00:00,37.14
2019-06-26 09:00:00,36.7
2019-06-26 10:00:00,35.08
2019-06-26 11:00:00,33.09
2019-06-26 12:00:00,31.88
2019-06-26 13:00:00,30.89
2019-06-26 14:00:00,31.47
2019-06-26 15:00:00,28.79
2019-06-26 16:00:00,32.16
2019-06-26 17:00:00,32.7
2019-06-26 18:00:00,28.66
2019-06-26 19:00:00,21.79
2019-06-26 20:00:00,30.15
2019-06-26 21:00:00,23.75
2019-06-26 22:00:00,28.0
2019-06-26 23:00:00,22.59
2019-06-27 00:00:00,19.82
2019-06-27 01:00:00,17.23
2019-06-27 02:00:00,14.64
2019-06-27 03:00:00,22.81
2019-06-27 04:00:00,23.23
2019-06-27 05:00:00,35.03
2019-06-27 06:00:00,42.1
2019-06-27 07:00:00,36.5
2019-06-27 08:00:00,34.56
2019-06-27 09:00:00,34.47
2019-06-27 10:00:00,31.97
2019-06-27 11:00:00,31.5
2019-06-27 12:00:00,30.91
2019-06-27 13:00:00,31.31
2019-06-27 14:00:00,31.94
2019-06-27 15:00:00,35.98
2019-06-27 16:00:00,41.9
2019-06-27 17:00:00,44.43
2019-06-27 18:00:00,38.53
2019-06-27 19:00:00,28.01
2019-06-27 20:00:00,39.39
2019-06-27 21:00:00,33.06
2019-06-27 22:00:00,27.43
2019-06-27 23:00:00,23.58
2019-06-28 00:00:00,23.18
2019-06-28 01:00:00,16.85
2019-06-28 02:00:00,18.56
2019-06-28 03:00:00,23.94
2019-06-28 04:00:00,28.21
2019-06-28 05:00:00,37.3
2019-06-28 06:00:00,41.92
2019-06-28 07:00:00,43.06
2019-06-28 08:00:00,43.99
2019-06-28 09:00:00,39.53
2019-06-28 10:00:00,36.75
2019-06-28 11:00:00,34.33
2019-06-28 12:00:00,33.89
2019-06-28 13:00:00,33.91
2019-06-28 14:00:00,34.4
2019-06-28 15:00:00,39.04
2019-06-28 16:00:00,44.22
2019-06-28 17:00:00,43.53
2019-06-28 18:00:00,42.28
2019-06-28 19:00:00,42.97
2019-06-28 20:00:00,48.54
2019-06-28 21:00:00,39.05
2019-06-28 22:00:00,35.24
2019-06-28 23:00:00,30.12
2019-06-29 00:00:00,22.7
2019-06-29 01:00:00,26.76
2019-06-29 02:00:00,23.19
2019-06-29 03:00:00,23.52
2019-06-29 04:00:00,22.51
2019-06-29 05:00:00,27.07
2019-06-29 06:00:00,26.63
2019-06-29 07:00:00,30.15
2019-06-29 08:00:00,28.07
2019-06-29 09:00:00,28.01
2019-06-29 10:00:00,28.01
2019-06-29 11:00:00,25.82
2019-06-29 12:00:00,25.06
2019-06-29 13:00:00,25.19
2019-06-29 14:00:00,26.39
2019-06-29 15:00:00,30.18
2019-06-29 16:00:00,35.17
2019-06-29 17:00:00,36.03
2019-06-29 18:00:00,33.96
2019-06-29 19:00:00,34.63
2019-06-29 20:00:00,40.35
2019-06-29 21:00:00,35.61
2019-06-29 22:00:00,30.41
2019-06-29 23:00:00,26.9
2019-06-30 00:00:00,17.3
2019-06-30 01:00:00,11.46
2019-06-30 02:00:00,11.64
2019-06-30 03:00:00,10.16
2019-06-30 04:00:00,10.12
2019-06-30 05:00:00,12.58
2019-06-30 06:00:00,19.65
2019-06-30 07:00:00,17.24
2019-06-30 08:00:00,12.86
2019-06-30 09:00:00,11.18
2019-06-30 10:00:00,6.36
2019-06-30 11:00:00,8.18
2019-06-30 12:00:00,0.96
2019-06-30 13:00:00,-5.12
2019-06-30 14:00:00,4.36
2019-06-30 15:00:00,20.05
2019-06-30 16:00:00,28.83
2019-06-30 17:00:00,36.63
2019-06-30 18:00:00,37.94
2019-06-30 19:00:00,37.07
2019-06-30 20:00:00,43.19
2019-06-30 21:00:00,36.72
2019-06-30 22:00:00,28.98
2019-06-30 23:00:00,26.23
2019-07-01 00:00:00,24.26
2019-07-01 01:00:00,21.42
2019-07-01 02:00:00,19.61
2019-07-01 03:00:00,16.27
2019-07-01 04:00:00,23.8
2019-07-01 05:00:00,37.3
2019-07-01 06:00:00,39.66
2019-07-01 07:00:00,41.13
2019-07-01 08:00:00,37.57
2019-07-01 09:00:00,32.85
2019-07-01 10:00:00,29.46
2019-07-01 11:00:00,27.42
2019-07-01 12:00:00,27.29
2019-07-01 13:00:00,27.0
2019-07-01 14:00:00,27.03
2019-07-01 15:00:00,27.68
2019-07-01 16:00:00,31.03
2019-07-01 17:00:00,36.49
2019-07-01 18:00:00,36.32
2019-07-01 19:00:00,34.93
2019-07-01 20:00:00,37.46
2019-07-01 21:00:00,31.97
2019-07-01 22:00:00,28.9
2019-07-01 23:00:00,26.97
2019-07-02 00:00:00,25.48
2019-07-02 01:00:00,24.75
2019-07-02 02:00:00,24.91
2019-07-02 03:00:00,26.99
2019-07-02 04:00:00,31.0
2019-07-02 05:00:00,36.12
2019-07-02 06:00:00,36.1
2019-07-02 07:00:00,37.11
2019-07-02 08:00:00,37.73
2019-07-02 09:00:00,37.85
2019-07-02 10:00:00,37.27
2019-07-02 11:00:00,36.64
2019-07-02 12:00:00,35.27
2019-07-02 13:00:00,31.57
2019-07-02 14:00:00,29.96
2019-07-02 15:00:00,33.05
2019-07-02 16:00:00,38.02
2019-07-02 17:00:00,44.0
2019-07-02 18:00:00,39.21
2019-07-02 19:00:00,37.66
2019-07-02 20:00:00,41.07
2019-07-02 21:00:00,37.05
2019-07-02 22:00:00,30.94
2019-07-02 23:00:00,28.07
2019-07-03 00:00:00,27.6
2019-07-03 01:00:00,23.51
2019-07-03 02:00:00,18.99
2019-07-03 03:00:00,24.25
2019-07-03 04:00:00,29.35
2019-07-03 05:00:00,35.06
2019-07-03 06:00:00,41.93
2019-07-03 07:00:00,37.53
2019-07-03 08:00:00,33.68
2019-07-03 09:00:00,33.4
2019-07-03 10:00:00,31.19
2019-07-03 11:00:00,30.14
2019-07-03 12:00:00,30.1
2019-07-03 13:00:00,29.98
2019-07-03 14:00:00,30.08
2019-07-03 15:00:00,33.0
2019-07-03 16:00:00,36.49
2019-07-03 17:00:00,39.71
2019-07-03 18:00:00,35.8
2019-07-03 19:00:00,31.89
2019-07-03 20:00:00,37.57
2019-07-03 21:00:00,33.41
2019-07-03 22:00:00,29.93
2019-07-03 23:00:00,28.83
2019-07-04 00:00:00,24.89
2019-07-04 01:00:00,20.71
2019-07-04 02:00:00,15.76
2019-07-04 03:00:00,19.99
2019-07-04 04:00:00,27.47
2019-07-04 05:00:00,35.51
2019-07-04 06:00:00,39.72
2019-07-04 07:00:00,34.77
2019-07-04 08:00:00,31.88
2019-07-04 09:00:00,30.89
2019-07-04 10:00:00,29.77
2019-07-04 11:00:00,29.65
2019-07-04 12:00:00,29.53
2019-07-04 13:00:00,29.66
2019-07-04 14:00:00,29.8
2019-07-04 15:00:00,32.98
2019-07-04 16:00:00,36.92
2019-07-04 17:00:00,43.58
2019-07-04 18:00:00,38.23
2019-07-04 19:00:00,36.27
2019-07-04 20:00:00,39.06
2019-07-04 21:00:00,34.9
2019-07-04 22:00:00,29.8
2019-07-04 23:00:00,29.0
2019-07-05 00:00:00,27.8
2019-07-05 01:00:00,27.64
2019-07-05 02:00:00,27.9
2019-07-05 03:00:00,29.08
2019-07-05 04:00:00,34.62
2019-07-05 05:00:00,39.27
2019-07-05 06:00:00,43.27
2019-07-05 07:00:00,43.4
2019-07-05 08:00:00,38.0
2019-07-05 09:00:00,36.6
2019-07-05 10:00:00,33.02
2019-07-05 11:00:00,31.05
2019-07-05 12:00:00,29.68
2019-07-05 13:00:00,29.23
2019-07-05 14:00:00,30.4
2019-07-05 15:00:00,32.97
2019-07-05 16:00:00,35.35
2019-07-05 17:00:00,38.35
2019-07-05 18:00:00,35.91
2019-07-05 19:00:00,32.96
2019-07-05 20:00:00,39.37
2019-07-05 21:00:00,37.34
2019-07-05 22:00:00,37.97
2019-07-05 23:00:00,34.1
2019-07-06 00:00:00,30.99
2019-07-06 01:00:00,25.64
2019-07-06 02:00:00,24.63
2019-07-06 03:00:00,24.45
2019-07-06 04:00:00,25.94
2019-07-06 05:00:00,29.74
2019-07-06 06:00:00,31.05
2019-07-06 07:00:00,31.0
2019-07-06 08:00:00,29.71
2019-07-06 09:00:00,28.6
2019-07-06 10:00:00,27.12
2019-07-06 11:00:00,26.4
2019-07-06 12:00:00,25.52
2019-07-06 13:00:00,26.11
2019-07-06 14:00:00,27.64
2019-07-06 15:00:00,29.06
2019-07-06 16:00:00,30.54
2019-07-06 17:00:00,31.43
2019-07-06 18:00:00,30.57
2019-07-06 19:00:00,30.06
2019-07-06 20:00:00,35.12
2019-07-06 21:00:00,30.79
2019-07-06 22:00:00,31.24
2019-07-06 23:00:00,27.72
2019-07-07 00:00:00,25.67
2019-07-07 01:00:00,24.27
2019-07-07 02:00:00,23.48
2019-07-07 03:00:00,23.6
2019-07-07 04:00:00,21.82
2019-07-07 05:00:00,20.78
2019-07-07 06:00:00,24.11
2019-07-07 07:00:00,25.76
2019-07-07 08:00:00,25.99
2019-07-07 09:00:00,26.83
2019-07-07 10:00:00,26.43
2019-07-07 11:00:00,21.73
2019-07-07 12:00:00,13.47
2019-07-07 13:00:00,11.6
2019-07-07 14:00:00,14.54
2019-07-07 15:00:00,25.62
2019-07-07 16:00:00,29.2
2019-07-07 17:00:00,31.47
2019-07-07 18:00:00,32.02
2019-07-07 19:00:00,33.06
2019-07-07 20:00:00,37.02
2019-07-07 21:00:00,33.02
2019-07-07 22:00:00,34.93
2019-07-07 23:00:00,30.11
2019-07-08 00:00:00,28.39
2019-07-08 01:00:00,23.57
2019-07-08 02:00:00,21.38
2019-07-08 03:00:00,27.69
2019-07-08 04:00:00,31.3
2019-07-08 05:00:00,39.06
2019-07-08 06:00:00,39.99
2019-07-08 07:00:00,38.59
2019-07-08 08:00:00,37.29
2019-07-08 09:00:00,39.94
2019-07-08 10:00:00,38.68
2019-07-08 11:00:00,35.09
2019-07-08 12:00:00,33.48
2019-07-08 13:00:00,33.76
2019-07-08 14:00:00,34.47
2019-07-08 15:00:00,34.92
2019-07-08 16:00:00,38.0
2019-07-08 17:00:00,42.9
2019-07-08 18:00:00,38.35
2019-07-08 19:00:00,37.93
2019-07-08 20:00:00,39.43
2019-07-08 21:00:00,34.63
2019-07-08 22:00:00,31.56
2019-07-08 23:00:00,30.19
2019-07-09 00:00:00,29.81
2019-07-09 01:00:00,26.39
2019-07-09 02:00:00,20.95
2019-07-09 03:00:00,27.02
2019-07-09 04:00:00,31.84
2019-07-09 05:00:00,38.97
2019-07-09 06:00:00,44.06
2019-07-09 07:00:00,41.09
2019-07-09 08:00:00,38.17
2019-07-09 09:00:00,38.04
2019-07-09 10:00:00,37.06
2019-07-09 11:00:00,35.15
2019-07-09 12:00:00,34.75
2019-07-09 13:00:00,34.24
2019-07-09 14:00:00,34.74
2019-07-09 15:00:00,36.71
2019-07-09 16:00:00,40.34
2019-07-09 17:00:00,47.0
2019-07-09 18:00:00,40.19
2019-07-09 19:00:00,36.41
2019-07-09 20:00:00,43.88
2019-07-09 21:00:00,36.66
2019-07-09 22:00:00,35.91
2019-07-09 23:00:00,33.54
2019-07-10 00:00:00,32.98
2019-07-10 01:00:00,30.5
2019-07-10 02:00:00,26.49
2019-07-10 03:00:00,27.98
2019-07-10 04:00:00,37.04
2019-07-10 05:00:00,45.74
2019-07-10 06:00:00,48.8
2019-07-10 07:00:00,43.99
2019-07-10 08:00:00,41.34
2019-07-10 09:00:00,42.13
2019-07-10 10:00:00,39.16
2019-07-10 11:00:00,37.32
2019-07-10 12:00:00,36.99
2019-07-10 13:00:00,37.05
2019-07-10 14:00:00,38.84
2019-07-10 15:00:00,44.08
2019-07-10 16:00:00,48.95
2019-07-10 17:00:00,53.19
2019-07-10 18:00:00,51.09
2019-07-10 19:00:00,47.68
2019-07-10 20:00:00,47.73
2019-07-10 21:00:00,42.65
2019-07-10 22:00:00,36.52
2019-07-10 23:00:00,35.99
2019-07-11 00:00:00,35.12
2019-07-11 01:00:00,29.53
2019-07-11 02:00:00,27.86
2019-07-11 03:00:00,33.38
2019-07-11 04:00:00,39.97
2019-07-11 05:00:00,48.85
2019-07-11 06:00:00,49.02
2019-07-11 07:00:00,52.84
2019-07-11 08:00:00,51.78
2019-07-11 09:00:00,53.99
2019-07-11 10:00:00,51.42
2019-07-11 11:00:00,50.0
2019-07-11 12:00:00,46.65
2019-07-11 13:00:00,45.51
2019-07-11 14:00:00,46.0
2019-07-11 15:00:00,45.38
2019-07-11 16:00:00,47.44
2019-07-11 17:00:00,52.09
2019-07-11 18:00:00,46.71
2019-07-11 19:00:00,44.69
2019-07-11 20:00:00,47.76
2019-07-11 21:00:00,40.17
2019-07-11 22:00:00,38.94
2019-07-11 23:00:00,37.89
2019-07-12 00:00:00,35.0
2019-07-12 01:00:00,30.03
2019-07-12 02:00:00,26.81
2019-07-12 03:00:00,32.18
2019-07-12 04:00:00,35.95
2019-07-12 05:00:00,45.63
2019-07-12 06:00:00,52.77
2019-07-12 07:00:00,53.74
2019-07-12 08:00:00,52.4
2019-07-12 09:00:00,50.97
2019-07-12 10:00:00,44.54
2019-07-12 11:00:00,41.73
2019-07-12 12:00:00,40.73
2019-07-12 13:00:00,38.0
2019-07-12 14:00:00,38.64
2019-07-12 15:00:00,39.73
2019-07-12 16:00:00,40.93
2019-07-12 17:00:00,43.02
2019-07-12 18:00:00,39.49
2019-07-12 19:00:00,37.65
2019-07-12 20:00:00,43.88
2019-07-12 21:00:00,41.42
2019-07-12 22:00:00,41.05
2019-07-12 23:00:00,38.38
2019-07-13 00:00:00,36.87
2019-07-13 01:00:00,34.34
2019-07-13 02:00:00,28.75
2019-07-13 03:00:00,31.84
2019-07-13 04:00:00,34.83
2019-07-13 05:00:00,34.61
2019-07-13 06:00:00,37.17
2019-07-13 07:00:00,39.83
2019-07-13 08:00:00,39.82
2019-07-13 09:00:00,39.0
2019-07-13 10:00:00,37.87
2019-07-13 11:00:00,34.7
2019-07-13 12:00:00,33.94
2019-07-13 13:00:00,33.51
2019-07-13 14:00:00,33.56
2019-07-13 15:00:00,34.71
2019-07-13 16:00:00,36.91
2019-07-13 17:00:00,37.98
2019-07-13 18:00:00,37.79
2019-07-13 19:00:00,37.72
2019-07-13 20:00:00,41.2
2019-07-13 21:00:00,38.17
2019-07-13 22:00:00,35.85
2019-07-13 23:00:00,35.04
2019-07-14 00:00:00,33.77
2019-07-14 01:00:00,32.69
2019-07-14 02:00:00,32.15
2019-07-14 03:00:00,32.14
2019-07-14 04:00:00,26.62
2019-07-14 05:00:00,26.94
2019-07-14 06:00:00,30.67
2019-07-14 07:00:00,34.06
2019-07-14 08:00:00,32.72
2019-07-14 09:00:00,30.2
2019-07-14 10:00:00,36.43
2019-07-14 11:00:00,34.04
2019-07-14 12:00:00,27.7
2019-07-14 13:00:00,32.04
2019-07-14 14:00:00,26.96
2019-07-14 15:00:00,25.58
2019-07-14 16:00:00,33.01
2019-07-14 17:00:00,35.17
2019-07-14 18:00:00,38.29
2019-07-14 19:00:00,37.97
2019-07-14 20:00:00,43.72
2019-07-14 21:00:00,39.11
2019-07-14 22:00:00,37.8
2019-07-14 23:00:00,31.15
2019-07-15 00:00:00,31.61
2019-07-15 01:00:00,25.98
2019-07-15 02:00:00,26.65
2019-07-15 03:00:00,33.08
2019-07-15 04:00:00,33.15
2019-07-15 05:00:00,45.23
2019-07-15 06:00:00,50.06
2019-07-15 07:00:00,47.94
2019-07-15 08:00:00,46.2
2019-07-15 09:00:00,45.3
2019-07-15 10:00:00,44.0
2019-07-15 11:00:00,41.0
2019-07-15 12:00:00,38.69
2019-07-15 13:00:00,38.03
2019-07-15 14:00:00,37.52
2019-07-15 15:00:00,38.02
2019-07-15 16:00:00,42.56
2019-07-15 17:00:00,45.94
2019-07-15 18:00:00,44.08
2019-07-15 19:00:00,43.44
2019-07-15 20:00:00,44.6
2019-07-15 21:00:00,38.37
2019-07-15 22:00:00,37.06
2019-07-15 23:00:00,36.27
2019-07-16 00:00:00,34.93
2019-07-16 01:00:00,33.89
2019-07-16 02:00:00,33.13
2019-07-16 03:00:00,35.11
2019-07-16 04:00:00,39.21
2019-07-16 05:00:00,46.95
2019-07-16 06:00:00,49.14
2019-07-16 07:00:00,47.95
2019-07-16 08:00:00,47.13
2019-07-16 09:00:00,46.92
2019-07-16 10:00:00,42.07
2019-07-16 11:00:00,39.9
2019-07-16 12:00:00,39.46
2019-07-16 13:00:00,39.04
2019-07-16 14:00:00,39.3
2019-07-16 15:00:00,45.38
2019-07-16 16:00:00,48.81
2019-07-16 17:00:00,52.64
2019-07-16 18:00:00,51.96
2019-07-16 19:00:00,49.19
2019-07-16 20:00:00,49.0
2019-07-16 21:00:00,45.19
2019-07-16 22:00:00,40.02
2019-07-16 23:00:00,38.87
2019-07-17 00:00:00,38.12
2019-07-17 01:00:00,37.28
2019-07-17 02:00:00,37.9
2019-07-17 03:00:00,39.1
2019-07-17 04:00:00,44.03
2019-07-17 05:00:00,49.98
2019-07-17 06:00:00,50.98
2019-07-17 07:00:00,50.23
2019-07-17 08:00:00,48.78
2019-07-17 09:00:00,47.7
2019-07-17 10:00:00,45.0
2019-07-17 11:00:00,43.14
2019-07-17 12:00:00,40.52
2019-07-17 13:00:00,40.55
2019-07-17 14:00:00,41.6
2019-07-17 15:00:00,48.0
2019-07-17 16:00:00,52.0
2019-07-17 17:00:00,54.01
2019-07-17 18:00:00,50.8
2019-07-17 19:00:00,50.17
2019-07-17 20:00:00,50.64
2019-07-17 21:00:00,45.9
2019-07-17 22:00:00,40.47
2019-07-17 23:00:00,39.0
2019-07-18 00:00:00,34.47
2019-07-18 01:00:00,31.49
2019-07-18 02:00:00,27.89
2019-07-18 03:00:00,29.96
2019-07-18 04:00:00,36.89
2019-07-18 05:00:00,43.25
2019-07-18 06:00:00,48.96
2019-07-18 07:00:00,47.5
2019-07-18 08:00:00,44.91
2019-07-18 09:00:00,43.49
2019-07-18 10:00:00,40.41
2019-07-18 11:00:00,39.25
2019-07-18 12:00:00,38.99
2019-07-18 13:00:00,39.72
2019-07-18 14:00:00,39.21
2019-07-18 15:00:00,42.86
2019-07-18 16:00:00,47.13
2019-07-18 17:00:00,47.76
2019-07-18 18:00:00,44.6
2019-07-18 19:00:00,43.3
2019-07-18 20:00:00,48.01
2019-07-18 21:00:00,43.73
2019-07-18 22:00:00,37.86
2019-07-18 23:00:00,34.97
2019-07-19 00:00:00,33.82
2019-07-19 01:00:00,29.75
2019-07-19 02:00:00,30.43
2019-07-19 03:00:00,32.64
2019-07-19 04:00:00,41.19
2019-07-19 05:00:00,47.27
2019-07-19 06:00:00,48.95
2019-07-19 07:00:00,49.43
2019-07-19 08:00:00,47.86
2019-07-19 09:00:00,47.03
2019-07-19 10:00:00,44.01
2019-07-19 11:00:00,39.59
2019-07-19 12:00:00,39.4
2019-07-19 13:00:00,39.2
2019-07-19 14:00:00,39.36
2019-07-19 15:00:00,46.21
2019-07-19 16:00:00,48.47
2019-07-19 17:00:00,48.85
2019-07-19 18:00:00,48.9
2019-07-19 19:00:00,46.59
2019-07-19 20:00:00,50.6
2019-07-19 21:00:00,44.92
2019-07-19 22:00:00,41.21
2019-07-19 23:00:00,38.08
2019-07-20 00:00:00,36.81
2019-07-20 01:00:00,29.48
2019-07-20 02:00:00,28.73
2019-07-20 03:00:00,28.14
2019-07-20 04:00:00,28.55
2019-07-20 05:00:00,28.99
2019-07-20 06:00:00,29.76
2019-07-20 07:00:00,36.8
2019-07-20 08:00:00,35.04
2019-07-20 09:00:00,32.81
2019-07-20 10:00:00,31.63
2019-07-20 11:00:00,27.63
2019-07-20 12:00:00,27.84
2019-07-20 13:00:00,28.7
2019-07-20 14:00:00,30.28
2019-07-20 15:00:00,30.19
2019-07-20 16:00:00,34.66
2019-07-20 17:00:00,38.38
2019-07-20 18:00:00,37.53
2019-07-20 19:00:00,37.72
2019-07-20 20:00:00,39.2
2019-07-20 21:00:00,37.29
2019-07-20 22:00:00,34.5
2019-07-20 23:00:00,32.4
2019-07-21 00:00:00,31.98
2019-07-21 01:00:00,30.27
2019-07-21 02:00:00,30.0
2019-07-21 03:00:00,30.03
2019-07-21 04:00:00,29.88
2019-07-21 05:00:00,30.67
2019-07-21 06:00:00,31.02
2019-07-21 07:00:00,31.01
2019-07-21 08:00:00,29.69
2019-07-21 09:00:00,30.24
2019-07-21 10:00:00,32.23
2019-07-21 11:00:00,19.55
2019-07-21 12:00:00,16.98
2019-07-21 13:00:00,20.86
2019-07-21 14:00:00,28.04
2019-07-21 15:00:00,32.02
2019-07-21 16:00:00,35.9
2019-07-21 17:00:00,42.42
2019-07-21 18:00:00,43.6
2019-07-21 19:00:00,44.92
2019-07-21 20:00:00,46.62
2019-07-21 21:00:00,40.0
2019-07-21 22:00:00,37.47
2019-07-21 23:00:00,35.11
2019-07-22 00:00:00,32.14
2019-07-22 01:00:00,26.34
2019-07-22 02:00:00,22.77
2019-07-22 03:00:00,26.25
2019-07-22 04:00:00,33.03
2019-07-22 05:00:00,46.25
2019-07-22 06:00:00,48.0
2019-07-22 07:00:00,46.4
2019-07-22 08:00:00,46.07
2019-07-22 09:00:00,44.88
2019-07-22 10:00:00,44.31
2019-07-22 11:00:00,43.04
2019-07-22 12:00:00,41.52
2019-07-22 13:00:00,41.52
2019-07-22 14:00:00,41.06
2019-07-22 15:00:00,44.98
2019-07-22 16:00:00,48.98
2019-07-22 17:00:00,53.94
2019-07-22 18:00:00,53.34
2019-07-22 19:00:00,50.59
2019-07-22 20:00:00,51.87
2019-07-22 21:00:00,43.36
2019-07-22 22:00:00,38.61
2019-07-22 23:00:00,37.58
2019-07-23 00:00:00,36.98
2019-07-23 01:00:00,36.52
2019-07-23 02:00:00,32.84
2019-07-23 03:00:00,37.7
2019-07-23 04:00:00,45.15
2019-07-23 05:00:00,48.38
2019-07-23 06:00:00,50.98
2019-07-23 07:00:00,49.65
2019-07-23 08:00:00,46.54
2019-07-23 09:00:00,45.57
2019-07-23 10:00:00,43.23
2019-07-23 11:00:00,40.84
2019-07-23 12:00:00,41.81
2019-07-23 13:00:00,42.37
2019-07-23 14:00:00,45.0
2019-07-23 15:00:00,52.97
2019-07-23 16:00:00,57.71
2019-07-23 17:00:00,59.52
2019-07-23 18:00:00,57.43
2019-07-23 19:00:00,57.71
2019-07-23 20:00:00,55.0
2019-07-23 21:00:00,45.5
2019-07-23 22:00:00,42.25
2019-07-23 23:00:00,39.65
2019-07-24 00:00:00,38.48
2019-07-24 01:00:00,35.78
2019-07-24 02:00:00,35.34
2019-07-24 03:00:00,37.97
2019-07-24 04:00:00,40.95
2019-07-24 05:00:00,51.33
2019-07-24 06:00:00,57.35
2019-07-24 07:00:00,57.75
2019-07-24 08:00:00,56.26
2019-07-24 09:00:00,58.11
2019-07-24 10:00:00,57.99
2019-07-24 11:00:00,57.24
2019-07-24 12:00:00,56.46
2019-07-24 13:00:00,54.93
2019-07-24 14:00:00,54.88
2019-07-24 15:00:00,57.75
2019-07-24 16:00:00,68.13
2019-07-24 17:00:00,74.06
2019-07-24 18:00:00,68.16
2019-07-24 19:00:00,59.36
2019-07-24 20:00:00,57.81
2019-07-24 21:00:00,52.33
2019-07-24 22:00:00,45.62
2019-07-24 23:00:00,42.05
2019-07-25 00:00:00,42.05
2019-07-25 01:00:00,42.05
2019-07-25 02:00:00,42.05
2019-07-25 03:00:00,42.05
2019-07-25 04:00:00,42.05
2019-07-25 05:00:00,53.22
2019-07-25 06:00:00,55.25
2019-07-25 07:00:00,56.7
2019-07-25 08:00:00,52.78
2019-07-25 09:00:00,52.12
2019-07-25 10:00:00,49.16
2019-07-25 11:00:00,47.4
2019-07-25 12:00:00,50.02
2019-07-25 13:00:00,47.78
2019-07-25 14:00:00,50.15
2019-07-25 15:00:00,56.85
2019-07-25 16:00:00,62.05
2019-07-25 17:00:00,69.58
2019-07-25 18:00:00,61.86
2019-07-25 19:00:00,56.75
2019-07-25 20:00:00,50.74
2019-07-25 21:00:00,41.88
2019-07-25 22:00:00,38.72
2019-07-25 23:00:00,37.73
2019-07-26 00:00:00,37.19
2019-07-26 01:00:00,36.57
2019-07-26 02:00:00,36.37
2019-07-26 03:00:00,38.49
2019-07-26 04:00:00,43.08
2019-07-26 05:00:00,49.66
2019-07-26 06:00:00,54.18
2019-07-26 07:00:00,56.07
2019-07-26 08:00:00,53.77
2019-07-26 09:00:00,50.98
2019-07-26 10:00:00,49.62
2019-07-26 11:00:00,46.03
2019-07-26 12:00:00,47.03
2019-07-26 13:00:00,46.05
2019-07-26 14:00:00,45.33
2019-07-26 15:00:00,49.27
2019-07-26 16:00:00,52.07
2019-07-26 17:00:00,53.62
2019-07-26 18:00:00,52.06
2019-07-26 19:00:00,48.97
2019-07-26 20:00:00,52.54
2019-07-26 21:00:00,47.68
2019-07-26 22:00:00,39.01
2019-07-26 23:00:00,37.59
2019-07-27 00:00:00,37.01
2019-07-27 01:00:00,36.04
2019-07-27 02:00:00,35.1
2019-07-27 03:00:00,35.28
2019-07-27 04:00:00,34.2
2019-07-27 05:00:00,33.97
2019-07-27 06:00:00,37.42
2019-07-27 07:00:00,39.43
2019-07-27 08:00:00,38.16
2019-07-27 09:00:00,36.89
2019-07-27 10:00:00,37.52
2019-07-27 11:00:00,34.37
2019-07-27 12:00:00,33.7
2019-07-27 13:00:00,33.06
2019-07-27 14:00:00,33.85
2019-07-27 15:00:00,35.62
2019-07-27 16:00:00,38.79
2019-07-27 17:00:00,38.94
2019-07-27 18:00:00,37.91
2019-07-27 19:00:00,36.19
2019-07-27 20:00:00,36.19
2019-07-27 21:00:00,34.0
2019-07-27 22:00:00,30.98
2019-07-27 23:00:00,30.02
2019-07-28 00:00:00,28.2
2019-07-28 01:00:00,26.27
2019-07-28 02:00:00,27.1
2019-07-28 03:00:00,26.8
2019-07-28 04:00:00,25.6
2019-07-28 05:00:00,28.1
2019-07-28 06:00:00,30.05
2019-07-28 07:00:00,30.28
2019-07-28 08:00:00,32.06
2019-07-28 09:00:00,32.61
2019-07-28 10:00:00,31.68
2019-07-28 11:00:00,29.32
2019-07-28 12:00:00,28.45
2019-07-28 13:00:00,28.45
2019-07-28 14:00:00,27.89
2019-07-28 15:00:00,29.38
2019-07-28 16:00:00,34.42
2019-07-28 17:00:00,40.03
2019-07-28 18:00:00,40.3
2019-07-28 19:00:00,40.87
2019-07-28 20:00:00,41.46
2019-07-28 21:00:00,39.01
2019-07-28 22:00:00,35.77
2019-07-28 23:00:00,34.05
2019-07-29 00:00:00,32.65
2019-07-29 01:00:00,28.97
2019-07-29 02:00:00,28.45
2019-07-29 03:00:00,34.76
2019-07-29 04:00:00,39.72
2019-07-29 05:00:00,42.07
2019-07-29 06:00:00,45.45
2019-07-29 07:00:00,47.75
2019-07-29 08:00:00,44.8
2019-07-29 09:00:00,43.42
2019-07-29 10:00:00,42.61
2019-07-29 11:00:00,38.67
2019-07-29 12:00:00,34.96
2019-07-29 13:00:00,33.58
2019-07-29 14:00:00,37.47
2019-07-29 15:00:00,45.21
2019-07-29 16:00:00,46.97
2019-07-29 17:00:00,47.23
2019-07-29 18:00:00,45.97
2019-07-29 19:00:00,46.06
2019-07-29 20:00:00,49.38
2019-07-29 21:00:00,43.25
2019-07-29 22:00:00,32.4
2019-07-29 23:00:00,26.59
2019-07-30 00:00:00,29.56
2019-07-30 01:00:00,20.74
2019-07-30 02:00:00,16.06
2019-07-30 03:00:00,23.27
2019-07-30 04:00:00,27.63
2019-07-30 05:00:00,30.73
2019-07-30 06:00:00,36.25
2019-07-30 07:00:00,41.04
2019-07-30 08:00:00,37.37
2019-07-30 09:00:00,35.99
2019-07-30 10:00:00,34.34
2019-07-30 11:00:00,28.43
2019-07-30 12:00:00,28.95
2019-07-30 13:00:00,28.89
2019-07-30 14:00:00,29.75
2019-07-30 15:00:00,30.14
2019-07-30 16:00:00,38.91
2019-07-30 17:00:00,38.99
2019-07-30 18:00:00,34.05
2019-07-30 19:00:00,34.93
2019-07-30 20:00:00,43.66
2019-07-30 21:00:00,38.66
2019-07-30 22:00:00,27.58
2019-07-30 23:00:00,27.76
2019-07-31 00:00:00,22.84
2019-07-31 01:00:00,17.78
2019-07-31 02:00:00,14.96
2019-07-31 03:00:00,22.65
2019-07-31 04:00:00,24.2
2019-07-31 05:00:00,27.77
2019-07-31 06:00:00,35.48
2019-07-31 07:00:00,35.77
2019-07-31 08:00:00,34.87
2019-07-31 09:00:00,35.16
2019-07-31 10:00:00,33.94
2019-07-31 11:00:00,32.36
2019-07-31 12:00:00,31.42
2019-07-31 13:00:00,32.39
2019-07-31 14:00:00,31.85
2019-07-31 15:00:00,30.54
2019-07-31 16:00:00,36.05
2019-07-31 17:00:00,41.86
2019-07-31 18:00:00,40.43
2019-07-31 19:00:00,39.59
2019-07-31 20:00:00,44.07
2019-07-31 21:00:00,41.74
2019-07-31 22:00:00,39.0
2019-07-31 23:00:00,37.07
2019-08-01 00:00:00,35.97
2019-08-01 01:00:00,33.24
2019-08-01 02:00:00,31.37
2019-08-01 03:00:00,36.0
2019-08-01 04:00:00,39.93
2019-08-01 05:00:00,42.37
2019-08-01 06:00:00,42.35
2019-08-01 07:00:00,42.43
2019-08-01 08:00:00,40.76
2019-08-01 09:00:00,40.89
2019-08-01 10:00:00,41.43
2019-08-01 11:00:00,41.04
2019-08-01 12:00:00,40.13
2019-08-01 13:00:00,40.7
2019-08-01 14:00:00,40.21
2019-08-01 15:00:00,45.33
2019-08-01 16:00:00,51.08
2019-08-01 17:00:00,50.08
2019-08-01 18:00:00,49.5
2019-08-01 19:00:00,51.0
2019-08-01 20:00:00,51.53
2019-08-01 21:00:00,44.54
2019-08-01 22:00:00,40.0
2019-08-01 23:00:00,38.89
2019-08-02 00:00:00,36.44
2019-08-02 01:00:00,29.95
2019-08-02 02:00:00,29.57
2019-08-02 03:00:00,31.29
2019-08-02 04:00:00,36.63
2019-08-02 05:00:00,42.98
2019-08-02 06:00:00,47.82
2019-08-02 07:00:00,50.47
2019-08-02 08:00:00,47.95
2019-08-02 09:00:00,44.96
2019-08-02 10:00:00,42.31
2019-08-02 11:00:00,41.28
2019-08-02 12:00:00,40.08
2019-08-02 13:00:00,40.22
2019-08-02 14:00:00,37.76
2019-08-02 15:00:00,41.9
2019-08-02 16:00:00,45.95
2019-08-02 17:00:00,49.51
2019-08-02 18:00:00,43.21
2019-08-02 19:00:00,47.17
2019-08-02 20:00:00,43.96
2019-08-02 21:00:00,41.12
2019-08-02 22:00:00,38.96
2019-08-02 23:00:00,36.94
2019-08-03 00:00:00,30.08
2019-08-03 01:00:00,29.67
2019-08-03 02:00:00,28.02
2019-08-03 03:00:00,32.97
2019-08-03 04:00:00,29.5
2019-08-03 05:00:00,31.39
2019-08-03 06:00:00,37.72
2019-08-03 07:00:00,38.51
2019-08-03 08:00:00,37.04
2019-08-03 09:00:00,35.63
2019-08-03 10:00:00,35.04
2019-08-03 11:00:00,32.43
2019-08-03 12:00:00,30.1
2019-08-03 13:00:00,30.4
2019-08-03 14:00:00,30.52
2019-08-03 15:00:00,34.09
2019-08-03 16:00:00,38.95
2019-08-03 17:00:00,41.08
2019-08-03 18:00:00,41.02
2019-08-03 19:00:00,41.58
2019-08-03 20:00:00,41.96
2019-08-03 21:00:00,39.47
2019-08-03 22:00:00,37.69
2019-08-03 23:00:00,35.0
2019-08-04 00:00:00,32.78
2019-08-04 01:00:00,32.34
2019-08-04 02:00:00,30.23
2019-08-04 03:00:00,30.33
2019-08-04 04:00:00,28.49
2019-08-04 05:00:00,33.37
2019-08-04 06:00:00,30.97
2019-08-04 07:00:00,29.23
2019-08-04 08:00:00,28.26
2019-08-04 09:00:00,28.36
2019-08-04 10:00:00,29.06
2019-08-04 11:00:00,29.12
2019-08-04 12:00:00,29.02
2019-08-04 13:00:00,28.29
2019-08-04 14:00:00,29.61
2019-08-04 15:00:00,34.23
2019-08-04 16:00:00,39.02
2019-08-04 17:00:00,42.0
2019-08-04 18:00:00,43.99
2019-08-04 19:00:00,47.0
2019-08-04 20:00:00,46.76
2019-08-04 21:00:00,42.24
2019-08-04 22:00:00,38.46
2019-08-04 23:00:00,31.21
2019-08-05 00:00:00,27.56
2019-08-05 01:00:00,23.28
2019-08-05 02:00:00,22.32
2019-08-05 03:00:00,24.6
2019-08-05 04:00:00,29.45
2019-08-05 05:00:00,40.21
2019-08-05 06:00:00,42.81
2019-08-05 07:00:00,45.62
2019-08-05 08:00:00,45.91
2019-08-05 09:00:00,45.03
2019-08-05 10:00:00,45.22
2019-08-05 11:00:00,41.98
2019-08-05 12:00:00,35.06
2019-08-05 13:00:00,31.02
2019-08-05 14:00:00,30.05
2019-08-05 15:00:00,31.95
2019-08-05 16:00:00,39.47
2019-08-05 17:00:00,43.29
2019-08-05 18:00:00,39.83
2019-08-05 19:00:00,39.81
2019-08-05 20:00:00,45.0
2019-08-05 21:00:00,39.87
2019-08-05 22:00:00,38.48
2019-08-05 23:00:00,36.92
2019-08-06 00:00:00,34.62
2019-08-06 01:00:00,33.69
2019-08-06 02:00:00,31.62
2019-08-06 03:00:00,35.22
2019-08-06 04:00:00,35.27
2019-08-06 05:00:00,43.49
2019-08-06 06:00:00,45.0
2019-08-06 07:00:00,44.0
2019-08-06 08:00:00,41.96
2019-08-06 09:00:00,41.37
2019-08-06 10:00:00,40.02
2019-08-06 11:00:00,38.87
2019-08-06 12:00:00,38.97
2019-08-06 13:00:00,38.99
2019-08-06 14:00:00,40.04
2019-08-06 15:00:00,43.84
2019-08-06 16:00:00,48.93
2019-08-06 17:00:00,49.75
2019-08-06 18:00:00,48.95
2019-08-06 19:00:00,48.47
2019-08-06 20:00:00,49.12
2019-08-06 21:00:00,40.97
2019-08-06 22:00:00,37.03
2019-08-06 23:00:00,30.37
2019-08-07 00:00:00,27.32
2019-08-07 01:00:00,25.97
2019-08-07 02:00:00,25.73
2019-08-07 03:00:00,26.08
2019-08-07 04:00:00,29.79
2019-08-07 05:00:00,40.23
2019-08-07 06:00:00,44.36
2019-08-07 07:00:00,44.98
2019-08-07 08:00:00,43.42
2019-08-07 09:00:00,44.12
2019-08-07 10:00:00,42.16
2019-08-07 11:00:00,36.68
2019-08-07 12:00:00,36.04
2019-08-07 13:00:00,31.16
2019-08-07 14:00:00,29.28
2019-08-07 15:00:00,33.27
2019-08-07 16:00:00,41.69
2019-08-07 17:00:00,43.15
2019-08-07 18:00:00,42.2
2019-08-07 19:00:00,41.94
2019-08-07 20:00:00,40.55
2019-08-07 21:00:00,37.64
2019-08-07 22:00:00,32.74
2019-08-07 23:00:00,31.33
2019-08-08 00:00:00,25.72
2019-08-08 01:00:00,25.37
2019-08-08 02:00:00,25.88
2019-08-08 03:00:00,26.21
2019-08-08 04:00:00,28.43
2019-08-08 05:00:00,35.04
2019-08-08 06:00:00,39.98
2019-08-08 07:00:00,37.47
2019-08-08 08:00:00,32.56
2019-08-08 09:00:00,30.46
2019-08-08 10:00:00,28.57
2019-08-08 11:00:00,28.5
2019-08-08 12:00:00,28.37
2019-08-08 13:00:00,28.7
2019-08-08 14:00:00,30.76
2019-08-08 15:00:00,35.99
2019-08-08 16:00:00,39.04
2019-08-08 17:00:00,43.05
2019-08-08 18:00:00,43.37
2019-08-08 19:00:00,43.63
2019-08-08 20:00:00,42.1
2019-08-08 21:00:00,38.12
2019-08-08 22:00:00,34.92
2019-08-08 23:00:00,26.19
2019-08-09 00:00:00,23.73
2019-08-09 01:00:00,19.08
2019-08-09 02:00:00,16.93
2019-08-09 03:00:00,17.62
2019-08-09 04:00:00,20.3
2019-08-09 05:00:00,23.25
2019-08-09 06:00:00,31.0
2019-08-09 07:00:00,34.08
2019-08-09 08:00:00,36.46
2019-08-09 09:00:00,36.93
2019-08-09 10:00:00,36.05
2019-08-09 11:00:00,33.02
2019-08-09 12:00:00,31.52
2019-08-09 13:00:00,32.19
2019-08-09 14:00:00,24.81
2019-08-09 15:00:00,28.17
2019-08-09 16:00:00,31.19
2019-08-09 17:00:00,35.7
2019-08-09 18:00:00,29.36
2019-08-09 19:00:00,28.42
2019-08-09 20:00:00,34.26
2019-08-09 21:00:00,31.26
2019-08-09 22:00:00,22.82
2019-08-09 23:00:00,8.9
2019-08-10 00:00:00,7.0
2019-08-10 01:00:00,8.75
2019-08-10 02:00:00,9.02
2019-08-10 03:00:00,9.2
2019-08-10 04:00:00,9.74
2019-08-10 05:00:00,8.69
2019-08-10 06:00:00,16.15
2019-08-10 07:00:00,20.39
2019-08-10 08:00:00,15.24
2019-08-10 09:00:00,9.65
2019-08-10 10:00:00,14.64
2019-08-10 11:00:00,9.54
2019-08-10 12:00:00,7.2
2019-08-10 13:00:00,4.18
2019-08-10 14:00:00,5.63
2019-08-10 15:00:00,4.35
2019-08-10 16:00:00,10.61
2019-08-10 17:00:00,22.2
2019-08-10 18:00:00,23.48
2019-08-10 19:00:00,27.67
2019-08-10 20:00:00,31.83
2019-08-10 21:00:00,29.73
2019-08-10 22:00:00,25.45
2019-08-10 23:00:00,19.31
2019-08-11 00:00:00,14.93
2019-08-11 01:00:00,12.7
2019-08-11 02:00:00,13.13
2019-08-11 03:00:00,13.62
2019-08-11 04:00:00,12.43
2019-08-11 05:00:00,11.17
2019-08-11 06:00:00,14.64
2019-08-11 07:00:00,13.51
2019-08-11 08:00:00,12.97
2019-08-11 09:00:00,14.52
2019-08-11 10:00:00,18.32
2019-08-11 11:00:00,12.19
2019-08-11 12:00:00,8.23
2019-08-11 13:00:00,8.06
2019-08-11 14:00:00,17.37
2019-08-11 15:00:00,24.29
2019-08-11 16:00:00,32.44
2019-08-11 17:00:00,36.29
2019-08-11 18:00:00,34.56
2019-08-11 19:00:00,35.78
2019-08-11 20:00:00,40.0
2019-08-11 21:00:00,37.29
2019-08-11 22:00:00,28.79
2019-08-11 23:00:00,27.11
2019-08-12 00:00:00,26.71
2019-08-12 01:00:00,24.26
2019-08-12 02:00:00,21.46
2019-08-12 03:00:00,23.91
2019-08-12 04:00:00,26.01
2019-08-12 05:00:00,31.0
2019-08-12 06:00:00,37.45
2019-08-12 07:00:00,37.63
2019-08-12 08:00:00,36.7
2019-08-12 09:00:00,37.9
2019-08-12 10:00:00,36.18
2019-08-12 11:00:00,35.31
2019-08-12 12:00:00,35.68
2019-08-12 13:00:00,33.92
2019-08-12 14:00:00,30.85
2019-08-12 15:00:00,31.31
2019-08-12 16:00:00,36.21
2019-08-12 17:00:00,36.16
2019-08-12 18:00:00,34.16
2019-08-12 19:00:00,34.1
2019-08-12 20:00:00,42.59
2019-08-12 21:00:00,36.63
2019-08-12 22:00:00,33.08
2019-08-12 23:00:00,30.62
2019-08-13 00:00:00,25.8
2019-08-13 01:00:00,24.12
2019-08-13 02:00:00,22.73
2019-08-13 03:00:00,30.08
2019-08-13 04:00:00,32.38
2019-08-13 05:00:00,35.09
2019-08-13 06:00:00,40.03
2019-08-13 07:00:00,40.85
2019-08-13 08:00:00,36.06
2019-08-13 09:00:00,34.06
2019-08-13 10:00:00,32.1
2019-08-13 11:00:00,30.94
2019-08-13 12:00:00,29.34
2019-08-13 13:00:00,29.78
2019-08-13 14:00:00,28.11
2019-08-13 15:00:00,34.04
2019-08-13 16:00:00,34.95
2019-08-13 17:00:00,41.54
2019-08-13 18:00:00,38.97
2019-08-13 19:00:00,44.77
2019-08-13 20:00:00,41.82
2019-08-13 21:00:00,36.3
2019-08-13 22:00:00,32.39
2019-08-13 23:00:00,29.23
2019-08-14 00:00:00,26.18
2019-08-14 01:00:00,27.16
2019-08-14 02:00:00,25.03
2019-08-14 03:00:00,26.99
2019-08-14 04:00:00,28.79
2019-08-14 05:00:00,33.33
2019-08-14 06:00:00,38.0
2019-08-14 07:00:00,37.77
2019-08-14 08:00:00,35.67
2019-08-14 09:00:00,34.29
2019-08-14 10:00:00,32.02
2019-08-14 11:00:00,30.0
2019-08-14 12:00:00,31.01
2019-08-14 13:00:00,32.32
2019-08-14 14:00:00,31.74
2019-08-14 15:00:00,31.08
2019-08-14 16:00:00,33.8
2019-08-14 17:00:00,33.03
2019-08-14 18:00:00,29.61
2019-08-14 19:00:00,31.87
2019-08-14 20:00:00,38.22
2019-08-14 21:00:00,35.95
2019-08-14 22:00:00,29.15
2019-08-14 23:00:00,25.64
2019-08-15 00:00:00,23.39
2019-08-15 01:00:00,21.1
2019-08-15 02:00:00,13.59
2019-08-15 03:00:00,16.97
2019-08-15 04:00:00,19.54
2019-08-15 05:00:00,19.27
2019-08-15 06:00:00,23.9
2019-08-15 07:00:00,25.37
2019-08-15 08:00:00,24.1
2019-08-15 09:00:00,23.94
2019-08-15 10:00:00,27.2
2019-08-15 11:00:00,21.26
2019-08-15 12:00:00,16.63
2019-08-15 13:00:00,18.13
2019-08-15 14:00:00,15.47
2019-08-15 15:00:00,17.72
2019-08-15 16:00:00,23.61
2019-08-15 17:00:00,28.61
2019-08-15 18:00:00,32.82
2019-08-15 19:00:00,36.15
2019-08-15 20:00:00,35.07
2019-08-15 21:00:00,33.33
2019-08-15 22:00:00,29.83
2019-08-15 23:00:00,27.3
2019-08-16 00:00:00,26.38
2019-08-16 01:00:00,25.7
2019-08-16 02:00:00,25.65
2019-08-16 03:00:00,28.54
2019-08-16 04:00:00,32.18
2019-08-16 05:00:00,33.75
2019-08-16 06:00:00,35.87
2019-08-16 07:00:00,35.9
2019-08-16 08:00:00,34.56
2019-08-16 09:00:00,34.9
2019-08-16 10:00:00,33.06
2019-08-16 11:00:00,30.54
2019-08-16 12:00:00,26.22
2019-08-16 13:00:00,29.9
2019-08-16 14:00:00,30.97
2019-08-16 15:00:00,32.26
2019-08-16 16:00:00,31.79
2019-08-16 17:00:00,31.47
2019-08-16 18:00:00,32.18
2019-08-16 19:00:00,34.13
2019-08-16 20:00:00,36.76
2019-08-16 21:00:00,31.19
2019-08-16 22:00:00,26.45
2019-08-16 23:00:00,18.16
2019-08-17 00:00:00,13.11
2019-08-17 01:00:00,15.21
2019-08-17 02:00:00,12.31
2019-08-17 03:00:00,12.01
2019-08-17 04:00:00,14.56
2019-08-17 05:00:00,12.81
2019-08-17 06:00:00,25.13
2019-08-17 07:00:00,21.24
2019-08-17 08:00:00,22.92
2019-08-17 09:00:00,26.95
2019-08-17 10:00:00,26.8
2019-08-17 11:00:00,26.07
2019-08-17 12:00:00,24.07
2019-08-17 13:00:00,24.04
2019-08-17 14:00:00,21.33
2019-08-17 15:00:00,26.85
2019-08-17 16:00:00,32.39
2019-08-17 17:00:00,34.7
2019-08-17 18:00:00,37.54
2019-08-17 19:00:00,39.44
2019-08-17 20:00:00,32.62
2019-08-17 21:00:00,32.43
2019-08-17 22:00:00,30.6
2019-08-17 23:00:00,22.12
2019-08-18 00:00:00,22.62
2019-08-18 01:00:00,13.98
2019-08-18 02:00:00,11.09
2019-08-18 03:00:00,18.56
2019-08-18 04:00:00,16.77
2019-08-18 05:00:00,14.91
2019-08-18 06:00:00,15.81
2019-08-18 07:00:00,25.92
2019-08-18 08:00:00,25.4
2019-08-18 09:00:00,23.96
2019-08-18 10:00:00,24.13
2019-08-18 11:00:00,14.06
2019-08-18 12:00:00,11.25
2019-08-18 13:00:00,9.67
2019-08-18 14:00:00,18.25
2019-08-18 15:00:00,22.18
2019-08-18 16:00:00,28.88
2019-08-18 17:00:00,34.66
2019-08-18 18:00:00,34.49
2019-08-18 19:00:00,35.89
2019-08-18 20:00:00,36.97
2019-08-18 21:00:00,33.81
2019-08-18 22:00:00,28.64
2019-08-18 23:00:00,25.6
2019-08-19 00:00:00,24.1
2019-08-19 01:00:00,22.14
2019-08-19 02:00:00,20.68
2019-08-19 03:00:00,24.98
2019-08-19 04:00:00,27.46
2019-08-19 05:00:00,31.48
2019-08-19 06:00:00,41.87
2019-08-19 07:00:00,36.98
2019-08-19 08:00:00,34.09
2019-08-19 09:00:00,32.0
2019-08-19 10:00:00,29.9
2019-08-19 11:00:00,27.9
2019-08-19 12:00:00,27.8
2019-08-19 13:00:00,27.68
2019-08-19 14:00:00,27.28
2019-08-19 15:00:00,33.06
2019-08-19 16:00:00,38.0
2019-08-19 17:00:00,37.76
2019-08-19 18:00:00,35.49
2019-08-19 19:00:00,36.51
2019-08-19 20:00:00,40.5
2019-08-19 21:00:00,34.92
2019-08-19 22:00:00,31.38
2019-08-19 23:00:00,29.74
2019-08-20 00:00:00,27.31
2019-08-20 01:00:00,24.04
2019-08-20 02:00:00,22.56
2019-08-20 03:00:00,24.52
2019-08-20 04:00:00,24.12
2019-08-20 05:00:00,33.47
2019-08-20 06:00:00,40.49
2019-08-20 07:00:00,41.02
2019-08-20 08:00:00,39.51
2019-08-20 09:00:00,38.91
2019-08-20 10:00:00,37.93
2019-08-20 11:00:00,37.35
2019-08-20 12:00:00,37.55
2019-08-20 13:00:00,37.98
2019-08-20 14:00:00,37.19
2019-08-20 15:00:00,31.25
2019-08-20 16:00:00,38.7
2019-08-20 17:00:00,40.48
2019-08-20 18:00:00,38.97
2019-08-20 19:00:00,39.5
2019-08-20 20:00:00,40.61
2019-08-20 21:00:00,35.85
2019-08-20 22:00:00,33.07
2019-08-20 23:00:00,29.96
2019-08-21 00:00:00,28.49
2019-08-21 01:00:00,22.6
2019-08-21 02:00:00,23.86
2019-08-21 03:00:00,27.41
2019-08-21 04:00:00,28.87
2019-08-21 05:00:00,33.09
2019-08-21 06:00:00,40.32
2019-08-21 07:00:00,41.95
2019-08-21 08:00:00,38.0
2019-08-21 09:00:00,36.97
2019-08-21 10:00:00,35.72
2019-08-21 11:00:00,34.05
2019-08-21 12:00:00,33.08
2019-08-21 13:00:00,32.95
2019-08-21 14:00:00,29.19
2019-08-21 15:00:00,33.75
2019-08-21 16:00:00,36.94
2019-08-21 17:00:00,38.46
2019-08-21 18:00:00,36.77
2019-08-21 19:00:00,38.79
2019-08-21 20:00:00,44.58
2019-08-21 21:00:00,37.94
2019-08-21 22:00:00,33.26
2019-08-21 23:00:00,28.19
2019-08-22 00:00:00,26.11
2019-08-22 01:00:00,22.41
2019-08-22 02:00:00,25.92
2019-08-22 03:00:00,27.24
2019-08-22 04:00:00,29.78
2019-08-22 05:00:00,33.96
2019-08-22 06:00:00,40.64
2019-08-22 07:00:00,37.9
2019-08-22 08:00:00,34.91
2019-08-22 09:00:00,33.01
2019-08-22 10:00:00,32.01
2019-08-22 11:00:00,30.53
2019-08-22 12:00:00,31.21
2019-08-22 13:00:00,30.95
2019-08-22 14:00:00,31.93
2019-08-22 15:00:00,36.99
2019-08-22 16:00:00,42.47
2019-08-22 17:00:00,42.08
2019-08-22 18:00:00,37.08
2019-08-22 19:00:00,38.05
2019-08-22 20:00:00,38.48
2019-08-22 21:00:00,33.95
2019-08-22 22:00:00,30.28
2019-08-22 23:00:00,28.12
2019-08-23 00:00:00,24.49
2019-08-23 01:00:00,20.97
2019-08-23 02:00:00,22.46
2019-08-23 03:00:00,26.11
2019-08-23 04:00:00,28.66
2019-08-23 05:00:00,30.5
2019-08-23 06:00:00,34.91
2019-08-23 07:00:00,36.68
2019-08-23 08:00:00,34.8
2019-08-23 09:00:00,34.13
2019-08-23 10:00:00,31.95
2019-08-23 11:00:00,31.23
2019-08-23 12:00:00,30.81
2019-08-23 13:00:00,31.57
2019-08-23 14:00:00,32.28
2019-08-23 15:00:00,30.97
2019-08-23 16:00:00,34.88
2019-08-23 17:00:00,35.28
2019-08-23 18:00:00,34.64
2019-08-23 19:00:00,34.0
2019-08-23 20:00:00,36.97
2019-08-23 21:00:00,34.68
2019-08-23 22:00:00,34.07
2019-08-23 23:00:00,30.66
2019-08-24 00:00:00,30.86
2019-08-24 01:00:00,30.82
2019-08-24 02:00:00,30.03
2019-08-24 03:00:00,30.25
2019-08-24 04:00:00,29.09
2019-08-24 05:00:00,28.25
2019-08-24 06:00:00,28.52
2019-08-24 07:00:00,29.81
2019-08-24 08:00:00,29.51
2019-08-24 09:00:00,27.5
2019-08-24 10:00:00,26.83
2019-08-24 11:00:00,26.84
2019-08-24 12:00:00,27.01
2019-08-24 13:00:00,27.99
2019-08-24 14:00:00,28.03
2019-08-24 15:00:00,33.29
2019-08-24 16:00:00,36.93
2019-08-24 17:00:00,42.39
2019-08-24 18:00:00,38.75
2019-08-24 19:00:00,36.29
2019-08-24 20:00:00,34.95
2019-08-24 21:00:00,31.67
2019-08-24 22:00:00,29.08
2019-08-24 23:00:00,28.65
2019-08-25 00:00:00,27.16
2019-08-25 01:00:00,25.81
2019-08-25 02:00:00,24.13
2019-08-25 03:00:00,24.2
2019-08-25 04:00:00,24.15
2019-08-25 05:00:00,24.65
2019-08-25 06:00:00,27.46
2019-08-25 07:00:00,27.09
2019-08-25 08:00:00,25.89
2019-08-25 09:00:00,25.88
2019-08-25 10:00:00,25.83
2019-08-25 11:00:00,25.03
2019-08-25 12:00:00,25.01
2019-08-25 13:00:00,25.39
2019-08-25 14:00:00,26.4
2019-08-25 15:00:00,27.96
2019-08-25 16:00:00,31.66
2019-08-25 17:00:00,34.02
2019-08-25 18:00:00,38.72
2019-08-25 19:00:00,37.85
2019-08-25 20:00:00,37.49
2019-08-25 21:00:00,34.52
2019-08-25 22:00:00,33.67
2019-08-25 23:00:00,32.95
2019-08-26 00:00:00,32.06
2019-08-26 01:00:00,27.57
2019-08-26 02:00:00,26.43
2019-08-26 03:00:00,30.83
2019-08-26 04:00:00,37.65
2019-08-26 05:00:00,40.73
2019-08-26 06:00:00,45.32
2019-08-26 07:00:00,46.38
2019-08-26 08:00:00,45.7
2019-08-26 09:00:00,43.74
2019-08-26 10:00:00,40.91
2019-08-26 11:00:00,38.96
2019-08-26 12:00:00,38.25
2019-08-26 13:00:00,38.39
2019-08-26 14:00:00,43.46
2019-08-26 15:00:00,46.27
2019-08-26 16:00:00,47.87
2019-08-26 17:00:00,48.6
2019-08-26 18:00:00,47.87
2019-08-26 19:00:00,49.06
2019-08-26 20:00:00,47.87
2019-08-26 21:00:00,39.44
2019-08-26 22:00:00,38.33
2019-08-26 23:00:00,35.26
2019-08-27 00:00:00,33.54
2019-08-27 01:00:00,32.69
2019-08-27 02:00:00,32.69
2019-08-27 03:00:00,33.86
2019-08-27 04:00:00,40.16
2019-08-27 05:00:00,50.4
2019-08-27 06:00:00,53.69
2019-08-27 07:00:00,53.53
2019-08-27 08:00:00,50.95
2019-08-27 09:00:00,48.97
2019-08-27 10:00:00,45.47
2019-08-27 11:00:00,45.06
2019-08-27 12:00:00,45.15
2019-08-27 13:00:00,45.11
2019-08-27 14:00:00,48.08
2019-08-27 15:00:00,51.22
2019-08-27 16:00:00,56.99
2019-08-27 17:00:00,59.76
2019-08-27 18:00:00,56.05
2019-08-27 19:00:00,51.2
2019-08-27 20:00:00,46.18
2019-08-27 21:00:00,37.49
2019-08-27 22:00:00,38.08
2019-08-27 23:00:00,35.55
2019-08-28 00:00:00,34.92
2019-08-28 01:00:00,33.0
2019-08-28 02:00:00,32.29
2019-08-28 03:00:00,33.47
2019-08-28 04:00:00,41.39
2019-08-28 05:00:00,46.96
2019-08-28 06:00:00,50.59
2019-08-28 07:00:00,52.99
2019-08-28 08:00:00,52.79
2019-08-28 09:00:00,51.7
2019-08-28 10:00:00,46.66
2019-08-28 11:00:00,44.73
2019-08-28 12:00:00,45.0
2019-08-28 13:00:00,45.6
2019-08-28 14:00:00,48.83
2019-08-28 15:00:00,52.9
2019-08-28 16:00:00,64.63
2019-08-28 17:00:00,60.51
2019-08-28 18:00:00,61.95
2019-08-28 19:00:00,53.84
2019-08-28 20:00:00,50.79
2019-08-28 21:00:00,43.92
2019-08-28 22:00:00,39.54
2019-08-28 23:00:00,35.64
2019-08-29 00:00:00,34.4
2019-08-29 01:00:00,32.24
2019-08-29 02:00:00,30.53
2019-08-29 03:00:00,32.37
2019-08-29 04:00:00,40.6
2019-08-29 05:00:00,48.36
2019-08-29 06:00:00,51.99
2019-08-29 07:00:00,53.59
2019-08-29 08:00:00,51.9
2019-08-29 09:00:00,50.01
2019-08-29 10:00:00,42.12
2019-08-29 11:00:00,39.62
2019-08-29 12:00:00,37.77
2019-08-29 13:00:00,36.88
2019-08-29 14:00:00,37.42
2019-08-29 15:00:00,44.0
2019-08-29 16:00:00,50.49
2019-08-29 17:00:00,50.74
2019-08-29 18:00:00,50.79
2019-08-29 19:00:00,50.96
2019-08-29 20:00:00,44.95
2019-08-29 21:00:00,37.4
2019-08-29 22:00:00,34.33
2019-08-29 23:00:00,32.66
2019-08-30 00:00:00,29.23
2019-08-30 01:00:00,27.01
2019-08-30 02:00:00,24.4
2019-08-30 03:00:00,29.89
2019-08-30 04:00:00,39.4
2019-08-30 05:00:00,49.36
2019-08-30 06:00:00,50.4
2019-08-30 07:00:00,46.04
2019-08-30 08:00:00,41.36
2019-08-30 09:00:00,38.19
2019-08-30 10:00:00,36.26
2019-08-30 11:00:00,35.62
2019-08-30 12:00:00,35.3
2019-08-30 13:00:00,35.82
2019-08-30 14:00:00,36.22
2019-08-30 15:00:00,43.4
2019-08-30 16:00:00,50.49
2019-08-30 17:00:00,52.34
2019-08-30 18:00:00,52.49
2019-08-30 19:00:00,51.51
2019-08-30 20:00:00,48.14
2019-08-30 21:00:00,38.72
2019-08-30 22:00:00,37.39
2019-08-30 23:00:00,32.66
2019-08-31 00:00:00,30.64
2019-08-31 01:00:00,26.5
2019-08-31 02:00:00,25.7
2019-08-31 03:00:00,23.14
2019-08-31 04:00:00,26.21
2019-08-31 05:00:00,27.6
2019-08-31 06:00:00,32.28
2019-08-31 07:00:00,33.72
2019-08-31 08:00:00,31.29
2019-08-31 09:00:00,30.44
2019-08-31 10:00:00,30.59
2019-08-31 11:00:00,28.5
2019-08-31 12:00:00,28.03
2019-08-31 13:00:00,28.13
2019-08-31 14:00:00,29.87
2019-08-31 15:00:00,32.59
2019-08-31 16:00:00,40.68
2019-08-31 17:00:00,41.03
2019-08-31 18:00:00,45.66
2019-08-31 19:00:00,41.42
2019-08-31 20:00:00,37.07
2019-08-31 21:00:00,33.02
2019-08-31 22:00:00,27.2
2019-08-31 23:00:00,26.7
2019-09-01 00:00:00,26.47
2019-09-01 01:00:00,25.86
2019-09-01 02:00:00,25.06
2019-09-01 03:00:00,25.91
2019-09-01 04:00:00,26.49
2019-09-01 05:00:00,26.49
2019-09-01 06:00:00,26.84
2019-09-01 07:00:00,30.1
2019-09-01 08:00:00,29.7
2019-09-01 09:00:00,30.17
2019-09-01 10:00:00,31.01
2019-09-01 11:00:00,30.23
2019-09-01 12:00:00,28.39
2019-09-01 13:00:00,27.74
2019-09-01 14:00:00,27.2
2019-09-01 15:00:00,29.94
2019-09-01 16:00:00,34.07
2019-09-01 17:00:00,36.52
2019-09-01 18:00:00,39.67
2019-09-01 19:00:00,38.76
2019-09-01 20:00:00,37.33
2019-09-01 21:00:00,34.35
2019-09-01 22:00:00,29.28
2019-09-01 23:00:00,26.97
2019-09-02 00:00:00,25.96
2019-09-02 01:00:00,25.0
2019-09-02 02:00:00,25.63
2019-09-02 03:00:00,27.06
2019-09-02 04:00:00,34.58
2019-09-02 05:00:00,46.09
2019-09-02 06:00:00,49.55
2019-09-02 07:00:00,48.29
2019-09-02 08:00:00,44.07
2019-09-02 09:00:00,41.81
2019-09-02 10:00:00,39.1
2019-09-02 11:00:00,38.21
2019-09-02 12:00:00,36.76
2019-09-02 13:00:00,35.99
2019-09-02 14:00:00,37.57
2019-09-02 15:00:00,40.84
2019-09-02 16:00:00,45.41
2019-09-02 17:00:00,49.55
2019-09-02 18:00:00,49.78
2019-09-02 19:00:00,46.92
2019-09-02 20:00:00,40.76
2019-09-02 21:00:00,35.27
2019-09-02 22:00:00,32.03
2019-09-02 23:00:00,28.18
2019-09-03 00:00:00,26.95
2019-09-03 01:00:00,24.3
2019-09-03 02:00:00,24.1
2019-09-03 03:00:00,28.23
2019-09-03 04:00:00,32.44
2019-09-03 05:00:00,40.74
2019-09-03 06:00:00,41.17
2019-09-03 07:00:00,37.96
2019-09-03 08:00:00,37.13
2019-09-03 09:00:00,38.07
2019-09-03 10:00:00,37.65
2019-09-03 11:00:00,36.09
2019-09-03 12:00:00,33.16
2019-09-03 13:00:00,32.01
2019-09-03 14:00:00,33.29
2019-09-03 15:00:00,39.76
2019-09-03 16:00:00,44.96
2019-09-03 17:00:00,50.83
2019-09-03 18:00:00,51.22
2019-09-03 19:00:00,46.12
2019-09-03 20:00:00,40.9
2019-09-03 21:00:00,36.08
2019-09-03 22:00:00,31.31
2019-09-03 23:00:00,29.0
2019-09-04 00:00:00,27.02
2019-09-04 01:00:00,21.55
2019-09-04 02:00:00,19.36
2019-09-04 03:00:00,23.53
2019-09-04 04:00:00,39.25
2019-09-04 05:00:00,42.81
2019-09-04 06:00:00,45.29
2019-09-04 07:00:00,42.96
2019-09-04 08:00:00,37.73
2019-09-04 09:00:00,32.57
2019-09-04 10:00:00,30.69
2019-09-04 11:00:00,29.45
2019-09-04 12:00:00,29.46
2019-09-04 13:00:00,28.9
2019-09-04 14:00:00,28.86
2019-09-04 15:00:00,31.68
2019-09-04 16:00:00,38.05
2019-09-04 17:00:00,39.9
2019-09-04 18:00:00,40.67
2019-09-04 19:00:00,38.25
2019-09-04 20:00:00,35.3
2019-09-04 21:00:00,30.39
2019-09-04 22:00:00,28.0
2019-09-04 23:00:00,24.96
2019-09-05 00:00:00,23.55
2019-09-05 01:00:00,22.57
2019-09-05 02:00:00,20.33
2019-09-05 03:00:00,25.32
2019-09-05 04:00:00,33.68
2019-09-05 05:00:00,39.62
2019-09-05 06:00:00,40.77
2019-09-05 07:00:00,38.88
2019-09-05 08:00:00,36.66
2019-09-05 09:00:00,34.4
2019-09-05 10:00:00,35.14
2019-09-05 11:00:00,33.91
2019-09-05 12:00:00,31.18
2019-09-05 13:00:00,29.35
2019-09-05 14:00:00,29.16
2019-09-05 15:00:00,32.26
2019-09-05 16:00:00,36.09
2019-09-05 17:00:00,39.95
2019-09-05 18:00:00,40.92
2019-09-05 19:00:00,38.95
2019-09-05 20:00:00,36.21
2019-09-05 21:00:00,30.95
2019-09-05 22:00:00,26.28
2019-09-05 23:00:00,25.64
2019-09-06 00:00:00,23.77
2019-09-06 01:00:00,21.52
2019-09-06 02:00:00,20.72
2019-09-06 03:00:00,22.24
2019-09-06 04:00:00,30.27
2019-09-06 05:00:00,38.23
2019-09-06 06:00:00,39.07
2019-09-06 07:00:00,39.02
2019-09-06 08:00:00,37.6
2019-09-06 09:00:00,35.09
2019-09-06 10:00:00,32.99
2019-09-06 11:00:00,30.98
2019-09-06 12:00:00,29.01
2019-09-06 13:00:00,28.64
2019-09-06 14:00:00,29.14
2019-09-06 15:00:00,33.49
2019-09-06 16:00:00,38.26
2019-09-06 17:00:00,39.31
2019-09-06 18:00:00,40.07
2019-09-06 19:00:00,38.4
2019-09-06 20:00:00,37.89
2019-09-06 21:00:00,34.07
2019-09-06 22:00:00,32.01
2019-09-06 23:00:00,30.0
2019-09-07 00:00:00,29.44
2019-09-07 01:00:00,28.0
2019-09-07 02:00:00,27.09
2019-09-07 03:00:00,27.1
2019-09-07 04:00:00,28.0
2019-09-07 05:00:00,30.5
2019-09-07 06:00:00,31.75
2019-09-07 07:00:00,37.51
2019-09-07 08:00:00,34.92
2019-09-07 09:00:00,36.99
2019-09-07 10:00:00,36.0
2019-09-07 11:00:00,35.05
2019-09-07 12:00:00,32.19
2019-09-07 13:00:00,30.48
2019-09-07 14:00:00,28.3
2019-09-07 15:00:00,30.64
2019-09-07 16:00:00,33.56
2019-09-07 17:00:00,35.79
2019-09-07 18:00:00,39.45
2019-09-07 19:00:00,39.0
2019-09-07 20:00:00,37.98
2019-09-07 21:00:00,34.78
2019-09-07 22:00:00,34.46
2019-09-07 23:00:00,32.61
2019-09-08 00:00:00,28.5
2019-09-08 01:00:00,25.29
2019-09-08 02:00:00,22.71
2019-09-08 03:00:00,14.25
2019-09-08 04:00:00,23.83
2019-09-08 05:00:00,22.52
2019-09-08 06:00:00,26.24
2019-09-08 07:00:00,32.0
2019-09-08 08:00:00,32.75
2019-09-08 09:00:00,35.0
2019-09-08 10:00:00,35.46
2019-09-08 11:00:00,32.2
2019-09-08 12:00:00,24.89
2019-09-08 13:00:00,25.99
2019-09-08 14:00:00,24.51
2019-09-08 15:00:00,26.44
2019-09-08 16:00:00,36.13
2019-09-08 17:00:00,41.06
2019-09-08 18:00:00,43.4
2019-09-08 19:00:00,45.49
2019-09-08 20:00:00,42.5
2019-09-08 21:00:00,38.27
2019-09-08 22:00:00,38.33
2019-09-08 23:00:00,34.09
2019-09-09 00:00:00,32.81
2019-09-09 01:00:00,30.41
2019-09-09 02:00:00,29.72
2019-09-09 03:00:00,31.88
2019-09-09 04:00:00,42.45
2019-09-09 05:00:00,47.0
2019-09-09 06:00:00,48.58
2019-09-09 07:00:00,50.07
2019-09-09 08:00:00,48.07
2019-09-09 09:00:00,46.77
2019-09-09 10:00:00,46.0
2019-09-09 11:00:00,45.23
2019-09-09 12:00:00,42.64
2019-09-09 13:00:00,42.23
2019-09-09 14:00:00,41.6
2019-09-09 15:00:00,45.14
2019-09-09 16:00:00,49.99
2019-09-09 17:00:00,57.09
2019-09-09 18:00:00,56.95
2019-09-09 19:00:00,45.94
2019-09-09 20:00:00,40.38
2019-09-09 21:00:00,34.35
2019-09-09 22:00:00,33.01
2019-09-09 23:00:00,32.45
2019-09-10 00:00:00,31.0
2019-09-10 01:00:00,29.0
2019-09-10 02:00:00,27.56
2019-09-10 03:00:00,28.0
2019-09-10 04:00:00,33.0
2019-09-10 05:00:00,44.95
2019-09-10 06:00:00,45.93
2019-09-10 07:00:00,41.0
2019-09-10 08:00:00,36.0
2019-09-10 09:00:00,32.6
2019-09-10 10:00:00,32.98
2019-09-10 11:00:00,32.88
2019-09-10 12:00:00,31.3
2019-09-10 13:00:00,32.01
2019-09-10 14:00:00,34.1
2019-09-10 15:00:00,39.18
2019-09-10 16:00:00,41.09
2019-09-10 17:00:00,42.63
2019-09-10 18:00:00,43.29
2019-09-10 19:00:00,42.75
2019-09-10 20:00:00,35.89
2019-09-10 21:00:00,31.7
2019-09-10 22:00:00,31.25
2019-09-10 23:00:00,30.23
2019-09-11 00:00:00,28.29
2019-09-11 01:00:00,24.36
2019-09-11 02:00:00,17.35
2019-09-11 03:00:00,22.91
2019-09-11 04:00:00,33.75
2019-09-11 05:00:00,42.57
2019-09-11 06:00:00,43.25
2019-09-11 07:00:00,39.82
2019-09-11 08:00:00,36.29
2019-09-11 09:00:00,33.94
2019-09-11 10:00:00,32.07
2019-09-11 11:00:00,28.79
2019-09-11 12:00:00,28.68
2019-09-11 13:00:00,30.02
2019-09-11 14:00:00,29.33
2019-09-11 15:00:00,33.06
2019-09-11 16:00:00,37.34
2019-09-11 17:00:00,39.67
2019-09-11 18:00:00,41.1
2019-09-11 19:00:00,38.37
2019-09-11 20:00:00,33.04
2019-09-11 21:00:00,31.54
2019-09-11 22:00:00,27.88
2019-09-11 23:00:00,27.21
2019-09-12 00:00:00,27.53
2019-09-12 01:00:00,26.07
2019-09-12 02:00:00,26.56
2019-09-12 03:00:00,29.13
2019-09-12 04:00:00,41.51
2019-09-12 05:00:00,47.65
2019-09-12 06:00:00,52.73
2019-09-12 07:00:00,47.96
2019-09-12 08:00:00,43.93
2019-09-12 09:00:00,41.97
2019-09-12 10:00:00,40.99
2019-09-12 11:00:00,35.28
2019-09-12 12:00:00,32.68
2019-09-12 13:00:00,32.72
2019-09-12 14:00:00,32.75
2019-09-12 15:00:00,39.9
2019-09-12 16:00:00,42.0
2019-09-12 17:00:00,44.27
2019-09-12 18:00:00,44.17
2019-09-12 19:00:00,41.51
2019-09-12 20:00:00,38.05
2019-09-12 21:00:00,32.86
2019-09-12 22:00:00,30.05
2019-09-12 23:00:00,28.31
2019-09-13 00:00:00,27.11
2019-09-13 01:00:00,26.24
2019-09-13 02:00:00,27.05
2019-09-13 03:00:00,30.01
2019-09-13 04:00:00,40.01
2019-09-13 05:00:00,43.98
2019-09-13 06:00:00,45.72
2019-09-13 07:00:00,44.69
2019-09-13 08:00:00,43.65
2019-09-13 09:00:00,42.21
2019-09-13 10:00:00,41.12
2019-09-13 11:00:00,38.29
2019-09-13 12:00:00,37.11
2019-09-13 13:00:00,36.25
2019-09-13 14:00:00,37.53
2019-09-13 15:00:00,42.48
2019-09-13 16:00:00,46.13
2019-09-13 17:00:00,49.37
2019-09-13 18:00:00,49.0
2019-09-13 19:00:00,44.91
2019-09-13 20:00:00,42.02
2019-09-13 21:00:00,39.0
2019-09-13 22:00:00,39.7
2019-09-13 23:00:00,32.5
2019-09-14 00:00:00,32.07
2019-09-14 01:00:00,28.36
2019-09-14 02:00:00,22.33
2019-09-14 03:00:00,28.0
2019-09-14 04:00:00,31.12
2019-09-14 05:00:00,32.3
2019-09-14 06:00:00,35.81
2019-09-14 07:00:00,41.77
2019-09-14 08:00:00,36.49
2019-09-14 09:00:00,32.54
2019-09-14 10:00:00,31.28
2019-09-14 11:00:00,30.01
2019-09-14 12:00:00,28.03
2019-09-14 13:00:00,28.02
2019-09-14 14:00:00,30.0
2019-09-14 15:00:00,35.48
2019-09-14 16:00:00,42.42
2019-09-14 17:00:00,43.92
2019-09-14 18:00:00,47.99
2019-09-14 19:00:00,44.05
2019-09-14 20:00:00,40.95
2019-09-14 21:00:00,32.89
2019-09-14 22:00:00,33.08
2019-09-14 23:00:00,29.4
2019-09-15 00:00:00,25.35
2019-09-15 01:00:00,17.86
2019-09-15 02:00:00,16.41
2019-09-15 03:00:00,17.78
2019-09-15 04:00:00,21.98
2019-09-15 05:00:00,22.23
2019-09-15 06:00:00,25.67
2019-09-15 07:00:00,27.31
2019-09-15 08:00:00,26.15
2019-09-15 09:00:00,22.33
2019-09-15 10:00:00,22.67
2019-09-15 11:00:00,14.21
2019-09-15 12:00:00,11.63
2019-09-15 13:00:00,15.95
2019-09-15 14:00:00,26.77
2019-09-15 15:00:00,32.4
2019-09-15 16:00:00,41.75
2019-09-15 17:00:00,43.96
2019-09-15 18:00:00,48.9
2019-09-15 19:00:00,47.99
2019-09-15 20:00:00,45.91
2019-09-15 21:00:00,41.17
2019-09-15 22:00:00,32.45
2019-09-15 23:00:00,32.57
2019-09-16 00:00:00,32.09
2019-09-16 01:00:00,30.43
2019-09-16 02:00:00,30.92
2019-09-16 03:00:00,33.3
2019-09-16 04:00:00,46.44
2019-09-16 05:00:00,49.93
2019-09-16 06:00:00,59.69
2019-09-16 07:00:00,55.31
2019-09-16 08:00:00,50.79
2019-09-16 09:00:00,54.69
2019-09-16 10:00:00,50.0
2019-09-16 11:00:00,50.32
2019-09-16 12:00:00,49.39
2019-09-16 13:00:00,48.91
2019-09-16 14:00:00,48.11
2019-09-16 15:00:00,51.93
2019-09-16 16:00:00,56.67
2019-09-16 17:00:00,60.91
2019-09-16 18:00:00,60.16
2019-09-16 19:00:00,51.09
2019-09-16 20:00:00,47.99
2019-09-16 21:00:00,43.93
2019-09-16 22:00:00,36.88
2019-09-16 23:00:00,33.02
2019-09-17 00:00:00,30.91
2019-09-17 01:00:00,30.44
2019-09-17 02:00:00,30.55
2019-09-17 03:00:00,33.15
2019-09-17 04:00:00,45.9
2019-09-17 05:00:00,50.91
2019-09-17 06:00:00,52.03
2019-09-17 07:00:00,50.76
2019-09-17 08:00:00,50.36
2019-09-17 09:00:00,49.65
2019-09-17 10:00:00,45.44
2019-09-17 11:00:00,44.22
2019-09-17 12:00:00,44.78
2019-09-17 13:00:00,40.56
2019-09-17 14:00:00,39.84
2019-09-17 15:00:00,45.39
2019-09-17 16:00:00,50.51
2019-09-17 17:00:00,50.34
2019-09-17 18:00:00,50.9
2019-09-17 19:00:00,39.05
2019-09-17 20:00:00,41.96
2019-09-17 21:00:00,38.35
2019-09-17 22:00:00,27.53
2019-09-17 23:00:00,27.16
2019-09-18 00:00:00,27.0
2019-09-18 01:00:00,26.74
2019-09-18 02:00:00,27.7
2019-09-18 03:00:00,30.18
2019-09-18 04:00:00,39.77
2019-09-18 05:00:00,49.95
2019-09-18 06:00:00,51.22
2019-09-18 07:00:00,46.36
2019-09-18 08:00:00,45.59
2019-09-18 09:00:00,42.14
2019-09-18 10:00:00,38.52
2019-09-18 11:00:00,38.17
2019-09-18 12:00:00,34.1
2019-09-18 13:00:00,31.54
2019-09-18 14:00:00,30.83
2019-09-18 15:00:00,38.89
2019-09-18 16:00:00,48.29
2019-09-18 17:00:00,52.27
2019-09-18 18:00:00,53.17
2019-09-18 19:00:00,48.07
2019-09-18 20:00:00,45.19
2019-09-18 21:00:00,37.0
2019-09-18 22:00:00,33.34
2019-09-18 23:00:00,31.12
2019-09-19 00:00:00,30.72
2019-09-19 01:00:00,27.62
2019-09-19 02:00:00,31.15
2019-09-19 03:00:00,34.5
2019-09-19 04:00:00,48.73
2019-09-19 05:00:00,51.79
2019-09-19 06:00:00,54.0
2019-09-19 07:00:00,52.0
2019-09-19 08:00:00,50.19
2019-09-19 09:00:00,44.51
2019-09-19 10:00:00,37.99
2019-09-19 11:00:00,36.4
2019-09-19 12:00:00,36.1
2019-09-19 13:00:00,36.45
2019-09-19 14:00:00,38.88
2019-09-19 15:00:00,50.0
2019-09-19 16:00:00,52.2
2019-09-19 17:00:00,56.04
2019-09-19 18:00:00,56.24
2019-09-19 19:00:00,51.24
2019-09-19 20:00:00,48.09
2019-09-19 21:00:00,38.65
2019-09-19 22:00:00,37.37
2019-09-19 23:00:00,28.0
2019-09-20 00:00:00,25.06
2019-09-20 01:00:00,20.84
2019-09-20 02:00:00,22.12
2019-09-20 03:00:00,24.04
2019-09-20 04:00:00,42.5
2019-09-20 05:00:00,52.05
2019-09-20 06:00:00,60.73
2019-09-20 07:00:00,52.09
2019-09-20 08:00:00,49.48
2019-09-20 09:00:00,45.89
2019-09-20 10:00:00,43.96
2019-09-20 11:00:00,40.83
2019-09-20 12:00:00,37.92
2019-09-20 13:00:00,34.79
2019-09-20 14:00:00,35.86
2019-09-20 15:00:00,44.9
2019-09-20 16:00:00,47.77
2019-09-20 17:00:00,50.75
2019-09-20 18:00:00,51.1
2019-09-20 19:00:00,44.08
2019-09-20 20:00:00,40.44
2019-09-20 21:00:00,34.2
2019-09-20 22:00:00,33.07
2019-09-20 23:00:00,26.94
2019-09-21 00:00:00,22.91
2019-09-21 01:00:00,17.1
2019-09-21 02:00:00,15.79
2019-09-21 03:00:00,15.78
2019-09-21 04:00:00,19.29
2019-09-21 05:00:00,20.42
2019-09-21 06:00:00,27.89
2019-09-21 07:00:00,36.5
2019-09-21 08:00:00,31.27
2019-09-21 09:00:00,29.86
2019-09-21 10:00:00,28.38
2019-09-21 11:00:00,27.34
2019-09-21 12:00:00,26.7
2019-09-21 13:00:00,27.02
2019-09-21 14:00:00,26.33
2019-09-21 15:00:00,32.49
2019-09-21 16:00:00,37.47
2019-09-21 17:00:00,44.6
2019-09-21 18:00:00,46.32
2019-09-21 19:00:00,34.93
2019-09-21 20:00:00,33.1
2019-09-21 21:00:00,30.56
2019-09-21 22:00:00,27.62
2019-09-21 23:00:00,28.14
2019-09-22 00:00:00,19.9
2019-09-22 01:00:00,26.24
2019-09-22 02:00:00,13.59
2019-09-22 03:00:00,19.28
2019-09-22 04:00:00,19.56
2019-09-22 05:00:00,18.67
2019-09-22 06:00:00,26.0
2019-09-22 07:00:00,23.33
2019-09-22 08:00:00,26.24
2019-09-22 09:00:00,26.91
2019-09-22 10:00:00,26.58
2019-09-22 11:00:00,24.9
2019-09-22 12:00:00,25.05
2019-09-22 13:00:00,26.49
2019-09-22 14:00:00,27.27
2019-09-22 15:00:00,34.99
2019-09-22 16:00:00,39.01
2019-09-22 17:00:00,40.97
2019-09-22 18:00:00,38.5
2019-09-22 19:00:00,34.44
2019-09-22 20:00:00,33.4
2019-09-22 21:00:00,31.99
2019-09-22 22:00:00,27.66
2019-09-22 23:00:00,27.2
2019-09-23 00:00:00,27.38
2019-09-23 01:00:00,24.34
2019-09-23 02:00:00,22.63
2019-09-23 03:00:00,31.29
2019-09-23 04:00:00,38.64
2019-09-23 05:00:00,48.99
2019-09-23 06:00:00,50.0
2019-09-23 07:00:00,50.2
2019-09-23 08:00:00,49.99
2019-09-23 09:00:00,48.93
2019-09-23 10:00:00,48.0
2019-09-23 11:00:00,45.77
2019-09-23 12:00:00,43.0
2019-09-23 13:00:00,41.75
2019-09-23 14:00:00,41.41
2019-09-23 15:00:00,45.0
2019-09-23 16:00:00,48.61
2019-09-23 17:00:00,55.4
2019-09-23 18:00:00,52.48
2019-09-23 19:00:00,49.21
2019-09-23 20:00:00,42.85
2019-09-23 21:00:00,41.0
2019-09-23 22:00:00,32.47
2019-09-23 23:00:00,28.14
2019-09-24 00:00:00,24.24
2019-09-24 01:00:00,22.85
2019-09-24 02:00:00,19.97
2019-09-24 03:00:00,23.93
2019-09-24 04:00:00,39.07
2019-09-24 05:00:00,49.75
2019-09-24 06:00:00,50.01
2019-09-24 07:00:00,50.26
2019-09-24 08:00:00,49.2
2019-09-24 09:00:00,48.19
2019-09-24 10:00:00,44.97
2019-09-24 11:00:00,42.23
2019-09-24 12:00:00,40.01
2019-09-24 13:00:00,39.57
2019-09-24 14:00:00,39.91
2019-09-24 15:00:00,41.8
2019-09-24 16:00:00,47.57
2019-09-24 17:00:00,54.44
2019-09-24 18:00:00,53.34
2019-09-24 19:00:00,48.25
2019-09-24 20:00:00,41.02
2019-09-24 21:00:00,34.72
2019-09-24 22:00:00,34.27
2019-09-24 23:00:00,25.79
2019-09-25 00:00:00,24.12
2019-09-25 01:00:00,19.35
2019-09-25 02:00:00,16.01
2019-09-25 03:00:00,22.05
2019-09-25 04:00:00,31.99
2019-09-25 05:00:00,45.54
2019-09-25 06:00:00,49.36
2019-09-25 07:00:00,49.19
2019-09-25 08:00:00,49.11
2019-09-25 09:00:00,48.03
2019-09-25 10:00:00,48.88
2019-09-25 11:00:00,46.83
2019-09-25 12:00:00,44.16
2019-09-25 13:00:00,40.18
2019-09-25 14:00:00,40.89
2019-09-25 15:00:00,44.96
2019-09-25 16:00:00,46.99
2019-09-25 17:00:00,50.14
2019-09-25 18:00:00,51.74
2019-09-25 19:00:00,47.68
2019-09-25 20:00:00,41.83
2019-09-25 21:00:00,38.15
2019-09-25 22:00:00,41.11
2019-09-25 23:00:00,32.15
2019-09-26 00:00:00,28.07
2019-09-26 01:00:00,20.18
2019-09-26 02:00:00,20.91
2019-09-26 03:00:00,24.9
2019-09-26 04:00:00,39.77
2019-09-26 05:00:00,50.29
2019-09-26 06:00:00,51.51
2019-09-26 07:00:00,50.74
2019-09-26 08:00:00,49.84
2019-09-26 09:00:00,48.88
2019-09-26 10:00:00,46.27
2019-09-26 11:00:00,40.02
2019-09-26 12:00:00,34.87
2019-09-26 13:00:00,33.26
2019-09-26 14:00:00,33.49
2019-09-26 15:00:00,39.09
2019-09-26 16:00:00,45.75
2019-09-26 17:00:00,50.0
2019-09-26 18:00:00,50.94
2019-09-26 19:00:00,42.41
2019-09-26 20:00:00,37.47
2019-09-26 21:00:00,31.42
2019-09-26 22:00:00,29.05
2019-09-26 23:00:00,27.52
2019-09-27 00:00:00,26.76
2019-09-27 01:00:00,20.51
2019-09-27 02:00:00,17.95
2019-09-27 03:00:00,19.24
2019-09-27 04:00:00,40.03
2019-09-27 05:00:00,48.37
2019-09-27 06:00:00,50.31
2019-09-27 07:00:00,50.15
2019-09-27 08:00:00,49.55
2019-09-27 09:00:00,49.27
2019-09-27 10:00:00,45.98
2019-09-27 11:00:00,41.11
2019-09-27 12:00:00,37.08
2019-09-27 13:00:00,32.11
2019-09-27 14:00:00,32.9
2019-09-27 15:00:00,36.24
2019-09-27 16:00:00,42.99
2019-09-27 17:00:00,48.36
2019-09-27 18:00:00,47.49
2019-09-27 19:00:00,35.14
2019-09-27 20:00:00,35.52
2019-09-27 21:00:00,30.2
2019-09-27 22:00:00,26.5
2019-09-27 23:00:00,20.17
2019-09-28 00:00:00,21.79
2019-09-28 01:00:00,18.2
2019-09-28 02:00:00,14.86
2019-09-28 03:00:00,15.22
2019-09-28 04:00:00,23.5
2019-09-28 05:00:00,27.46
2019-09-28 06:00:00,33.2
2019-09-28 07:00:00,34.58
2019-09-28 08:00:00,31.83
2019-09-28 09:00:00,31.85
2019-09-28 10:00:00,34.94
2019-09-28 11:00:00,20.89
2019-09-28 12:00:00,13.63
2019-09-28 13:00:00,15.55
2019-09-28 14:00:00,24.0
2019-09-28 15:00:00,32.28
2019-09-28 16:00:00,38.19
2019-09-28 17:00:00,43.69
2019-09-28 18:00:00,41.59
2019-09-28 19:00:00,36.31
2019-09-28 20:00:00,41.54
2019-09-28 21:00:00,39.1
2019-09-28 22:00:00,24.44
2019-09-28 23:00:00,24.4
2019-09-29 00:00:00,18.31
2019-09-29 01:00:00,16.16
2019-09-29 02:00:00,15.01
2019-09-29 03:00:00,13.08
2019-09-29 04:00:00,18.11
2019-09-29 05:00:00,19.7
2019-09-29 06:00:00,22.48
2019-09-29 07:00:00,23.49
2019-09-29 08:00:00,18.13
2019-09-29 09:00:00,20.38
2019-09-29 10:00:00,15.01
2019-09-29 11:00:00,10.61
2019-09-29 12:00:00,1.79
2019-09-29 13:00:00,0.82
2019-09-29 14:00:00,6.3
2019-09-29 15:00:00,12.59
2019-09-29 16:00:00,19.54
2019-09-29 17:00:00,30.23
2019-09-29 18:00:00,29.08
2019-09-29 19:00:00,20.21
2019-09-29 20:00:00,21.8
2019-09-29 21:00:00,25.41
2019-09-29 22:00:00,14.81
2019-09-29 23:00:00,11.84
2019-09-30 00:00:00,10.2
2019-09-30 01:00:00,7.07
2019-09-30 02:00:00,7.55
2019-09-30 03:00:00,15.58
2019-09-30 04:00:00,32.66
2019-09-30 05:00:00,46.02
2019-09-30 06:00:00,46.46
2019-09-30 07:00:00,48.76
2019-09-30 08:00:00,47.97
2019-09-30 09:00:00,46.54
2019-09-30 10:00:00,45.02
2019-09-30 11:00:00,40.08
2019-09-30 12:00:00,36.91
2019-09-30 13:00:00,33.88
2019-09-30 14:00:00,40.3
2019-09-30 15:00:00,47.05
2019-09-30 16:00:00,51.13
2019-09-30 17:00:00,64.37
2019-09-30 18:00:00,57.34
2019-09-30 19:00:00,49.27
2019-09-30 20:00:00,44.58
2019-09-30 21:00:00,34.6
2019-09-30 22:00:00,33.09
2019-09-30 23:00:00,27.72
2019-10-01 00:00:00,23.12
2019-10-01 01:00:00,16.46
2019-10-01 02:00:00,15.66
2019-10-01 03:00:00,21.39
2019-10-01 04:00:00,38.51
2019-10-01 05:00:00,50.03
2019-10-01 06:00:00,50.97
2019-10-01 07:00:00,49.63
2019-10-01 08:00:00,46.86
2019-10-01 09:00:00,44.92
2019-10-01 10:00:00,42.17
2019-10-01 11:00:00,41.04
2019-10-01 12:00:00,39.49
2019-10-01 13:00:00,39.38
2019-10-01 14:00:00,42.88
2019-10-01 15:00:00,47.02
2019-10-01 16:00:00,50.16
2019-10-01 17:00:00,54.99
2019-10-01 18:00:00,52.92
2019-10-01 19:00:00,50.02
2019-10-01 20:00:00,45.06
2019-10-01 21:00:00,35.69
2019-10-01 22:00:00,33.49
2019-10-01 23:00:00,26.89
2019-10-02 00:00:00,23.38
2019-10-02 01:00:00,16.89
2019-10-02 02:00:00,14.68
2019-10-02 03:00:00,15.41
2019-10-02 04:00:00,35.0
2019-10-02 05:00:00,50.1
2019-10-02 06:00:00,52.0
2019-10-02 07:00:00,51.75
2019-10-02 08:00:00,50.0
2019-10-02 09:00:00,46.83
2019-10-02 10:00:00,44.16
2019-10-02 11:00:00,39.95
2019-10-02 12:00:00,36.38
2019-10-02 13:00:00,35.75
2019-10-02 14:00:00,36.01
2019-10-02 15:00:00,40.55
2019-10-02 16:00:00,48.01
2019-10-02 17:00:00,51.61
2019-10-02 18:00:00,51.28
2019-10-02 19:00:00,46.87
2019-10-02 20:00:00,43.39
2019-10-02 21:00:00,38.21
2019-10-02 22:00:00,26.61
2019-10-02 23:00:00,26.41
2019-10-03 00:00:00,25.3
2019-10-03 01:00:00,25.35
2019-10-03 02:00:00,26.43
2019-10-03 03:00:00,29.31
2019-10-03 04:00:00,35.32
2019-10-03 05:00:00,50.4
2019-10-03 06:00:00,50.12
2019-10-03 07:00:00,52.13
2019-10-03 08:00:00,50.02
2019-10-03 09:00:00,47.67
2019-10-03 10:00:00,43.93
2019-10-03 11:00:00,38.97
2019-10-03 12:00:00,36.74
2019-10-03 13:00:00,36.86
2019-10-03 14:00:00,40.4
2019-10-03 15:00:00,47.93
2019-10-03 16:00:00,51.23
2019-10-03 17:00:00,55.06
2019-10-03 18:00:00,53.53
2019-10-03 19:00:00,48.06
2019-10-03 20:00:00,45.59
2019-10-03 21:00:00,35.93
2019-10-03 22:00:00,37.49
2019-10-03 23:00:00,28.97
2019-10-04 00:00:00,24.52
2019-10-04 01:00:00,17.15
2019-10-04 02:00:00,12.25
2019-10-04 03:00:00,17.65
2019-10-04 04:00:00,39.32
2019-10-04 05:00:00,48.83
2019-10-04 06:00:00,50.06
2019-10-04 07:00:00,50.6
2019-10-04 08:00:00,49.42
2019-10-04 09:00:00,49.45
2019-10-04 10:00:00,49.41
2019-10-04 11:00:00,45.17
2019-10-04 12:00:00,41.88
2019-10-04 13:00:00,43.04
2019-10-04 14:00:00,38.78
2019-10-04 15:00:00,49.39
2019-10-04 16:00:00,50.27
2019-10-04 17:00:00,53.52
2019-10-04 18:00:00,49.22
2019-10-04 19:00:00,40.5
2019-10-04 20:00:00,35.87
2019-10-04 21:00:00,37.27
2019-10-04 22:00:00,32.97
2019-10-04 23:00:00,32.47
2019-10-05 00:00:00,29.28
2019-10-05 01:00:00,28.27
2019-10-05 02:00:00,27.52
2019-10-05 03:00:00,28.51
2019-10-05 04:00:00,29.3
2019-10-05 05:00:00,31.51
2019-10-05 06:00:00,37.03
2019-10-05 07:00:00,43.25
2019-10-05 08:00:00,39.96
2019-10-05 09:00:00,39.83
2019-10-05 10:00:00,39.42
2019-10-05 11:00:00,36.51
2019-10-05 12:00:00,35.24
2019-10-05 13:00:00,35.89
2019-10-05 14:00:00,38.05
2019-10-05 15:00:00,43.59
2019-10-05 16:00:00,48.11
2019-10-05 17:00:00,52.09
2019-10-05 18:00:00,49.75
2019-10-05 19:00:00,41.0
2019-10-05 20:00:00,40.0
2019-10-05 21:00:00,35.9
2019-10-05 22:00:00,34.22
2019-10-05 23:00:00,28.94
2019-10-06 00:00:00,27.43
2019-10-06 01:00:00,28.99
2019-10-06 02:00:00,27.0
2019-10-06 03:00:00,27.08
2019-10-06 04:00:00,27.1
2019-10-06 05:00:00,28.97
2019-10-06 06:00:00,28.43
2019-10-06 07:00:00,33.09
2019-10-06 08:00:00,34.37
2019-10-06 09:00:00,35.98
2019-10-06 10:00:00,34.33
2019-10-06 11:00:00,30.95
2019-10-06 12:00:00,28.03
2019-10-06 13:00:00,29.0
2019-10-06 14:00:00,28.92
2019-10-06 15:00:00,26.41
2019-10-06 16:00:00,38.09
2019-10-06 17:00:00,43.35
2019-10-06 18:00:00,38.41
2019-10-06 19:00:00,34.93
2019-10-06 20:00:00,35.36
2019-10-06 21:00:00,34.06
2019-10-06 22:00:00,28.99
2019-10-06 23:00:00,27.07
2019-10-07 00:00:00,27.0
2019-10-07 01:00:00,25.77
2019-10-07 02:00:00,24.91
2019-10-07 03:00:00,30.23
2019-10-07 04:00:00,47.54
2019-10-07 05:00:00,56.49
2019-10-07 06:00:00,59.86
2019-10-07 07:00:00,56.51
2019-10-07 08:00:00,53.08
2019-10-07 09:00:00,51.75
2019-10-07 10:00:00,49.91
2019-10-07 11:00:00,48.8
2019-10-07 12:00:00,47.57
2019-10-07 13:00:00,48.04
2019-10-07 14:00:00,48.78
2019-10-07 15:00:00,51.5
2019-10-07 16:00:00,54.91
2019-10-07 17:00:00,61.76
2019-10-07 18:00:00,54.81
2019-10-07 19:00:00,44.4
2019-10-07 20:00:00,41.01
2019-10-07 21:00:00,32.77
2019-10-07 22:00:00,30.64
2019-10-07 23:00:00,27.93
2019-10-08 00:00:00,25.0
2019-10-08 01:00:00,22.98
2019-10-08 02:00:00,20.71
2019-10-08 03:00:00,24.39
2019-10-08 04:00:00,30.52
2019-10-08 05:00:00,47.21
2019-10-08 06:00:00,49.8
2019-10-08 07:00:00,50.85
2019-10-08 08:00:00,49.13
2019-10-08 09:00:00,50.01
2019-10-08 10:00:00,49.07
2019-10-08 11:00:00,46.9
2019-10-08 12:00:00,43.53
2019-10-08 13:00:00,38.59
2019-10-08 14:00:00,36.43
2019-10-08 15:00:00,40.62
2019-10-08 16:00:00,45.69
2019-10-08 17:00:00,50.61
2019-10-08 18:00:00,48.76
2019-10-08 19:00:00,38.88
2019-10-08 20:00:00,40.26
2019-10-08 21:00:00,32.65
2019-10-08 22:00:00,24.47
2019-10-08 23:00:00,23.63
2019-10-09 00:00:00,22.25
2019-10-09 01:00:00,19.44
2019-10-09 02:00:00,21.92
2019-10-09 03:00:00,25.22
2019-10-09 04:00:00,31.47
2019-10-09 05:00:00,45.73
2019-10-09 06:00:00,48.41
2019-10-09 07:00:00,47.89
2019-10-09 08:00:00,47.63
2019-10-09 09:00:00,46.27
2019-10-09 10:00:00,39.47
2019-10-09 11:00:00,37.25
2019-10-09 12:00:00,36.15
2019-10-09 13:00:00,35.25
2019-10-09 14:00:00,33.49
2019-10-09 15:00:00,40.73
2019-10-09 16:00:00,45.21
2019-10-09 17:00:00,51.8
2019-10-09 18:00:00,45.94
2019-10-09 19:00:00,38.13
2019-10-09 20:00:00,34.2
2019-10-09 21:00:00,28.12
2019-10-09 22:00:00,23.88
2019-10-09 23:00:00,22.77
2019-10-10 00:00:00,21.61
2019-10-10 01:00:00,18.26
2019-10-10 02:00:00,18.82
2019-10-10 03:00:00,22.2
2019-10-10 04:00:00,34.73
2019-10-10 05:00:00,45.97
2019-10-10 06:00:00,48.01
2019-10-10 07:00:00,45.84
2019-10-10 08:00:00,44.01
2019-10-10 09:00:00,43.15
2019-10-10 10:00:00,37.78
2019-10-10 11:00:00,35.93
2019-10-10 12:00:00,34.06
2019-10-10 13:00:00,33.68
2019-10-10 14:00:00,29.37
2019-10-10 15:00:00,37.21
2019-10-10 16:00:00,43.61
2019-10-10 17:00:00,54.45
2019-10-10 18:00:00,48.01
2019-10-10 19:00:00,36.93
2019-10-10 20:00:00,35.07
2019-10-10 21:00:00,26.63
2019-10-10 22:00:00,24.25
2019-10-10 23:00:00,22.64
2019-10-11 00:00:00,17.65
2019-10-11 01:00:00,12.57
2019-10-11 02:00:00,14.54
2019-10-11 03:00:00,20.15
2019-10-11 04:00:00,25.91
2019-10-11 05:00:00,38.74
2019-10-11 06:00:00,43.05
2019-10-11 07:00:00,37.69
2019-10-11 08:00:00,34.1
2019-10-11 09:00:00,32.79
2019-10-11 10:00:00,30.6
2019-10-11 11:00:00,26.39
2019-10-11 12:00:00,23.95
2019-10-11 13:00:00,22.8
2019-10-11 14:00:00,23.95
2019-10-11 15:00:00,30.38
2019-10-11 16:00:00,33.65
2019-10-11 17:00:00,41.99
2019-10-11 18:00:00,36.1
2019-10-11 19:00:00,24.8
2019-10-11 20:00:00,24.24
2019-10-11 21:00:00,26.75
2019-10-11 22:00:00,14.19
2019-10-11 23:00:00,15.09
2019-10-12 00:00:00,9.44
2019-10-12 01:00:00,7.15
2019-10-12 02:00:00,10.34
2019-10-12 03:00:00,13.39
2019-10-12 04:00:00,21.4
2019-10-12 05:00:00,26.2
2019-10-12 06:00:00,24.53
2019-10-12 07:00:00,29.5
2019-10-12 08:00:00,28.54
2019-10-12 09:00:00,25.26
2019-10-12 10:00:00,24.51
2019-10-12 11:00:00,18.55
2019-10-12 12:00:00,25.12
2019-10-12 13:00:00,26.9
2019-10-12 14:00:00,30.0
2019-10-12 15:00:00,30.24
2019-10-12 16:00:00,36.25
2019-10-12 17:00:00,44.65
2019-10-12 18:00:00,40.13
2019-10-12 19:00:00,33.15
2019-10-12 20:00:00,33.59
2019-10-12 21:00:00,31.53
2019-10-12 22:00:00,31.44
2019-10-12 23:00:00,25.66
2019-10-13 00:00:00,24.05
2019-10-13 01:00:00,15.18
2019-10-13 02:00:00,11.32
2019-10-13 03:00:00,15.65
2019-10-13 04:00:00,11.27
2019-10-13 05:00:00,22.21
2019-10-13 06:00:00,27.85
2019-10-13 07:00:00,26.58
2019-10-13 08:00:00,25.1
2019-10-13 09:00:00,24.0
2019-10-13 10:00:00,23.08
2019-10-13 11:00:00,14.61
2019-10-13 12:00:00,8.52
2019-10-13 13:00:00,12.3
2019-10-13 14:00:00,21.29
2019-10-13 15:00:00,27.94
2019-10-13 16:00:00,30.0
2019-10-13 17:00:00,40.09
2019-10-13 18:00:00,41.24
2019-10-13 19:00:00,29.09
2019-10-13 20:00:00,33.69
2019-10-13 21:00:00,29.23
2019-10-13 22:00:00,32.46
2019-10-13 23:00:00,15.21
2019-10-14 00:00:00,16.56
2019-10-14 01:00:00,15.17
2019-10-14 02:00:00,16.0
2019-10-14 03:00:00,24.63
2019-10-14 04:00:00,36.06
2019-10-14 05:00:00,48.92
2019-10-14 06:00:00,50.24
2019-10-14 07:00:00,50.39
2019-10-14 08:00:00,49.58
2019-10-14 09:00:00,48.0
2019-10-14 10:00:00,45.25
2019-10-14 11:00:00,43.0
2019-10-14 12:00:00,39.5
2019-10-14 13:00:00,40.8
2019-10-14 14:00:00,39.99
2019-10-14 15:00:00,41.49
2019-10-14 16:00:00,50.09
2019-10-14 17:00:00,52.79
2019-10-14 18:00:00,48.93
2019-10-14 19:00:00,37.01
2019-10-14 20:00:00,33.36
2019-10-14 21:00:00,25.22
2019-10-14 22:00:00,26.0
2019-10-14 23:00:00,25.72
2019-10-15 00:00:00,25.0
2019-10-15 01:00:00,24.27
2019-10-15 02:00:00,25.0
2019-10-15 03:00:00,29.99
2019-10-15 04:00:00,40.61
2019-10-15 05:00:00,52.64
2019-10-15 06:00:00,55.21
2019-10-15 07:00:00,54.8
2019-10-15 08:00:00,51.76
2019-10-15 09:00:00,50.62
2019-10-15 10:00:00,47.9
2019-10-15 11:00:00,46.64
2019-10-15 12:00:00,44.58
2019-10-15 13:00:00,44.87
2019-10-15 14:00:00,45.33
2019-10-15 15:00:00,51.02
2019-10-15 16:00:00,58.33
2019-10-15 17:00:00,67.95
2019-10-15 18:00:00,55.29
2019-10-15 19:00:00,45.97
2019-10-15 20:00:00,40.76
2019-10-15 21:00:00,37.09
2019-10-15 22:00:00,34.81
2019-10-15 23:00:00,33.02
2019-10-16 00:00:00,29.25
2019-10-16 01:00:00,28.4
2019-10-16 02:00:00,28.23
2019-10-16 03:00:00,28.41
2019-10-16 04:00:00,38.68
2019-10-16 05:00:00,49.97
2019-10-16 06:00:00,51.3
2019-10-16 07:00:00,50.14
2019-10-16 08:00:00,46.99
2019-10-16 09:00:00,43.67
2019-10-16 10:00:00,40.57
2019-10-16 11:00:00,39.0
2019-10-16 12:00:00,36.34
2019-10-16 13:00:00,37.25
2019-10-16 14:00:00,38.11
2019-10-16 15:00:00,46.99
2019-10-16 16:00:00,50.07
2019-10-16 17:00:00,55.0
2019-10-16 18:00:00,55.05
2019-10-16 19:00:00,45.59
2019-10-16 20:00:00,44.06
2019-10-16 21:00:00,38.01
2019-10-16 22:00:00,29.02
2019-10-16 23:00:00,28.1
2019-10-17 00:00:00,26.6
2019-10-17 01:00:00,26.34
2019-10-17 02:00:00,28.43
2019-10-17 03:00:00,31.29
2019-10-17 04:00:00,41.94
2019-10-17 05:00:00,52.13
2019-10-17 06:00:00,54.42
2019-10-17 07:00:00,54.03
2019-10-17 08:00:00,53.0
2019-10-17 09:00:00,52.19
2019-10-17 10:00:00,48.7
2019-10-17 11:00:00,46.48
2019-10-17 12:00:00,45.04
2019-10-17 13:00:00,44.35
2019-10-17 14:00:00,46.42
2019-10-17 15:00:00,51.52
2019-10-17 16:00:00,56.62
2019-10-17 17:00:00,63.96
2019-10-17 18:00:00,54.5
2019-10-17 19:00:00,45.67
2019-10-17 20:00:00,40.74
2019-10-17 21:00:00,36.35
2019-10-17 22:00:00,33.15
2019-10-17 23:00:00,31.05
2019-10-18 00:00:00,28.31
2019-10-18 01:00:00,24.6
2019-10-18 02:00:00,20.69
2019-10-18 03:00:00,23.96
2019-10-18 04:00:00,38.2
2019-10-18 05:00:00,48.39
2019-10-18 06:00:00,51.46
2019-10-18 07:00:00,48.62
2019-10-18 08:00:00,46.04
2019-10-18 09:00:00,43.27
2019-10-18 10:00:00,45.94
2019-10-18 11:00:00,39.87
2019-10-18 12:00:00,36.09
2019-10-18 13:00:00,34.85
2019-10-18 14:00:00,34.45
2019-10-18 15:00:00,39.47
2019-10-18 16:00:00,46.61
2019-10-18 17:00:00,52.68
2019-10-18 18:00:00,51.83
2019-10-18 19:00:00,40.65
2019-10-18 20:00:00,40.82
2019-10-18 21:00:00,40.43
2019-10-18 22:00:00,27.04
2019-10-18 23:00:00,27.56
2019-10-19 00:00:00,25.4
2019-10-19 01:00:00,23.9
2019-10-19 02:00:00,24.2
2019-10-19 03:00:00,25.09
2019-10-19 04:00:00,26.89
2019-10-19 05:00:00,29.7
2019-10-19 06:00:00,33.0
2019-10-19 07:00:00,35.14
2019-10-19 08:00:00,36.0
2019-10-19 09:00:00,36.53
2019-10-19 10:00:00,35.2
2019-10-19 11:00:00,34.08
2019-10-19 12:00:00,33.3
2019-10-19 13:00:00,33.07
2019-10-19 14:00:00,35.04
2019-10-19 15:00:00,38.48
2019-10-19 16:00:00,44.08
2019-10-19 17:00:00,47.9
2019-10-19 18:00:00,39.19
2019-10-19 19:00:00,35.06
2019-10-19 20:00:00,35.05
2019-10-19 21:00:00,33.18
2019-10-19 22:00:00,29.99
2019-10-19 23:00:00,26.01
2019-10-20 00:00:00,27.01
2019-10-20 01:00:00,26.9
2019-10-20 02:00:00,26.51
2019-10-20 03:00:00,26.3
2019-10-20 04:00:00,27.03
2019-10-20 05:00:00,29.94
2019-10-20 06:00:00,31.74
2019-10-20 07:00:00,36.37
2019-10-20 08:00:00,37.47
2019-10-20 09:00:00,38.32
2019-10-20 10:00:00,37.9
2019-10-20 11:00:00,35.02
2019-10-20 12:00:00,31.04
2019-10-20 13:00:00,32.8
2019-10-20 14:00:00,35.73
2019-10-20 15:00:00,40.38
2019-10-20 16:00:00,47.58
2019-10-20 17:00:00,51.06
2019-10-20 18:00:00,47.1
2019-10-20 19:00:00,39.62
2019-10-20 20:00:00,38.09
2019-10-20 21:00:00,36.0
2019-10-20 22:00:00,30.34
2019-10-20 23:00:00,27.11
2019-10-21 00:00:00,26.28
2019-10-21 01:00:00,25.79
2019-10-21 02:00:00,25.7
2019-10-21 03:00:00,26.39
2019-10-21 04:00:00,38.01
2019-10-21 05:00:00,51.93
2019-10-21 06:00:00,52.43
2019-10-21 07:00:00,52.4
2019-10-21 08:00:00,51.8
2019-10-21 09:00:00,52.17
2019-10-21 10:00:00,47.23
2019-10-21 11:00:00,46.15
2019-10-21 12:00:00,45.21
2019-10-21 13:00:00,47.71
2019-10-21 14:00:00,50.03
2019-10-21 15:00:00,54.11
2019-10-21 16:00:00,58.02
2019-10-21 17:00:00,66.51
2019-10-21 18:00:00,59.88
2019-10-21 19:00:00,49.25
2019-10-21 20:00:00,46.98
2019-10-21 21:00:00,40.18
2019-10-21 22:00:00,40.97
2019-10-21 23:00:00,35.88
2019-10-22 00:00:00,34.64
2019-10-22 01:00:00,31.84
2019-10-22 02:00:00,33.32
2019-10-22 03:00:00,36.2
2019-10-22 04:00:00,46.99
2019-10-22 05:00:00,56.43
2019-10-22 06:00:00,61.3
2019-10-22 07:00:00,60.0
2019-10-22 08:00:00,55.49
2019-10-22 09:00:00,52.72
2019-10-22 10:00:00,48.75
2019-10-22 11:00:00,46.25
2019-10-22 12:00:00,45.51
2019-10-22 13:00:00,44.26
2019-10-22 14:00:00,46.24
2019-10-22 15:00:00,51.93
2019-10-22 16:00:00,60.0
2019-10-22 17:00:00,65.47
2019-10-22 18:00:00,54.82
2019-10-22 19:00:00,47.65
2019-10-22 20:00:00,43.78
2019-10-22 21:00:00,38.38
2019-10-22 22:00:00,35.78
2019-10-22 23:00:00,32.31
2019-10-23 00:00:00,31.36
2019-10-23 01:00:00,30.09
2019-10-23 02:00:00,30.39
2019-10-23 03:00:00,33.5
2019-10-23 04:00:00,40.7
2019-10-23 05:00:00,52.4
2019-10-23 06:00:00,59.77
2019-10-23 07:00:00,57.12
2019-10-23 08:00:00,54.11
2019-10-23 09:00:00,51.23
2019-10-23 10:00:00,47.25
2019-10-23 11:00:00,46.35
2019-10-23 12:00:00,46.29
2019-10-23 13:00:00,45.65
2019-10-23 14:00:00,45.87
2019-10-23 15:00:00,50.67
2019-10-23 16:00:00,53.49
2019-10-23 17:00:00,55.49
2019-10-23 18:00:00,52.24
2019-10-23 19:00:00,41.09
2019-10-23 20:00:00,38.53
2019-10-23 21:00:00,35.62
2019-10-23 22:00:00,33.66
2019-10-23 23:00:00,31.04
2019-10-24 00:00:00,30.02
2019-10-24 01:00:00,29.41
2019-10-24 02:00:00,30.06
2019-10-24 03:00:00,32.89
2019-10-24 04:00:00,39.55
2019-10-24 05:00:00,48.98
2019-10-24 06:00:00,54.11
2019-10-24 07:00:00,54.11
2019-10-24 08:00:00,51.08
2019-10-24 09:00:00,46.93
2019-10-24 10:00:00,44.36
2019-10-24 11:00:00,40.67
2019-10-24 12:00:00,38.0
2019-10-24 13:00:00,36.78
2019-10-24 14:00:00,37.34
2019-10-24 15:00:00,39.9
2019-10-24 16:00:00,43.59
2019-10-24 17:00:00,50.26
2019-10-24 18:00:00,35.93
2019-10-24 19:00:00,30.07
2019-10-24 20:00:00,30.9
2019-10-24 21:00:00,31.1
2019-10-24 22:00:00,30.95
2019-10-24 23:00:00,25.27
2019-10-25 00:00:00,25.2
2019-10-25 01:00:00,24.42
2019-10-25 02:00:00,25.2
2019-10-25 03:00:00,28.22
2019-10-25 04:00:00,36.06
2019-10-25 05:00:00,47.9
2019-10-25 06:00:00,51.89
2019-10-25 07:00:00,51.24
2019-10-25 08:00:00,44.49
2019-10-25 09:00:00,42.92
2019-10-25 10:00:00,40.98
2019-10-25 11:00:00,38.02
2019-10-25 12:00:00,34.78
2019-10-25 13:00:00,35.33
2019-10-25 14:00:00,36.92
2019-10-25 15:00:00,43.83
2019-10-25 16:00:00,48.11
2019-10-25 17:00:00,51.09
2019-10-25 18:00:00,43.04
2019-10-25 19:00:00,36.66
2019-10-25 20:00:00,40.34
2019-10-25 21:00:00,37.29
2019-10-25 22:00:00,28.98
2019-10-25 23:00:00,24.58
2019-10-26 00:00:00,22.62
2019-10-26 01:00:00,18.67
2019-10-26 02:00:00,13.84
2019-10-26 03:00:00,21.15
2019-10-26 04:00:00,22.1
2019-10-26 05:00:00,28.24
2019-10-26 06:00:00,32.14
2019-10-26 07:00:00,31.41
2019-10-26 08:00:00,26.42
2019-10-26 09:00:00,23.42
2019-10-26 10:00:00,30.47
2019-10-26 11:00:00,24.13
2019-10-26 12:00:00,15.95
2019-10-26 13:00:00,22.32
2019-10-26 14:00:00,25.91
2019-10-26 15:00:00,30.02
2019-10-26 16:00:00,36.87
2019-10-26 17:00:00,37.37
2019-10-26 18:00:00,29.37
2019-10-26 19:00:00,26.76
2019-10-26 20:00:00,27.99
2019-10-26 21:00:00,27.0
2019-10-26 22:00:00,29.62
2019-10-26 23:00:00,27.3
2019-10-27 00:00:00,27.3
2019-10-27 01:00:00,11.58
2019-10-27 02:00:00,14.03
2019-10-27 03:00:00,12.9
2019-10-27 04:00:00,18.37
2019-10-27 05:00:00,21.04
2019-10-27 06:00:00,26.26
2019-10-27 07:00:00,29.04
2019-10-27 08:00:00,30.11
2019-10-27 09:00:00,33.68
2019-10-27 10:00:00,32.34
2019-10-27 11:00:00,35.17
2019-10-27 12:00:00,32.61
2019-10-27 13:00:00,28.0
2019-10-27 14:00:00,31.1
2019-10-27 15:00:00,36.3
2019-10-27 16:00:00,44.44
2019-10-27 17:00:00,49.34
2019-10-27 18:00:00,55.52
2019-10-27 19:00:00,42.24
2019-10-27 20:00:00,34.06
2019-10-27 21:00:00,40.0
2019-10-27 22:00:00,34.5
2019-10-27 23:00:00,32.42
2019-10-28 00:00:00,31.38
2019-10-28 01:00:00,30.0
2019-10-28 02:00:00,27.64
2019-10-28 03:00:00,27.93
2019-10-28 04:00:00,31.45
2019-10-28 05:00:00,41.44
2019-10-28 06:00:00,53.34
2019-10-28 07:00:00,55.49
2019-10-28 08:00:00,55.66
2019-10-28 09:00:00,54.8
2019-10-28 10:00:00,51.1
2019-10-28 11:00:00,52.28
2019-10-28 12:00:00,50.9
2019-10-28 13:00:00,53.0
2019-10-28 14:00:00,53.34
2019-10-28 15:00:00,54.99
2019-10-28 16:00:00,61.23
2019-10-28 17:00:00,63.62
2019-10-28 18:00:00,61.5
2019-10-28 19:00:00,58.0
2019-10-28 20:00:00,45.44
2019-10-28 21:00:00,41.25
2019-10-28 22:00:00,37.84
2019-10-28 23:00:00,37.18
2019-10-29 00:00:00,36.76
2019-10-29 01:00:00,35.83
2019-10-29 02:00:00,35.26
2019-10-29 03:00:00,35.17
2019-10-29 04:00:00,36.0
2019-10-29 05:00:00,43.26
2019-10-29 06:00:00,53.5
2019-10-29 07:00:00,55.81
2019-10-29 08:00:00,55.01
2019-10-29 09:00:00,52.94
2019-10-29 10:00:00,52.83
2019-10-29 11:00:00,49.77
2019-10-29 12:00:00,49.02
2019-10-29 13:00:00,52.3
2019-10-29 14:00:00,55.01
2019-10-29 15:00:00,57.2
2019-10-29 16:00:00,62.44
2019-10-29 17:00:00,66.18
2019-10-29 18:00:00,60.75
2019-10-29 19:00:00,54.01
2019-10-29 20:00:00,46.08
2019-10-29 21:00:00,42.34
2019-10-29 22:00:00,40.97
2019-10-29 23:00:00,38.46
2019-10-30 00:00:00,36.86
2019-10-30 01:00:00,36.14
2019-10-30 02:00:00,35.58
2019-10-30 03:00:00,36.15
2019-10-30 04:00:00,38.25
2019-10-30 05:00:00,46.67
2019-10-30 06:00:00,54.12
2019-10-30 07:00:00,57.6
2019-10-30 08:00:00,54.82
2019-10-30 09:00:00,55.07
2019-10-30 10:00:00,55.07
2019-10-30 11:00:00,55.0
2019-10-30 12:00:00,53.0
2019-10-30 13:00:00,53.68
2019-10-30 14:00:00,54.03
2019-10-30 15:00:00,56.17
2019-10-30 16:00:00,61.57
2019-10-30 17:00:00,66.7
2019-10-30 18:00:00,60.0
2019-10-30 19:00:00,55.0
2019-10-30 20:00:00,45.63
2019-10-30 21:00:00,44.0
2019-10-30 22:00:00,42.17
2019-10-30 23:00:00,38.48
2019-10-31 00:00:00,35.97
2019-10-31 01:00:00,33.97
2019-10-31 02:00:00,33.16
2019-10-31 03:00:00,32.54
2019-10-31 04:00:00,35.84
2019-10-31 05:00:00,42.69
2019-10-31 06:00:00,48.41
2019-10-31 07:00:00,55.5
2019-10-31 08:00:00,55.35
2019-10-31 09:00:00,50.0
2019-10-31 10:00:00,49.49
2019-10-31 11:00:00,48.48
2019-10-31 12:00:00,48.06
2019-10-31 13:00:00,48.1
2019-10-31 14:00:00,49.08
2019-10-31 15:00:00,51.08
2019-10-31 16:00:00,56.01
2019-10-31 17:00:00,61.18
2019-10-31 18:00:00,60.0
2019-10-31 19:00:00,55.82
2019-10-31 20:00:00,44.41
2019-10-31 21:00:00,42.0
2019-10-31 22:00:00,40.0
2019-10-31 23:00:00,35.94
2019-11-01 00:00:00,33.49
2019-11-01 01:00:00,28.99
2019-11-01 02:00:00,27.12
2019-11-01 03:00:00,26.17
2019-11-01 04:00:00,26.14
2019-11-01 05:00:00,29.1
2019-11-01 06:00:00,32.86
2019-11-01 07:00:00,33.0
2019-11-01 08:00:00,35.07
2019-11-01 09:00:00,33.01
2019-11-01 10:00:00,34.04
2019-11-01 11:00:00,35.9
2019-11-01 12:00:00,33.43
2019-11-01 13:00:00,31.5
2019-11-01 14:00:00,30.09
2019-11-01 15:00:00,30.0
2019-11-01 16:00:00,30.07
2019-11-01 17:00:00,38.08
2019-11-01 18:00:00,37.01
2019-11-01 19:00:00,31.98
2019-11-01 20:00:00,30.11
2019-11-01 21:00:00,30.49
2019-11-01 22:00:00,27.2
2019-11-01 23:00:00,27.31
2019-11-02 00:00:00,25.8
2019-11-02 01:00:00,24.78
2019-11-02 02:00:00,20.6
2019-11-02 03:00:00,18.99
2019-11-02 04:00:00,21.86
2019-11-02 05:00:00,24.47
2019-11-02 06:00:00,28.03
2019-11-02 07:00:00,29.34
2019-11-02 08:00:00,32.17
2019-11-02 09:00:00,31.04
2019-11-02 10:00:00,30.0
2019-11-02 11:00:00,29.6
2019-11-02 12:00:00,27.9
2019-11-02 13:00:00,26.89
2019-11-02 14:00:00,27.94
2019-11-02 15:00:00,30.0
2019-11-02 16:00:00,33.91
2019-11-02 17:00:00,39.44
2019-11-02 18:00:00,35.05
2019-11-02 19:00:00,32.06
2019-11-02 20:00:00,27.85
2019-11-02 21:00:00,28.81
2019-11-02 22:00:00,27.31
2019-11-02 23:00:00,16.45
2019-11-03 00:00:00,12.45
2019-11-03 01:00:00,9.81
2019-11-03 02:00:00,6.66
2019-11-03 03:00:00,7.13
2019-11-03 04:00:00,10.73
2019-11-03 05:00:00,13.6
2019-11-03 06:00:00,20.0
2019-11-03 07:00:00,24.2
2019-11-03 08:00:00,29.11
2019-11-03 09:00:00,27.96
2019-11-03 10:00:00,27.63
2019-11-03 11:00:00,37.76
2019-11-03 12:00:00,32.04
2019-11-03 13:00:00,27.75
2019-11-03 14:00:00,28.43
2019-11-03 15:00:00,28.9
2019-11-03 16:00:00,41.07
2019-11-03 17:00:00,42.83
2019-11-03 18:00:00,41.04
2019-11-03 19:00:00,38.29
2019-11-03 20:00:00,34.3
2019-11-03 21:00:00,31.37
2019-11-03 22:00:00,26.46
2019-11-03 23:00:00,26.68
2019-11-04 00:00:00,24.94
2019-11-04 01:00:00,22.51
2019-11-04 02:00:00,13.64
2019-11-04 03:00:00,11.32
2019-11-04 04:00:00,20.0
2019-11-04 05:00:00,35.5
2019-11-04 06:00:00,43.56
2019-11-04 07:00:00,45.35
2019-11-04 08:00:00,45.07
2019-11-04 09:00:00,43.97
2019-11-04 10:00:00,43.33
2019-11-04 11:00:00,41.71
2019-11-04 12:00:00,43.65
2019-11-04 13:00:00,44.39
2019-11-04 14:00:00,46.38
2019-11-04 15:00:00,45.38
2019-11-04 16:00:00,52.89
2019-11-04 17:00:00,52.92
2019-11-04 18:00:00,48.91
2019-11-04 19:00:00,44.21
2019-11-04 20:00:00,37.95
2019-11-04 21:00:00,35.5
2019-11-04 22:00:00,30.0
2019-11-04 23:00:00,26.5
2019-11-05 00:00:00,25.64
2019-11-05 01:00:00,25.97
2019-11-05 02:00:00,24.99
2019-11-05 03:00:00,26.04
2019-11-05 04:00:00,27.94
2019-11-05 05:00:00,38.92
2019-11-05 06:00:00,45.52
2019-11-05 07:00:00,47.97
2019-11-05 08:00:00,47.43
2019-11-05 09:00:00,47.98
2019-11-05 10:00:00,48.43
2019-11-05 11:00:00,46.96
2019-11-05 12:00:00,48.34
2019-11-05 13:00:00,49.91
2019-11-05 14:00:00,50.0
2019-11-05 15:00:00,50.04
2019-11-05 16:00:00,60.71
2019-11-05 17:00:00,62.89
2019-11-05 18:00:00,52.3
2019-11-05 19:00:00,47.56
2019-11-05 20:00:00,43.3
2019-11-05 21:00:00,41.21
2019-11-05 22:00:00,38.3
2019-11-05 23:00:00,36.97
2019-11-06 00:00:00,35.75
2019-11-06 01:00:00,34.27
2019-11-06 02:00:00,33.79
2019-11-06 03:00:00,34.45
2019-11-06 04:00:00,37.74
2019-11-06 05:00:00,45.63
2019-11-06 06:00:00,55.77
2019-11-06 07:00:00,57.77
2019-11-06 08:00:00,56.92
2019-11-06 09:00:00,56.8
2019-11-06 10:00:00,56.44
2019-11-06 11:00:00,54.42
2019-11-06 12:00:00,55.8
2019-11-06 13:00:00,57.28
2019-11-06 14:00:00,57.39
2019-11-06 15:00:00,60.71
2019-11-06 16:00:00,76.08
2019-11-06 17:00:00,87.12
2019-11-06 18:00:00,65.0
2019-11-06 19:00:00,54.47
2019-11-06 20:00:00,47.52
2019-11-06 21:00:00,44.59
2019-11-06 22:00:00,40.3
2019-11-06 23:00:00,39.07
2019-11-07 00:00:00,35.95
2019-11-07 01:00:00,33.4
2019-11-07 02:00:00,32.67
2019-11-07 03:00:00,32.11
2019-11-07 04:00:00,34.73
2019-11-07 05:00:00,41.25
2019-11-07 06:00:00,48.12
2019-11-07 07:00:00,51.29
2019-11-07 08:00:00,48.56
2019-11-07 09:00:00,47.54
2019-11-07 10:00:00,46.36
2019-11-07 11:00:00,43.91
2019-11-07 12:00:00,44.57
2019-11-07 13:00:00,45.61
2019-11-07 14:00:00,46.83
2019-11-07 15:00:00,48.68
2019-11-07 16:00:00,51.17
2019-11-07 17:00:00,54.99
2019-11-07 18:00:00,52.2
2019-11-07 19:00:00,45.27
2019-11-07 20:00:00,40.0
2019-11-07 21:00:00,41.09
2019-11-07 22:00:00,38.99
2019-11-07 23:00:00,36.94
2019-11-08 00:00:00,35.64
2019-11-08 01:00:00,32.07
2019-11-08 02:00:00,31.82
2019-11-08 03:00:00,33.19
2019-11-08 04:00:00,35.22
2019-11-08 05:00:00,45.22
2019-11-08 06:00:00,52.33
2019-11-08 07:00:00,54.32
2019-11-08 08:00:00,56.04
2019-11-08 09:00:00,55.2
2019-11-08 10:00:00,54.2
2019-11-08 11:00:00,52.44
2019-11-08 12:00:00,52.52
2019-11-08 13:00:00,53.01
2019-11-08 14:00:00,52.19
2019-11-08 15:00:00,54.3
2019-11-08 16:00:00,66.47
2019-11-08 17:00:00,65.0
2019-11-08 18:00:00,62.01
2019-11-08 19:00:00,49.39
2019-11-08 20:00:00,44.51
2019-11-08 21:00:00,44.58
2019-11-08 22:00:00,42.55
2019-11-08 23:00:00,42.63
2019-11-09 00:00:00,39.78
2019-11-09 01:00:00,38.81
2019-11-09 02:00:00,36.94
2019-11-09 03:00:00,36.2
2019-11-09 04:00:00,36.13
2019-11-09 05:00:00,39.57
2019-11-09 06:00:00,41.56
2019-11-09 07:00:00,42.02
2019-11-09 08:00:00,44.57
2019-11-09 09:00:00,44.15
2019-11-09 10:00:00,42.55
2019-11-09 11:00:00,41.42
2019-11-09 12:00:00,40.01
2019-11-09 13:00:00,39.96
2019-11-09 14:00:00,41.67
2019-11-09 15:00:00,43.81
2019-11-09 16:00:00,49.95
2019-11-09 17:00:00,51.0
2019-11-09 18:00:00,48.45
2019-11-09 19:00:00,42.75
2019-11-09 20:00:00,40.36
2019-11-09 21:00:00,39.66
2019-11-09 22:00:00,36.67
2019-11-09 23:00:00,37.57
2019-11-10 00:00:00,35.3
2019-11-10 01:00:00,35.13
2019-11-10 02:00:00,34.22
2019-11-10 03:00:00,33.86
2019-11-10 04:00:00,35.01
2019-11-10 05:00:00,35.6
2019-11-10 06:00:00,37.52
2019-11-10 07:00:00,37.52
2019-11-10 08:00:00,39.12
2019-11-10 09:00:00,38.4
2019-11-10 10:00:00,38.84
2019-11-10 11:00:00,40.1
2019-11-10 12:00:00,37.8
2019-11-10 13:00:00,39.68
2019-11-10 14:00:00,41.35
2019-11-10 15:00:00,46.41
2019-11-10 16:00:00,52.17
2019-11-10 17:00:00,53.09
2019-11-10 18:00:00,52.51
2019-11-10 19:00:00,51.01
2019-11-10 20:00:00,47.0
2019-11-10 21:00:00,44.39
2019-11-10 22:00:00,41.16
2019-11-10 23:00:00,41.83
2019-11-11 00:00:00,38.59
2019-11-11 01:00:00,36.2
2019-11-11 02:00:00,34.75
2019-11-11 03:00:00,34.8
2019-11-11 04:00:00,36.58
2019-11-11 05:00:00,42.49
2019-11-11 06:00:00,46.96
2019-11-11 07:00:00,51.0
2019-11-11 08:00:00,49.85
2019-11-11 09:00:00,48.0
2019-11-11 10:00:00,47.63
2019-11-11 11:00:00,47.57
2019-11-11 12:00:00,45.56
2019-11-11 13:00:00,43.66
2019-11-11 14:00:00,43.53
2019-11-11 15:00:00,44.23
2019-11-11 16:00:00,48.39
2019-11-11 17:00:00,51.24
2019-11-11 18:00:00,52.85
2019-11-11 19:00:00,50.25
2019-11-11 20:00:00,46.7
2019-11-11 21:00:00,45.16
2019-11-11 22:00:00,41.58
2019-11-11 23:00:00,37.57
2019-11-12 00:00:00,36.34
2019-11-12 01:00:00,34.9
2019-11-12 02:00:00,32.94
2019-11-12 03:00:00,32.53
2019-11-12 04:00:00,35.32
2019-11-12 05:00:00,42.41
2019-11-12 06:00:00,53.1
2019-11-12 07:00:00,55.21
2019-11-12 08:00:00,54.92
2019-11-12 09:00:00,53.46
2019-11-12 10:00:00,51.49
2019-11-12 11:00:00,50.52
2019-11-12 12:00:00,49.72
2019-11-12 13:00:00,49.46
2019-11-12 14:00:00,51.4
2019-11-12 15:00:00,51.2
2019-11-12 16:00:00,59.47
2019-11-12 17:00:00,64.43
2019-11-12 18:00:00,62.85
2019-11-12 19:00:00,57.43
2019-11-12 20:00:00,52.3
2019-11-12 21:00:00,49.03
2019-11-12 22:00:00,44.74
2019-11-12 23:00:00,42.92
2019-11-13 00:00:00,39.25
2019-11-13 01:00:00,37.95
2019-11-13 02:00:00,36.32
2019-11-13 03:00:00,36.82
2019-11-13 04:00:00,39.75
2019-11-13 05:00:00,49.54
2019-11-13 06:00:00,60.0
2019-11-13 07:00:00,71.19
2019-11-13 08:00:00,70.24
2019-11-13 09:00:00,68.25
2019-11-13 10:00:00,65.0
2019-11-13 11:00:00,62.38
2019-11-13 12:00:00,60.46
2019-11-13 13:00:00,60.0
2019-11-13 14:00:00,60.0
2019-11-13 15:00:00,63.51
2019-11-13 16:00:00,75.06
2019-11-13 17:00:00,80.64
2019-11-13 18:00:00,71.56
2019-11-13 19:00:00,57.11
2019-11-13 20:00:00,52.63
2019-11-13 21:00:00,49.57
2019-11-13 22:00:00,45.54
2019-11-13 23:00:00,39.6
2019-11-14 00:00:00,37.86
2019-11-14 01:00:00,36.51
2019-11-14 02:00:00,35.37
2019-11-14 03:00:00,35.77
2019-11-14 04:00:00,38.23
2019-11-14 05:00:00,46.88
2019-11-14 06:00:00,58.26
2019-11-14 07:00:00,60.5
2019-11-14 08:00:00,60.51
2019-11-14 09:00:00,56.8
2019-11-14 10:00:00,56.05
2019-11-14 11:00:00,53.58
2019-11-14 12:00:00,54.26
2019-11-14 13:00:00,55.41
2019-11-14 14:00:00,57.28
2019-11-14 15:00:00,58.92
2019-11-14 16:00:00,69.24
2019-11-14 17:00:00,78.32
2019-11-14 18:00:00,71.08
2019-11-14 19:00:00,58.51
2019-11-14 20:00:00,54.79
2019-11-14 21:00:00,51.69
2019-11-14 22:00:00,48.53
2019-11-14 23:00:00,46.2
2019-11-15 00:00:00,44.5
2019-11-15 01:00:00,42.03
2019-11-15 02:00:00,37.98
2019-11-15 03:00:00,37.57
2019-11-15 04:00:00,40.07
2019-11-15 05:00:00,50.83
2019-11-15 06:00:00,64.49
2019-11-15 07:00:00,72.36
2019-11-15 08:00:00,74.45
2019-11-15 09:00:00,71.13
2019-11-15 10:00:00,69.59
2019-11-15 11:00:00,70.06
2019-11-15 12:00:00,64.4
2019-11-15 13:00:00,63.09
2019-11-15 14:00:00,56.19
2019-11-15 15:00:00,59.17
2019-11-15 16:00:00,66.09
2019-11-15 17:00:00,73.47
2019-11-15 18:00:00,62.45
2019-11-15 19:00:00,58.0
2019-11-15 20:00:00,51.84
2019-11-15 21:00:00,52.39
2019-11-15 22:00:00,49.55
2019-11-15 23:00:00,45.67
2019-11-16 00:00:00,43.49
2019-11-16 01:00:00,40.08
2019-11-16 02:00:00,37.19
2019-11-16 03:00:00,37.32
2019-11-16 04:00:00,39.6
2019-11-16 05:00:00,40.14
2019-11-16 06:00:00,42.56
2019-11-16 07:00:00,43.66
2019-11-16 08:00:00,50.16
2019-11-16 09:00:00,50.9
2019-11-16 10:00:00,50.16
2019-11-16 11:00:00,49.27
2019-11-16 12:00:00,47.65
2019-11-16 13:00:00,42.96
2019-11-16 14:00:00,42.79
2019-11-16 15:00:00,45.79
2019-11-16 16:00:00,52.55
2019-11-16 17:00:00,57.8
2019-11-16 18:00:00,54.54
2019-11-16 19:00:00,51.79
2019-11-16 20:00:00,49.27
2019-11-16 21:00:00,48.87
2019-11-16 22:00:00,47.88
2019-11-16 23:00:00,45.07
2019-11-17 00:00:00,42.42
2019-11-17 01:00:00,39.81
2019-11-17 02:00:00,37.4
2019-11-17 03:00:00,36.3
2019-11-17 04:00:00,36.46
2019-11-17 05:00:00,36.5
2019-11-17 06:00:00,37.4
2019-11-17 07:00:00,38.56
2019-11-17 08:00:00,41.19
2019-11-17 09:00:00,43.12
2019-11-17 10:00:00,43.81
2019-11-17 11:00:00,44.08
2019-11-17 12:00:00,42.32
2019-11-17 13:00:00,41.0
2019-11-17 14:00:00,41.01
2019-11-17 15:00:00,43.01
2019-11-17 16:00:00,48.11
2019-11-17 17:00:00,52.75
2019-11-17 18:00:00,55.15
2019-11-17 19:00:00,52.79
2019-11-17 20:00:00,48.47
2019-11-17 21:00:00,47.62
2019-11-17 22:00:00,43.43
2019-11-17 23:00:00,43.28
2019-11-18 00:00:00,40.74
2019-11-18 01:00:00,39.69
2019-11-18 02:00:00,36.89
2019-11-18 03:00:00,35.68
2019-11-18 04:00:00,39.0
2019-11-18 05:00:00,49.84
2019-11-18 06:00:00,63.99
2019-11-18 07:00:00,64.93
2019-11-18 08:00:00,64.14
2019-11-18 09:00:00,61.3
2019-11-18 10:00:00,58.16
2019-11-18 11:00:00,57.27
2019-11-18 12:00:00,56.95
2019-11-18 13:00:00,59.06
2019-11-18 14:00:00,57.96
2019-11-18 15:00:00,59.58
2019-11-18 16:00:00,72.98
2019-11-18 17:00:00,85.0
2019-11-18 18:00:00,73.59
2019-11-18 19:00:00,62.55
2019-11-18 20:00:00,59.15
2019-11-18 21:00:00,54.54
2019-11-18 22:00:00,53.79
2019-11-18 23:00:00,51.52
2019-11-19 00:00:00,48.26
2019-11-19 01:00:00,45.91
2019-11-19 02:00:00,44.03
2019-11-19 03:00:00,43.73
2019-11-19 04:00:00,45.45
2019-11-19 05:00:00,56.12
2019-11-19 06:00:00,74.84
2019-11-19 07:00:00,76.4
2019-11-19 08:00:00,75.15
2019-11-19 09:00:00,72.4
2019-11-19 10:00:00,71.54
2019-11-19 11:00:00,66.83
2019-11-19 12:00:00,67.2
2019-11-19 13:00:00,67.0
2019-11-19 14:00:00,65.23
2019-11-19 15:00:00,70.43
2019-11-19 16:00:00,80.1
2019-11-19 17:00:00,99.1
2019-11-19 18:00:00,75.49
2019-11-19 19:00:00,64.85
2019-11-19 20:00:00,61.6
2019-11-19 21:00:00,59.63
2019-11-19 22:00:00,58.07
2019-11-19 23:00:00,56.94
2019-11-20 00:00:00,48.38
2019-11-20 01:00:00,45.71
2019-11-20 02:00:00,44.32
2019-11-20 03:00:00,42.4
2019-11-20 04:00:00,45.32
2019-11-20 05:00:00,55.52
2019-11-20 06:00:00,64.63
2019-11-20 07:00:00,79.26
2019-11-20 08:00:00,70.0
2019-11-20 09:00:00,63.63
2019-11-20 10:00:00,63.0
2019-11-20 11:00:00,62.22
2019-11-20 12:00:00,61.42
2019-11-20 13:00:00,59.82
2019-11-20 14:00:00,60.69
2019-11-20 15:00:00,64.34
2019-11-20 16:00:00,71.05
2019-11-20 17:00:00,70.34
2019-11-20 18:00:00,73.0
2019-11-20 19:00:00,61.78
2019-11-20 20:00:00,54.67
2019-11-20 21:00:00,54.91
2019-11-20 22:00:00,51.49
2019-11-20 23:00:00,47.88
2019-11-21 00:00:00,44.14
2019-11-21 01:00:00,42.68
2019-11-21 02:00:00,41.5
2019-11-21 03:00:00,41.0
2019-11-21 04:00:00,43.53
2019-11-21 05:00:00,51.17
2019-11-21 06:00:00,61.87
2019-11-21 07:00:00,70.32
2019-11-21 08:00:00,66.96
2019-11-21 09:00:00,64.38
2019-11-21 10:00:00,63.69
2019-11-21 11:00:00,60.56
2019-11-21 12:00:00,59.82
2019-11-21 13:00:00,59.09
2019-11-21 14:00:00,59.64
2019-11-21 15:00:00,61.69
2019-11-21 16:00:00,63.82
2019-11-21 17:00:00,67.22
2019-11-21 18:00:00,64.62
2019-11-21 19:00:00,61.09
2019-11-21 20:00:00,53.05
2019-11-21 21:00:00,52.01
2019-11-21 22:00:00,48.0
2019-11-21 23:00:00,48.64
2019-11-22 00:00:00,42.79
2019-11-22 01:00:00,39.1
2019-11-22 02:00:00,38.17
2019-11-22 03:00:00,35.88
2019-11-22 04:00:00,38.27
2019-11-22 05:00:00,47.59
2019-11-22 06:00:00,54.0
2019-11-22 07:00:00,54.44
2019-11-22 08:00:00,54.0
2019-11-22 09:00:00,54.08
2019-11-22 10:00:00,52.87
2019-11-22 11:00:00,51.8
2019-11-22 12:00:00,51.08
2019-11-22 13:00:00,49.03
2019-11-22 14:00:00,49.5
2019-11-22 15:00:00,49.04
2019-11-22 16:00:00,51.91
2019-11-22 17:00:00,51.38
2019-11-22 18:00:00,50.8
2019-11-22 19:00:00,48.39
2019-11-22 20:00:00,42.58
2019-11-22 21:00:00,44.22
2019-11-22 22:00:00,41.24
2019-11-22 23:00:00,35.47
2019-11-23 00:00:00,30.79
2019-11-23 01:00:00,29.07
2019-11-23 02:00:00,27.17
2019-11-23 03:00:00,25.16
2019-11-23 04:00:00,25.39
2019-11-23 05:00:00,29.11
2019-11-23 06:00:00,36.4
2019-11-23 07:00:00,37.72
2019-11-23 08:00:00,45.3
2019-11-23 09:00:00,45.0
2019-11-23 10:00:00,45.3
2019-11-23 11:00:00,46.3
2019-11-23 12:00:00,44.13
2019-11-23 13:00:00,40.0
2019-11-23 14:00:00,40.66
2019-11-23 15:00:00,45.23
2019-11-23 16:00:00,51.87
2019-11-23 17:00:00,52.12
2019-11-23 18:00:00,52.9
2019-11-23 19:00:00,50.44
2019-11-23 20:00:00,48.9
2019-11-23 21:00:00,47.15
2019-11-23 22:00:00,44.49
2019-11-23 23:00:00,42.65
2019-11-24 00:00:00,40.0
2019-11-24 01:00:00,35.29
2019-11-24 02:00:00,31.95
2019-11-24 03:00:00,30.0
2019-11-24 04:00:00,30.1
2019-11-24 05:00:00,32.77
2019-11-24 06:00:00,35.31
2019-11-24 07:00:00,35.54
2019-11-24 08:00:00,39.49
2019-11-24 09:00:00,44.12
2019-11-24 10:00:00,44.49
2019-11-24 11:00:00,45.32
2019-11-24 12:00:00,42.01
2019-11-24 13:00:00,40.05
2019-11-24 14:00:00,41.68
2019-11-24 15:00:00,45.01
2019-11-24 16:00:00,50.0
2019-11-24 17:00:00,51.77
2019-11-24 18:00:00,51.8
2019-11-24 19:00:00,49.96
2019-11-24 20:00:00,45.7
2019-11-24 21:00:00,44.64
2019-11-24 22:00:00,39.8
2019-11-24 23:00:00,38.19
2019-11-25 00:00:00,36.3
2019-11-25 01:00:00,36.02
2019-11-25 02:00:00,35.4
2019-11-25 03:00:00,35.38
2019-11-25 04:00:00,37.84
2019-11-25 05:00:00,50.0
2019-11-25 06:00:00,60.42
2019-11-25 07:00:00,58.37
2019-11-25 08:00:00,58.42
2019-11-25 09:00:00,57.3
2019-11-25 10:00:00,58.26
2019-11-25 11:00:00,58.77
2019-11-25 12:00:00,58.6
2019-11-25 13:00:00,57.05
2019-11-25 14:00:00,59.23
2019-11-25 15:00:00,58.4
2019-11-25 16:00:00,63.45
2019-11-25 17:00:00,59.36
2019-11-25 18:00:00,58.07
2019-11-25 19:00:00,53.93
2019-11-25 20:00:00,50.17
2019-11-25 21:00:00,47.3
2019-11-25 22:00:00,43.49
2019-11-25 23:00:00,39.07
2019-11-26 00:00:00,38.43
2019-11-26 01:00:00,36.2
2019-11-26 02:00:00,35.91
2019-11-26 03:00:00,35.98
2019-11-26 04:00:00,38.01
2019-11-26 05:00:00,45.21
2019-11-26 06:00:00,53.52
2019-11-26 07:00:00,54.79
2019-11-26 08:00:00,54.58
2019-11-26 09:00:00,54.79
2019-11-26 10:00:00,54.05
2019-11-26 11:00:00,52.91
2019-11-26 12:00:00,52.59
2019-11-26 13:00:00,52.99
2019-11-26 14:00:00,52.34
2019-11-26 15:00:00,52.43
2019-11-26 16:00:00,54.55
2019-11-26 17:00:00,54.52
2019-11-26 18:00:00,52.9
2019-11-26 19:00:00,47.51
2019-11-26 20:00:00,43.53
2019-11-26 21:00:00,42.28
2019-11-26 22:00:00,37.74
2019-11-26 23:00:00,36.2
2019-11-27 00:00:00,35.32
2019-11-27 01:00:00,32.84
2019-11-27 02:00:00,30.23
2019-11-27 03:00:00,31.65
2019-11-27 04:00:00,34.8
2019-11-27 05:00:00,41.94
2019-11-27 06:00:00,50.68
2019-11-27 07:00:00,50.54
2019-11-27 08:00:00,48.56
2019-11-27 09:00:00,45.33
2019-11-27 10:00:00,44.4
2019-11-27 11:00:00,44.12
2019-11-27 12:00:00,43.87
2019-11-27 13:00:00,43.67
2019-11-27 14:00:00,43.9
2019-11-27 15:00:00,44.4
2019-11-27 16:00:00,47.1
2019-11-27 17:00:00,49.99
2019-11-27 18:00:00,50.18
2019-11-27 19:00:00,46.01
2019-11-27 20:00:00,41.12
2019-11-27 21:00:00,41.5
2019-11-27 22:00:00,36.99
2019-11-27 23:00:00,31.73
2019-11-28 00:00:00,27.71
2019-11-28 01:00:00,19.39
2019-11-28 02:00:00,12.56
2019-11-28 03:00:00,16.87
2019-11-28 04:00:00,26.45
2019-11-28 05:00:00,35.92
2019-11-28 06:00:00,44.25
2019-11-28 07:00:00,46.51
2019-11-28 08:00:00,46.72
2019-11-28 09:00:00,45.09
2019-11-28 10:00:00,44.21
2019-11-28 11:00:00,43.99
2019-11-28 12:00:00,44.21
2019-11-28 13:00:00,43.21
2019-11-28 14:00:00,43.8
2019-11-28 15:00:00,44.8
2019-11-28 16:00:00,50.87
2019-11-28 17:00:00,54.0
2019-11-28 18:00:00,55.37
2019-11-28 19:00:00,51.9
2019-11-28 20:00:00,46.76
2019-11-28 21:00:00,45.03
2019-11-28 22:00:00,43.8
2019-11-28 23:00:00,40.12
2019-11-29 00:00:00,36.3
2019-11-29 01:00:00,33.17
2019-11-29 02:00:00,29.83
2019-11-29 03:00:00,33.5
2019-11-29 04:00:00,38.7
2019-11-29 05:00:00,46.31
2019-11-29 06:00:00,52.19
2019-11-29 07:00:00,53.01
2019-11-29 08:00:00,53.63
2019-11-29 09:00:00,52.64
2019-11-29 10:00:00,52.35
2019-11-29 11:00:00,50.53
2019-11-29 12:00:00,49.92
2019-11-29 13:00:00,50.17
2019-11-29 14:00:00,51.04
2019-11-29 15:00:00,52.14
2019-11-29 16:00:00,54.09
2019-11-29 17:00:00,56.53
2019-11-29 18:00:00,56.13
2019-11-29 19:00:00,53.05
2019-11-29 20:00:00,49.27
2019-11-29 21:00:00,48.0
2019-11-29 22:00:00,45.15
2019-11-29 23:00:00,43.0
2019-11-30 00:00:00,38.05
2019-11-30 01:00:00,36.22
2019-11-30 02:00:00,35.39
2019-11-30 03:00:00,35.39
2019-11-30 04:00:00,36.03
2019-11-30 05:00:00,36.56
2019-11-30 06:00:00,40.39
2019-11-30 07:00:00,42.29
2019-11-30 08:00:00,45.35
2019-11-30 09:00:00,44.0
2019-11-30 10:00:00,42.7
2019-11-30 11:00:00,41.5
2019-11-30 12:00:00,40.77
2019-11-30 13:00:00,41.14
2019-11-30 14:00:00,43.02
2019-11-30 15:00:00,46.04
2019-11-30 16:00:00,52.9
2019-11-30 17:00:00,53.1
2019-11-30 18:00:00,50.01
2019-11-30 19:00:00,47.35
2019-11-30 20:00:00,42.42
2019-11-30 21:00:00,41.94
2019-11-30 22:00:00,40.13
2019-11-30 23:00:00,38.55
2019-12-01 00:00:00,37.07
2019-12-01 01:00:00,36.26
2019-12-01 02:00:00,35.93
2019-12-01 03:00:00,35.86
2019-12-01 04:00:00,35.92
2019-12-01 05:00:00,36.13
2019-12-01 06:00:00,37.04
2019-12-01 07:00:00,38.74
2019-12-01 08:00:00,42.12
2019-12-01 09:00:00,44.77
2019-12-01 10:00:00,48.0
2019-12-01 11:00:00,48.15
2019-12-01 12:00:00,45.76
2019-12-01 13:00:00,44.7
2019-12-01 14:00:00,44.98
2019-12-01 15:00:00,47.79
2019-12-01 16:00:00,50.45
2019-12-01 17:00:00,52.4
2019-12-01 18:00:00,51.13
2019-12-01 19:00:00,50.0
2019-12-01 20:00:00,44.65
2019-12-01 21:00:00,46.13
2019-12-01 22:00:00,42.68
2019-12-01 23:00:00,42.7
2019-12-02 00:00:00,37.22
2019-12-02 01:00:00,35.4
2019-12-02 02:00:00,34.46
2019-12-02 03:00:00,35.4
2019-12-02 04:00:00,36.3
2019-12-02 05:00:00,44.88
2019-12-02 06:00:00,56.77
2019-12-02 07:00:00,60.01
2019-12-02 08:00:00,60.51
2019-12-02 09:00:00,59.38
2019-12-02 10:00:00,56.12
2019-12-02 11:00:00,53.45
2019-12-02 12:00:00,52.14
2019-12-02 13:00:00,51.66
2019-12-02 14:00:00,53.09
2019-12-02 15:00:00,57.43
2019-12-02 16:00:00,67.64
2019-12-02 17:00:00,65.78
2019-12-02 18:00:00,62.62
2019-12-02 19:00:00,55.66
2019-12-02 20:00:00,49.33
2019-12-02 21:00:00,49.77
2019-12-02 22:00:00,45.82
2019-12-02 23:00:00,44.87
2019-12-03 00:00:00,41.68
2019-12-03 01:00:00,40.45
2019-12-03 02:00:00,38.75
2019-12-03 03:00:00,39.55
2019-12-03 04:00:00,43.11
2019-12-03 05:00:00,55.07
2019-12-03 06:00:00,67.28
2019-12-03 07:00:00,76.47
2019-12-03 08:00:00,71.5
2019-12-03 09:00:00,68.72
2019-12-03 10:00:00,63.08
2019-12-03 11:00:00,59.09
2019-12-03 12:00:00,56.25
2019-12-03 13:00:00,57.03
2019-12-03 14:00:00,58.0
2019-12-03 15:00:00,60.0
2019-12-03 16:00:00,70.5
2019-12-03 17:00:00,75.87
2019-12-03 18:00:00,73.38
2019-12-03 19:00:00,63.05
2019-12-03 20:00:00,58.24
2019-12-03 21:00:00,55.96
2019-12-03 22:00:00,50.38
2019-12-03 23:00:00,48.1
2019-12-04 00:00:00,45.4
2019-12-04 01:00:00,44.21
2019-12-04 02:00:00,42.02
2019-12-04 03:00:00,41.01
2019-12-04 04:00:00,44.94
2019-12-04 05:00:00,55.52
2019-12-04 06:00:00,67.8
2019-12-04 07:00:00,86.55
2019-12-04 08:00:00,75.0
2019-12-04 09:00:00,62.12
2019-12-04 10:00:00,61.56
2019-12-04 11:00:00,66.1
2019-12-04 12:00:00,56.63
2019-12-04 13:00:00,56.98
2019-12-04 14:00:00,58.3
2019-12-04 15:00:00,62.69
2019-12-04 16:00:00,75.15
2019-12-04 17:00:00,81.8
2019-12-04 18:00:00,78.08
2019-12-04 19:00:00,64.68
2019-12-04 20:00:00,54.11
2019-12-04 21:00:00,52.35
2019-12-04 22:00:00,48.71
2019-12-04 23:00:00,50.0
2019-12-05 00:00:00,45.56
2019-12-05 01:00:00,42.74
2019-12-05 02:00:00,39.54
2019-12-05 03:00:00,38.72
2019-12-05 04:00:00,43.11
2019-12-05 05:00:00,53.0
2019-12-05 06:00:00,69.97
2019-12-05 07:00:00,88.32
2019-12-05 08:00:00,67.45
2019-12-05 09:00:00,62.03
2019-12-05 10:00:00,60.57
2019-12-05 11:00:00,58.7
2019-12-05 12:00:00,58.0
2019-12-05 13:00:00,57.92
2019-12-05 14:00:00,58.74
2019-12-05 15:00:00,60.4
2019-12-05 16:00:00,71.71
2019-12-05 17:00:00,79.59
2019-12-05 18:00:00,68.89
2019-12-05 19:00:00,58.3
2019-12-05 20:00:00,53.05
2019-12-05 21:00:00,51.71
2019-12-05 22:00:00,50.0
2019-12-05 23:00:00,47.32
2019-12-06 00:00:00,44.11
2019-12-06 01:00:00,42.79
2019-12-06 02:00:00,41.76
2019-12-06 03:00:00,40.62
2019-12-06 04:00:00,41.79
2019-12-06 05:00:00,46.94
2019-12-06 06:00:00,53.38
2019-12-06 07:00:00,55.99
2019-12-06 08:00:00,56.16
2019-12-06 09:00:00,54.44
2019-12-06 10:00:00,53.12
2019-12-06 11:00:00,50.99
2019-12-06 12:00:00,48.31
2019-12-06 13:00:00,46.56
2019-12-06 14:00:00,44.0
2019-12-06 15:00:00,44.98
2019-12-06 16:00:00,51.39
2019-12-06 17:00:00,54.6
2019-12-06 18:00:00,54.49
2019-12-06 19:00:00,52.75
2019-12-06 20:00:00,47.96
2019-12-06 21:00:00,48.79
2019-12-06 22:00:00,47.54
2019-12-06 23:00:00,46.82
2019-12-07 00:00:00,45.86
2019-12-07 01:00:00,43.04
2019-12-07 02:00:00,38.81
2019-12-07 03:00:00,37.24
2019-12-07 04:00:00,38.73
2019-12-07 05:00:00,43.68
2019-12-07 06:00:00,47.44
2019-12-07 07:00:00,48.54
2019-12-07 08:00:00,50.21
2019-12-07 09:00:00,50.39
2019-12-07 10:00:00,49.71
2019-12-07 11:00:00,49.51
2019-12-07 12:00:00,48.23
2019-12-07 13:00:00,47.08
2019-12-07 14:00:00,44.69
2019-12-07 15:00:00,45.04
2019-12-07 16:00:00,48.8
2019-12-07 17:00:00,51.76
2019-12-07 18:00:00,50.23
2019-12-07 19:00:00,48.17
2019-12-07 20:00:00,40.89
2019-12-07 21:00:00,39.07
2019-12-07 22:00:00,43.5
2019-12-07 23:00:00,39.03
2019-12-08 00:00:00,35.46
2019-12-08 01:00:00,33.43
2019-12-08 02:00:00,13.59
2019-12-08 03:00:00,15.01
2019-12-08 04:00:00,13.05
2019-12-08 05:00:00,13.67
2019-12-08 06:00:00,12.63
2019-12-08 07:00:00,18.15
2019-12-08 08:00:00,30.09
2019-12-08 09:00:00,36.53
2019-12-08 10:00:00,37.17
2019-12-08 11:00:00,39.49
2019-12-08 12:00:00,37.07
2019-12-08 13:00:00,32.4
2019-12-08 14:00:00,29.78
2019-12-08 15:00:00,28.69
2019-12-08 16:00:00,38.61
2019-12-08 17:00:00,46.74
2019-12-08 18:00:00,46.11
2019-12-08 19:00:00,44.36
2019-12-08 20:00:00,38.59
2019-12-08 21:00:00,40.83
2019-12-08 22:00:00,36.42
2019-12-08 23:00:00,23.33
2019-12-09 00:00:00,19.08
2019-12-09 01:00:00,14.28
2019-12-09 02:00:00,4.18
2019-12-09 03:00:00,0.42
2019-12-09 04:00:00,5.82
2019-12-09 05:00:00,33.6
2019-12-09 06:00:00,43.48
2019-12-09 07:00:00,45.44
2019-12-09 08:00:00,46.25
2019-12-09 09:00:00,45.64
2019-12-09 10:00:00,44.51
2019-12-09 11:00:00,43.06
2019-12-09 12:00:00,43.07
2019-12-09 13:00:00,41.58
2019-12-09 14:00:00,41.2
2019-12-09 15:00:00,43.56
2019-12-09 16:00:00,46.94
2019-12-09 17:00:00,52.17
2019-12-09 18:00:00,52.06
2019-12-09 19:00:00,50.17
2019-12-09 20:00:00,48.35
2019-12-09 21:00:00,47.27
2019-12-09 22:00:00,43.73
2019-12-09 23:00:00,42.67
2019-12-10 00:00:00,39.5
2019-12-10 01:00:00,37.0
2019-12-10 02:00:00,35.41
2019-12-10 03:00:00,35.45
2019-12-10 04:00:00,36.31
2019-12-10 05:00:00,46.11
2019-12-10 06:00:00,53.1
2019-12-10 07:00:00,56.38
2019-12-10 08:00:00,54.93
2019-12-10 09:00:00,51.0
2019-12-10 10:00:00,49.9
2019-12-10 11:00:00,47.34
2019-12-10 12:00:00,46.99
2019-12-10 13:00:00,46.94
2019-12-10 14:00:00,46.55
2019-12-10 15:00:00,46.67
2019-12-10 16:00:00,51.93
2019-12-10 17:00:00,53.48
2019-12-10 18:00:00,53.15
2019-12-10 19:00:00,50.02
2019-12-10 20:00:00,41.07
2019-12-10 21:00:00,39.38
2019-12-10 22:00:00,35.26
2019-12-10 23:00:00,32.0
2019-12-11 00:00:00,36.45
2019-12-11 01:00:00,34.09
2019-12-11 02:00:00,31.95
2019-12-11 03:00:00,31.98
2019-12-11 04:00:00,36.0
2019-12-11 05:00:00,41.11
2019-12-11 06:00:00,53.93
2019-12-11 07:00:00,54.5
2019-12-11 08:00:00,54.01
2019-12-11 09:00:00,53.79
2019-12-11 10:00:00,51.9
2019-12-11 11:00:00,52.0
2019-12-11 12:00:00,51.82
2019-12-11 13:00:00,51.29
2019-12-11 14:00:00,51.79
2019-12-11 15:00:00,52.86
2019-12-11 16:00:00,60.23
2019-12-11 17:00:00,56.36
2019-12-11 18:00:00,53.84
2019-12-11 19:00:00,50.05
2019-12-11 20:00:00,45.0
2019-12-11 21:00:00,42.24
2019-12-11 22:00:00,37.63
2019-12-11 23:00:00,37.0
2019-12-12 00:00:00,35.83
2019-12-12 01:00:00,35.02
2019-12-12 02:00:00,34.65
2019-12-12 03:00:00,35.18
2019-12-12 04:00:00,36.98
2019-12-12 05:00:00,49.0
2019-12-12 06:00:00,57.64
2019-12-12 07:00:00,61.6
2019-12-12 08:00:00,60.1
2019-12-12 09:00:00,54.39
2019-12-12 10:00:00,50.04
2019-12-12 11:00:00,49.14
2019-12-12 12:00:00,47.01
2019-12-12 13:00:00,47.29
2019-12-12 14:00:00,48.88
2019-12-12 15:00:00,47.76
2019-12-12 16:00:00,52.15
2019-12-12 17:00:00,48.25
2019-12-12 18:00:00,44.59
2019-12-12 19:00:00,41.78
2019-12-12 20:00:00,37.25
2019-12-12 21:00:00,36.71
2019-12-12 22:00:00,35.87
2019-12-12 23:00:00,31.61
2019-12-13 00:00:00,28.81
2019-12-13 01:00:00,26.95
2019-12-13 02:00:00,15.88
2019-12-13 03:00:00,17.11
2019-12-13 04:00:00,26.32
2019-12-13 05:00:00,32.83
2019-12-13 06:00:00,39.77
2019-12-13 07:00:00,45.0
2019-12-13 08:00:00,43.9
2019-12-13 09:00:00,40.82
2019-12-13 10:00:00,41.48
2019-12-13 11:00:00,42.97
2019-12-13 12:00:00,37.19
2019-12-13 13:00:00,35.35
2019-12-13 14:00:00,33.74
2019-12-13 15:00:00,35.09
2019-12-13 16:00:00,49.05
2019-12-13 17:00:00,46.65
2019-12-13 18:00:00,43.05
2019-12-13 19:00:00,38.58
2019-12-13 20:00:00,36.51
2019-12-13 21:00:00,35.04
2019-12-13 22:00:00,33.96
2019-12-13 23:00:00,34.39
2019-12-14 00:00:00,29.92
2019-12-14 01:00:00,28.47
2019-12-14 02:00:00,25.5
2019-12-14 03:00:00,21.92
2019-12-14 04:00:00,19.64
2019-12-14 05:00:00,21.08
2019-12-14 06:00:00,26.46
2019-12-14 07:00:00,31.97
2019-12-14 08:00:00,32.13
2019-12-14 09:00:00,30.75
2019-12-14 10:00:00,29.94
2019-12-14 11:00:00,29.32
2019-12-14 12:00:00,27.0
2019-12-14 13:00:00,26.75
2019-12-14 14:00:00,27.95
2019-12-14 15:00:00,28.1
2019-12-14 16:00:00,34.87
2019-12-14 17:00:00,36.99
2019-12-14 18:00:00,36.99
2019-12-14 19:00:00,32.48
2019-12-14 20:00:00,29.94
2019-12-14 21:00:00,29.79
2019-12-14 22:00:00,29.6
2019-12-14 23:00:00,26.2
2019-12-15 00:00:00,20.0
2019-12-15 01:00:00,10.93
2019-12-15 02:00:00,7.56
2019-12-15 03:00:00,5.41
2019-12-15 04:00:00,5.84
2019-12-15 05:00:00,7.57
2019-12-15 06:00:00,11.31
2019-12-15 07:00:00,15.97
2019-12-15 08:00:00,23.68
2019-12-15 09:00:00,28.03
2019-12-15 10:00:00,28.0
2019-12-15 11:00:00,30.1
2019-12-15 12:00:00,30.0
2019-12-15 13:00:00,29.19
2019-12-15 14:00:00,28.0
2019-12-15 15:00:00,30.71
2019-12-15 16:00:00,36.63
2019-12-15 17:00:00,42.88
2019-12-15 18:00:00,43.96
2019-12-15 19:00:00,38.17
2019-12-15 20:00:00,31.4
2019-12-15 21:00:00,33.11
2019-12-15 22:00:00,35.1
2019-12-15 23:00:00,39.53
2019-12-16 00:00:00,33.68
2019-12-16 01:00:00,30.91
2019-12-16 02:00:00,29.49
2019-12-16 03:00:00,29.19
2019-12-16 04:00:00,31.88
2019-12-16 05:00:00,39.27
2019-12-16 06:00:00,50.28
2019-12-16 07:00:00,47.45
2019-12-16 08:00:00,50.36
2019-12-16 09:00:00,50.98
2019-12-16 10:00:00,49.0
2019-12-16 11:00:00,44.61
2019-12-16 12:00:00,45.28
2019-12-16 13:00:00,46.54
2019-12-16 14:00:00,47.74
2019-12-16 15:00:00,50.02
2019-12-16 16:00:00,52.01
2019-12-16 17:00:00,51.96
2019-12-16 18:00:00,49.42
2019-12-16 19:00:00,44.97
2019-12-16 20:00:00,40.56
2019-12-16 21:00:00,38.26
2019-12-16 22:00:00,36.0
2019-12-16 23:00:00,32.71
2019-12-17 00:00:00,31.9
2019-12-17 01:00:00,30.5
2019-12-17 02:00:00,29.19
2019-12-17 03:00:00,29.4
2019-12-17 04:00:00,31.25
2019-12-17 05:00:00,35.74
2019-12-17 06:00:00,44.92
2019-12-17 07:00:00,49.5
2019-12-17 08:00:00,48.0
2019-12-17 09:00:00,48.5
2019-12-17 10:00:00,48.06
2019-12-17 11:00:00,47.01
2019-12-17 12:00:00,46.6
2019-12-17 13:00:00,45.23
2019-12-17 14:00:00,44.85
2019-12-17 15:00:00,46.0
2019-12-17 16:00:00,49.35
2019-12-17 17:00:00,56.27
2019-12-17 18:00:00,55.1
2019-12-17 19:00:00,49.43
2019-12-17 20:00:00,41.55
2019-12-17 21:00:00,43.49
2019-12-17 22:00:00,39.5
2019-12-17 23:00:00,37.01
2019-12-18 00:00:00,32.69
2019-12-18 01:00:00,29.67
2019-12-18 02:00:00,26.5
2019-12-18 03:00:00,28.39
2019-12-18 04:00:00,30.3
2019-12-18 05:00:00,36.59
2019-12-18 06:00:00,48.98
2019-12-18 07:00:00,51.4
2019-12-18 08:00:00,50.8
2019-12-18 09:00:00,49.69
2019-12-18 10:00:00,48.37
2019-12-18 11:00:00,46.63
2019-12-18 12:00:00,46.79
2019-12-18 13:00:00,47.84
2019-12-18 14:00:00,46.05
2019-12-18 15:00:00,46.29
2019-12-18 16:00:00,54.19
2019-12-18 17:00:00,51.0
2019-12-18 18:00:00,46.3
2019-12-18 19:00:00,43.85
2019-12-18 20:00:00,39.15
2019-12-18 21:00:00,35.9
2019-12-18 22:00:00,31.87
2019-12-18 23:00:00,15.0
2019-12-19 00:00:00,8.66
2019-12-19 01:00:00,6.41
2019-12-19 02:00:00,4.28
2019-12-19 03:00:00,2.27
2019-12-19 04:00:00,6.73
2019-12-19 05:00:00,29.87
2019-12-19 06:00:00,40.0
2019-12-19 07:00:00,42.95
2019-12-19 08:00:00,39.62
2019-12-19 09:00:00,37.78
2019-12-19 10:00:00,37.69
2019-12-19 11:00:00,36.87
2019-12-19 12:00:00,36.92
2019-12-19 13:00:00,35.33
2019-12-19 14:00:00,29.94
2019-12-19 15:00:00,27.88
2019-12-19 16:00:00,40.31
2019-12-19 17:00:00,39.91
2019-12-19 18:00:00,38.97
2019-12-19 19:00:00,35.67
2019-12-19 20:00:00,30.0
2019-12-19 21:00:00,26.21
2019-12-19 22:00:00,27.22
2019-12-19 23:00:00,26.56
2019-12-20 00:00:00,19.08
2019-12-20 01:00:00,7.09
2019-12-20 02:00:00,2.39
2019-12-20 03:00:00,1.76
2019-12-20 04:00:00,5.13
2019-12-20 05:00:00,26.92
2019-12-20 06:00:00,32.57
2019-12-20 07:00:00,35.4
2019-12-20 08:00:00,33.01
2019-12-20 09:00:00,30.67
2019-12-20 10:00:00,30.04
2019-12-20 11:00:00,28.17
2019-12-20 12:00:00,26.84
2019-12-20 13:00:00,27.0
2019-12-20 14:00:00,28.69
2019-12-20 15:00:00,33.51
2019-12-20 16:00:00,40.33
2019-12-20 17:00:00,37.8
2019-12-20 18:00:00,37.0
2019-12-20 19:00:00,34.01
2019-12-20 20:00:00,27.99
2019-12-20 21:00:00,28.37
2019-12-20 22:00:00,27.73
2019-12-20 23:00:00,18.11
2019-12-21 00:00:00,13.99
2019-12-21 01:00:00,10.0
2019-12-21 02:00:00,9.15
2019-12-21 03:00:00,7.82
2019-12-21 04:00:00,12.83
2019-12-21 05:00:00,21.36
2019-12-21 06:00:00,27.48
2019-12-21 07:00:00,29.57
2019-12-21 08:00:00,29.31
2019-12-21 09:00:00,19.8
2019-12-21 10:00:00,21.01
2019-12-21 11:00:00,18.9
2019-12-21 12:00:00,17.51
2019-12-21 13:00:00,14.41
2019-12-21 14:00:00,13.37
2019-12-21 15:00:00,13.45
2019-12-21 16:00:00,23.55
2019-12-21 17:00:00,37.76
2019-12-21 18:00:00,36.92
2019-12-21 19:00:00,21.74
2019-12-21 20:00:00,14.96
2019-12-21 21:00:00,27.8
2019-12-21 22:00:00,19.78
2019-12-21 23:00:00,18.43
2019-12-22 00:00:00,8.39
2019-12-22 01:00:00,9.0
2019-12-22 02:00:00,5.52
2019-12-22 03:00:00,4.25
2019-12-22 04:00:00,5.25
2019-12-22 05:00:00,6.86
2019-12-22 06:00:00,7.59
2019-12-22 07:00:00,8.97
2019-12-22 08:00:00,8.78
2019-12-22 09:00:00,9.58
2019-12-22 10:00:00,10.65
2019-12-22 11:00:00,20.17
2019-12-22 12:00:00,15.61
2019-12-22 13:00:00,13.76
2019-12-22 14:00:00,12.55
2019-12-22 15:00:00,8.3
2019-12-22 16:00:00,23.65
2019-12-22 17:00:00,34.16
2019-12-22 18:00:00,37.0
2019-12-22 19:00:00,16.02
2019-12-22 20:00:00,11.28
2019-12-22 21:00:00,16.56
2019-12-22 22:00:00,18.67
2019-12-22 23:00:00,8.51
2019-12-23 00:00:00,5.1
2019-12-23 01:00:00,2.3
2019-12-23 02:00:00,1.02
2019-12-23 03:00:00,1.0
2019-12-23 04:00:00,2.3
2019-12-23 05:00:00,22.84
2019-12-23 06:00:00,30.6
2019-12-23 07:00:00,35.84
2019-12-23 08:00:00,37.18
2019-12-23 09:00:00,36.8
2019-12-23 10:00:00,34.92
2019-12-23 11:00:00,33.26
2019-12-23 12:00:00,31.55
2019-12-23 13:00:00,35.9
2019-12-23 14:00:00,37.42
2019-12-23 15:00:00,37.18
2019-12-23 16:00:00,40.0
2019-12-23 17:00:00,40.93
2019-12-23 18:00:00,39.07
2019-12-23 19:00:00,35.98
2019-12-23 20:00:00,30.79
2019-12-23 21:00:00,28.51
2019-12-23 22:00:00,18.58
2019-12-23 23:00:00,7.0
2019-12-24 00:00:00,4.62
2019-12-24 01:00:00,2.3
2019-12-24 02:00:00,1.09
2019-12-24 03:00:00,-0.47
2019-12-24 04:00:00,2.9
2019-12-24 05:00:00,6.26
2019-12-24 06:00:00,15.13
2019-12-24 07:00:00,26.51
2019-12-24 08:00:00,31.24
2019-12-24 09:00:00,30.72
2019-12-24 10:00:00,25.68
2019-12-24 11:00:00,27.0
2019-12-24 12:00:00,27.55
2019-12-24 13:00:00,27.0
2019-12-24 14:00:00,26.97
2019-12-24 15:00:00,27.72
2019-12-24 16:00:00,33.41
2019-12-24 17:00:00,36.51
2019-12-24 18:00:00,34.03
2019-12-24 19:00:00,30.0
2019-12-24 20:00:00,28.93
2019-12-24 21:00:00,23.61
2019-12-24 22:00:00,20.99
2019-12-24 23:00:00,12.28
2019-12-25 00:00:00,9.99
2019-12-25 01:00:00,9.32
2019-12-25 02:00:00,5.37
2019-12-25 03:00:00,4.24
2019-12-25 04:00:00,4.0
2019-12-25 05:00:00,5.41
2019-12-25 06:00:00,6.87
2019-12-25 07:00:00,9.34
2019-12-25 08:00:00,9.99
2019-12-25 09:00:00,12.03
2019-12-25 10:00:00,11.78
2019-12-25 11:00:00,15.01
2019-12-25 12:00:00,12.03
2019-12-25 13:00:00,11.59
2019-12-25 14:00:00,9.99
2019-12-25 15:00:00,12.53
2019-12-25 16:00:00,14.99
2019-12-25 17:00:00,19.62
2019-12-25 18:00:00,29.37
2019-12-25 19:00:00,29.61
2019-12-25 20:00:00,30.0
2019-12-25 21:00:00,31.0
2019-12-25 22:00:00,32.09
2019-12-25 23:00:00,14.7
2019-12-26 00:00:00,10.58
2019-12-26 01:00:00,9.1
2019-12-26 02:00:00,4.86
2019-12-26 03:00:00,3.92
2019-12-26 04:00:00,5.1
2019-12-26 05:00:00,18.97
2019-12-26 06:00:00,22.8
2019-12-26 07:00:00,27.4
2019-12-26 08:00:00,32.51
2019-12-26 09:00:00,34.95
2019-12-26 10:00:00,32.51
2019-12-26 11:00:00,33.36
2019-12-26 12:00:00,29.92
2019-12-26 13:00:00,27.98
2019-12-26 14:00:00,26.94
2019-12-26 15:00:00,32.0
2019-12-26 16:00:00,39.0
2019-12-26 17:00:00,42.64
2019-12-26 18:00:00,40.92
2019-12-26 19:00:00,37.24
2019-12-26 20:00:00,32.03
2019-12-26 21:00:00,30.58
2019-12-26 22:00:00,28.7
2019-12-26 23:00:00,27.47
2019-12-27 00:00:00,25.0
2019-12-27 01:00:00,19.99
2019-12-27 02:00:00,19.73
2019-12-27 03:00:00,16.6
2019-12-27 04:00:00,20.5
2019-12-27 05:00:00,24.0
2019-12-27 06:00:00,29.57
2019-12-27 07:00:00,34.75
2019-12-27 08:00:00,38.09
2019-12-27 09:00:00,38.59
2019-12-27 10:00:00,38.09
2019-12-27 11:00:00,39.0
2019-12-27 12:00:00,37.52
2019-12-27 13:00:00,34.9
2019-12-27 14:00:00,32.51
2019-12-27 15:00:00,34.99
2019-12-27 16:00:00,40.01
2019-12-27 17:00:00,44.88
2019-12-27 18:00:00,43.99
2019-12-27 19:00:00,39.52
2019-12-27 20:00:00,36.67
2019-12-27 21:00:00,35.38
2019-12-27 22:00:00,33.57
2019-12-27 23:00:00,30.17
2019-12-28 00:00:00,29.5
2019-12-28 01:00:00,25.75
2019-12-28 02:00:00,23.0
2019-12-28 03:00:00,20.97
2019-12-28 04:00:00,20.72
2019-12-28 05:00:00,21.47
2019-12-28 06:00:00,23.0
2019-12-28 07:00:00,27.16
2019-12-28 08:00:00,34.75
2019-12-28 09:00:00,35.61
2019-12-28 10:00:00,35.05
2019-12-28 11:00:00,34.7
2019-12-28 12:00:00,32.27
2019-12-28 13:00:00,30.51
2019-12-28 14:00:00,26.48
2019-12-28 15:00:00,32.0
2019-12-28 16:00:00,40.79
2019-12-28 17:00:00,43.75
2019-12-28 18:00:00,43.29
2019-12-28 19:00:00,39.62
2019-12-28 20:00:00,35.39
2019-12-28 21:00:00,34.75
2019-12-28 22:00:00,30.17
2019-12-28 23:00:00,30.6
2019-12-29 00:00:00,28.1
2019-12-29 01:00:00,26.92
2019-12-29 02:00:00,22.85
2019-12-29 03:00:00,20.97
2019-12-29 04:00:00,21.31
2019-12-29 05:00:00,22.72
2019-12-29 06:00:00,25.1
2019-12-29 07:00:00,27.52
2019-12-29 08:00:00,30.04
2019-12-29 09:00:00,32.52
2019-12-29 10:00:00,32.51
2019-12-29 11:00:00,32.03
2019-12-29 12:00:00,30.61
2019-12-29 13:00:00,30.8
2019-12-29 14:00:00,31.39
2019-12-29 15:00:00,33.97
2019-12-29 16:00:00,41.0
2019-12-29 17:00:00,43.5
2019-12-29 18:00:00,43.5
2019-12-29 19:00:00,40.0
2019-12-29 20:00:00,34.9
2019-12-29 21:00:00,34.3
2019-12-29 22:00:00,28.94
2019-12-29 23:00:00,26.06
2019-12-30 00:00:00,23.46
2019-12-30 01:00:00,22.0
2019-12-30 02:00:00,15.07
2019-12-30 03:00:00,15.68
2019-12-30 04:00:00,21.7
2019-12-30 05:00:00,30.0
2019-12-30 06:00:00,38.0
2019-12-30 07:00:00,41.26
2019-12-30 08:00:00,42.42
2019-12-30 09:00:00,42.42
2019-12-30 10:00:00,40.98
2019-12-30 11:00:00,39.38
2019-12-30 12:00:00,37.73
2019-12-30 13:00:00,34.96
2019-12-30 14:00:00,35.16
2019-12-30 15:00:00,36.46
2019-12-30 16:00:00,43.59
2019-12-30 17:00:00,46.42
2019-12-30 18:00:00,47.82
2019-12-30 19:00:00,40.6
2019-12-30 20:00:00,36.77
2019-12-30 21:00:00,38.27
2019-12-30 22:00:00,37.55
2019-12-30 23:00:00,37.55
2019-12-31 00:00:00,34.22
2019-12-31 01:00:00,30.95
2019-12-31 02:00:00,29.8
2019-12-31 03:00:00,28.59
2019-12-31 04:00:00,30.95
2019-12-31 05:00:00,30.75
2019-12-31 06:00:00,37.01
2019-12-31 07:00:00,40.15
2019-12-31 08:00:00,42.15
2019-12-31 09:00:00,42.25
2019-12-31 10:00:00,39.53
2019-12-31 11:00:00,38.6
2019-12-31 12:00:00,37.9
2019-12-31 13:00:00,38.0
2019-12-31 14:00:00,39.58
2019-12-31 15:00:00,42.28
2019-12-31 16:00:00,46.06
2019-12-31 17:00:00,47.73
2019-12-31 18:00:00,46.0
2019-12-31 19:00:00,42.2
2019-12-31 20:00:00,39.74
2019-12-31 21:00:00,38.88
2019-12-31 22:00:00,37.37
2019-12-31 23:00:00,41.88
2020-01-01 00:00:00,38.6
2020-01-01 01:00:00,36.55
2020-01-01 02:00:00,32.32
2020-01-01 03:00:00,30.85
2020-01-01 04:00:00,30.14
2020-01-01 05:00:00,30.17
2020-01-01 06:00:00,30.0
2020-01-01 07:00:00,30.65
2020-01-01 08:00:00,30.65
2020-01-01 09:00:00,30.27
2020-01-01 10:00:00,30.34
2020-01-01 11:00:00,30.99
2020-01-01 12:00:00,30.04
2020-01-01 13:00:00,30.75
2020-01-01 14:00:00,32.11
2020-01-01 15:00:00,35.98
2020-01-01 16:00:00,40.4
2020-01-01 17:00:00,44.05
2020-01-01 18:00:00,46.16
2020-01-01 19:00:00,44.02
2020-01-01 20:00:00,40.68
2020-01-01 21:00:00,40.66
2020-01-01 22:00:00,36.69
2020-01-01 23:00:00,35.4
2020-01-02 00:00:00,31.98
2020-01-02 01:00:00,30.5
2020-01-02 02:00:00,28.79
2020-01-02 03:00:00,28.42
2020-01-02 04:00:00,28.75
2020-01-02 05:00:00,34.16
2020-01-02 06:00:00,42.07
2020-01-02 07:00:00,44.89
2020-01-02 08:00:00,45.26
2020-01-02 09:00:00,45.57
2020-01-02 10:00:00,45.09
2020-01-02 11:00:00,45.16
2020-01-02 12:00:00,44.9
2020-01-02 13:00:00,44.06
2020-01-02 14:00:00,43.94
2020-01-02 15:00:00,44.37
2020-01-02 16:00:00,46.05
2020-01-02 17:00:00,46.72
2020-01-02 18:00:00,46.11
2020-01-02 19:00:00,43.7
2020-01-02 20:00:00,34.76
2020-01-02 21:00:00,33.02
2020-01-02 22:00:00,33.39
2020-01-02 23:00:00,32.05
2020-01-03 00:00:00,30.75
2020-01-03 01:00:00,29.03
2020-01-03 02:00:00,24.96
2020-01-03 03:00:00,22.56
2020-01-03 04:00:00,26.16
2020-01-03 05:00:00,31.21
2020-01-03 06:00:00,36.73
2020-01-03 07:00:00,40.7
2020-01-03 08:00:00,44.18
2020-01-03 09:00:00,44.05
2020-01-03 10:00:00,41.92
2020-01-03 11:00:00,41.6
2020-01-03 12:00:00,39.23
2020-01-03 13:00:00,39.04
2020-01-03 14:00:00,38.41
2020-01-03 15:00:00,38.91
2020-01-03 16:00:00,43.51
2020-01-03 17:00:00,45.2
2020-01-03 18:00:00,45.15
2020-01-03 19:00:00,39.35
2020-01-03 20:00:00,32.34
2020-01-03 21:00:00,39.15
2020-01-03 22:00:00,37.85
2020-01-03 23:00:00,34.81
2020-01-04 00:00:00,32.05
2020-01-04 01:00:00,30.14
2020-01-04 02:00:00,28.55
2020-01-04 03:00:00,26.24
2020-01-04 04:00:00,27.55
2020-01-04 05:00:00,27.16
2020-01-04 06:00:00,28.79
2020-01-04 07:00:00,31.83
2020-01-04 08:00:00,36.67
2020-01-04 09:00:00,39.57
2020-01-04 10:00:00,36.11
2020-01-04 11:00:00,34.77
2020-01-04 12:00:00,32.07
2020-01-04 13:00:00,31.83
2020-01-04 14:00:00,31.95
2020-01-04 15:00:00,32.25
2020-01-04 16:00:00,41.81
2020-01-04 17:00:00,44.24
2020-01-04 18:00:00,44.0
2020-01-04 19:00:00,39.53
2020-01-04 20:00:00,34.46
2020-01-04 21:00:00,39.75
2020-01-04 22:00:00,37.95
2020-01-04 23:00:00,33.1
2020-01-05 00:00:00,32.28
2020-01-05 01:00:00,31.18
2020-01-05 02:00:00,30.1
2020-01-05 03:00:00,29.96
2020-01-05 04:00:00,29.88
2020-01-05 05:00:00,30.38
2020-01-05 06:00:00,31.15
2020-01-05 07:00:00,32.09
2020-01-05 08:00:00,34.27
2020-01-05 09:00:00,37.53
2020-01-05 10:00:00,38.99
2020-01-05 11:00:00,38.15
2020-01-05 12:00:00,35.37
2020-01-05 13:00:00,34.44
2020-01-05 14:00:00,36.1
2020-01-05 15:00:00,40.59
2020-01-05 16:00:00,44.68
2020-01-05 17:00:00,46.16
2020-01-05 18:00:00,45.64
2020-01-05 19:00:00,42.68
2020-01-05 20:00:00,37.26
2020-01-05 21:00:00,37.57
2020-01-05 22:00:00,35.54
2020-01-05 23:00:00,29.16
2020-01-06 00:00:00,29.0
2020-01-06 01:00:00,29.08
2020-01-06 02:00:00,27.72
2020-01-06 03:00:00,27.03
2020-01-06 04:00:00,28.98
2020-01-06 05:00:00,33.18
2020-01-06 06:00:00,43.13
2020-01-06 07:00:00,44.52
2020-01-06 08:00:00,44.96
2020-01-06 09:00:00,44.0
2020-01-06 10:00:00,42.46
2020-01-06 11:00:00,41.3
2020-01-06 12:00:00,40.51
2020-01-06 13:00:00,41.22
2020-01-06 14:00:00,43.28
2020-01-06 15:00:00,43.68
2020-01-06 16:00:00,47.9
2020-01-06 17:00:00,48.91
2020-01-06 18:00:00,49.01
2020-01-06 19:00:00,47.03
2020-01-06 20:00:00,40.41
2020-01-06 21:00:00,38.26
2020-01-06 22:00:00,35.91
2020-01-06 23:00:00,32.1
2020-01-07 00:00:00,31.07
2020-01-07 01:00:00,29.99
2020-01-07 02:00:00,29.05
2020-01-07 03:00:00,29.65
2020-01-07 04:00:00,31.79
2020-01-07 05:00:00,40.87
2020-01-07 06:00:00,49.01
2020-01-07 07:00:00,51.09
2020-01-07 08:00:00,51.12
2020-01-07 09:00:00,49.83
2020-01-07 10:00:00,49.16
2020-01-07 11:00:00,48.43
2020-01-07 12:00:00,47.99
2020-01-07 13:00:00,47.24
2020-01-07 14:00:00,45.48
2020-01-07 15:00:00,45.9
2020-01-07 16:00:00,47.96
2020-01-07 17:00:00,48.11
2020-01-07 18:00:00,49.05
2020-01-07 19:00:00,47.34
2020-01-07 20:00:00,35.31
2020-01-07 21:00:00,35.21
2020-01-07 22:00:00,34.52
2020-01-07 23:00:00,28.9
2020-01-08 00:00:00,27.28
2020-01-08 01:00:00,26.16
2020-01-08 02:00:00,20.86
2020-01-08 03:00:00,20.35
2020-01-08 04:00:00,28.52
2020-01-08 05:00:00,33.05
2020-01-08 06:00:00,41.17
2020-01-08 07:00:00,44.5
2020-01-08 08:00:00,43.9
2020-01-08 09:00:00,43.74
2020-01-08 10:00:00,43.76
2020-01-08 11:00:00,44.5
2020-01-08 12:00:00,44.95
2020-01-08 13:00:00,46.04
2020-01-08 14:00:00,46.33
2020-01-08 15:00:00,47.9
2020-01-08 16:00:00,53.53
2020-01-08 17:00:00,55.92
2020-01-08 18:00:00,54.94
2020-01-08 19:00:00,48.1
2020-01-08 20:00:00,44.92
2020-01-08 21:00:00,41.67
2020-01-08 22:00:00,39.41
2020-01-08 23:00:00,34.08
2020-01-09 00:00:00,32.2
2020-01-09 01:00:00,32.56
2020-01-09 02:00:00,30.42
2020-01-09 03:00:00,28.8
2020-01-09 04:00:00,28.87
2020-01-09 05:00:00,34.99
2020-01-09 06:00:00,46.16
2020-01-09 07:00:00,47.51
2020-01-09 08:00:00,45.68
2020-01-09 09:00:00,43.61
2020-01-09 10:00:00,40.17
2020-01-09 11:00:00,37.67
2020-01-09 12:00:00,34.04
2020-01-09 13:00:00,32.9
2020-01-09 14:00:00,32.54
2020-01-09 15:00:00,33.21
2020-01-09 16:00:00,42.85
2020-01-09 17:00:00,44.23
2020-01-09 18:00:00,41.6
2020-01-09 19:00:00,33.89
2020-01-09 20:00:00,31.34
2020-01-09 21:00:00,31.3
2020-01-09 22:00:00,30.12
2020-01-09 23:00:00,27.81
2020-01-10 00:00:00,27.62
2020-01-10 01:00:00,27.54
2020-01-10 02:00:00,26.47
2020-01-10 03:00:00,26.7
2020-01-10 04:00:00,28.2
2020-01-10 05:00:00,32.0
2020-01-10 06:00:00,43.66
2020-01-10 07:00:00,47.4
2020-01-10 08:00:00,47.92
2020-01-10 09:00:00,46.87
2020-01-10 10:00:00,44.2
2020-01-10 11:00:00,41.6
2020-01-10 12:00:00,38.01
2020-01-10 13:00:00,36.21
2020-01-10 14:00:00,36.27
2020-01-10 15:00:00,40.62
2020-01-10 16:00:00,47.3
2020-01-10 17:00:00,49.97
2020-01-10 18:00:00,47.36
2020-01-10 19:00:00,45.21
2020-01-10 20:00:00,41.56
2020-01-10 21:00:00,39.9
2020-01-10 22:00:00,33.12
2020-01-10 23:00:00,35.01
2020-01-11 00:00:00,34.0
2020-01-11 01:00:00,31.43
2020-01-11 02:00:00,29.14
2020-01-11 03:00:00,28.86
2020-01-11 04:00:00,28.43
2020-01-11 05:00:00,29.32
2020-01-11 06:00:00,31.32
2020-01-11 07:00:00,35.68
2020-01-11 08:00:00,40.0
2020-01-11 09:00:00,38.08
2020-01-11 10:00:00,37.9
2020-01-11 11:00:00,38.6
2020-01-11 12:00:00,33.06
2020-01-11 13:00:00,31.59
2020-01-11 14:00:00,32.51
2020-01-11 15:00:00,33.71
2020-01-11 16:00:00,41.05
2020-01-11 17:00:00,44.62
2020-01-11 18:00:00,44.65
2020-01-11 19:00:00,40.15
2020-01-11 20:00:00,29.38
2020-01-11 21:00:00,36.08
2020-01-11 22:00:00,39.13
2020-01-11 23:00:00,25.26
2020-01-12 00:00:00,23.53
2020-01-12 01:00:00,24.15
2020-01-12 02:00:00,20.65
2020-01-12 03:00:00,20.57
2020-01-12 04:00:00,21.04
2020-01-12 05:00:00,20.64
2020-01-12 06:00:00,29.6
2020-01-12 07:00:00,28.8
2020-01-12 08:00:00,27.47
2020-01-12 09:00:00,30.25
2020-01-12 10:00:00,28.93
2020-01-12 11:00:00,33.53
2020-01-12 12:00:00,26.72
2020-01-12 13:00:00,24.31
2020-01-12 14:00:00,25.33
2020-01-12 15:00:00,27.36
2020-01-12 16:00:00,33.73
2020-01-12 17:00:00,38.91
2020-01-12 18:00:00,40.87
2020-01-12 19:00:00,38.11
2020-01-12 20:00:00,30.38
2020-01-12 21:00:00,35.17
2020-01-12 22:00:00,37.81
2020-01-12 23:00:00,30.22
2020-01-13 00:00:00,26.98
2020-01-13 01:00:00,25.65
2020-01-13 02:00:00,25.03
2020-01-13 03:00:00,25.12
2020-01-13 04:00:00,27.74
2020-01-13 05:00:00,38.4
2020-01-13 06:00:00,48.64
2020-01-13 07:00:00,52.93
2020-01-13 08:00:00,49.89
2020-01-13 09:00:00,48.89
2020-01-13 10:00:00,47.2
2020-01-13 11:00:00,47.0
2020-01-13 12:00:00,45.95
2020-01-13 13:00:00,45.0
2020-01-13 14:00:00,42.97
2020-01-13 15:00:00,43.68
2020-01-13 16:00:00,46.81
2020-01-13 17:00:00,45.27
2020-01-13 18:00:00,42.57
2020-01-13 19:00:00,34.03
2020-01-13 20:00:00,29.23
2020-01-13 21:00:00,28.67
2020-01-13 22:00:00,26.76
2020-01-13 23:00:00,24.38
2020-01-14 00:00:00,19.53
2020-01-14 01:00:00,15.35
2020-01-14 02:00:00,9.38
2020-01-14 03:00:00,8.66
2020-01-14 04:00:00,17.29
2020-01-14 05:00:00,28.44
2020-01-14 06:00:00,36.73
2020-01-14 07:00:00,39.06
2020-01-14 08:00:00,39.11
2020-01-14 09:00:00,38.86
2020-01-14 10:00:00,39.06
2020-01-14 11:00:00,37.75
2020-01-14 12:00:00,35.46
2020-01-14 13:00:00,35.82
2020-01-14 14:00:00,32.99
2020-01-14 15:00:00,32.69
2020-01-14 16:00:00,38.77
2020-01-14 17:00:00,39.37
2020-01-14 18:00:00,39.25
2020-01-14 19:00:00,32.56
2020-01-14 20:00:00,31.1
2020-01-14 21:00:00,32.13
2020-01-14 22:00:00,29.55
2020-01-14 23:00:00,24.95
2020-01-15 00:00:00,19.36
2020-01-15 01:00:00,16.01
2020-01-15 02:00:00,11.09
2020-01-15 03:00:00,10.52
2020-01-15 04:00:00,19.15
2020-01-15 05:00:00,30.02
2020-01-15 06:00:00,38.53
2020-01-15 07:00:00,41.64
2020-01-15 08:00:00,39.54
2020-01-15 09:00:00,35.24
2020-01-15 10:00:00,34.06
2020-01-15 11:00:00,32.0
2020-01-15 12:00:00,31.27
2020-01-15 13:00:00,33.47
2020-01-15 14:00:00,34.46
2020-01-15 15:00:00,36.54
2020-01-15 16:00:00,43.32
2020-01-15 17:00:00,44.14
2020-01-15 18:00:00,44.25
2020-01-15 19:00:00,38.02
2020-01-15 20:00:00,33.4
2020-01-15 21:00:00,35.42
2020-01-15 22:00:00,32.39
2020-01-15 23:00:00,31.17
2020-01-16 00:00:00,31.18
2020-01-16 01:00:00,30.8
2020-01-16 02:00:00,29.9
2020-01-16 03:00:00,29.72
2020-01-16 04:00:00,31.1
2020-01-16 05:00:00,38.7
2020-01-16 06:00:00,45.42
2020-01-16 07:00:00,52.4
2020-01-16 08:00:00,47.0
2020-01-16 09:00:00,43.51
2020-01-16 10:00:00,42.1
2020-01-16 11:00:00,40.36
2020-01-16 12:00:00,40.08
2020-01-16 13:00:00,36.81
2020-01-16 14:00:00,32.49
2020-01-16 15:00:00,32.87
2020-01-16 16:00:00,40.84
2020-01-16 17:00:00,43.15
2020-01-16 18:00:00,40.45
2020-01-16 19:00:00,35.39
2020-01-16 20:00:00,31.14
2020-01-16 21:00:00,32.17
2020-01-16 22:00:00,32.68
2020-01-16 23:00:00,27.6
2020-01-17 00:00:00,27.42
2020-01-17 01:00:00,26.86
2020-01-17 02:00:00,25.71
2020-01-17 03:00:00,26.01
2020-01-17 04:00:00,27.97
2020-01-17 05:00:00,31.09
2020-01-17 06:00:00,40.25
2020-01-17 07:00:00,43.8
2020-01-17 08:00:00,43.19
2020-01-17 09:00:00,43.68
2020-01-17 10:00:00,42.72
2020-01-17 11:00:00,41.37
2020-01-17 12:00:00,39.98
2020-01-17 13:00:00,39.02
2020-01-17 14:00:00,39.11
2020-01-17 15:00:00,41.37
2020-01-17 16:00:00,43.98
2020-01-17 17:00:00,46.0
2020-01-17 18:00:00,44.66
2020-01-17 19:00:00,40.99
2020-01-17 20:00:00,33.9
2020-01-17 21:00:00,33.38
2020-01-17 22:00:00,33.0
2020-01-17 23:00:00,32.87
2020-01-18 00:00:00,29.73
2020-01-18 01:00:00,31.3
2020-01-18 02:00:00,26.45
2020-01-18 03:00:00,26.52
2020-01-18 04:00:00,27.05
2020-01-18 05:00:00,32.45
2020-01-18 06:00:00,33.21
2020-01-18 07:00:00,37.74
2020-01-18 08:00:00,38.92
2020-01-18 09:00:00,40.0
2020-01-18 10:00:00,39.3
2020-01-18 11:00:00,39.59
2020-01-18 12:00:00,37.86
2020-01-18 13:00:00,35.69
2020-01-18 14:00:00,35.69
2020-01-18 15:00:00,37.41
2020-01-18 16:00:00,41.3
2020-01-18 17:00:00,43.04
2020-01-18 18:00:00,41.91
2020-01-18 19:00:00,39.81
2020-01-18 20:00:00,35.13
2020-01-18 21:00:00,37.92
2020-01-18 22:00:00,35.69
2020-01-18 23:00:00,33.33
2020-01-19 00:00:00,30.98
2020-01-19 01:00:00,29.9
2020-01-19 02:00:00,28.79
2020-01-19 03:00:00,27.71
2020-01-19 04:00:00,27.26
2020-01-19 05:00:00,27.82
2020-01-19 06:00:00,30.03
2020-01-19 07:00:00,31.79
2020-01-19 08:00:00,35.2
2020-01-19 09:00:00,35.2
2020-01-19 10:00:00,34.47
2020-01-19 11:00:00,33.36
2020-01-19 12:00:00,29.9
2020-01-19 13:00:00,28.51
2020-01-19 14:00:00,29.12
2020-01-19 15:00:00,29.14
2020-01-19 16:00:00,33.55
2020-01-19 17:00:00,44.24
2020-01-19 18:00:00,43.89
2020-01-19 19:00:00,41.14
2020-01-19 20:00:00,36.74
2020-01-19 21:00:00,40.0
2020-01-19 22:00:00,36.15
2020-01-19 23:00:00,34.24
2020-01-20 00:00:00,34.01
2020-01-20 01:00:00,33.08
2020-01-20 02:00:00,32.1
2020-01-20 03:00:00,31.5
2020-01-20 04:00:00,34.12
2020-01-20 05:00:00,45.63
2020-01-20 06:00:00,52.77
2020-01-20 07:00:00,59.32
2020-01-20 08:00:00,57.01
2020-01-20 09:00:00,50.63
2020-01-20 10:00:00,48.17
2020-01-20 11:00:00,43.96
2020-01-20 12:00:00,43.02
2020-01-20 13:00:00,43.11
2020-01-20 14:00:00,44.7
2020-01-20 15:00:00,46.0
2020-01-20 16:00:00,55.91
2020-01-20 17:00:00,57.05
2020-01-20 18:00:00,54.02
2020-01-20 19:00:00,48.68
2020-01-20 20:00:00,44.35
2020-01-20 21:00:00,41.74
2020-01-20 22:00:00,39.61
2020-01-20 23:00:00,35.38
2020-01-21 00:00:00,34.92
2020-01-21 01:00:00,35.62
2020-01-21 02:00:00,34.34
2020-01-21 03:00:00,34.76
2020-01-21 04:00:00,36.46
2020-01-21 05:00:00,42.39
2020-01-21 06:00:00,50.91
2020-01-21 07:00:00,60.07
2020-01-21 08:00:00,58.68
2020-01-21 09:00:00,53.63
2020-01-21 10:00:00,52.0
2020-01-21 11:00:00,47.32
2020-01-21 12:00:00,45.63
2020-01-21 13:00:00,45.97
2020-01-21 14:00:00,47.71
2020-01-21 15:00:00,49.98
2020-01-21 16:00:00,57.62
2020-01-21 17:00:00,62.05
2020-01-21 18:00:00,57.6
2020-01-21 19:00:00,49.95
2020-01-21 20:00:00,46.03
2020-01-21 21:00:00,43.4
2020-01-21 22:00:00,42.08
2020-01-21 23:00:00,38.7
2020-01-22 00:00:00,36.67
2020-01-22 01:00:00,35.76
2020-01-22 02:00:00,33.85
2020-01-22 03:00:00,33.7
2020-01-22 04:00:00,35.04
2020-01-22 05:00:00,40.55
2020-01-22 06:00:00,49.26
2020-01-22 07:00:00,58.76
2020-01-22 08:00:00,60.89
2020-01-22 09:00:00,54.94
2020-01-22 10:00:00,53.32
2020-01-22 11:00:00,50.77
2020-01-22 12:00:00,49.97
2020-01-22 13:00:00,50.0
2020-01-22 14:00:00,52.4
2020-01-22 15:00:00,55.63
2020-01-22 16:00:00,62.07
2020-01-22 17:00:00,65.09
2020-01-22 18:00:00,59.58
2020-01-22 19:00:00,52.52
2020-01-22 20:00:00,47.01
2020-01-22 21:00:00,43.99
2020-01-22 22:00:00,41.2
2020-01-22 23:00:00,40.01
2020-01-23 00:00:00,39.06
2020-01-23 01:00:00,38.0
2020-01-23 02:00:00,36.24
2020-01-23 03:00:00,36.51
2020-01-23 04:00:00,41.62
2020-01-23 05:00:00,47.0
2020-01-23 06:00:00,58.74
2020-01-23 07:00:00,66.62
2020-01-23 08:00:00,64.86
2020-01-23 09:00:00,61.68
2020-01-23 10:00:00,57.42
2020-01-23 11:00:00,55.36
2020-01-23 12:00:00,53.68
2020-01-23 13:00:00,51.2
2020-01-23 14:00:00,53.54
2020-01-23 15:00:00,54.75
2020-01-23 16:00:00,62.35
2020-01-23 17:00:00,68.64
2020-01-23 18:00:00,60.4
2020-01-23 19:00:00,55.53
2020-01-23 20:00:00,47.16
2020-01-23 21:00:00,43.9
2020-01-23 22:00:00,42.6
2020-01-23 23:00:00,37.14
2020-01-24 00:00:00,40.82
2020-01-24 01:00:00,39.01
2020-01-24 02:00:00,36.92
2020-01-24 03:00:00,36.38
2020-01-24 04:00:00,36.66
2020-01-24 05:00:00,46.09
2020-01-24 06:00:00,58.29
2020-01-24 07:00:00,66.74
2020-01-24 08:00:00,65.0
2020-01-24 09:00:00,61.12
2020-01-24 10:00:00,58.84
2020-01-24 11:00:00,56.61
2020-01-24 12:00:00,53.29
2020-01-24 13:00:00,52.0
2020-01-24 14:00:00,53.06
2020-01-24 15:00:00,54.01
2020-01-24 16:00:00,60.79
2020-01-24 17:00:00,65.1
2020-01-24 18:00:00,59.97
2020-01-24 19:00:00,52.15
2020-01-24 20:00:00,45.1
2020-01-24 21:00:00,44.59
2020-01-24 22:00:00,42.51
2020-01-24 23:00:00,42.0
2020-01-25 00:00:00,40.48
2020-01-25 01:00:00,37.01
2020-01-25 02:00:00,35.14
2020-01-25 03:00:00,32.87
2020-01-25 04:00:00,32.84
2020-01-25 05:00:00,34.12
2020-01-25 06:00:00,37.1
2020-01-25 07:00:00,42.42
2020-01-25 08:00:00,44.97
2020-01-25 09:00:00,45.96
2020-01-25 10:00:00,44.89
2020-01-25 11:00:00,43.67
2020-01-25 12:00:00,41.14
2020-01-25 13:00:00,39.61
2020-01-25 14:00:00,41.29
2020-01-25 15:00:00,43.27
2020-01-25 16:00:00,46.25
2020-01-25 17:00:00,49.99
2020-01-25 18:00:00,45.84
2020-01-25 19:00:00,43.01
2020-01-25 20:00:00,38.25
2020-01-25 21:00:00,40.57
2020-01-25 22:00:00,36.58
2020-01-25 23:00:00,34.43
2020-01-26 00:00:00,34.19
2020-01-26 01:00:00,32.4
2020-01-26 02:00:00,29.84
2020-01-26 03:00:00,29.33
2020-01-26 04:00:00,28.74
2020-01-26 05:00:00,29.42
2020-01-26 06:00:00,29.6
2020-01-26 07:00:00,31.37
2020-01-26 08:00:00,35.65
2020-01-26 09:00:00,40.12
2020-01-26 10:00:00,41.35
2020-01-26 11:00:00,41.86
2020-01-26 12:00:00,38.23
2020-01-26 13:00:00,36.03
2020-01-26 14:00:00,34.56
2020-01-26 15:00:00,33.43
2020-01-26 16:00:00,39.99
2020-01-26 17:00:00,42.0
2020-01-26 18:00:00,44.42
2020-01-26 19:00:00,32.63
2020-01-26 20:00:00,29.12
2020-01-26 21:00:00,33.05
2020-01-26 22:00:00,30.6
2020-01-26 23:00:00,28.48
2020-01-27 00:00:00,28.14
2020-01-27 01:00:00,27.13
2020-01-27 02:00:00,23.56
2020-01-27 03:00:00,21.31
2020-01-27 04:00:00,26.91
2020-01-27 05:00:00,29.92
2020-01-27 06:00:00,42.2
2020-01-27 07:00:00,45.73
2020-01-27 08:00:00,45.5
2020-01-27 09:00:00,44.68
2020-01-27 10:00:00,43.19
2020-01-27 11:00:00,42.91
2020-01-27 12:00:00,43.54
2020-01-27 13:00:00,43.81
2020-01-27 14:00:00,45.13
2020-01-27 15:00:00,43.15
2020-01-27 16:00:00,47.08
2020-01-27 17:00:00,51.21
2020-01-27 18:00:00,47.12
2020-01-27 19:00:00,43.72
2020-01-27 20:00:00,40.25
2020-01-27 21:00:00,36.53
2020-01-27 22:00:00,33.01
2020-01-27 23:00:00,27.79
2020-01-28 00:00:00,26.84
2020-01-28 01:00:00,25.64
2020-01-28 02:00:00,24.99
2020-01-28 03:00:00,25.0
2020-01-28 04:00:00,26.32
2020-01-28 05:00:00,31.3
2020-01-28 06:00:00,41.94
2020-01-28 07:00:00,44.94
2020-01-28 08:00:00,44.33
2020-01-28 09:00:00,42.9
2020-01-28 10:00:00,41.85
2020-01-28 11:00:00,40.43
2020-01-28 12:00:00,37.97
2020-01-28 13:00:00,32.32
2020-01-28 14:00:00,30.92
2020-01-28 15:00:00,32.1
2020-01-28 16:00:00,40.48
2020-01-28 17:00:00,43.33
2020-01-28 18:00:00,43.86
2020-01-28 19:00:00,38.34
2020-01-28 20:00:00,28.78
2020-01-28 21:00:00,31.98
2020-01-28 22:00:00,30.69
2020-01-28 23:00:00,28.79
2020-01-29 00:00:00,28.74
2020-01-29 01:00:00,27.72
2020-01-29 02:00:00,21.66
2020-01-29 03:00:00,21.55
2020-01-29 04:00:00,27.23
2020-01-29 05:00:00,31.02
2020-01-29 06:00:00,42.03
2020-01-29 07:00:00,44.72
2020-01-29 08:00:00,43.71
2020-01-29 09:00:00,42.73
2020-01-29 10:00:00,42.71
2020-01-29 11:00:00,39.35
2020-01-29 12:00:00,37.18
2020-01-29 13:00:00,37.85
2020-01-29 14:00:00,37.94
2020-01-29 15:00:00,39.02
2020-01-29 16:00:00,42.79
2020-01-29 17:00:00,45.01
2020-01-29 18:00:00,45.1
2020-01-29 19:00:00,41.02
2020-01-29 20:00:00,33.63
2020-01-29 21:00:00,33.69
2020-01-29 22:00:00,33.41
2020-01-29 23:00:00,30.48
2020-01-30 00:00:00,27.65
2020-01-30 01:00:00,26.9
2020-01-30 02:00:00,26.2
2020-01-30 03:00:00,25.9
2020-01-30 04:00:00,27.01
2020-01-30 05:00:00,33.15
2020-01-30 06:00:00,44.27
2020-01-30 07:00:00,45.17
2020-01-30 08:00:00,45.29
2020-01-30 09:00:00,44.1
2020-01-30 10:00:00,43.04
2020-01-30 11:00:00,41.62
2020-01-30 12:00:00,40.08
2020-01-30 13:00:00,37.53
2020-01-30 14:00:00,35.51
2020-01-30 15:00:00,37.38
2020-01-30 16:00:00,39.7
2020-01-30 17:00:00,43.01
2020-01-30 18:00:00,41.1
2020-01-30 19:00:00,31.67
2020-01-30 20:00:00,29.4
2020-01-30 21:00:00,30.43
2020-01-30 22:00:00,29.28
2020-01-30 23:00:00,23.61
2020-01-31 00:00:00,17.42
2020-01-31 01:00:00,18.72
2020-01-31 02:00:00,16.38
2020-01-31 03:00:00,15.36
2020-01-31 04:00:00,19.32
2020-01-31 05:00:00,25.5
2020-01-31 06:00:00,37.94
2020-01-31 07:00:00,40.22
2020-01-31 08:00:00,40.56
2020-01-31 09:00:00,38.06
2020-01-31 10:00:00,37.95
2020-01-31 11:00:00,35.67
2020-01-31 12:00:00,31.61
2020-01-31 13:00:00,29.0
2020-01-31 14:00:00,30.07
2020-01-31 15:00:00,28.1
2020-01-31 16:00:00,33.78
2020-01-31 17:00:00,37.16
2020-01-31 18:00:00,35.2
2020-01-31 19:00:00,29.36
2020-01-31 20:00:00,26.98
2020-01-31 21:00:00,28.74
2020-01-31 22:00:00,24.12
2020-01-31 23:00:00,14.71
2020-02-01 00:00:00,11.62
2020-02-01 01:00:00,10.77
2020-02-01 02:00:00,4.59
2020-02-01 03:00:00,0.53
2020-02-01 04:00:00,2.53
2020-02-01 05:00:00,7.69
2020-02-01 06:00:00,12.27
2020-02-01 07:00:00,21.9
2020-02-01 08:00:00,25.33
2020-02-01 09:00:00,22.09
2020-02-01 10:00:00,24.09
2020-02-01 11:00:00,26.35
2020-02-01 12:00:00,24.61
2020-02-01 13:00:00,15.56
2020-02-01 14:00:00,13.5
2020-02-01 15:00:00,14.48
2020-02-01 16:00:00,19.93
2020-02-01 17:00:00,28.36
2020-02-01 18:00:00,31.12
2020-02-01 19:00:00,26.54
2020-02-01 20:00:00,13.3
2020-02-01 21:00:00,17.24
2020-02-01 22:00:00,28.56
2020-02-01 23:00:00,23.14
2020-02-02 00:00:00,17.22
2020-02-02 01:00:00,19.5
2020-02-02 02:00:00,14.71
2020-02-02 03:00:00,7.68
2020-02-02 04:00:00,8.17
2020-02-02 05:00:00,9.91
2020-02-02 06:00:00,12.48
2020-02-02 07:00:00,20.02
2020-02-02 08:00:00,25.51
2020-02-02 09:00:00,26.97
2020-02-02 10:00:00,29.23
2020-02-02 11:00:00,28.03
2020-02-02 12:00:00,24.55
2020-02-02 13:00:00,18.6
2020-02-02 14:00:00,12.14
2020-02-02 15:00:00,18.83
2020-02-02 16:00:00,15.07
2020-02-02 17:00:00,31.57
2020-02-02 18:00:00,36.93
2020-02-02 19:00:00,27.05
2020-02-02 20:00:00,21.99
2020-02-02 21:00:00,23.87
2020-02-02 22:00:00,17.38
2020-02-02 23:00:00,15.92
2020-02-03 00:00:00,15.55
2020-02-03 01:00:00,14.38
2020-02-03 02:00:00,9.23
2020-02-03 03:00:00,6.95
2020-02-03 04:00:00,6.69
2020-02-03 05:00:00,24.32
2020-02-03 06:00:00,36.49
2020-02-03 07:00:00,39.97
2020-02-03 08:00:00,39.26
2020-02-03 09:00:00,35.52
2020-02-03 10:00:00,32.97
2020-02-03 11:00:00,29.08
2020-02-03 12:00:00,28.38
2020-02-03 13:00:00,28.73
2020-02-03 14:00:00,28.29
2020-02-03 15:00:00,24.9
2020-02-03 16:00:00,33.08
2020-02-03 17:00:00,37.99
2020-02-03 18:00:00,36.57
2020-02-03 19:00:00,31.0
2020-02-03 20:00:00,27.16
2020-02-03 21:00:00,27.13
2020-02-03 22:00:00,24.76
2020-02-03 23:00:00,20.79
2020-02-04 00:00:00,17.41
2020-02-04 01:00:00,16.24
2020-02-04 02:00:00,11.9
2020-02-04 03:00:00,9.77
2020-02-04 04:00:00,15.88
2020-02-04 05:00:00,24.88
2020-02-04 06:00:00,29.7
2020-02-04 07:00:00,35.01
2020-02-04 08:00:00,33.95
2020-02-04 09:00:00,29.9
2020-02-04 10:00:00,29.03
2020-02-04 11:00:00,27.07
2020-02-04 12:00:00,26.43
2020-02-04 13:00:00,27.53
2020-02-04 14:00:00,29.05
2020-02-04 15:00:00,31.42
2020-02-04 16:00:00,39.92
2020-02-04 17:00:00,41.3
2020-02-04 18:00:00,41.51
2020-02-04 19:00:00,39.75
2020-02-04 20:00:00,30.13
2020-02-04 21:00:00,30.36
2020-02-04 22:00:00,32.4
2020-02-04 23:00:00,25.44
2020-02-05 00:00:00,25.0
2020-02-05 01:00:00,24.43
2020-02-05 02:00:00,23.63
2020-02-05 03:00:00,24.83
2020-02-05 04:00:00,26.62
2020-02-05 05:00:00,37.54
2020-02-05 06:00:00,44.91
2020-02-05 07:00:00,49.16
2020-02-05 08:00:00,44.78
2020-02-05 09:00:00,41.37
2020-02-05 10:00:00,40.0
2020-02-05 11:00:00,37.07
2020-02-05 12:00:00,35.16
2020-02-05 13:00:00,35.17
2020-02-05 14:00:00,37.13
2020-02-05 15:00:00,40.25
2020-02-05 16:00:00,42.19
2020-02-05 17:00:00,45.83
2020-02-05 18:00:00,45.66
2020-02-05 19:00:00,42.59
2020-02-05 20:00:00,38.05
2020-02-05 21:00:00,37.5
2020-02-05 22:00:00,32.76
2020-02-05 23:00:00,28.9
2020-02-06 00:00:00,26.35
2020-02-06 01:00:00,24.9
2020-02-06 02:00:00,24.46
2020-02-06 03:00:00,25.25
2020-02-06 04:00:00,28.0
2020-02-06 05:00:00,33.0
2020-02-06 06:00:00,43.15
2020-02-06 07:00:00,44.88
2020-02-06 08:00:00,45.02
2020-02-06 09:00:00,42.38
2020-02-06 10:00:00,40.81
2020-02-06 11:00:00,39.25
2020-02-06 12:00:00,38.01
2020-02-06 13:00:00,37.94
2020-02-06 14:00:00,38.06
2020-02-06 15:00:00,39.09
2020-02-06 16:00:00,42.51
2020-02-06 17:00:00,46.83
2020-02-06 18:00:00,47.21
2020-02-06 19:00:00,43.63
2020-02-06 20:00:00,37.98
2020-02-06 21:00:00,37.66
2020-02-06 22:00:00,33.58
2020-02-06 23:00:00,33.32
2020-02-07 00:00:00,32.18
2020-02-07 01:00:00,31.04
2020-02-07 02:00:00,28.62
2020-02-07 03:00:00,26.51
2020-02-07 04:00:00,27.75
2020-02-07 05:00:00,36.32
2020-02-07 06:00:00,44.98
2020-02-07 07:00:00,54.58
2020-02-07 08:00:00,47.0
2020-02-07 09:00:00,41.81
2020-02-07 10:00:00,38.52
2020-02-07 11:00:00,37.61
2020-02-07 12:00:00,34.61
2020-02-07 13:00:00,32.93
2020-02-07 14:00:00,32.07
2020-02-07 15:00:00,32.07
2020-02-07 16:00:00,35.17
2020-02-07 17:00:00,39.93
2020-02-07 18:00:00,35.47
2020-02-07 19:00:00,32.23
2020-02-07 20:00:00,27.93
2020-02-07 21:00:00,27.37
2020-02-07 22:00:00,26.84
2020-02-07 23:00:00,25.25
2020-02-08 00:00:00,24.28
2020-02-08 01:00:00,23.98
2020-02-08 02:00:00,22.9
2020-02-08 03:00:00,21.75
2020-02-08 04:00:00,20.12
2020-02-08 05:00:00,22.34
2020-02-08 06:00:00,25.54
2020-02-08 07:00:00,28.05
2020-02-08 08:00:00,29.07
2020-02-08 09:00:00,28.36
2020-02-08 10:00:00,28.56
2020-02-08 11:00:00,29.9
2020-02-08 12:00:00,27.94
2020-02-08 13:00:00,26.8
2020-02-08 14:00:00,29.92
2020-02-08 15:00:00,29.91
2020-02-08 16:00:00,34.96
2020-02-08 17:00:00,41.3
2020-02-08 18:00:00,38.71
2020-02-08 19:00:00,31.29
2020-02-08 20:00:00,26.84
2020-02-08 21:00:00,27.39
2020-02-08 22:00:00,26.4
2020-02-08 23:00:00,23.15
2020-02-09 00:00:00,15.23
2020-02-09 01:00:00,13.31
2020-02-09 02:00:00,9.18
2020-02-09 03:00:00,7.54
2020-02-09 04:00:00,4.85
2020-02-09 05:00:00,5.53
2020-02-09 06:00:00,10.45
2020-02-09 07:00:00,11.2
2020-02-09 08:00:00,15.51
2020-02-09 09:00:00,11.72
2020-02-09 10:00:00,13.81
2020-02-09 11:00:00,18.35
2020-02-09 12:00:00,13.66
2020-02-09 13:00:00,11.07
2020-02-09 14:00:00,10.28
2020-02-09 15:00:00,8.42
2020-02-09 16:00:00,12.13
2020-02-09 17:00:00,22.0
2020-02-09 18:00:00,26.37
2020-02-09 19:00:00,17.07
2020-02-09 20:00:00,19.96
2020-02-09 21:00:00,28.63
2020-02-09 22:00:00,24.13
2020-02-09 23:00:00,11.95
2020-02-10 00:00:00,9.94
2020-02-10 01:00:00,8.63
2020-02-10 02:00:00,2.77
2020-02-10 03:00:00,2.58
2020-02-10 04:00:00,9.25
2020-02-10 05:00:00,14.52
2020-02-10 06:00:00,24.74
2020-02-10 07:00:00,32.58
2020-02-10 08:00:00,28.9
2020-02-10 09:00:00,26.69
2020-02-10 10:00:00,22.55
2020-02-10 11:00:00,18.63
2020-02-10 12:00:00,19.88
2020-02-10 13:00:00,19.72
2020-02-10 14:00:00,19.36
2020-02-10 15:00:00,21.78
2020-02-10 16:00:00,28.98
2020-02-10 17:00:00,34.02
2020-02-10 18:00:00,33.78
2020-02-10 19:00:00,24.46
2020-02-10 20:00:00,16.16
2020-02-10 21:00:00,19.82
2020-02-10 22:00:00,23.05
2020-02-10 23:00:00,16.33
2020-02-11 00:00:00,13.6
2020-02-11 01:00:00,10.88
2020-02-11 02:00:00,10.08
2020-02-11 03:00:00,9.89
2020-02-11 04:00:00,12.88
2020-02-11 05:00:00,22.98
2020-02-11 06:00:00,30.64
2020-02-11 07:00:00,34.69
2020-02-11 08:00:00,33.76
2020-02-11 09:00:00,30.49
2020-02-11 10:00:00,29.59
2020-02-11 11:00:00,27.06
2020-02-11 12:00:00,25.38
2020-02-11 13:00:00,24.27
2020-02-11 14:00:00,25.18
2020-02-11 15:00:00,23.54
2020-02-11 16:00:00,27.75
2020-02-11 17:00:00,32.17
2020-02-11 18:00:00,38.71
2020-02-11 19:00:00,33.97
2020-02-11 20:00:00,25.27
2020-02-11 21:00:00,25.17
2020-02-11 22:00:00,27.76
2020-02-11 23:00:00,23.0
2020-02-12 00:00:00,19.48
2020-02-12 01:00:00,23.22
2020-02-12 02:00:00,18.64
2020-02-12 03:00:00,14.96
2020-02-12 04:00:00,23.62
2020-02-12 05:00:00,26.44
2020-02-12 06:00:00,35.68
2020-02-12 07:00:00,36.25
2020-02-12 08:00:00,33.56
2020-02-12 09:00:00,29.02
2020-02-12 10:00:00,25.49
2020-02-12 11:00:00,23.99
2020-02-12 12:00:00,26.47
2020-02-12 13:00:00,24.53
2020-02-12 14:00:00,23.08
2020-02-12 15:00:00,27.87
2020-02-12 16:00:00,35.55
2020-02-12 17:00:00,38.77
2020-02-12 18:00:00,44.38
2020-02-12 19:00:00,35.39
2020-02-12 20:00:00,29.1
2020-02-12 21:00:00,35.02
2020-02-12 22:00:00,29.9
2020-02-12 23:00:00,25.53
2020-02-13 00:00:00,25.91
2020-02-13 01:00:00,24.37
2020-02-13 02:00:00,24.31
2020-02-13 03:00:00,22.8
2020-02-13 04:00:00,22.78
2020-02-13 05:00:00,26.02
2020-02-13 06:00:00,34.34
2020-02-13 07:00:00,39.34
2020-02-13 08:00:00,38.1
2020-02-13 09:00:00,37.68
2020-02-13 10:00:00,38.13
2020-02-13 11:00:00,36.15
2020-02-13 12:00:00,32.63
2020-02-13 13:00:00,28.6
2020-02-13 14:00:00,26.65
2020-02-13 15:00:00,25.21
2020-02-13 16:00:00,29.72
2020-02-13 17:00:00,35.68
2020-02-13 18:00:00,42.13
2020-02-13 19:00:00,33.35
2020-02-13 20:00:00,23.37
2020-02-13 21:00:00,26.27
2020-02-13 22:00:00,31.57
2020-02-13 23:00:00,27.36
2020-02-14 00:00:00,23.39
2020-02-14 01:00:00,22.77
2020-02-14 02:00:00,22.89
2020-02-14 03:00:00,23.03
2020-02-14 04:00:00,24.76
2020-02-14 05:00:00,27.38
2020-02-14 06:00:00,40.99
2020-02-14 07:00:00,45.66
2020-02-14 08:00:00,45.05
2020-02-14 09:00:00,40.82
2020-02-14 10:00:00,38.16
2020-02-14 11:00:00,35.56
2020-02-14 12:00:00,30.07
2020-02-14 13:00:00,26.78
2020-02-14 14:00:00,24.81
2020-02-14 15:00:00,24.34
2020-02-14 16:00:00,28.44
2020-02-14 17:00:00,34.06
2020-02-14 18:00:00,39.07
2020-02-14 19:00:00,33.55
2020-02-14 20:00:00,28.19
2020-02-14 21:00:00,27.05
2020-02-14 22:00:00,25.19
2020-02-14 23:00:00,28.2
2020-02-15 00:00:00,27.06
2020-02-15 01:00:00,26.2
2020-02-15 02:00:00,24.31
2020-02-15 03:00:00,23.06
2020-02-15 04:00:00,22.85
2020-02-15 05:00:00,20.29
2020-02-15 06:00:00,22.66
2020-02-15 07:00:00,25.71
2020-02-15 08:00:00,31.49
2020-02-15 09:00:00,28.3
2020-02-15 10:00:00,25.26
2020-02-15 11:00:00,23.07
2020-02-15 12:00:00,20.27
2020-02-15 13:00:00,17.51
2020-02-15 14:00:00,22.63
2020-02-15 15:00:00,22.63
2020-02-15 16:00:00,23.13
2020-02-15 17:00:00,24.98
2020-02-15 18:00:00,22.26
2020-02-15 19:00:00,15.32
2020-02-15 20:00:00,13.43
2020-02-15 21:00:00,14.13
2020-02-15 22:00:00,13.24
2020-02-15 23:00:00,11.82
2020-02-16 00:00:00,10.47
2020-02-16 01:00:00,6.63
2020-02-16 02:00:00,-0.21
2020-02-16 03:00:00,-5.09
2020-02-16 04:00:00,-4.95
2020-02-16 05:00:00,-1.31
2020-02-16 06:00:00,1.37
2020-02-16 07:00:00,5.95
2020-02-16 08:00:00,11.62
2020-02-16 09:00:00,13.13
2020-02-16 10:00:00,12.89
2020-02-16 11:00:00,16.76
2020-02-16 12:00:00,9.85
2020-02-16 13:00:00,6.43
2020-02-16 14:00:00,4.09
2020-02-16 15:00:00,5.1
2020-02-16 16:00:00,10.4
2020-02-16 17:00:00,14.69
2020-02-16 18:00:00,18.59
2020-02-16 19:00:00,13.91
2020-02-16 20:00:00,9.07
2020-02-16 21:00:00,10.93
2020-02-16 22:00:00,11.69
2020-02-16 23:00:00,12.2
2020-02-17 00:00:00,12.0
2020-02-17 01:00:00,10.8
2020-02-17 02:00:00,5.73
2020-02-17 03:00:00,5.95
2020-02-17 04:00:00,8.1
2020-02-17 05:00:00,22.16
2020-02-17 06:00:00,30.06
2020-02-17 07:00:00,36.44
2020-02-17 08:00:00,33.57
2020-02-17 09:00:00,29.8
2020-02-17 10:00:00,29.8
2020-02-17 11:00:00,30.08
2020-02-17 12:00:00,27.35
2020-02-17 13:00:00,27.69
2020-02-17 14:00:00,25.43
2020-02-17 15:00:00,23.88
2020-02-17 16:00:00,27.42
2020-02-17 17:00:00,36.79
2020-02-17 18:00:00,36.95
2020-02-17 19:00:00,32.27
2020-02-17 20:00:00,25.21
2020-02-17 21:00:00,23.76
2020-02-17 22:00:00,23.12
2020-02-17 23:00:00,21.51
2020-02-18 00:00:00,18.57
2020-02-18 01:00:00,17.05
2020-02-18 02:00:00,11.1
2020-02-18 03:00:00,10.38
2020-02-18 04:00:00,17.5
2020-02-18 05:00:00,26.14
2020-02-18 06:00:00,35.93
2020-02-18 07:00:00,38.05
2020-02-18 08:00:00,36.26
2020-02-18 09:00:00,30.75
2020-02-18 10:00:00,27.65
2020-02-18 11:00:00,25.1
2020-02-18 12:00:00,22.35
2020-02-18 13:00:00,22.75
2020-02-18 14:00:00,24.89
2020-02-18 15:00:00,29.14
2020-02-18 16:00:00,34.96
2020-02-18 17:00:00,38.88
2020-02-18 18:00:00,38.51
2020-02-18 19:00:00,32.4
2020-02-18 20:00:00,25.92
2020-02-18 21:00:00,25.61
2020-02-18 22:00:00,25.22
2020-02-18 23:00:00,23.0
2020-02-19 00:00:00,22.72
2020-02-19 01:00:00,20.18
2020-02-19 02:00:00,19.48
2020-02-19 03:00:00,22.08
2020-02-19 04:00:00,25.52
2020-02-19 05:00:00,29.62
2020-02-19 06:00:00,36.53
2020-02-19 07:00:00,38.98
2020-02-19 08:00:00,38.99
2020-02-19 09:00:00,37.0
2020-02-19 10:00:00,34.71
2020-02-19 11:00:00,29.33
2020-02-19 12:00:00,26.73
2020-02-19 13:00:00,26.22
2020-02-19 14:00:00,27.66
2020-02-19 15:00:00,32.75
2020-02-19 16:00:00,36.93
2020-02-19 17:00:00,44.65
2020-02-19 18:00:00,43.38
2020-02-19 19:00:00,36.94
2020-02-19 20:00:00,33.91
2020-02-19 21:00:00,32.1
2020-02-19 22:00:00,27.91
2020-02-19 23:00:00,26.45
2020-02-20 00:00:00,25.01
2020-02-20 01:00:00,24.56
2020-02-20 02:00:00,24.1
2020-02-20 03:00:00,24.17
2020-02-20 04:00:00,24.83
2020-02-20 05:00:00,33.31
2020-02-20 06:00:00,37.78
2020-02-20 07:00:00,40.15
2020-02-20 08:00:00,36.97
2020-02-20 09:00:00,34.41
2020-02-20 10:00:00,34.49
2020-02-20 11:00:00,32.58
2020-02-20 12:00:00,30.11
2020-02-20 13:00:00,28.3
2020-02-20 14:00:00,25.95
2020-02-20 15:00:00,26.96
2020-02-20 16:00:00,31.11
2020-02-20 17:00:00,34.98
2020-02-20 18:00:00,35.98
2020-02-20 19:00:00,28.98
2020-02-20 20:00:00,25.17
2020-02-20 21:00:00,26.65
2020-02-20 22:00:00,29.36
2020-02-20 23:00:00,24.28
2020-02-21 00:00:00,25.76
2020-02-21 01:00:00,25.57
2020-02-21 02:00:00,23.03
2020-02-21 03:00:00,22.53
2020-02-21 04:00:00,24.38
2020-02-21 05:00:00,30.87
2020-02-21 06:00:00,38.08
2020-02-21 07:00:00,39.43
2020-02-21 08:00:00,39.15
2020-02-21 09:00:00,36.96
2020-02-21 10:00:00,34.09
2020-02-21 11:00:00,30.65
2020-02-21 12:00:00,27.13
2020-02-21 13:00:00,24.81
2020-02-21 14:00:00,25.64
2020-02-21 15:00:00,28.68
2020-02-21 16:00:00,32.91
2020-02-21 17:00:00,36.76
2020-02-21 18:00:00,37.71
2020-02-21 19:00:00,32.62
2020-02-21 20:00:00,26.89
2020-02-21 21:00:00,33.51
2020-02-21 22:00:00,32.67
2020-02-21 23:00:00,29.74
2020-02-22 00:00:00,26.57
2020-02-22 01:00:00,25.44
2020-02-22 02:00:00,22.04
2020-02-22 03:00:00,19.24
2020-02-22 04:00:00,14.15
2020-02-22 05:00:00,21.7
2020-02-22 06:00:00,21.84
2020-02-22 07:00:00,24.84
2020-02-22 08:00:00,31.8
2020-02-22 09:00:00,29.06
2020-02-22 10:00:00,25.61
2020-02-22 11:00:00,24.29
2020-02-22 12:00:00,18.32
2020-02-22 13:00:00,19.24
2020-02-22 14:00:00,17.09
2020-02-22 15:00:00,18.33
2020-02-22 16:00:00,22.26
2020-02-22 17:00:00,28.7
2020-02-22 18:00:00,33.44
2020-02-22 19:00:00,25.19
2020-02-22 20:00:00,22.04
2020-02-22 21:00:00,25.81
2020-02-22 22:00:00,29.4
2020-02-22 23:00:00,28.64
2020-02-23 00:00:00,25.18
2020-02-23 01:00:00,23.93
2020-02-23 02:00:00,14.6
2020-02-23 03:00:00,12.85
2020-02-23 04:00:00,12.4
2020-02-23 05:00:00,11.46
2020-02-23 06:00:00,12.53
2020-02-23 07:00:00,14.73
2020-02-23 08:00:00,18.46
2020-02-23 09:00:00,21.48
2020-02-23 10:00:00,24.44
2020-02-23 11:00:00,23.47
2020-02-23 12:00:00,16.96
2020-02-23 13:00:00,12.08
2020-02-23 14:00:00,11.53
2020-02-23 15:00:00,11.58
2020-02-23 16:00:00,15.98
2020-02-23 17:00:00,23.28
2020-02-23 18:00:00,30.11
2020-02-23 19:00:00,26.94
2020-02-23 20:00:00,21.09
2020-02-23 21:00:00,27.85
2020-02-23 22:00:00,27.19
2020-02-23 23:00:00,20.01
2020-02-24 00:00:00,18.73
2020-02-24 01:00:00,18.17
2020-02-24 02:00:00,15.02
2020-02-24 03:00:00,18.96
2020-02-24 04:00:00,26.61
2020-02-24 05:00:00,35.91
2020-02-24 06:00:00,43.0
2020-02-24 07:00:00,42.87
2020-02-24 08:00:00,39.96
2020-02-24 09:00:00,36.01
2020-02-24 10:00:00,33.91
2020-02-24 11:00:00,29.86
2020-02-24 12:00:00,27.22
2020-02-24 13:00:00,26.24
2020-02-24 14:00:00,21.05
2020-02-24 15:00:00,22.58
2020-02-24 16:00:00,27.82
2020-02-24 17:00:00,36.1
2020-02-24 18:00:00,35.16
2020-02-24 19:00:00,29.13
2020-02-24 20:00:00,23.91
2020-02-24 21:00:00,22.86
2020-02-24 22:00:00,24.92
2020-02-24 23:00:00,16.55
2020-02-25 00:00:00,15.0
2020-02-25 01:00:00,14.12
2020-02-25 02:00:00,12.71
2020-02-25 03:00:00,12.97
2020-02-25 04:00:00,16.3
2020-02-25 05:00:00,25.84
2020-02-25 06:00:00,31.99
2020-02-25 07:00:00,37.0
2020-02-25 08:00:00,33.61
2020-02-25 09:00:00,31.7
2020-02-25 10:00:00,29.05
2020-02-25 11:00:00,27.46
2020-02-25 12:00:00,26.51
2020-02-25 13:00:00,25.35
2020-02-25 14:00:00,25.53
2020-02-25 15:00:00,27.0
2020-02-25 16:00:00,29.71
2020-02-25 17:00:00,36.02
2020-02-25 18:00:00,39.94
2020-02-25 19:00:00,35.21
2020-02-25 20:00:00,30.1
2020-02-25 21:00:00,29.9
2020-02-25 22:00:00,26.46
2020-02-25 23:00:00,25.56
2020-02-26 00:00:00,25.2
2020-02-26 01:00:00,24.35
2020-02-26 02:00:00,23.53
2020-02-26 03:00:00,24.08
2020-02-26 04:00:00,25.01
2020-02-26 05:00:00,31.24
2020-02-26 06:00:00,34.54
2020-02-26 07:00:00,37.64
2020-02-26 08:00:00,37.01
2020-02-26 09:00:00,34.02
2020-02-26 10:00:00,33.13
2020-02-26 11:00:00,32.1
2020-02-26 12:00:00,30.45
2020-02-26 13:00:00,28.14
2020-02-26 14:00:00,27.61
2020-02-26 15:00:00,28.21
2020-02-26 16:00:00,30.82
2020-02-26 17:00:00,38.46
2020-02-26 18:00:00,42.17
2020-02-26 19:00:00,36.71
2020-02-26 20:00:00,33.83
2020-02-26 21:00:00,32.08
2020-02-26 22:00:00,28.2
2020-02-26 23:00:00,31.57
2020-02-27 00:00:00,28.54
2020-02-27 01:00:00,27.04
2020-02-27 02:00:00,25.17
2020-02-27 03:00:00,25.45
2020-02-27 04:00:00,28.81
2020-02-27 05:00:00,36.8
2020-02-27 06:00:00,42.28
2020-02-27 07:00:00,44.42
2020-02-27 08:00:00,42.41
2020-02-27 09:00:00,40.15
2020-02-27 10:00:00,40.05
2020-02-27 11:00:00,38.82
2020-02-27 12:00:00,37.46
2020-02-27 13:00:00,33.36
2020-02-27 14:00:00,29.67
2020-02-27 15:00:00,25.75
2020-02-27 16:00:00,28.88
2020-02-27 17:00:00,35.17
2020-02-27 18:00:00,48.06
2020-02-27 19:00:00,39.13
2020-02-27 20:00:00,35.68
2020-02-27 21:00:00,33.77
2020-02-27 22:00:00,31.77
2020-02-27 23:00:00,30.0
2020-02-28 00:00:00,27.93
2020-02-28 01:00:00,25.73
2020-02-28 02:00:00,25.3
2020-02-28 03:00:00,25.31
2020-02-28 04:00:00,29.08
2020-02-28 05:00:00,35.01
2020-02-28 06:00:00,40.74
2020-02-28 07:00:00,43.88
2020-02-28 08:00:00,40.12
2020-02-28 09:00:00,37.81
2020-02-28 10:00:00,37.2
2020-02-28 11:00:00,34.06
2020-02-28 12:00:00,26.0
2020-02-28 13:00:00,26.12
2020-02-28 14:00:00,27.1
2020-02-28 15:00:00,26.13
2020-02-28 16:00:00,28.07
2020-02-28 17:00:00,33.1
2020-02-28 18:00:00,35.34
2020-02-28 19:00:00,27.77
2020-02-28 20:00:00,27.06
2020-02-28 21:00:00,29.01
2020-02-28 22:00:00,26.5
2020-02-28 23:00:00,15.41
2020-02-29 00:00:00,12.71
2020-02-29 01:00:00,13.71
2020-02-29 02:00:00,12.0
2020-02-29 03:00:00,9.6
2020-02-29 04:00:00,9.04
2020-02-29 05:00:00,10.6
2020-02-29 06:00:00,14.21
2020-02-29 07:00:00,14.91
2020-02-29 08:00:00,17.0
2020-02-29 09:00:00,16.75
2020-02-29 10:00:00,16.5
2020-02-29 11:00:00,16.75
2020-02-29 12:00:00,15.99
2020-02-29 13:00:00,15.0
2020-02-29 14:00:00,15.22
2020-02-29 15:00:00,15.0
2020-02-29 16:00:00,19.36
2020-02-29 17:00:00,22.95
2020-02-29 18:00:00,25.61
2020-02-29 19:00:00,22.35
2020-02-29 20:00:00,16.5
2020-02-29 21:00:00,16.18
2020-02-29 22:00:00,17.51
2020-02-29 23:00:00,16.99
2020-03-01 00:00:00,13.8
2020-03-01 01:00:00,13.53
2020-03-01 02:00:00,7.7
2020-03-01 03:00:00,5.64
2020-03-01 04:00:00,5.67
2020-03-01 05:00:00,9.29
2020-03-01 06:00:00,10.25
2020-03-01 07:00:00,10.16
2020-03-01 08:00:00,12.57
2020-03-01 09:00:00,13.8
2020-03-01 10:00:00,13.3
2020-03-01 11:00:00,14.0
2020-03-01 12:00:00,11.0
2020-03-01 13:00:00,9.97
2020-03-01 14:00:00,9.07
2020-03-01 15:00:00,13.29
2020-03-01 16:00:00,14.0
2020-03-01 17:00:00,25.74
2020-03-01 18:00:00,36.12
2020-03-01 19:00:00,31.49
2020-03-01 20:00:00,26.1
2020-03-01 21:00:00,27.76
2020-03-01 22:00:00,24.24
2020-03-01 23:00:00,24.31
2020-03-02 00:00:00,23.3
2020-03-02 01:00:00,21.71
2020-03-02 02:00:00,19.2
2020-03-02 03:00:00,19.15
2020-03-02 04:00:00,23.53
2020-03-02 05:00:00,30.91
2020-03-02 06:00:00,37.0
2020-03-02 07:00:00,39.92
2020-03-02 08:00:00,36.94
2020-03-02 09:00:00,36.71
2020-03-02 10:00:00,37.03
2020-03-02 11:00:00,35.13
2020-03-02 12:00:00,35.35
2020-03-02 13:00:00,34.74
2020-03-02 14:00:00,34.62
2020-03-02 15:00:00,34.91
2020-03-02 16:00:00,36.05
2020-03-02 17:00:00,49.5
2020-03-02 18:00:00,43.92
2020-03-02 19:00:00,37.75
2020-03-02 20:00:00,33.54
2020-03-02 21:00:00,30.88
2020-03-02 22:00:00,28.97
2020-03-02 23:00:00,26.04
2020-03-03 00:00:00,25.04
2020-03-03 01:00:00,24.53
2020-03-03 02:00:00,24.1
2020-03-03 03:00:00,24.45
2020-03-03 04:00:00,28.5
2020-03-03 05:00:00,35.68
2020-03-03 06:00:00,42.3
2020-03-03 07:00:00,45.6
2020-03-03 08:00:00,41.68
2020-03-03 09:00:00,37.97
2020-03-03 10:00:00,36.49
2020-03-03 11:00:00,37.32
2020-03-03 12:00:00,35.56
2020-03-03 13:00:00,36.01
2020-03-03 14:00:00,37.66
2020-03-03 15:00:00,39.84
2020-03-03 16:00:00,41.73
2020-03-03 17:00:00,55.98
2020-03-03 18:00:00,56.9
2020-03-03 19:00:00,40.93
2020-03-03 20:00:00,38.19
2020-03-03 21:00:00,35.03
2020-03-03 22:00:00,31.29
2020-03-03 23:00:00,30.1
2020-03-04 00:00:00,28.1
2020-03-04 01:00:00,27.08
2020-03-04 02:00:00,26.8
2020-03-04 03:00:00,26.8
2020-03-04 04:00:00,30.05
2020-03-04 05:00:00,36.51
2020-03-04 06:00:00,47.2
2020-03-04 07:00:00,54.75
2020-03-04 08:00:00,50.32
2020-03-04 09:00:00,44.23
2020-03-04 10:00:00,41.09
2020-03-04 11:00:00,37.9
2020-03-04 12:00:00,35.97
2020-03-04 13:00:00,35.0
2020-03-04 14:00:00,35.88
2020-03-04 15:00:00,39.5
2020-03-04 16:00:00,42.0
2020-03-04 17:00:00,64.7
2020-03-04 18:00:00,63.34
2020-03-04 19:00:00,43.58
2020-03-04 20:00:00,37.53
2020-03-04 21:00:00,33.92
2020-03-04 22:00:00,31.82
2020-03-04 23:00:00,30.24
2020-03-05 00:00:00,29.08
2020-03-05 01:00:00,25.4
2020-03-05 02:00:00,23.84
2020-03-05 03:00:00,22.49
2020-03-05 04:00:00,23.49
2020-03-05 05:00:00,32.86
2020-03-05 06:00:00,45.61
2020-03-05 07:00:00,54.64
2020-03-05 08:00:00,49.78
2020-03-05 09:00:00,42.09
2020-03-05 10:00:00,40.99
2020-03-05 11:00:00,41.97
2020-03-05 12:00:00,40.51
2020-03-05 13:00:00,37.94
2020-03-05 14:00:00,36.75
2020-03-05 15:00:00,28.45
2020-03-05 16:00:00,24.76
2020-03-05 17:00:00,35.67
2020-03-05 18:00:00,35.82
2020-03-05 19:00:00,30.24
2020-03-05 20:00:00,27.85
2020-03-05 21:00:00,26.9
2020-03-05 22:00:00,25.3
2020-03-05 23:00:00,24.55
2020-03-06 00:00:00,22.96
2020-03-06 01:00:00,21.0
2020-03-06 02:00:00,19.99
2020-03-06 03:00:00,20.22
2020-03-06 04:00:00,24.1
2020-03-06 05:00:00,28.8
2020-03-06 06:00:00,33.43
2020-03-06 07:00:00,35.9
2020-03-06 08:00:00,35.1
2020-03-06 09:00:00,34.68
2020-03-06 10:00:00,36.03
2020-03-06 11:00:00,35.0
2020-03-06 12:00:00,32.64
2020-03-06 13:00:00,31.67
2020-03-06 14:00:00,29.06
2020-03-06 15:00:00,29.8
2020-03-06 16:00:00,35.0
2020-03-06 17:00:00,37.3
2020-03-06 18:00:00,38.04
2020-03-06 19:00:00,35.46
2020-03-06 20:00:00,31.71
2020-03-06 21:00:00,30.5
2020-03-06 22:00:00,28.54
2020-03-06 23:00:00,31.01
2020-03-07 00:00:00,25.5
2020-03-07 01:00:00,24.51
2020-03-07 02:00:00,24.03
2020-03-07 03:00:00,24.47
2020-03-07 04:00:00,24.41
2020-03-07 05:00:00,26.25
2020-03-07 06:00:00,30.4
2020-03-07 07:00:00,33.58
2020-03-07 08:00:00,35.0
2020-03-07 09:00:00,30.4
2020-03-07 10:00:00,28.1
2020-03-07 11:00:00,26.08
2020-03-07 12:00:00,25.06
2020-03-07 13:00:00,24.94
2020-03-07 14:00:00,25.0
2020-03-07 15:00:00,25.55
2020-03-07 16:00:00,29.5
2020-03-07 17:00:00,37.54
2020-03-07 18:00:00,39.95
2020-03-07 19:00:00,35.0
2020-03-07 20:00:00,27.17
2020-03-07 21:00:00,28.24
2020-03-07 22:00:00,24.9
2020-03-07 23:00:00,20.8
2020-03-08 00:00:00,16.82
2020-03-08 01:00:00,12.22
2020-03-08 02:00:00,9.24
2020-03-08 03:00:00,8.74
2020-03-08 04:00:00,8.93
2020-03-08 05:00:00,8.67
2020-03-08 06:00:00,9.78
2020-03-08 07:00:00,10.7
2020-03-08 08:00:00,13.9
2020-03-08 09:00:00,14.34
2020-03-08 10:00:00,15.0
2020-03-08 11:00:00,16.64
2020-03-08 12:00:00,10.72
2020-03-08 13:00:00,10.61
2020-03-08 14:00:00,13.03
2020-03-08 15:00:00,20.16
2020-03-08 16:00:00,25.71
2020-03-08 17:00:00,31.97
2020-03-08 18:00:00,34.86
2020-03-08 19:00:00,34.02
2020-03-08 20:00:00,31.9
2020-03-08 21:00:00,31.99
2020-03-08 22:00:00,30.41
2020-03-08 23:00:00,25.02
2020-03-09 00:00:00,25.0
2020-03-09 01:00:00,25.09
2020-03-09 02:00:00,24.77
2020-03-09 03:00:00,24.47
2020-03-09 04:00:00,25.3
2020-03-09 05:00:00,37.1
2020-03-09 06:00:00,46.99
2020-03-09 07:00:00,48.81
2020-03-09 08:00:00,45.65
2020-03-09 09:00:00,40.44
2020-03-09 10:00:00,38.56
2020-03-09 11:00:00,36.28
2020-03-09 12:00:00,35.24
2020-03-09 13:00:00,33.53
2020-03-09 14:00:00,32.02
2020-03-09 15:00:00,32.09
2020-03-09 16:00:00,36.43
2020-03-09 17:00:00,50.77
2020-03-09 18:00:00,58.98
2020-03-09 19:00:00,40.5
2020-03-09 20:00:00,35.98
2020-03-09 21:00:00,34.97
2020-03-09 22:00:00,26.78
2020-03-09 23:00:00,24.06
2020-03-10 00:00:00,23.7
2020-03-10 01:00:00,21.77
2020-03-10 02:00:00,15.91
2020-03-10 03:00:00,13.06
2020-03-10 04:00:00,15.8
2020-03-10 05:00:00,24.23
2020-03-10 06:00:00,29.44
2020-03-10 07:00:00,32.47
2020-03-10 08:00:00,35.0
2020-03-10 09:00:00,33.18
2020-03-10 10:00:00,31.97
2020-03-10 11:00:00,30.55
2020-03-10 12:00:00,30.0
2020-03-10 13:00:00,29.76
2020-03-10 14:00:00,24.9
2020-03-10 15:00:00,22.72
2020-03-10 16:00:00,24.32
2020-03-10 17:00:00,32.77
2020-03-10 18:00:00,37.1
2020-03-10 19:00:00,30.81
2020-03-10 20:00:00,24.07
2020-03-10 21:00:00,24.03
2020-03-10 22:00:00,32.37
2020-03-10 23:00:00,22.19
2020-03-11 00:00:00,16.4
2020-03-11 01:00:00,13.11
2020-03-11 02:00:00,9.26
2020-03-11 03:00:00,11.12
2020-03-11 04:00:00,21.31
2020-03-11 05:00:00,26.87
2020-03-11 06:00:00,33.94
2020-03-11 07:00:00,37.17
2020-03-11 08:00:00,34.27
2020-03-11 09:00:00,33.07
2020-03-11 10:00:00,29.2
2020-03-11 11:00:00,25.97
2020-03-11 12:00:00,24.06
2020-03-11 13:00:00,23.73
2020-03-11 14:00:00,24.9
2020-03-11 15:00:00,26.66
2020-03-11 16:00:00,33.8
2020-03-11 17:00:00,37.0
2020-03-11 18:00:00,37.99
2020-03-11 19:00:00,28.1
2020-03-11 20:00:00,24.69
2020-03-11 21:00:00,28.39
2020-03-11 22:00:00,27.19
2020-03-11 23:00:00,15.65
2020-03-12 00:00:00,15.57
2020-03-12 01:00:00,7.77
2020-03-12 02:00:00,2.96
2020-03-12 03:00:00,2.9
2020-03-12 04:00:00,9.14
2020-03-12 05:00:00,21.76
2020-03-12 06:00:00,29.99
2020-03-12 07:00:00,31.19
2020-03-12 08:00:00,35.03
2020-03-12 09:00:00,35.54
2020-03-12 10:00:00,31.79
2020-03-12 11:00:00,30.06
2020-03-12 12:00:00,27.94
2020-03-12 13:00:00,26.94
2020-03-12 14:00:00,22.61
2020-03-12 15:00:00,24.2
2020-03-12 16:00:00,30.02
2020-03-12 17:00:00,37.0
2020-03-12 18:00:00,39.63
2020-03-12 19:00:00,34.6
2020-03-12 20:00:00,31.05
2020-03-12 21:00:00,27.19
2020-03-12 22:00:00,27.91
2020-03-12 23:00:00,24.28
2020-03-13 00:00:00,22.81
2020-03-13 01:00:00,21.0
2020-03-13 02:00:00,13.97
2020-03-13 03:00:00,11.98
2020-03-13 04:00:00,23.49
2020-03-13 05:00:00,29.62
2020-03-13 06:00:00,32.07
2020-03-13 07:00:00,34.88
2020-03-13 08:00:00,33.49
2020-03-13 09:00:00,29.95
2020-03-13 10:00:00,25.68
2020-03-13 11:00:00,28.97
2020-03-13 12:00:00,25.45
2020-03-13 13:00:00,25.76
2020-03-13 14:00:00,23.51
2020-03-13 15:00:00,28.48
2020-03-13 16:00:00,32.65
2020-03-13 17:00:00,37.7
2020-03-13 18:00:00,42.5
2020-03-13 19:00:00,38.41
2020-03-13 20:00:00,36.93
2020-03-13 21:00:00,36.99
2020-03-13 22:00:00,35.35
2020-03-13 23:00:00,34.29
2020-03-14 00:00:00,32.04
2020-03-14 01:00:00,31.43
2020-03-14 02:00:00,29.02
2020-03-14 03:00:00,28.6
2020-03-14 04:00:00,29.86
2020-03-14 05:00:00,33.93
2020-03-14 06:00:00,33.56
2020-03-14 07:00:00,34.83
2020-03-14 08:00:00,34.94
2020-03-14 09:00:00,29.13
2020-03-14 10:00:00,26.96
2020-03-14 11:00:00,25.99
2020-03-14 12:00:00,23.81
2020-03-14 13:00:00,22.62
2020-03-14 14:00:00,24.87
2020-03-14 15:00:00,25.8
2020-03-14 16:00:00,29.25
2020-03-14 17:00:00,37.17
2020-03-14 18:00:00,38.53
2020-03-14 19:00:00,32.57
2020-03-14 20:00:00,27.42
2020-03-14 21:00:00,26.02
2020-03-14 22:00:00,24.27
2020-03-14 23:00:00,19.11
2020-03-15 00:00:00,14.21
2020-03-15 01:00:00,10.01
2020-03-15 02:00:00,8.58
2020-03-15 03:00:00,7.21
2020-03-15 04:00:00,9.23
2020-03-15 05:00:00,9.56
2020-03-15 06:00:00,12.09
2020-03-15 07:00:00,9.87
2020-03-15 08:00:00,11.67
2020-03-15 09:00:00,7.05
2020-03-15 10:00:00,5.79
2020-03-15 11:00:00,4.58
2020-03-15 12:00:00,1.0
2020-03-15 13:00:00,-3.21
2020-03-15 14:00:00,5.11
2020-03-15 15:00:00,7.89
2020-03-15 16:00:00,16.08
2020-03-15 17:00:00,26.0
2020-03-15 18:00:00,32.08
2020-03-15 19:00:00,32.02
2020-03-15 20:00:00,28.92
2020-03-15 21:00:00,30.18
2020-03-15 22:00:00,27.19
2020-03-15 23:00:00,21.23
2020-03-16 00:00:00,20.23
2020-03-16 01:00:00,20.17
2020-03-16 02:00:00,20.0
2020-03-16 03:00:00,19.92
2020-03-16 04:00:00,22.4
2020-03-16 05:00:00,33.85
2020-03-16 06:00:00,38.34
2020-03-16 07:00:00,37.83
2020-03-16 08:00:00,34.0
2020-03-16 09:00:00,28.0
2020-03-16 10:00:00,25.88
2020-03-16 11:00:00,24.83
2020-03-16 12:00:00,25.0
2020-03-16 13:00:00,25.23
2020-03-16 14:00:00,27.1
2020-03-16 15:00:00,30.77
2020-03-16 16:00:00,33.72
2020-03-16 17:00:00,41.92
2020-03-16 18:00:00,61.79
2020-03-16 19:00:00,43.1
2020-03-16 20:00:00,35.0
2020-03-16 21:00:00,34.4
2020-03-16 22:00:00,30.24
2020-03-16 23:00:00,25.54
2020-03-17 00:00:00,23.49
2020-03-17 01:00:00,23.03
2020-03-17 02:00:00,22.69
2020-03-17 03:00:00,23.0
2020-03-17 04:00:00,23.87
2020-03-17 05:00:00,30.47
2020-03-17 06:00:00,35.17
2020-03-17 07:00:00,34.39
2020-03-17 08:00:00,31.37
2020-03-17 09:00:00,29.32
2020-03-17 10:00:00,28.48
2020-03-17 11:00:00,25.59
2020-03-17 12:00:00,25.0
2020-03-17 13:00:00,24.51
2020-03-17 14:00:00,24.02
2020-03-17 15:00:00,26.09
2020-03-17 16:00:00,30.04
2020-03-17 17:00:00,32.94
2020-03-17 18:00:00,38.23
2020-03-17 19:00:00,35.21
2020-03-17 20:00:00,31.0
2020-03-17 21:00:00,29.85
2020-03-17 22:00:00,25.97
2020-03-17 23:00:00,22.02
2020-03-18 00:00:00,21.73
2020-03-18 01:00:00,20.76
2020-03-18 02:00:00,20.77
2020-03-18 03:00:00,20.73
2020-03-18 04:00:00,21.06
2020-03-18 05:00:00,24.69
2020-03-18 06:00:00,30.59
2020-03-18 07:00:00,30.0
2020-03-18 08:00:00,25.81
2020-03-18 09:00:00,22.88
2020-03-18 10:00:00,22.4
2020-03-18 11:00:00,20.34
2020-03-18 12:00:00,20.74
2020-03-18 13:00:00,21.8
2020-03-18 14:00:00,24.76
2020-03-18 15:00:00,28.62
2020-03-18 16:00:00,26.62
2020-03-18 17:00:00,31.87
2020-03-18 18:00:00,40.38
2020-03-18 19:00:00,35.4
2020-03-18 20:00:00,32.7
2020-03-18 21:00:00,31.83
2020-03-18 22:00:00,29.06
2020-03-18 23:00:00,26.67
2020-03-19 00:00:00,24.0
2020-03-19 01:00:00,22.99
2020-03-19 02:00:00,22.16
2020-03-19 03:00:00,22.26
2020-03-19 04:00:00,26.0
2020-03-19 05:00:00,30.25
2020-03-19 06:00:00,31.57
2020-03-19 07:00:00,32.06
2020-03-19 08:00:00,28.75
2020-03-19 09:00:00,25.04
2020-03-19 10:00:00,24.93
2020-03-19 11:00:00,22.83
2020-03-19 12:00:00,22.99
2020-03-19 13:00:00,24.92
2020-03-19 14:00:00,21.8
2020-03-19 15:00:00,20.56
2020-03-19 16:00:00,20.31
2020-03-19 17:00:00,21.09
2020-03-19 18:00:00,33.64
2020-03-19 19:00:00,27.65
2020-03-19 20:00:00,21.14
2020-03-19 21:00:00,28.7
2020-03-19 22:00:00,27.1
2020-03-19 23:00:00,23.6
2020-03-20 00:00:00,20.0
2020-03-20 01:00:00,20.2
2020-03-20 02:00:00,20.08
2020-03-20 03:00:00,15.08
2020-03-20 04:00:00,15.5
2020-03-20 05:00:00,22.22
2020-03-20 06:00:00,24.19
2020-03-20 07:00:00,28.01
2020-03-20 08:00:00,26.0
2020-03-20 09:00:00,20.42
2020-03-20 10:00:00,23.79
2020-03-20 11:00:00,22.85
2020-03-20 12:00:00,19.44
2020-03-20 13:00:00,17.22
2020-03-20 14:00:00,17.37
2020-03-20 15:00:00,13.75
2020-03-20 16:00:00,16.26
2020-03-20 17:00:00,20.06
2020-03-20 18:00:00,28.92
2020-03-20 19:00:00,25.06
2020-03-20 20:00:00,20.05
2020-03-20 21:00:00,21.02
2020-03-20 22:00:00,19.9
2020-03-20 23:00:00,18.23
2020-03-21 00:00:00,13.97
2020-03-21 01:00:00,11.16
2020-03-21 02:00:00,9.43
2020-03-21 03:00:00,8.94
2020-03-21 04:00:00,9.5
2020-03-21 05:00:00,7.74
2020-03-21 06:00:00,10.8
2020-03-21 07:00:00,15.05
2020-03-21 08:00:00,8.64
2020-03-21 09:00:00,7.51
2020-03-21 10:00:00,7.18
2020-03-21 11:00:00,9.34
2020-03-21 12:00:00,6.44
2020-03-21 13:00:00,1.95
2020-03-21 14:00:00,5.7
2020-03-21 15:00:00,8.3
2020-03-21 16:00:00,15.01
2020-03-21 17:00:00,20.0
2020-03-21 18:00:00,23.86
2020-03-21 19:00:00,18.53
2020-03-21 20:00:00,12.64
2020-03-21 21:00:00,13.69
2020-03-21 22:00:00,15.85
2020-03-21 23:00:00,10.07
2020-03-22 00:00:00,8.86
2020-03-22 01:00:00,7.27
2020-03-22 02:00:00,6.25
2020-03-22 03:00:00,6.09
2020-03-22 04:00:00,6.24
2020-03-22 05:00:00,6.06
2020-03-22 06:00:00,5.68
2020-03-22 07:00:00,4.17
2020-03-22 08:00:00,1.44
2020-03-22 09:00:00,3.45
2020-03-22 10:00:00,3.07
2020-03-22 11:00:00,2.81
2020-03-22 12:00:00,-0.04
2020-03-22 13:00:00,-25.08
2020-03-22 14:00:00,-11.98
2020-03-22 15:00:00,0.02
2020-03-22 16:00:00,11.04
2020-03-22 17:00:00,17.18
2020-03-22 18:00:00,22.93
2020-03-22 19:00:00,19.45
2020-03-22 20:00:00,14.36
2020-03-22 21:00:00,14.79
2020-03-22 22:00:00,11.05
2020-03-22 23:00:00,12.76
2020-03-23 00:00:00,10.0
2020-03-23 01:00:00,10.17
2020-03-23 02:00:00,9.28
2020-03-23 03:00:00,9.28
2020-03-23 04:00:00,12.76
2020-03-23 05:00:00,20.0
2020-03-23 06:00:00,23.99
2020-03-23 07:00:00,20.08
2020-03-23 08:00:00,15.84
2020-03-23 09:00:00,10.66
2020-03-23 10:00:00,10.7
2020-03-23 11:00:00,10.62
2020-03-23 12:00:00,10.92
2020-03-23 13:00:00,12.07
2020-03-23 14:00:00,12.01
2020-03-23 15:00:00,17.4
2020-03-23 16:00:00,22.77
2020-03-23 17:00:00,26.35
2020-03-23 18:00:00,33.14
2020-03-23 19:00:00,27.99
2020-03-23 20:00:00,21.97
2020-03-23 21:00:00,21.84
2020-03-23 22:00:00,18.57
2020-03-23 23:00:00,17.66
2020-03-24 00:00:00,17.56
2020-03-24 01:00:00,16.69
2020-03-24 02:00:00,16.81
2020-03-24 03:00:00,17.6
2020-03-24 04:00:00,19.8
2020-03-24 05:00:00,23.63
2020-03-24 06:00:00,25.88
2020-03-24 07:00:00,23.6
2020-03-24 08:00:00,18.77
2020-03-24 09:00:00,14.16
2020-03-24 10:00:00,15.08
2020-03-24 11:00:00,14.36
2020-03-24 12:00:00,13.0
2020-03-24 13:00:00,14.33
2020-03-24 14:00:00,16.65
2020-03-24 15:00:00,19.79
2020-03-24 16:00:00,21.28
2020-03-24 17:00:00,22.97
2020-03-24 18:00:00,33.78
2020-03-24 19:00:00,29.93
2020-03-24 20:00:00,23.18
2020-03-24 21:00:00,23.88
2020-03-24 22:00:00,22.44
2020-03-24 23:00:00,20.2
2020-03-25 00:00:00,19.21
2020-03-25 01:00:00,19.5
2020-03-25 02:00:00,19.33
2020-03-25 03:00:00,19.26
2020-03-25 04:00:00,21.51
2020-03-25 05:00:00,25.84
2020-03-25 06:00:00,29.15
2020-03-25 07:00:00,27.64
2020-03-25 08:00:00,24.31
2020-03-25 09:00:00,20.05
2020-03-25 10:00:00,19.57
2020-03-25 11:00:00,19.97
2020-03-25 12:00:00,19.05
2020-03-25 13:00:00,18.7
2020-03-25 14:00:00,17.57
2020-03-25 15:00:00,19.96
2020-03-25 16:00:00,19.42
2020-03-25 17:00:00,26.83
2020-03-25 18:00:00,34.48
2020-03-25 19:00:00,28.09
2020-03-25 20:00:00,24.51
2020-03-25 21:00:00,24.02
2020-03-25 22:00:00,21.18
2020-03-25 23:00:00,19.68
2020-03-26 00:00:00,18.39
2020-03-26 01:00:00,19.1
2020-03-26 02:00:00,18.39
2020-03-26 03:00:00,18.32
2020-03-26 04:00:00,19.8
2020-03-26 05:00:00,22.2
2020-03-26 06:00:00,25.53
2020-03-26 07:00:00,25.0
2020-03-26 08:00:00,21.32
2020-03-26 09:00:00,19.11
2020-03-26 10:00:00,18.16
2020-03-26 11:00:00,17.93
2020-03-26 12:00:00,15.71
2020-03-26 13:00:00,16.82
2020-03-26 14:00:00,18.19
2020-03-26 15:00:00,18.9
2020-03-26 16:00:00,19.5
2020-03-26 17:00:00,21.33
2020-03-26 18:00:00,32.46
2020-03-26 19:00:00,30.09
2020-03-26 20:00:00,26.27
2020-03-26 21:00:00,25.5
2020-03-26 22:00:00,23.94
2020-03-26 23:00:00,21.26
2020-03-27 00:00:00,19.0
2020-03-27 01:00:00,18.54
2020-03-27 02:00:00,18.25
2020-03-27 03:00:00,18.5
2020-03-27 04:00:00,20.6
2020-03-27 05:00:00,24.65
2020-03-27 06:00:00,26.95
2020-03-27 07:00:00,25.91
2020-03-27 08:00:00,22.67
2020-03-27 09:00:00,19.98
2020-03-27 10:00:00,18.47
2020-03-27 11:00:00,18.5
2020-03-27 12:00:00,16.12
2020-03-27 13:00:00,15.66
2020-03-27 14:00:00,17.44
2020-03-27 15:00:00,18.08
2020-03-27 16:00:00,21.8
2020-03-27 17:00:00,24.35
2020-03-27 18:00:00,30.0
2020-03-27 19:00:00,24.94
2020-03-27 20:00:00,23.19
2020-03-27 21:00:00,24.91
2020-03-27 22:00:00,25.16
2020-03-27 23:00:00,21.93
2020-03-28 00:00:00,21.09
2020-03-28 01:00:00,21.67
2020-03-28 02:00:00,19.38
2020-03-28 03:00:00,18.8
2020-03-28 04:00:00,18.44
2020-03-28 05:00:00,18.96
2020-03-28 06:00:00,18.91
2020-03-28 07:00:00,17.22
2020-03-28 08:00:00,13.08
2020-03-28 09:00:00,10.38
2020-03-28 10:00:00,7.65
2020-03-28 11:00:00,6.33
2020-03-28 12:00:00,2.22
2020-03-28 13:00:00,-0.02
2020-03-28 14:00:00,0.47
2020-03-28 15:00:00,5.77
2020-03-28 16:00:00,11.65
2020-03-28 17:00:00,17.62
2020-03-28 18:00:00,21.93
2020-03-28 19:00:00,17.02
2020-03-28 20:00:00,16.39
2020-03-28 21:00:00,16.27
2020-03-28 22:00:00,16.0
2020-03-28 23:00:00,11.76
2020-03-29 00:00:00,11.05
2020-03-29 01:00:00,6.6
2020-03-29 02:00:00,3.32
2020-03-29 03:00:00,1.55
2020-03-29 04:00:00,1.76
2020-03-29 05:00:00,2.32
2020-03-29 06:00:00,2.59
2020-03-29 07:00:00,5.31
2020-03-29 08:00:00,5.31
2020-03-29 09:00:00,4.25
2020-03-29 10:00:00,8.13
2020-03-29 11:00:00,8.82
2020-03-29 12:00:00,-0.02
2020-03-29 13:00:00,-10.79
2020-03-29 14:00:00,-5.98
2020-03-29 15:00:00,0.08
2020-03-29 16:00:00,7.81
2020-03-29 17:00:00,16.99
2020-03-29 18:00:00,17.9
2020-03-29 19:00:00,17.45
2020-03-29 20:00:00,20.14
2020-03-29 21:00:00,20.59
2020-03-29 22:00:00,18.1
2020-03-29 23:00:00,17.81
2020-03-30 00:00:00,19.65
2020-03-30 01:00:00,16.89
2020-03-30 02:00:00,16.99
2020-03-30 03:00:00,18.72
2020-03-30 04:00:00,24.94
2020-03-30 05:00:00,31.44
2020-03-30 06:00:00,30.94
2020-03-30 07:00:00,26.11
2020-03-30 08:00:00,22.4
2020-03-30 09:00:00,21.09
2020-03-30 10:00:00,21.09
2020-03-30 11:00:00,19.12
2020-03-30 12:00:00,17.07
2020-03-30 13:00:00,15.8
2020-03-30 14:00:00,15.5
2020-03-30 15:00:00,14.37
2020-03-30 16:00:00,18.0
2020-03-30 17:00:00,26.18
2020-03-30 18:00:00,28.98
2020-03-30 19:00:00,28.6
2020-03-30 20:00:00,27.01
2020-03-30 21:00:00,24.38
2020-03-30 22:00:00,23.39
2020-03-30 23:00:00,19.69
2020-03-31 00:00:00,19.91
2020-03-31 01:00:00,19.59
2020-03-31 02:00:00,19.01
2020-03-31 03:00:00,21.96
2020-03-31 04:00:00,25.5
2020-03-31 05:00:00,26.78
2020-03-31 06:00:00,26.83
2020-03-31 07:00:00,25.75
2020-03-31 08:00:00,23.94
2020-03-31 09:00:00,19.76
2020-03-31 10:00:00,20.0
2020-03-31 11:00:00,18.32
2020-03-31 12:00:00,17.5
2020-03-31 13:00:00,17.6
2020-03-31 14:00:00,17.86
2020-03-31 15:00:00,15.83
2020-03-31 16:00:00,19.23
2020-03-31 17:00:00,25.31
2020-03-31 18:00:00,29.02
2020-03-31 19:00:00,25.64
2020-03-31 20:00:00,26.61
2020-03-31 21:00:00,24.1
2020-03-31 22:00:00,22.26
2020-03-31 23:00:00,20.22
2020-04-01 00:00:00,19.67
2020-04-01 01:00:00,19.25
2020-04-01 02:00:00,19.31
2020-04-01 03:00:00,20.76
2020-04-01 04:00:00,25.43
2020-04-01 05:00:00,27.21
2020-04-01 06:00:00,27.96
2020-04-01 07:00:00,25.5
2020-04-01 08:00:00,21.97
2020-04-01 09:00:00,20.37
2020-04-01 10:00:00,20.0
2020-04-01 11:00:00,18.51
2020-04-01 12:00:00,17.46
2020-04-01 13:00:00,18.09
2020-04-01 14:00:00,19.11
2020-04-01 15:00:00,22.01
2020-04-01 16:00:00,24.13
2020-04-01 17:00:00,29.22
2020-04-01 18:00:00,29.43
2020-04-01 19:00:00,28.94
2020-04-01 20:00:00,28.31
2020-04-01 21:00:00,26.35
2020-04-01 22:00:00,24.18
2020-04-01 23:00:00,22.93
2020-04-02 00:00:00,21.8
2020-04-02 01:00:00,20.96
2020-04-02 02:00:00,20.8
2020-04-02 03:00:00,22.56
2020-04-02 04:00:00,25.31
2020-04-02 05:00:00,27.31
2020-04-02 06:00:00,27.8
2020-04-02 07:00:00,25.0
2020-04-02 08:00:00,21.46
2020-04-02 09:00:00,20.49
2020-04-02 10:00:00,21.09
2020-04-02 11:00:00,15.51
2020-04-02 12:00:00,13.45
2020-04-02 13:00:00,12.65
2020-04-02 14:00:00,14.23
2020-04-02 15:00:00,17.2
2020-04-02 16:00:00,22.71
2020-04-02 17:00:00,25.82
2020-04-02 18:00:00,27.3
2020-04-02 19:00:00,24.47
2020-04-02 20:00:00,25.0
2020-04-02 21:00:00,24.5
2020-04-02 22:00:00,21.88
2020-04-02 23:00:00,18.93
2020-04-03 00:00:00,18.15
2020-04-03 01:00:00,18.19
2020-04-03 02:00:00,18.47
2020-04-03 03:00:00,18.45
2020-04-03 04:00:00,23.76
2020-04-03 05:00:00,26.1
2020-04-03 06:00:00,26.45
2020-04-03 07:00:00,25.5
2020-04-03 08:00:00,23.03
2020-04-03 09:00:00,21.04
2020-04-03 10:00:00,20.24
2020-04-03 11:00:00,17.7
2020-04-03 12:00:00,17.08
2020-04-03 13:00:00,17.03
2020-04-03 14:00:00,17.07
2020-04-03 15:00:00,19.98
2020-04-03 16:00:00,23.0
2020-04-03 17:00:00,26.0
2020-04-03 18:00:00,28.22
2020-04-03 19:00:00,27.23
2020-04-03 20:00:00,29.15
2020-04-03 21:00:00,28.0
2020-04-03 22:00:00,25.1
2020-04-03 23:00:00,22.99
2020-04-04 00:00:00,21.1
2020-04-04 01:00:00,20.1
2020-04-04 02:00:00,19.8
2020-04-04 03:00:00,19.6
2020-04-04 04:00:00,21.79
2020-04-04 05:00:00,19.8
2020-04-04 06:00:00,19.31
2020-04-04 07:00:00,19.0
2020-04-04 08:00:00,14.98
2020-04-04 09:00:00,13.06
2020-04-04 10:00:00,14.28
2020-04-04 11:00:00,10.82
2020-04-04 12:00:00,10.0
2020-04-04 13:00:00,9.88
2020-04-04 14:00:00,9.33
2020-04-04 15:00:00,8.6
2020-04-04 16:00:00,19.39
2020-04-04 17:00:00,13.69
2020-04-04 18:00:00,18.78
2020-04-04 19:00:00,18.12
2020-04-04 20:00:00,17.24
2020-04-04 21:00:00,17.07
2020-04-04 22:00:00,17.99
2020-04-04 23:00:00,11.4
2020-04-05 00:00:00,9.82
2020-04-05 01:00:00,9.9
2020-04-05 02:00:00,8.17
2020-04-05 03:00:00,5.26
2020-04-05 04:00:00,5.53
2020-04-05 05:00:00,5.5
2020-04-05 06:00:00,8.05
2020-04-05 07:00:00,5.77
2020-04-05 08:00:00,4.63
2020-04-05 09:00:00,2.25
2020-04-05 10:00:00,0.02
2020-04-05 11:00:00,-0.02
2020-04-05 12:00:00,-10.78
2020-04-05 13:00:00,-21.06
2020-04-05 14:00:00,-4.82
2020-04-05 15:00:00,4.48
2020-04-05 16:00:00,12.88
2020-04-05 17:00:00,15.1
2020-04-05 18:00:00,19.08
2020-04-05 19:00:00,17.43
2020-04-05 20:00:00,12.28
2020-04-05 21:00:00,10.0
2020-04-05 22:00:00,7.08
2020-04-05 23:00:00,4.59
2020-04-06 00:00:00,6.34
2020-04-06 01:00:00,3.7
2020-04-06 02:00:00,3.66
2020-04-06 03:00:00,4.98
2020-04-06 04:00:00,11.46
2020-04-06 05:00:00,12.54
2020-04-06 06:00:00,18.38
2020-04-06 07:00:00,18.73
2020-04-06 08:00:00,14.48
2020-04-06 09:00:00,11.19
2020-04-06 10:00:00,14.02
2020-04-06 11:00:00,10.55
2020-04-06 12:00:00,10.0
2020-04-06 13:00:00,11.83
2020-04-06 14:00:00,14.83
2020-04-06 15:00:00,12.37
2020-04-06 16:00:00,15.05
2020-04-06 17:00:00,15.82
2020-04-06 18:00:00,16.31
2020-04-06 19:00:00,18.55
2020-04-06 20:00:00,21.46
2020-04-06 21:00:00,24.17
2020-04-06 22:00:00,20.05
2020-04-06 23:00:00,19.09
2020-04-07 00:00:00,17.8
2020-04-07 01:00:00,15.92
2020-04-07 02:00:00,16.5
2020-04-07 03:00:00,14.63
2020-04-07 04:00:00,18.47
2020-04-07 05:00:00,20.17
2020-04-07 06:00:00,23.08
2020-04-07 07:00:00,23.66
2020-04-07 08:00:00,15.93
2020-04-07 09:00:00,15.15
2020-04-07 10:00:00,17.55
2020-04-07 11:00:00,13.52
2020-04-07 12:00:00,12.89
2020-04-07 13:00:00,12.31
2020-04-07 14:00:00,11.71
2020-04-07 15:00:00,13.35
2020-04-07 16:00:00,14.82
2020-04-07 17:00:00,16.32
2020-04-07 18:00:00,18.71
2020-04-07 19:00:00,13.06
2020-04-07 20:00:00,18.91
2020-04-07 21:00:00,19.05
2020-04-07 22:00:00,17.79
2020-04-07 23:00:00,18.12
2020-04-08 00:00:00,13.95
2020-04-08 01:00:00,13.84
2020-04-08 02:00:00,12.89
2020-04-08 03:00:00,12.52
2020-04-08 04:00:00,13.36
2020-04-08 05:00:00,15.02
2020-04-08 06:00:00,19.9
2020-04-08 07:00:00,15.18
2020-04-08 08:00:00,14.51
2020-04-08 09:00:00,12.1
2020-04-08 10:00:00,16.97
2020-04-08 11:00:00,15.09
2020-04-08 12:00:00,13.3
2020-04-08 13:00:00,12.55
2020-04-08 14:00:00,11.23
2020-04-08 15:00:00,10.69
2020-04-08 16:00:00,14.56
2020-04-08 17:00:00,17.11
2020-04-08 18:00:00,17.75
2020-04-08 19:00:00,16.18
2020-04-08 20:00:00,17.88
2020-04-08 21:00:00,21.71
2020-04-08 22:00:00,22.66
2020-04-08 23:00:00,21.3
2020-04-09 00:00:00,21.08
2020-04-09 01:00:00,20.9
2020-04-09 02:00:00,17.34
2020-04-09 03:00:00,15.59
2020-04-09 04:00:00,17.37
2020-04-09 05:00:00,19.44
2020-04-09 06:00:00,22.66
2020-04-09 07:00:00,20.08
2020-04-09 08:00:00,17.89
2020-04-09 09:00:00,16.65
2020-04-09 10:00:00,19.42
2020-04-09 11:00:00,15.15
2020-04-09 12:00:00,13.02
2020-04-09 13:00:00,12.39
2020-04-09 14:00:00,11.86
2020-04-09 15:00:00,12.32
2020-04-09 16:00:00,16.02
2020-04-09 17:00:00,16.96
2020-04-09 18:00:00,17.02
2020-04-09 19:00:00,12.49
2020-04-09 20:00:00,15.11
2020-04-09 21:00:00,18.98
2020-04-09 22:00:00,16.29
2020-04-09 23:00:00,13.23
2020-04-10 00:00:00,13.14
2020-04-10 01:00:00,10.67
2020-04-10 02:00:00,9.62
2020-04-10 03:00:00,9.25
2020-04-10 04:00:00,14.66
2020-04-10 05:00:00,15.54
2020-04-10 06:00:00,16.29
2020-04-10 07:00:00,17.53
2020-04-10 08:00:00,18.04
2020-04-10 09:00:00,17.06
2020-04-10 10:00:00,13.97
2020-04-10 11:00:00,10.55
2020-04-10 12:00:00,9.16
2020-04-10 13:00:00,10.03
2020-04-10 14:00:00,11.62
2020-04-10 15:00:00,12.27
2020-04-10 16:00:00,16.35
2020-04-10 17:00:00,18.1
2020-04-10 18:00:00,20.08
2020-04-10 19:00:00,16.21
2020-04-10 20:00:00,17.21
2020-04-10 21:00:00,21.31
2020-04-10 22:00:00,18.03
2020-04-10 23:00:00,12.46
2020-04-11 00:00:00,12.97
2020-04-11 01:00:00,10.87
2020-04-11 02:00:00,9.33
2020-04-11 03:00:00,10.25
2020-04-11 04:00:00,14.19
2020-04-11 05:00:00,13.71
2020-04-11 06:00:00,15.72
2020-04-11 07:00:00,18.16
2020-04-11 08:00:00,14.3
2020-04-11 09:00:00,11.59
2020-04-11 10:00:00,12.33
2020-04-11 11:00:00,8.6
2020-04-11 12:00:00,5.1
2020-04-11 13:00:00,7.28
2020-04-11 14:00:00,14.01
2020-04-11 15:00:00,12.42
2020-04-11 16:00:00,14.04
2020-04-11 17:00:00,17.05
2020-04-11 18:00:00,15.98
2020-04-11 19:00:00,13.11
2020-04-11 20:00:00,17.2
2020-04-11 21:00:00,21.82
2020-04-11 22:00:00,21.8
2020-04-11 23:00:00,19.01
2020-04-12 00:00:00,16.71
2020-04-12 01:00:00,14.38
2020-04-12 02:00:00,11.25
2020-04-12 03:00:00,15.02
2020-04-12 04:00:00,15.74
2020-04-12 05:00:00,16.0
2020-04-12 06:00:00,14.06
2020-04-12 07:00:00,9.99
2020-04-12 08:00:00,5.18
2020-04-12 09:00:00,4.93
2020-04-12 10:00:00,4.98
2020-04-12 11:00:00,1.84
2020-04-12 12:00:00,0.0
2020-04-12 13:00:00,0.17
2020-04-12 14:00:00,3.0
2020-04-12 15:00:00,4.14
2020-04-12 16:00:00,9.26
2020-04-12 17:00:00,16.98
2020-04-12 18:00:00,18.97
2020-04-12 19:00:00,21.81
2020-04-12 20:00:00,19.5
2020-04-12 21:00:00,8.2
2020-04-12 22:00:00,10.34
2020-04-12 23:00:00,0.07
2020-04-13 00:00:00,1.72
2020-04-13 01:00:00,0.77
2020-04-13 02:00:00,0.02
2020-04-13 03:00:00,-0.09
2020-04-13 04:00:00,-2.35
2020-04-13 05:00:00,-5.0
2020-04-13 06:00:00,-5.91
2020-04-13 07:00:00,-4.6
2020-04-13 08:00:00,-4.75
2020-04-13 09:00:00,-0.02
2020-04-13 10:00:00,0.01
2020-04-13 11:00:00,-14.65
2020-04-13 12:00:00,-25.09
2020-04-13 13:00:00,-75.82
2020-04-13 14:00:00,-66.47
2020-04-13 15:00:00,-32.64
2020-04-13 16:00:00,2.47
2020-04-13 17:00:00,13.13
2020-04-13 18:00:00,14.37
2020-04-13 19:00:00,10.04
2020-04-13 20:00:00,14.74
2020-04-13 21:00:00,13.59
2020-04-13 22:00:00,10.0
2020-04-13 23:00:00,8.23
2020-04-14 00:00:00,7.92
2020-04-14 01:00:00,6.76
2020-04-14 02:00:00,7.38
2020-04-14 03:00:00,8.96
2020-04-14 04:00:00,14.01
2020-04-14 05:00:00,18.76
2020-04-14 06:00:00,21.13
2020-04-14 07:00:00,17.45
2020-04-14 08:00:00,12.1
2020-04-14 09:00:00,11.76
2020-04-14 10:00:00,17.13
2020-04-14 11:00:00,11.6
2020-04-14 12:00:00,13.54
2020-04-14 13:00:00,0.0
2020-04-14 14:00:00,0.02
2020-04-14 15:00:00,3.72
2020-04-14 16:00:00,10.76
2020-04-14 17:00:00,17.82
2020-04-14 18:00:00,14.08
2020-04-14 19:00:00,14.45
2020-04-14 20:00:00,19.88
2020-04-14 21:00:00,20.69
2020-04-14 22:00:00,19.87
2020-04-14 23:00:00,17.08
2020-04-15 00:00:00,16.01
2020-04-15 01:00:00,14.89
2020-04-15 02:00:00,11.94
2020-04-15 03:00:00,12.61
2020-04-15 04:00:00,14.24
2020-04-15 05:00:00,15.34
2020-04-15 06:00:00,16.9
2020-04-15 07:00:00,16.7
2020-04-15 08:00:00,14.29
2020-04-15 09:00:00,14.16
2020-04-15 10:00:00,12.26
2020-04-15 11:00:00,8.0
2020-04-15 12:00:00,6.36
2020-04-15 13:00:00,8.05
2020-04-15 14:00:00,12.13
2020-04-15 15:00:00,12.19
2020-04-15 16:00:00,14.47
2020-04-15 17:00:00,17.01
2020-04-15 18:00:00,18.01
2020-04-15 19:00:00,16.93
2020-04-15 20:00:00,19.74
2020-04-15 21:00:00,18.27
2020-04-15 22:00:00,14.06
2020-04-15 23:00:00,12.07
2020-04-16 00:00:00,10.66
2020-04-16 01:00:00,9.2
2020-04-16 02:00:00,7.96
2020-04-16 03:00:00,8.89
2020-04-16 04:00:00,10.2
2020-04-16 05:00:00,11.86
2020-04-16 06:00:00,14.23
2020-04-16 07:00:00,14.27
2020-04-16 08:00:00,11.77
2020-04-16 09:00:00,12.98
2020-04-16 10:00:00,15.1
2020-04-16 11:00:00,12.0
2020-04-16 12:00:00,12.0
2020-04-16 13:00:00,11.73
2020-04-16 14:00:00,11.39
2020-04-16 15:00:00,10.0
2020-04-16 16:00:00,13.0
2020-04-16 17:00:00,14.4
2020-04-16 18:00:00,14.73
2020-04-16 19:00:00,16.56
2020-04-16 20:00:00,17.34
2020-04-16 21:00:00,16.0
2020-04-16 22:00:00,15.22
2020-04-16 23:00:00,13.4
2020-04-17 00:00:00,12.39
2020-04-17 01:00:00,10.22
2020-04-17 02:00:00,9.55
2020-04-17 03:00:00,10.18
2020-04-17 04:00:00,11.84
2020-04-17 05:00:00,12.0
2020-04-17 06:00:00,12.17
2020-04-17 07:00:00,15.0
2020-04-17 08:00:00,14.91
2020-04-17 09:00:00,15.48
2020-04-17 10:00:00,16.05
2020-04-17 11:00:00,15.61
2020-04-17 12:00:00,14.0
2020-04-17 13:00:00,11.93
2020-04-17 14:00:00,11.51
2020-04-17 15:00:00,11.81
2020-04-17 16:00:00,13.93
2020-04-17 17:00:00,15.55
2020-04-17 18:00:00,14.82
2020-04-17 19:00:00,17.71
2020-04-17 20:00:00,21.47
2020-04-17 21:00:00,20.76
2020-04-17 22:00:00,22.1
2020-04-17 23:00:00,18.15
2020-04-18 00:00:00,15.86
2020-04-18 01:00:00,16.24
2020-04-18 02:00:00,10.06
2020-04-18 03:00:00,9.89
2020-04-18 04:00:00,14.21
2020-04-18 05:00:00,14.63
2020-04-18 06:00:00,16.29
2020-04-18 07:00:00,14.2
2020-04-18 08:00:00,15.23
2020-04-18 09:00:00,16.63
2020-04-18 10:00:00,16.8
2020-04-18 11:00:00,12.84
2020-04-18 12:00:00,12.32
2020-04-18 13:00:00,12.77
2020-04-18 14:00:00,13.74
2020-04-18 15:00:00,10.35
2020-04-18 16:00:00,12.98
2020-04-18 17:00:00,14.59
2020-04-18 18:00:00,14.86
2020-04-18 19:00:00,19.31
2020-04-18 20:00:00,21.16
2020-04-18 21:00:00,18.8
2020-04-18 22:00:00,16.51
2020-04-18 23:00:00,15.0
2020-04-19 00:00:00,13.45
2020-04-19 01:00:00,9.3
2020-04-19 02:00:00,10.98
2020-04-19 03:00:00,11.31
2020-04-19 04:00:00,11.66
2020-04-19 05:00:00,11.16
2020-04-19 06:00:00,14.01
2020-04-19 07:00:00,12.47
2020-04-19 08:00:00,10.88
2020-04-19 09:00:00,8.39
2020-04-19 10:00:00,9.21
2020-04-19 11:00:00,0.03
2020-04-19 12:00:00,-16.52
2020-04-19 13:00:00,-20.4
2020-04-19 14:00:00,-10.08
2020-04-19 15:00:00,4.99
2020-04-19 16:00:00,11.2
2020-04-19 17:00:00,9.93
2020-04-19 18:00:00,11.8
2020-04-19 19:00:00,12.73
2020-04-19 20:00:00,13.43
2020-04-19 21:00:00,10.19
2020-04-19 22:00:00,4.43
2020-04-19 23:00:00,4.38
2020-04-20 00:00:00,3.69
2020-04-20 01:00:00,0.66
2020-04-20 02:00:00,0.03
2020-04-20 03:00:00,4.77
2020-04-20 04:00:00,9.16
2020-04-20 05:00:00,12.77
2020-04-20 06:00:00,15.0
2020-04-20 07:00:00,13.97
2020-04-20 08:00:00,12.02
2020-04-20 09:00:00,6.91
2020-04-20 10:00:00,1.54
2020-04-20 11:00:00,-0.09
2020-04-20 12:00:00,-22.96
2020-04-20 13:00:00,-23.12
2020-04-20 14:00:00,-14.63
2020-04-20 15:00:00,4.01
2020-04-20 16:00:00,14.23
2020-04-20 17:00:00,15.02
2020-04-20 18:00:00,15.81
2020-04-20 19:00:00,14.05
2020-04-20 20:00:00,13.39
2020-04-20 21:00:00,7.9
2020-04-20 22:00:00,6.31
2020-04-20 23:00:00,4.35
2020-04-21 00:00:00,3.73
2020-04-21 01:00:00,0.04
2020-04-21 02:00:00,3.72
2020-04-21 03:00:00,4.73
2020-04-21 04:00:00,9.8
2020-04-21 05:00:00,11.43
2020-04-21 06:00:00,11.17
2020-04-21 07:00:00,8.33
2020-04-21 08:00:00,-8.65
2020-04-21 09:00:00,-3.33
2020-04-21 10:00:00,0.01
2020-04-21 11:00:00,-0.92
2020-04-21 12:00:00,-3.99
2020-04-21 13:00:00,-8.44
2020-04-21 14:00:00,-0.09
2020-04-21 15:00:00,0.07
2020-04-21 16:00:00,8.0
2020-04-21 17:00:00,10.99
2020-04-21 18:00:00,10.99
2020-04-21 19:00:00,11.17
2020-04-21 20:00:00,10.99
2020-04-21 21:00:00,9.99
2020-04-21 22:00:00,4.64
2020-04-21 23:00:00,4.12
2020-04-22 00:00:00,3.5
2020-04-22 01:00:00,4.14
2020-04-22 02:00:00,4.57
2020-04-22 03:00:00,6.0
2020-04-22 04:00:00,8.0
2020-04-22 05:00:00,8.49
2020-04-22 06:00:00,11.64
2020-04-22 07:00:00,10.57
2020-04-22 08:00:00,6.77
2020-04-22 09:00:00,6.1
2020-04-22 10:00:00,5.62
2020-04-22 11:00:00,3.14
2020-04-22 12:00:00,-5.72
2020-04-22 13:00:00,-0.78
2020-04-22 14:00:00,4.07
2020-04-22 15:00:00,8.59
2020-04-22 16:00:00,12.14
2020-04-22 17:00:00,18.85
2020-04-22 18:00:00,20.03
2020-04-22 19:00:00,22.19
2020-04-22 20:00:00,20.01
2020-04-22 21:00:00,19.0
2020-04-22 22:00:00,20.1
2020-04-22 23:00:00,18.61
2020-04-23 00:00:00,16.11
2020-04-23 01:00:00,13.49
2020-04-23 02:00:00,12.69
2020-04-23 03:00:00,14.01
2020-04-23 04:00:00,14.55
2020-04-23 05:00:00,16.16
2020-04-23 06:00:00,19.02
2020-04-23 07:00:00,20.01
2020-04-23 08:00:00,18.18
2020-04-23 09:00:00,17.4
2020-04-23 10:00:00,16.95
2020-04-23 11:00:00,16.63
2020-04-23 12:00:00,14.95
2020-04-23 13:00:00,14.97
2020-04-23 14:00:00,14.79
2020-04-23 15:00:00,16.73
2020-04-23 16:00:00,18.85
2020-04-23 17:00:00,21.33
2020-04-23 18:00:00,22.4
2020-04-23 19:00:00,23.94
2020-04-23 20:00:00,22.31
2020-04-23 21:00:00,21.9
2020-04-23 22:00:00,23.87
2020-04-23 23:00:00,21.63
2020-04-24 00:00:00,20.65
2020-04-24 01:00:00,18.69
2020-04-24 02:00:00,17.01
2020-04-24 03:00:00,16.57
2020-04-24 04:00:00,19.18
2020-04-24 05:00:00,20.52
2020-04-24 06:00:00,21.09
2020-04-24 07:00:00,21.84
2020-04-24 08:00:00,20.0
2020-04-24 09:00:00,18.45
2020-04-24 10:00:00,16.15
2020-04-24 11:00:00,14.55
2020-04-24 12:00:00,12.02
2020-04-24 13:00:00,10.0
2020-04-24 14:00:00,11.81
2020-04-24 15:00:00,15.62
2020-04-24 16:00:00,19.97
2020-04-24 17:00:00,20.44
2020-04-24 18:00:00,22.5
2020-04-24 19:00:00,23.08
2020-04-24 20:00:00,23.0
2020-04-24 21:00:00,20.52
2020-04-24 22:00:00,16.25
2020-04-24 23:00:00,15.0
2020-04-25 00:00:00,15.59
2020-04-25 01:00:00,14.42
2020-04-25 02:00:00,14.48
2020-04-25 03:00:00,14.03
2020-04-25 04:00:00,14.0
2020-04-25 05:00:00,15.09
2020-04-25 06:00:00,14.17
2020-04-25 07:00:00,16.6
2020-04-25 08:00:00,16.03
2020-04-25 09:00:00,16.3
2020-04-25 10:00:00,15.08
2020-04-25 11:00:00,12.25
2020-04-25 12:00:00,7.76
2020-04-25 13:00:00,7.99
2020-04-25 14:00:00,10.07
2020-04-25 15:00:00,13.3
2020-04-25 16:00:00,16.21
2020-04-25 17:00:00,19.53
2020-04-25 18:00:00,20.51
2020-04-25 19:00:00,22.7
2020-04-25 20:00:00,22.65
2020-04-25 21:00:00,21.23
2020-04-25 22:00:00,16.23
2020-04-25 23:00:00,15.76
2020-04-26 00:00:00,14.55
2020-04-26 01:00:00,12.42
2020-04-26 02:00:00,11.92
2020-04-26 03:00:00,11.8
2020-04-26 04:00:00,12.0
2020-04-26 05:00:00,11.99
2020-04-26 06:00:00,12.12
2020-04-26 07:00:00,12.42
2020-04-26 08:00:00,13.0
2020-04-26 09:00:00,14.38
2020-04-26 10:00:00,15.0
2020-04-26 11:00:00,11.9
2020-04-26 12:00:00,5.56
2020-04-26 13:00:00,6.93
2020-04-26 14:00:00,12.42
2020-04-26 15:00:00,12.42
2020-04-26 16:00:00,14.0
2020-04-26 17:00:00,17.07
2020-04-26 18:00:00,19.46
2020-04-26 19:00:00,24.1
2020-04-26 20:00:00,25.15
2020-04-26 21:00:00,23.76
2020-04-26 22:00:00,20.84
2020-04-26 23:00:00,20.23
2020-04-27 00:00:00,18.44
2020-04-27 01:00:00,16.89
2020-04-27 02:00:00,13.64
2020-04-27 03:00:00,16.08
2020-04-27 04:00:00,19.73
2020-04-27 05:00:00,20.62
2020-04-27 06:00:00,20.58
2020-04-27 07:00:00,21.99
2020-04-27 08:00:00,20.3
2020-04-27 09:00:00,20.64
2020-04-27 10:00:00,21.49
2020-04-27 11:00:00,20.39
2020-04-27 12:00:00,19.85
2020-04-27 13:00:00,18.31
2020-04-27 14:00:00,18.4
2020-04-27 15:00:00,18.26
2020-04-27 16:00:00,20.0
2020-04-27 17:00:00,21.4
2020-04-27 18:00:00,21.7
2020-04-27 19:00:00,24.1
2020-04-27 20:00:00,23.56
2020-04-27 21:00:00,22.29
2020-04-27 22:00:00,21.74
2020-04-27 23:00:00,20.02
2020-04-28 00:00:00,15.85
2020-04-28 01:00:00,13.8
2020-04-28 02:00:00,13.06
2020-04-28 03:00:00,13.0
2020-04-28 04:00:00,14.24
2020-04-28 05:00:00,17.52
2020-04-28 06:00:00,20.0
2020-04-28 07:00:00,21.2
2020-04-28 08:00:00,21.19
2020-04-28 09:00:00,21.87
2020-04-28 10:00:00,24.93
2020-04-28 11:00:00,21.87
2020-04-28 12:00:00,20.64
2020-04-28 13:00:00,16.27
2020-04-28 14:00:00,13.25
2020-04-28 15:00:00,12.21
2020-04-28 16:00:00,15.0
2020-04-28 17:00:00,19.9
2020-04-28 18:00:00,21.45
2020-04-28 19:00:00,24.56
2020-04-28 20:00:00,24.09
2020-04-28 21:00:00,21.03
2020-04-28 22:00:00,19.04
2020-04-28 23:00:00,12.61
2020-04-29 00:00:00,10.8
2020-04-29 01:00:00,10.62
2020-04-29 02:00:00,10.0
2020-04-29 03:00:00,10.7
2020-04-29 04:00:00,11.0
2020-04-29 05:00:00,12.72
2020-04-29 06:00:00,14.05
2020-04-29 07:00:00,13.61
2020-04-29 08:00:00,11.63
2020-04-29 09:00:00,14.69
2020-04-29 10:00:00,17.93
2020-04-29 11:00:00,10.5
2020-04-29 12:00:00,7.57
2020-04-29 13:00:00,5.95
2020-04-29 14:00:00,9.28
2020-04-29 15:00:00,9.46
2020-04-29 16:00:00,11.05
2020-04-29 17:00:00,20.71
2020-04-29 18:00:00,12.0
2020-04-29 19:00:00,14.0
2020-04-29 20:00:00,15.58
2020-04-29 21:00:00,20.96
2020-04-29 22:00:00,9.99
2020-04-29 23:00:00,7.5
2020-04-30 00:00:00,5.72
2020-04-30 01:00:00,5.54
2020-04-30 02:00:00,5.3
2020-04-30 03:00:00,5.3
2020-04-30 04:00:00,5.54
2020-04-30 05:00:00,9.45
2020-04-30 06:00:00,8.69
2020-04-30 07:00:00,10.23
2020-04-30 08:00:00,6.0
2020-04-30 09:00:00,6.66
2020-04-30 10:00:00,11.23
2020-04-30 11:00:00,8.46
2020-04-30 12:00:00,5.51
2020-04-30 13:00:00,5.54
2020-04-30 14:00:00,8.84
2020-04-30 15:00:00,9.62
2020-04-30 16:00:00,6.0
2020-04-30 17:00:00,6.85
2020-04-30 18:00:00,8.06
2020-04-30 19:00:00,10.2
2020-04-30 20:00:00,10.4
2020-04-30 21:00:00,12.04
2020-04-30 22:00:00,5.5
2020-04-30 23:00:00,5.35
2020-05-01 00:00:00,4.0
2020-05-01 01:00:00,3.0
2020-05-01 02:00:00,2.2
2020-05-01 03:00:00,2.46
2020-05-01 04:00:00,3.0
2020-05-01 05:00:00,2.3
2020-05-01 06:00:00,2.46
2020-05-01 07:00:00,3.09
2020-05-01 08:00:00,3.46
2020-05-01 09:00:00,2.99
2020-05-01 10:00:00,5.0
2020-05-01 11:00:00,2.01
2020-05-01 12:00:00,1.7
2020-05-01 13:00:00,1.02
2020-05-01 14:00:00,1.95
2020-05-01 15:00:00,5.04
2020-05-01 16:00:00,11.0
2020-05-01 17:00:00,5.5
2020-05-01 18:00:00,8.69
2020-05-01 19:00:00,14.61
2020-05-01 20:00:00,19.0
2020-05-01 21:00:00,16.0
2020-05-01 22:00:00,12.2
2020-05-01 23:00:00,10.0
2020-05-02 00:00:00,10.0
2020-05-02 01:00:00,8.0
2020-05-02 02:00:00,8.0
2020-05-02 03:00:00,8.0
2020-05-02 04:00:00,7.2
2020-05-02 05:00:00,8.0
2020-05-02 06:00:00,10.3
2020-05-02 07:00:00,10.55
2020-05-02 08:00:00,10.7
2020-05-02 09:00:00,11.28
2020-05-02 10:00:00,10.01
2020-05-02 11:00:00,7.35
2020-05-02 12:00:00,5.65
2020-05-02 13:00:00,5.25
2020-05-02 14:00:00,5.66
2020-05-02 15:00:00,8.5
2020-05-02 16:00:00,12.0
2020-05-02 17:00:00,15.0
2020-05-02 18:00:00,18.0
2020-05-02 19:00:00,23.51
2020-05-02 20:00:00,24.38
2020-05-02 21:00:00,20.49
2020-05-02 22:00:00,18.0
2020-05-02 23:00:00,13.76
2020-05-03 00:00:00,11.44
2020-05-03 01:00:00,11.15
2020-05-03 02:00:00,8.5
2020-05-03 03:00:00,6.81
2020-05-03 04:00:00,10.13
2020-05-03 05:00:00,9.0
2020-05-03 06:00:00,10.0
2020-05-03 07:00:00,9.4
2020-05-03 08:00:00,9.7
2020-05-03 09:00:00,10.0
2020-05-03 10:00:00,10.0
2020-05-03 11:00:00,7.06
2020-05-03 12:00:00,5.84
2020-05-03 13:00:00,5.57
2020-05-03 14:00:00,7.14
2020-05-03 15:00:00,10.21
2020-05-03 16:00:00,12.0
2020-05-03 17:00:00,15.34
2020-05-03 18:00:00,18.59
2020-05-03 19:00:00,21.68
2020-05-03 20:00:00,23.01
2020-05-03 21:00:00,21.0
2020-05-03 22:00:00,21.68
2020-05-03 23:00:00,17.97
2020-05-04 00:00:00,14.87
2020-05-04 01:00:00,14.07
2020-05-04 02:00:00,12.67
2020-05-04 03:00:00,13.3
2020-05-04 04:00:00,14.3
2020-05-04 05:00:00,16.36
2020-05-04 06:00:00,17.97
2020-05-04 07:00:00,18.52
2020-05-04 08:00:00,18.13
2020-05-04 09:00:00,18.45
2020-05-04 10:00:00,22.92
2020-05-04 11:00:00,16.37
2020-05-04 12:00:00,14.0
2020-05-04 13:00:00,11.48
2020-05-04 14:00:00,11.27
2020-05-04 15:00:00,10.5
2020-05-04 16:00:00,13.24
2020-05-04 17:00:00,16.95
2020-05-04 18:00:00,17.31
2020-05-04 19:00:00,20.37
2020-05-04 20:00:00,22.51
2020-05-04 21:00:00,19.89
2020-05-04 22:00:00,16.0
2020-05-04 23:00:00,14.29
2020-05-05 00:00:00,14.27
2020-05-05 01:00:00,14.29
2020-05-05 02:00:00,14.29
2020-05-05 03:00:00,15.0
2020-05-05 04:00:00,12.93
2020-05-05 05:00:00,15.01
2020-05-05 06:00:00,18.47
2020-05-05 07:00:00,20.04
2020-05-05 08:00:00,19.92
2020-05-05 09:00:00,19.59
2020-05-05 10:00:00,18.95
2020-05-05 11:00:00,17.88
2020-05-05 12:00:00,16.46
2020-05-05 13:00:00,15.98
2020-05-05 14:00:00,16.0
2020-05-05 15:00:00,16.49
2020-05-05 16:00:00,18.44
2020-05-05 17:00:00,21.01
2020-05-05 18:00:00,22.73
2020-05-05 19:00:00,25.04
2020-05-05 20:00:00,25.34
2020-05-05 21:00:00,23.24
2020-05-05 22:00:00,19.87
2020-05-05 23:00:00,20.01
2020-05-06 00:00:00,19.89
2020-05-06 01:00:00,18.29
2020-05-06 02:00:00,17.04
2020-05-06 03:00:00,20.1
2020-05-06 04:00:00,23.01
2020-05-06 05:00:00,26.22
2020-05-06 06:00:00,26.55
2020-05-06 07:00:00,24.22
2020-05-06 08:00:00,21.16
2020-05-06 09:00:00,20.34
2020-05-06 10:00:00,19.67
2020-05-06 11:00:00,18.07
2020-05-06 12:00:00,16.41
2020-05-06 13:00:00,16.02
2020-05-06 14:00:00,16.69
2020-05-06 15:00:00,18.79
2020-05-06 16:00:00,22.94
2020-05-06 17:00:00,24.96
2020-05-06 18:00:00,25.42
2020-05-06 19:00:00,24.97
2020-05-06 20:00:00,24.68
2020-05-06 21:00:00,22.14
2020-05-06 22:00:00,20.08
2020-05-06 23:00:00,19.03
2020-05-07 00:00:00,18.57
2020-05-07 01:00:00,18.39
2020-05-07 02:00:00,18.36
2020-05-07 03:00:00,18.95
2020-05-07 04:00:00,17.04
2020-05-07 05:00:00,21.03
2020-05-07 06:00:00,22.56
2020-05-07 07:00:00,21.54
2020-05-07 08:00:00,19.69
2020-05-07 09:00:00,19.01
2020-05-07 10:00:00,19.4
2020-05-07 11:00:00,18.55
2020-05-07 12:00:00,19.0
2020-05-07 13:00:00,18.18
2020-05-07 14:00:00,18.83
2020-05-07 15:00:00,20.0
2020-05-07 16:00:00,21.0
2020-05-07 17:00:00,22.56
2020-05-07 18:00:00,22.86
2020-05-07 19:00:00,24.2
2020-05-07 20:00:00,25.77
2020-05-07 21:00:00,25.27
2020-05-07 22:00:00,23.18
2020-05-07 23:00:00,20.39
2020-05-08 00:00:00,19.21
2020-05-08 01:00:00,18.84
2020-05-08 02:00:00,18.01
2020-05-08 03:00:00,19.31
2020-05-08 04:00:00,17.0
2020-05-08 05:00:00,19.0
2020-05-08 06:00:00,19.71
2020-05-08 07:00:00,19.51
2020-05-08 08:00:00,16.72
2020-05-08 09:00:00,18.53
2020-05-08 10:00:00,17.89
2020-05-08 11:00:00,16.0
2020-05-08 12:00:00,15.04
2020-05-08 13:00:00,16.26
2020-05-08 14:00:00,12.41
2020-05-08 15:00:00,17.88
2020-05-08 16:00:00,19.97
2020-05-08 17:00:00,21.65
2020-05-08 18:00:00,22.59
2020-05-08 19:00:00,25.06
2020-05-08 20:00:00,26.12
2020-05-08 21:00:00,24.9
2020-05-08 22:00:00,21.51
2020-05-08 23:00:00,20.72
2020-05-09 00:00:00,20.89
2020-05-09 01:00:00,17.55
2020-05-09 02:00:00,14.24
2020-05-09 03:00:00,14.96
2020-05-09 04:00:00,20.6
2020-05-09 05:00:00,20.0
2020-05-09 06:00:00,19.53
2020-05-09 07:00:00,20.09
2020-05-09 08:00:00,18.02
2020-05-09 09:00:00,17.53
2020-05-09 10:00:00,17.68
2020-05-09 11:00:00,16.93
2020-05-09 12:00:00,15.75
2020-05-09 13:00:00,14.75
2020-05-09 14:00:00,13.9
2020-05-09 15:00:00,12.5
2020-05-09 16:00:00,14.75
2020-05-09 17:00:00,17.89
2020-05-09 18:00:00,17.05
2020-05-09 19:00:00,17.13
2020-05-09 20:00:00,22.89
2020-05-09 21:00:00,22.93
2020-05-09 22:00:00,20.7
2020-05-09 23:00:00,18.0
2020-05-10 00:00:00,15.5
2020-05-10 01:00:00,9.0
2020-05-10 02:00:00,9.17
2020-05-10 03:00:00,9.27
2020-05-10 04:00:00,6.7
2020-05-10 05:00:00,7.96
2020-05-10 06:00:00,7.97
2020-05-10 07:00:00,13.0
2020-05-10 08:00:00,12.64
2020-05-10 09:00:00,12.46
2020-05-10 10:00:00,11.72
2020-05-10 11:00:00,6.0
2020-05-10 12:00:00,2.36
2020-05-10 13:00:00,0.93
2020-05-10 14:00:00,2.97
2020-05-10 15:00:00,6.23
2020-05-10 16:00:00,12.1
2020-05-10 17:00:00,13.7
2020-05-10 18:00:00,13.67
2020-05-10 19:00:00,14.99
2020-05-10 20:00:00,14.7
2020-05-10 21:00:00,10.1
2020-05-10 22:00:00,5.79
2020-05-10 23:00:00,2.02
2020-05-11 00:00:00,0.13
2020-05-11 01:00:00,-0.01
2020-05-11 02:00:00,-2.24
2020-05-11 03:00:00,-0.02
2020-05-11 04:00:00,0.04
2020-05-11 05:00:00,3.71
2020-05-11 06:00:00,11.15
2020-05-11 07:00:00,16.84
2020-05-11 08:00:00,15.81
2020-05-11 09:00:00,15.5
2020-05-11 10:00:00,16.46
2020-05-11 11:00:00,11.68
2020-05-11 12:00:00,8.71
2020-05-11 13:00:00,7.46
2020-05-11 14:00:00,7.39
2020-05-11 15:00:00,13.89
2020-05-11 16:00:00,16.98
2020-05-11 17:00:00,18.34
2020-05-11 18:00:00,19.51
2020-05-11 19:00:00,20.7
2020-05-11 20:00:00,21.85
2020-05-11 21:00:00,20.01
2020-05-11 22:00:00,21.4
2020-05-11 23:00:00,18.93
2020-05-12 00:00:00,18.06
2020-05-12 01:00:00,17.05
2020-05-12 02:00:00,16.84
2020-05-12 03:00:00,17.38
2020-05-12 04:00:00,16.81
2020-05-12 05:00:00,23.01
2020-05-12 06:00:00,25.65
2020-05-12 07:00:00,24.0
2020-05-12 08:00:00,22.54
2020-05-12 09:00:00,22.0
2020-05-12 10:00:00,20.0
2020-05-12 11:00:00,18.03
2020-05-12 12:00:00,17.03
2020-05-12 13:00:00,17.05
2020-05-12 14:00:00,17.1
2020-05-12 15:00:00,21.53
2020-05-12 16:00:00,25.28
2020-05-12 17:00:00,27.83
2020-05-12 18:00:00,27.94
2020-05-12 19:00:00,26.52
2020-05-12 20:00:00,25.15
2020-05-12 21:00:00,23.6
2020-05-12 22:00:00,23.92
2020-05-12 23:00:00,22.05
2020-05-13 00:00:00,20.46
2020-05-13 01:00:00,18.8
2020-05-13 02:00:00,20.16
2020-05-13 03:00:00,19.33
2020-05-13 04:00:00,20.05
2020-05-13 05:00:00,25.09
2020-05-13 06:00:00,26.25
2020-05-13 07:00:00,26.75
2020-05-13 08:00:00,26.3
2020-05-13 09:00:00,26.5
2020-05-13 10:00:00,27.75
2020-05-13 11:00:00,26.97
2020-05-13 12:00:00,25.45
2020-05-13 13:00:00,19.61
2020-05-13 14:00:00,13.77
2020-05-13 15:00:00,15.81
2020-05-13 16:00:00,18.52
2020-05-13 17:00:00,25.0
2020-05-13 18:00:00,19.27
2020-05-13 19:00:00,18.52
2020-05-13 20:00:00,23.91
2020-05-13 21:00:00,20.06
2020-05-13 22:00:00,18.15
2020-05-13 23:00:00,17.91
2020-05-14 00:00:00,16.75
2020-05-14 01:00:00,11.44
2020-05-14 02:00:00,11.07
2020-05-14 03:00:00,13.51
2020-05-14 04:00:00,18.84
2020-05-14 05:00:00,23.79
2020-05-14 06:00:00,26.03
2020-05-14 07:00:00,21.45
2020-05-14 08:00:00,20.37
2020-05-14 09:00:00,23.0
2020-05-14 10:00:00,21.32
2020-05-14 11:00:00,19.5
2020-05-14 12:00:00,18.41
2020-05-14 13:00:00,12.59
2020-05-14 14:00:00,12.41
2020-05-14 15:00:00,11.88
2020-05-14 16:00:00,20.8
2020-05-14 17:00:00,25.43
2020-05-14 18:00:00,22.96
2020-05-14 19:00:00,19.43
2020-05-14 20:00:00,25.2
2020-05-14 21:00:00,21.89
2020-05-14 22:00:00,19.05
2020-05-14 23:00:00,17.53
2020-05-15 00:00:00,16.22
2020-05-15 01:00:00,12.51
2020-05-15 02:00:00,10.82
2020-05-15 03:00:00,10.26
2020-05-15 04:00:00,15.23
2020-05-15 05:00:00,22.51
2020-05-15 06:00:00,22.03
2020-05-15 07:00:00,23.0
2020-05-15 08:00:00,22.65
2020-05-15 09:00:00,21.6
2020-05-15 10:00:00,19.96
2020-05-15 11:00:00,18.63
2020-05-15 12:00:00,18.45
2020-05-15 13:00:00,18.0
2020-05-15 14:00:00,18.0
2020-05-15 15:00:00,15.31
2020-05-15 16:00:00,18.11
2020-05-15 17:00:00,21.03
2020-05-15 18:00:00,23.01
2020-05-15 19:00:00,22.27
2020-05-15 20:00:00,21.85
2020-05-15 21:00:00,18.86
2020-05-15 22:00:00,20.0
2020-05-15 23:00:00,18.14
2020-05-16 00:00:00,17.08
2020-05-16 01:00:00,16.43
2020-05-16 02:00:00,14.95
2020-05-16 03:00:00,14.54
2020-05-16 04:00:00,14.94
2020-05-16 05:00:00,16.0
2020-05-16 06:00:00,15.71
2020-05-16 07:00:00,13.5
2020-05-16 08:00:00,12.05
2020-05-16 09:00:00,12.25
2020-05-16 10:00:00,13.72
2020-05-16 11:00:00,13.38
2020-05-16 12:00:00,10.89
2020-05-16 13:00:00,11.24
2020-05-16 14:00:00,11.03
2020-05-16 15:00:00,14.5
2020-05-16 16:00:00,19.0
2020-05-16 17:00:00,18.08
2020-05-16 18:00:00,18.38
2020-05-16 19:00:00,22.55
2020-05-16 20:00:00,23.56
2020-05-16 21:00:00,22.16
2020-05-16 22:00:00,18.93
2020-05-16 23:00:00,16.78
2020-05-17 00:00:00,15.15
2020-05-17 01:00:00,13.5
2020-05-17 02:00:00,12.98
2020-05-17 03:00:00,12.69
2020-05-17 04:00:00,8.87
2020-05-17 05:00:00,11.9
2020-05-17 06:00:00,11.61
2020-05-17 07:00:00,8.08
2020-05-17 08:00:00,1.97
2020-05-17 09:00:00,0.9
2020-05-17 10:00:00,2.8
2020-05-17 11:00:00,-2.69
2020-05-17 12:00:00,-11.79
2020-05-17 13:00:00,-11.19
2020-05-17 14:00:00,-0.7
2020-05-17 15:00:00,6.41
2020-05-17 16:00:00,16.05
2020-05-17 17:00:00,20.51
2020-05-17 18:00:00,22.18
2020-05-17 19:00:00,23.95
2020-05-17 20:00:00,23.22
2020-05-17 21:00:00,20.54
2020-05-17 22:00:00,18.0
2020-05-17 23:00:00,15.54
2020-05-18 00:00:00,14.01
2020-05-18 01:00:00,12.95
2020-05-18 02:00:00,13.2
2020-05-18 03:00:00,10.27
2020-05-18 04:00:00,12.29
2020-05-18 05:00:00,19.95
2020-05-18 06:00:00,21.46
2020-05-18 07:00:00,22.96
2020-05-18 08:00:00,18.9
2020-05-18 09:00:00,16.85
2020-05-18 10:00:00,15.33
2020-05-18 11:00:00,14.04
2020-05-18 12:00:00,13.25
2020-05-18 13:00:00,12.84
2020-05-18 14:00:00,12.57
2020-05-18 15:00:00,13.79
2020-05-18 16:00:00,20.5
2020-05-18 17:00:00,24.24
2020-05-18 18:00:00,19.12
2020-05-18 19:00:00,19.38
2020-05-18 20:00:00,23.99
2020-05-18 21:00:00,21.04
2020-05-18 22:00:00,17.05
2020-05-18 23:00:00,16.13
2020-05-19 00:00:00,16.16
2020-05-19 01:00:00,15.36
2020-05-19 02:00:00,14.88
2020-05-19 03:00:00,15.94
2020-05-19 04:00:00,15.57
2020-05-19 05:00:00,20.52
2020-05-19 06:00:00,22.68
2020-05-19 07:00:00,22.96
2020-05-19 08:00:00,20.07
2020-05-19 09:00:00,20.13
2020-05-19 10:00:00,19.31
2020-05-19 11:00:00,18.19
2020-05-19 12:00:00,17.71
2020-05-19 13:00:00,17.82
2020-05-19 14:00:00,19.03
2020-05-19 15:00:00,15.12
2020-05-19 16:00:00,24.42
2020-05-19 17:00:00,25.39
2020-05-19 18:00:00,25.16
2020-05-19 19:00:00,23.18
2020-05-19 20:00:00,24.73
2020-05-19 21:00:00,23.18
2020-05-19 22:00:00,21.24
2020-05-19 23:00:00,17.34
2020-05-20 00:00:00,18.2
2020-05-20 01:00:00,16.0
2020-05-20 02:00:00,17.38
2020-05-20 03:00:00,17.27
2020-05-20 04:00:00,14.06
2020-05-20 05:00:00,19.45
2020-05-20 06:00:00,23.95
2020-05-20 07:00:00,20.41
2020-05-20 08:00:00,21.83
2020-05-20 09:00:00,19.34
2020-05-20 10:00:00,19.89
2020-05-20 11:00:00,17.87
2020-05-20 12:00:00,16.27
2020-05-20 13:00:00,15.37
2020-05-20 14:00:00,16.26
2020-05-20 15:00:00,17.73
2020-05-20 16:00:00,21.01
2020-05-20 17:00:00,25.12
2020-05-20 18:00:00,22.6
2020-05-20 19:00:00,20.44
2020-05-20 20:00:00,24.16
2020-05-20 21:00:00,22.94
2020-05-20 22:00:00,20.5
2020-05-20 23:00:00,19.97
2020-05-21 00:00:00,17.29
2020-05-21 01:00:00,16.0
2020-05-21 02:00:00,14.01
2020-05-21 03:00:00,15.2
2020-05-21 04:00:00,13.08
2020-05-21 05:00:00,19.77
2020-05-21 06:00:00,19.56
2020-05-21 07:00:00,16.12
2020-05-21 08:00:00,14.82
2020-05-21 09:00:00,14.92
2020-05-21 10:00:00,15.0
2020-05-21 11:00:00,13.29
2020-05-21 12:00:00,12.14
2020-05-21 13:00:00,13.9
2020-05-21 14:00:00,15.47
2020-05-21 15:00:00,18.0
2020-05-21 16:00:00,19.99
2020-05-21 17:00:00,24.51
2020-05-21 18:00:00,23.23
2020-05-21 19:00:00,24.0
2020-05-21 20:00:00,24.12
2020-05-21 21:00:00,22.78
2020-05-21 22:00:00,20.0
2020-05-21 23:00:00,17.03
2020-05-22 00:00:00,15.5
2020-05-22 01:00:00,14.02
2020-05-22 02:00:00,8.55
2020-05-22 03:00:00,6.84
2020-05-22 04:00:00,6.69
2020-05-22 05:00:00,8.73
2020-05-22 06:00:00,15.24
2020-05-22 07:00:00,13.06
2020-05-22 08:00:00,13.32
2020-05-22 09:00:00,12.61
2020-05-22 10:00:00,14.41
2020-05-22 11:00:00,14.54
2020-05-22 12:00:00,12.14
2020-05-22 13:00:00,12.34
2020-05-22 14:00:00,11.66
2020-05-22 15:00:00,12.05
2020-05-22 16:00:00,17.9
2020-05-22 17:00:00,22.02
2020-05-22 18:00:00,21.57
2020-05-22 19:00:00,20.55
2020-05-22 20:00:00,22.81
2020-05-22 21:00:00,20.47
2020-05-22 22:00:00,14.01
2020-05-22 23:00:00,11.48
2020-05-23 00:00:00,10.87
2020-05-23 01:00:00,8.72
2020-05-23 02:00:00,9.37
2020-05-23 03:00:00,9.5
2020-05-23 04:00:00,12.37
2020-05-23 05:00:00,15.07
2020-05-23 06:00:00,16.57
2020-05-23 07:00:00,16.72
2020-05-23 08:00:00,15.53
2020-05-23 09:00:00,15.04
2020-05-23 10:00:00,12.7
2020-05-23 11:00:00,9.99
2020-05-23 12:00:00,9.01
2020-05-23 13:00:00,6.94
2020-05-23 14:00:00,3.02
2020-05-23 15:00:00,6.66
2020-05-23 16:00:00,8.0
2020-05-23 17:00:00,12.2
2020-05-23 18:00:00,13.61
2020-05-23 19:00:00,13.73
2020-05-23 20:00:00,14.56
2020-05-23 21:00:00,13.99
2020-05-23 22:00:00,0.03
2020-05-23 23:00:00,-1.42
2020-05-24 00:00:00,-6.72
2020-05-24 01:00:00,-16.97
2020-05-24 02:00:00,-18.57
2020-05-24 03:00:00,-21.77
2020-05-24 04:00:00,-28.1
2020-05-24 05:00:00,-24.9
2020-05-24 06:00:00,-26.11
2020-05-24 07:00:00,-27.76
2020-05-24 08:00:00,-21.15
2020-05-24 09:00:00,-0.01
2020-05-24 10:00:00,0.0
2020-05-24 11:00:00,-5.58
2020-05-24 12:00:00,-41.98
2020-05-24 13:00:00,-48.17
2020-05-24 14:00:00,-39.93
2020-05-24 15:00:00,-5.58
2020-05-24 16:00:00,10.7
2020-05-24 17:00:00,15.67
2020-05-24 18:00:00,15.63
2020-05-24 19:00:00,14.58
2020-05-24 20:00:00,17.97
2020-05-24 21:00:00,17.85
2020-05-24 22:00:00,15.26
2020-05-24 23:00:00,12.67
2020-05-25 00:00:00,9.42
2020-05-25 01:00:00,8.58
2020-05-25 02:00:00,7.91
2020-05-25 03:00:00,9.99
2020-05-25 04:00:00,16.02
2020-05-25 05:00:00,18.44
2020-05-25 06:00:00,22.06
2020-05-25 07:00:00,20.57
2020-05-25 08:00:00,20.0
2020-05-25 09:00:00,19.18
2020-05-25 10:00:00,17.5
2020-05-25 11:00:00,15.47
2020-05-25 12:00:00,14.38
2020-05-25 13:00:00,14.0
2020-05-25 14:00:00,13.08
2020-05-25 15:00:00,14.93
2020-05-25 16:00:00,20.15
2020-05-25 17:00:00,24.1
2020-05-25 18:00:00,24.01
2020-05-25 19:00:00,22.0
2020-05-25 20:00:00,23.96
2020-05-25 21:00:00,21.04
2020-05-25 22:00:00,21.1
2020-05-25 23:00:00,13.86
2020-05-26 00:00:00,10.34
2020-05-26 01:00:00,9.3
2020-05-26 02:00:00,10.64
2020-05-26 03:00:00,13.38
2020-05-26 04:00:00,15.52
2020-05-26 05:00:00,19.45
2020-05-26 06:00:00,18.88
2020-05-26 07:00:00,16.93
2020-05-26 08:00:00,17.84
2020-05-26 09:00:00,17.19
2020-05-26 10:00:00,19.3
2020-05-26 11:00:00,17.7
2020-05-26 12:00:00,13.4
2020-05-26 13:00:00,10.35
2020-05-26 14:00:00,11.28
2020-05-26 15:00:00,17.08
2020-05-26 16:00:00,15.75
2020-05-26 17:00:00,21.67
2020-05-26 18:00:00,20.17
2020-05-26 19:00:00,17.83
2020-05-26 20:00:00,23.59
2020-05-26 21:00:00,22.0
2020-05-26 22:00:00,21.09
2020-05-26 23:00:00,15.2
2020-05-27 00:00:00,19.05
2020-05-27 01:00:00,16.07
2020-05-27 02:00:00,13.5
2020-05-27 03:00:00,10.21
2020-05-27 04:00:00,14.93
2020-05-27 05:00:00,24.5
2020-05-27 06:00:00,26.85
2020-05-27 07:00:00,24.1
2020-05-27 08:00:00,21.16
2020-05-27 09:00:00,20.07
2020-05-27 10:00:00,22.04
2020-05-27 11:00:00,20.71
2020-05-27 12:00:00,20.0
2020-05-27 13:00:00,19.99
2020-05-27 14:00:00,15.84
2020-05-27 15:00:00,16.19
2020-05-27 16:00:00,20.71
2020-05-27 17:00:00,23.88
2020-05-27 18:00:00,21.58
2020-05-27 19:00:00,15.46
2020-05-27 20:00:00,22.65
2020-05-27 21:00:00,20.02
2020-05-27 22:00:00,18.09
2020-05-27 23:00:00,14.17
2020-05-28 00:00:00,10.27
2020-05-28 01:00:00,13.84
2020-05-28 02:00:00,11.63
2020-05-28 03:00:00,13.95
2020-05-28 04:00:00,17.4
2020-05-28 05:00:00,17.5
2020-05-28 06:00:00,21.81
2020-05-28 07:00:00,18.89
2020-05-28 08:00:00,19.32
2020-05-28 09:00:00,18.95
2020-05-28 10:00:00,18.0
2020-05-28 11:00:00,16.71
2020-05-28 12:00:00,15.7
2020-05-28 13:00:00,15.13
2020-05-28 14:00:00,15.48
2020-05-28 15:00:00,13.04
2020-05-28 16:00:00,19.45
2020-05-28 17:00:00,24.99
2020-05-28 18:00:00,21.37
2020-05-28 19:00:00,13.58
2020-05-28 20:00:00,23.47
2020-05-28 21:00:00,20.76
2020-05-28 22:00:00,15.3
2020-05-28 23:00:00,13.28
2020-05-29 00:00:00,11.49
2020-05-29 01:00:00,10.14
2020-05-29 02:00:00,10.89
2020-05-29 03:00:00,13.0
2020-05-29 04:00:00,12.86
2020-05-29 05:00:00,17.16
2020-05-29 06:00:00,24.18
2020-05-29 07:00:00,19.08
2020-05-29 08:00:00,18.16
2020-05-29 09:00:00,20.68
2020-05-29 10:00:00,18.08
2020-05-29 11:00:00,16.52
2020-05-29 12:00:00,15.01
2020-05-29 13:00:00,15.52
2020-05-29 14:00:00,8.62
2020-05-29 15:00:00,10.36
2020-05-29 16:00:00,19.88
2020-05-29 17:00:00,25.0
2020-05-29 18:00:00,24.3
2020-05-29 19:00:00,17.54
2020-05-29 20:00:00,24.16
2020-05-29 21:00:00,22.32
2020-05-29 22:00:00,18.27
2020-05-29 23:00:00,15.55
2020-05-30 00:00:00,15.06
2020-05-30 01:00:00,11.2
2020-05-30 02:00:00,12.95
2020-05-30 03:00:00,11.14
2020-05-30 04:00:00,11.63
2020-05-30 05:00:00,9.7
2020-05-30 06:00:00,13.0
2020-05-30 07:00:00,12.0
2020-05-30 08:00:00,9.33
2020-05-30 09:00:00,7.17
2020-05-30 10:00:00,9.44
2020-05-30 11:00:00,4.8
2020-05-30 12:00:00,2.61
2020-05-30 13:00:00,2.17
2020-05-30 14:00:00,4.61
2020-05-30 15:00:00,9.06
2020-05-30 16:00:00,15.33
2020-05-30 17:00:00,17.58
2020-05-30 18:00:00,17.46
2020-05-30 19:00:00,15.5
2020-05-30 20:00:00,17.91
2020-05-30 21:00:00,17.26
2020-05-30 22:00:00,11.88
2020-05-30 23:00:00,11.6
2020-05-31 00:00:00,11.76
2020-05-31 01:00:00,11.09
2020-05-31 02:00:00,8.83
2020-05-31 03:00:00,7.15
2020-05-31 04:00:00,5.56
2020-05-31 05:00:00,6.12
2020-05-31 06:00:00,2.58
2020-05-31 07:00:00,2.7
2020-05-31 08:00:00,0.1
2020-05-31 09:00:00,1.05
2020-05-31 10:00:00,0.85
2020-05-31 11:00:00,-7.68
2020-05-31 12:00:00,-33.05
2020-05-31 13:00:00,-40.79
2020-05-31 14:00:00,-17.79
2020-05-31 15:00:00,0.06
2020-05-31 16:00:00,4.98
2020-05-31 17:00:00,12.54
2020-05-31 18:00:00,12.93
2020-05-31 19:00:00,13.58
2020-05-31 20:00:00,15.2
2020-05-31 21:00:00,12.93
2020-05-31 22:00:00,10.83
2020-05-31 23:00:00,9.12
2020-06-01 00:00:00,9.8
2020-06-01 01:00:00,6.07
2020-06-01 02:00:00,4.07
2020-06-01 03:00:00,5.77
2020-06-01 04:00:00,7.31
2020-06-01 05:00:00,10.05
2020-06-01 06:00:00,10.96
2020-06-01 07:00:00,9.17
2020-06-01 08:00:00,4.01
2020-06-01 09:00:00,1.71
2020-06-01 10:00:00,3.04
2020-06-01 11:00:00,-2.93
2020-06-01 12:00:00,-9.96
2020-06-01 13:00:00,-6.24
2020-06-01 14:00:00,1.02
2020-06-01 15:00:00,11.53
2020-06-01 16:00:00,16.57
2020-06-01 17:00:00,22.0
2020-06-01 18:00:00,20.02
2020-06-01 19:00:00,20.02
2020-06-01 20:00:00,23.37
2020-06-01 21:00:00,20.9
2020-06-01 22:00:00,18.08
2020-06-01 23:00:00,16.33
2020-06-02 00:00:00,14.99
2020-06-02 01:00:00,14.65
2020-06-02 02:00:00,12.88
2020-06-02 03:00:00,14.06
2020-06-02 04:00:00,19.68
2020-06-02 05:00:00,15.91
2020-06-02 06:00:00,22.86
2020-06-02 07:00:00,24.1
2020-06-02 08:00:00,21.86
2020-06-02 09:00:00,21.45
2020-06-02 10:00:00,20.91
2020-06-02 11:00:00,19.54
2020-06-02 12:00:00,19.02
2020-06-02 13:00:00,18.06
2020-06-02 14:00:00,20.09
2020-06-02 15:00:00,24.01
2020-06-02 16:00:00,24.07
2020-06-02 17:00:00,25.36
2020-06-02 18:00:00,24.19
2020-06-02 19:00:00,22.82
2020-06-02 20:00:00,26.94
2020-06-02 21:00:00,25.92
2020-06-02 22:00:00,25.54
2020-06-02 23:00:00,24.0
2020-06-03 00:00:00,22.72
2020-06-03 01:00:00,20.87
2020-06-03 02:00:00,14.06
2020-06-03 03:00:00,14.4
2020-06-03 04:00:00,19.23
2020-06-03 05:00:00,27.71
2020-06-03 06:00:00,33.62
2020-06-03 07:00:00,31.07
2020-06-03 08:00:00,28.72
2020-06-03 09:00:00,28.0
2020-06-03 10:00:00,27.23
2020-06-03 11:00:00,25.27
2020-06-03 12:00:00,25.58
2020-06-03 13:00:00,26.04
2020-06-03 14:00:00,25.78
2020-06-03 15:00:00,26.18
2020-06-03 16:00:00,27.5
2020-06-03 17:00:00,30.69
2020-06-03 18:00:00,29.0
2020-06-03 19:00:00,26.0
2020-06-03 20:00:00,26.2
2020-06-03 21:00:00,23.99
2020-06-03 22:00:00,22.17
2020-06-03 23:00:00,17.54
2020-06-04 00:00:00,17.28
2020-06-04 01:00:00,16.5
2020-06-04 02:00:00,15.33
2020-06-04 03:00:00,14.9
2020-06-04 04:00:00,20.43
2020-06-04 05:00:00,26.85
2020-06-04 06:00:00,31.06
2020-06-04 07:00:00,33.04
2020-06-04 08:00:00,31.82
2020-06-04 09:00:00,31.77
2020-06-04 10:00:00,30.5
2020-06-04 11:00:00,28.1
2020-06-04 12:00:00,22.17
2020-06-04 13:00:00,19.0
2020-06-04 14:00:00,16.28
2020-06-04 15:00:00,16.0
2020-06-04 16:00:00,18.39
2020-06-04 17:00:00,22.0
2020-06-04 18:00:00,23.74
2020-06-04 19:00:00,23.94
2020-06-04 20:00:00,22.69
2020-06-04 21:00:00,20.11
2020-06-04 22:00:00,17.25
2020-06-04 23:00:00,16.8
2020-06-05 00:00:00,17.06
2020-06-05 01:00:00,15.99
2020-06-05 02:00:00,15.61
2020-06-05 03:00:00,12.81
2020-06-05 04:00:00,10.02
2020-06-05 05:00:00,19.28
2020-06-05 06:00:00,29.4
2020-06-05 07:00:00,29.2
2020-06-05 08:00:00,22.92
2020-06-05 09:00:00,18.67
2020-06-05 10:00:00,19.82
2020-06-05 11:00:00,11.47
2020-06-05 12:00:00,7.22
2020-06-05 13:00:00,6.99
2020-06-05 14:00:00,4.92
2020-06-05 15:00:00,12.36
2020-06-05 16:00:00,19.59
2020-06-05 17:00:00,25.12
2020-06-05 18:00:00,25.62
2020-06-05 19:00:00,24.33
2020-06-05 20:00:00,25.89
2020-06-05 21:00:00,20.16
2020-06-05 22:00:00,10.07
2020-06-05 23:00:00,3.73
2020-06-06 00:00:00,0.2
2020-06-06 01:00:00,0.13
2020-06-06 02:00:00,1.44
2020-06-06 03:00:00,1.35
2020-06-06 04:00:00,0.08
2020-06-06 05:00:00,2.81
2020-06-06 06:00:00,5.79
2020-06-06 07:00:00,5.65
2020-06-06 08:00:00,4.25
2020-06-06 09:00:00,2.44
2020-06-06 10:00:00,6.67
2020-06-06 11:00:00,0.94
2020-06-06 12:00:00,-3.46
2020-06-06 13:00:00,-1.71
2020-06-06 14:00:00,0.05
2020-06-06 15:00:00,9.78
2020-06-06 16:00:00,16.42
2020-06-06 17:00:00,21.23
2020-06-06 18:00:00,23.27
2020-06-06 19:00:00,22.98
2020-06-06 20:00:00,23.91
2020-06-06 21:00:00,20.61
2020-06-06 22:00:00,21.04
2020-06-06 23:00:00,18.85
2020-06-07 00:00:00,14.93
2020-06-07 01:00:00,12.63
2020-06-07 02:00:00,10.92
2020-06-07 03:00:00,10.96
2020-06-07 04:00:00,10.88
2020-06-07 05:00:00,14.04
2020-06-07 06:00:00,15.36
2020-06-07 07:00:00,16.0
2020-06-07 08:00:00,15.7
2020-06-07 09:00:00,16.06
2020-06-07 10:00:00,16.94
2020-06-07 11:00:00,13.37
2020-06-07 12:00:00,10.76
2020-06-07 13:00:00,10.64
2020-06-07 14:00:00,13.64
2020-06-07 15:00:00,17.0
2020-06-07 16:00:00,21.06
2020-06-07 17:00:00,22.35
2020-06-07 18:00:00,25.24
2020-06-07 19:00:00,28.32
2020-06-07 20:00:00,32.09
2020-06-07 21:00:00,28.91
2020-06-07 22:00:00,26.0
2020-06-07 23:00:00,22.7
2020-06-08 00:00:00,22.01
2020-06-08 01:00:00,21.36
2020-06-08 02:00:00,20.02
2020-06-08 03:00:00,23.03
2020-06-08 04:00:00,23.52
2020-06-08 05:00:00,32.43
2020-06-08 06:00:00,35.0
2020-06-08 07:00:00,34.76
2020-06-08 08:00:00,33.95
2020-06-08 09:00:00,35.0
2020-06-08 10:00:00,33.0
2020-06-08 11:00:00,31.93
2020-06-08 12:00:00,30.2
2020-06-08 13:00:00,29.28
2020-06-08 14:00:00,29.08
2020-06-08 15:00:00,30.0
2020-06-08 16:00:00,33.05
2020-06-08 17:00:00,37.55
2020-06-08 18:00:00,33.22
2020-06-08 19:00:00,31.18
2020-06-08 20:00:00,32.09
2020-06-08 21:00:00,30.0
2020-06-08 22:00:00,28.39
2020-06-08 23:00:00,25.79
2020-06-09 00:00:00,24.08
2020-06-09 01:00:00,23.67
2020-06-09 02:00:00,23.07
2020-06-09 03:00:00,22.74
2020-06-09 04:00:00,28.64
2020-06-09 05:00:00,31.49
2020-06-09 06:00:00,32.93
2020-06-09 07:00:00,35.0
2020-06-09 08:00:00,30.89
2020-06-09 09:00:00,30.91
2020-06-09 10:00:00,31.29
2020-06-09 11:00:00,31.09
2020-06-09 12:00:00,30.0
2020-06-09 13:00:00,28.75
2020-06-09 14:00:00,27.01
2020-06-09 15:00:00,27.9
2020-06-09 16:00:00,33.0
2020-06-09 17:00:00,40.0
2020-06-09 18:00:00,34.8
2020-06-09 19:00:00,32.83
2020-06-09 20:00:00,32.83
2020-06-09 21:00:00,29.06
2020-06-09 22:00:00,26.09
2020-06-09 23:00:00,24.2
2020-06-10 00:00:00,22.61
2020-06-10 01:00:00,21.49
2020-06-10 02:00:00,21.36
2020-06-10 03:00:00,22.07
2020-06-10 04:00:00,27.67
2020-06-10 05:00:00,32.02
2020-06-10 06:00:00,34.32
2020-06-10 07:00:00,34.89
2020-06-10 08:00:00,34.05
2020-06-10 09:00:00,35.0
2020-06-10 10:00:00,34.9
2020-06-10 11:00:00,34.14
2020-06-10 12:00:00,32.4
2020-06-10 13:00:00,31.3
2020-06-10 14:00:00,30.24
2020-06-10 15:00:00,30.5
2020-06-10 16:00:00,33.77
2020-06-10 17:00:00,34.91
2020-06-10 18:00:00,33.05
2020-06-10 19:00:00,31.5
2020-06-10 20:00:00,31.45
2020-06-10 21:00:00,27.77
2020-06-10 22:00:00,26.06
2020-06-10 23:00:00,22.75
2020-06-11 00:00:00,21.07
2020-06-11 01:00:00,19.43
2020-06-11 02:00:00,18.96
2020-06-11 03:00:00,18.96
2020-06-11 04:00:00,21.56
2020-06-11 05:00:00,26.06
2020-06-11 06:00:00,30.0
2020-06-11 07:00:00,28.96
2020-06-11 08:00:00,26.06
2020-06-11 09:00:00,25.51
2020-06-11 10:00:00,23.89
2020-06-11 11:00:00,21.99
2020-06-11 12:00:00,20.5
2020-06-11 13:00:00,19.1
2020-06-11 14:00:00,19.28
2020-06-11 15:00:00,23.07
2020-06-11 16:00:00,26.08
2020-06-11 17:00:00,30.65
2020-06-11 18:00:00,30.17
2020-06-11 19:00:00,27.09
2020-06-11 20:00:00,26.51
2020-06-11 21:00:00,23.81
2020-06-11 22:00:00,20.72
2020-06-11 23:00:00,17.96
2020-06-12 00:00:00,17.09
2020-06-12 01:00:00,16.01
2020-06-12 02:00:00,16.0
2020-06-12 03:00:00,16.64
2020-06-12 04:00:00,19.14
2020-06-12 05:00:00,22.77
2020-06-12 06:00:00,26.01
2020-06-12 07:00:00,23.23
2020-06-12 08:00:00,21.07
2020-06-12 09:00:00,20.5
2020-06-12 10:00:00,19.45
2020-06-12 11:00:00,18.21
2020-06-12 12:00:00,17.71
2020-06-12 13:00:00,16.25
2020-06-12 14:00:00,17.4
2020-06-12 15:00:00,20.06
2020-06-12 16:00:00,23.53
2020-06-12 17:00:00,27.51
2020-06-12 18:00:00,26.22
2020-06-12 19:00:00,24.7
2020-06-12 20:00:00,25.46
2020-06-12 21:00:00,23.0
2020-06-12 22:00:00,20.98
2020-06-12 23:00:00,19.44
2020-06-13 00:00:00,18.7
2020-06-13 01:00:00,18.8
2020-06-13 02:00:00,19.0
2020-06-13 03:00:00,18.9
2020-06-13 04:00:00,19.33
2020-06-13 05:00:00,19.86
2020-06-13 06:00:00,20.0
2020-06-13 07:00:00,19.1
2020-06-13 08:00:00,18.5
2020-06-13 09:00:00,18.11
2020-06-13 10:00:00,18.98
2020-06-13 11:00:00,18.5
2020-06-13 12:00:00,16.81
2020-06-13 13:00:00,15.84
2020-06-13 14:00:00,17.5
2020-06-13 15:00:00,18.5
2020-06-13 16:00:00,21.93
2020-06-13 17:00:00,24.87
2020-06-13 18:00:00,25.96
2020-06-13 19:00:00,24.42
2020-06-13 20:00:00,24.85
2020-06-13 21:00:00,25.37
2020-06-13 22:00:00,23.35
2020-06-13 23:00:00,20.64
2020-06-14 00:00:00,19.03
2020-06-14 01:00:00,16.44
2020-06-14 02:00:00,15.34
2020-06-14 03:00:00,15.44
2020-06-14 04:00:00,14.94
2020-06-14 05:00:00,15.3
2020-06-14 06:00:00,15.0
2020-06-14 07:00:00,18.54
2020-06-14 08:00:00,19.07
2020-06-14 09:00:00,20.74
2020-06-14 10:00:00,19.73
2020-06-14 11:00:00,17.97
2020-06-14 12:00:00,15.14
2020-06-14 13:00:00,14.49
2020-06-14 14:00:00,14.8
2020-06-14 15:00:00,17.7
2020-06-14 16:00:00,21.08
2020-06-14 17:00:00,23.8
2020-06-14 18:00:00,25.97
2020-06-14 19:00:00,25.87
2020-06-14 20:00:00,27.91
2020-06-14 21:00:00,26.01
2020-06-14 22:00:00,23.07
2020-06-14 23:00:00,20.65
2020-06-15 00:00:00,19.06
2020-06-15 01:00:00,18.02
2020-06-15 02:00:00,17.4
2020-06-15 03:00:00,21.36
2020-06-15 04:00:00,29.93
2020-06-15 05:00:00,35.28
2020-06-15 06:00:00,36.05
2020-06-15 07:00:00,35.89
2020-06-15 08:00:00,34.09
2020-06-15 09:00:00,34.0
2020-06-15 10:00:00,34.1
2020-06-15 11:00:00,33.15
2020-06-15 12:00:00,31.9
2020-06-15 13:00:00,31.0
2020-06-15 14:00:00,30.52
2020-06-15 15:00:00,33.0
2020-06-15 16:00:00,38.0
2020-06-15 17:00:00,43.52
2020-06-15 18:00:00,41.07
2020-06-15 19:00:00,35.91
2020-06-15 20:00:00,36.39
2020-06-15 21:00:00,31.92
2020-06-15 22:00:00,29.86
2020-06-15 23:00:00,26.59
2020-06-16 00:00:00,25.17
2020-06-16 01:00:00,24.79
2020-06-16 02:00:00,24.34
2020-06-16 03:00:00,25.1
2020-06-16 04:00:00,29.7
2020-06-16 05:00:00,34.38
2020-06-16 06:00:00,35.21
2020-06-16 07:00:00,36.64
2020-06-16 08:00:00,36.98
2020-06-16 09:00:00,38.08
2020-06-16 10:00:00,38.75
2020-06-16 11:00:00,34.97
2020-06-16 12:00:00,32.21
2020-06-16 13:00:00,30.61
2020-06-16 14:00:00,30.0
2020-06-16 15:00:00,31.22
2020-06-16 16:00:00,35.0
2020-06-16 17:00:00,40.66
2020-06-16 18:00:00,36.61
2020-06-16 19:00:00,34.69
2020-06-16 20:00:00,34.92
2020-06-16 21:00:00,30.94
2020-06-16 22:00:00,32.05
2020-06-16 23:00:00,30.38
2020-06-17 00:00:00,28.1
2020-06-17 01:00:00,26.92
2020-06-17 02:00:00,26.53
2020-06-17 03:00:00,28.51
2020-06-17 04:00:00,31.0
2020-06-17 05:00:00,36.66
2020-06-17 06:00:00,37.88
2020-06-17 07:00:00,41.81
2020-06-17 08:00:00,38.99
2020-06-17 09:00:00,38.39
2020-06-17 10:00:00,36.03
2020-06-17 11:00:00,36.01
2020-06-17 12:00:00,35.05
2020-06-17 13:00:00,33.59
2020-06-17 14:00:00,33.0
2020-06-17 15:00:00,35.1
2020-06-17 16:00:00,40.2
2020-06-17 17:00:00,44.71
2020-06-17 18:00:00,36.59
2020-06-17 19:00:00,36.66
2020-06-17 20:00:00,36.59
2020-06-17 21:00:00,31.7
2020-06-17 22:00:00,27.74
2020-06-17 23:00:00,25.26
2020-06-18 00:00:00,23.51
2020-06-18 01:00:00,22.82
2020-06-18 02:00:00,22.92
2020-06-18 03:00:00,24.31
2020-06-18 04:00:00,28.63
2020-06-18 05:00:00,34.32
2020-06-18 06:00:00,36.29
2020-06-18 07:00:00,36.93
2020-06-18 08:00:00,36.73
2020-06-18 09:00:00,36.87
2020-06-18 10:00:00,36.21
2020-06-18 11:00:00,34.0
2020-06-18 12:00:00,32.17
2020-06-18 13:00:00,31.81
2020-06-18 14:00:00,30.72
2020-06-18 15:00:00,33.1
2020-06-18 16:00:00,35.0
2020-06-18 17:00:00,36.99
2020-06-18 18:00:00,36.3
2020-06-18 19:00:00,35.57
2020-06-18 20:00:00,34.3
2020-06-18 21:00:00,29.98
2020-06-18 22:00:00,28.1
2020-06-18 23:00:00,24.45
2020-06-19 00:00:00,23.25
2020-06-19 01:00:00,22.28
2020-06-19 02:00:00,22.2
2020-06-19 03:00:00,23.07
2020-06-19 04:00:00,30.06
2020-06-19 05:00:00,35.33
2020-06-19 06:00:00,37.8
2020-06-19 07:00:00,36.08
2020-06-19 08:00:00,34.56
2020-06-19 09:00:00,33.33
2020-06-19 10:00:00,31.22
2020-06-19 11:00:00,28.4
2020-06-19 12:00:00,27.0
2020-06-19 13:00:00,25.33
2020-06-19 14:00:00,24.07
2020-06-19 15:00:00,28.64
2020-06-19 16:00:00,32.61
2020-06-19 17:00:00,34.0
2020-06-19 18:00:00,34.22
2020-06-19 19:00:00,34.13
2020-06-19 20:00:00,35.0
2020-06-19 21:00:00,31.5
2020-06-19 22:00:00,26.7
2020-06-19 23:00:00,24.73
2020-06-20 00:00:00,22.8
2020-06-20 01:00:00,21.63
2020-06-20 02:00:00,20.48
2020-06-20 03:00:00,20.04
2020-06-20 04:00:00,21.85
2020-06-20 05:00:00,22.94
2020-06-20 06:00:00,24.17
2020-06-20 07:00:00,23.67
2020-06-20 08:00:00,22.06
2020-06-20 09:00:00,21.5
2020-06-20 10:00:00,20.5
2020-06-20 11:00:00,17.9
2020-06-20 12:00:00,15.27
2020-06-20 13:00:00,15.68
2020-06-20 14:00:00,18.98
2020-06-20 15:00:00,23.67
2020-06-20 16:00:00,28.3
2020-06-20 17:00:00,30.87
2020-06-20 18:00:00,33.0
2020-06-20 19:00:00,34.77
2020-06-20 20:00:00,34.94
2020-06-20 21:00:00,31.58
2020-06-20 22:00:00,30.11
2020-06-20 23:00:00,25.07
2020-06-21 00:00:00,22.15
2020-06-21 01:00:00,20.26
2020-06-21 02:00:00,16.2
2020-06-21 03:00:00,12.53
2020-06-21 04:00:00,10.98
2020-06-21 05:00:00,11.25
2020-06-21 06:00:00,14.0
2020-06-21 07:00:00,13.68
2020-06-21 08:00:00,15.6
2020-06-21 09:00:00,17.0
2020-06-21 10:00:00,18.62
2020-06-21 11:00:00,13.08
2020-06-21 12:00:00,8.26
2020-06-21 13:00:00,8.4
2020-06-21 14:00:00,11.65
2020-06-21 15:00:00,20.84
2020-06-21 16:00:00,24.83
2020-06-21 17:00:00,25.2
2020-06-21 18:00:00,25.6
2020-06-21 19:00:00,29.93
2020-06-21 20:00:00,32.93
2020-06-21 21:00:00,29.9
2020-06-21 22:00:00,23.57
2020-06-21 23:00:00,21.88
2020-06-22 00:00:00,20.61
2020-06-22 01:00:00,21.04
2020-06-22 02:00:00,21.5
2020-06-22 03:00:00,23.04
2020-06-22 04:00:00,30.69
2020-06-22 05:00:00,35.41
2020-06-22 06:00:00,38.58
2020-06-22 07:00:00,34.5
2020-06-22 08:00:00,33.08
2020-06-22 09:00:00,31.66
2020-06-22 10:00:00,30.14
2020-06-22 11:00:00,28.67
2020-06-22 12:00:00,28.41
2020-06-22 13:00:00,27.66
2020-06-22 14:00:00,27.0
2020-06-22 15:00:00,31.41
2020-06-22 16:00:00,34.39
2020-06-22 17:00:00,36.74
2020-06-22 18:00:00,37.63
2020-06-22 19:00:00,37.39
2020-06-22 20:00:00,36.38
2020-06-22 21:00:00,33.01
2020-06-22 22:00:00,30.0
2020-06-22 23:00:00,27.12
2020-06-23 00:00:00,25.88
2020-06-23 01:00:00,24.4
2020-06-23 02:00:00,24.43
2020-06-23 03:00:00,27.04
2020-06-23 04:00:00,34.82
2020-06-23 05:00:00,37.15
2020-06-23 06:00:00,37.16
2020-06-23 07:00:00,34.9
2020-06-23 08:00:00,31.92
2020-06-23 09:00:00,31.02
2020-06-23 10:00:00,29.6
2020-06-23 11:00:00,28.99
2020-06-23 12:00:00,28.63
2020-06-23 13:00:00,28.87
2020-06-23 14:00:00,30.0
2020-06-23 15:00:00,33.0
2020-06-23 16:00:00,36.59
2020-06-23 17:00:00,42.17
2020-06-23 18:00:00,39.5
2020-06-23 19:00:00,38.69
2020-06-23 20:00:00,38.19
2020-06-23 21:00:00,34.3
2020-06-23 22:00:00,33.02
2020-06-23 23:00:00,31.37
2020-06-24 00:00:00,27.83
2020-06-24 01:00:00,26.76
2020-06-24 02:00:00,26.86
2020-06-24 03:00:00,28.53
2020-06-24 04:00:00,31.26
2020-06-24 05:00:00,35.61
2020-06-24 06:00:00,39.03
2020-06-24 07:00:00,37.66
2020-06-24 08:00:00,36.12
2020-06-24 09:00:00,36.0
2020-06-24 10:00:00,35.9
2020-06-24 11:00:00,34.61
2020-06-24 12:00:00,33.6
2020-06-24 13:00:00,32.72
2020-06-24 14:00:00,33.98
2020-06-24 15:00:00,37.16
2020-06-24 16:00:00,40.93
2020-06-24 17:00:00,46.69
2020-06-24 18:00:00,41.19
2020-06-24 19:00:00,40.0
2020-06-24 20:00:00,38.95
2020-06-24 21:00:00,33.98
2020-06-24 22:00:00,30.32
2020-06-24 23:00:00,27.54
2020-06-25 00:00:00,26.51
2020-06-25 01:00:00,25.75
2020-06-25 02:00:00,25.43
2020-06-25 03:00:00,27.1
2020-06-25 04:00:00,34.49
2020-06-25 05:00:00,40.73
2020-06-25 06:00:00,42.09
2020-06-25 07:00:00,40.98
2020-06-25 08:00:00,39.75
2020-06-25 09:00:00,38.62
2020-06-25 10:00:00,40.1
2020-06-25 11:00:00,39.98
2020-06-25 12:00:00,38.11
2020-06-25 13:00:00,36.0
2020-06-25 14:00:00,34.76
2020-06-25 15:00:00,37.06
2020-06-25 16:00:00,39.55
2020-06-25 17:00:00,44.13
2020-06-25 18:00:00,41.23
2020-06-25 19:00:00,40.24
2020-06-25 20:00:00,38.0
2020-06-25 21:00:00,33.43
2020-06-25 22:00:00,32.47
2020-06-25 23:00:00,28.12
2020-06-26 00:00:00,25.96
2020-06-26 01:00:00,25.59
2020-06-26 02:00:00,25.63
2020-06-26 03:00:00,26.8
2020-06-26 04:00:00,34.05
2020-06-26 05:00:00,38.94
2020-06-26 06:00:00,40.13
2020-06-26 07:00:00,39.19
2020-06-26 08:00:00,37.19
2020-06-26 09:00:00,37.0
2020-06-26 10:00:00,38.02
2020-06-26 11:00:00,36.1
2020-06-26 12:00:00,33.0
2020-06-26 13:00:00,32.18
2020-06-26 14:00:00,33.28
2020-06-26 15:00:00,36.45
2020-06-26 16:00:00,40.43
2020-06-26 17:00:00,46.8
2020-06-26 18:00:00,41.7
2020-06-26 19:00:00,39.9
2020-06-26 20:00:00,40.1
2020-06-26 21:00:00,37.4
2020-06-26 22:00:00,35.92
2020-06-26 23:00:00,30.68
2020-06-27 00:00:00,28.3
2020-06-27 01:00:00,27.48
2020-06-27 02:00:00,27.14
2020-06-27 03:00:00,26.82
2020-06-27 04:00:00,25.34
2020-06-27 05:00:00,27.72
2020-06-27 06:00:00,28.44
2020-06-27 07:00:00,28.22
2020-06-27 08:00:00,27.01
2020-06-27 09:00:00,25.0
2020-06-27 10:00:00,23.09
2020-06-27 11:00:00,21.56
2020-06-27 12:00:00,18.29
2020-06-27 13:00:00,17.52
2020-06-27 14:00:00,18.54
2020-06-27 15:00:00,23.05
2020-06-27 16:00:00,27.08
2020-06-27 17:00:00,30.52
2020-06-27 18:00:00,32.28
2020-06-27 19:00:00,31.83
2020-06-27 20:00:00,32.91
2020-06-27 21:00:00,28.09
2020-06-27 22:00:00,23.93
2020-06-27 23:00:00,21.03
2020-06-28 00:00:00,16.9
2020-06-28 01:00:00,14.26
2020-06-28 02:00:00,15.48
2020-06-28 03:00:00,13.02
2020-06-28 04:00:00,12.45
2020-06-28 05:00:00,12.6
2020-06-28 06:00:00,13.36
2020-06-28 07:00:00,12.48
2020-06-28 08:00:00,14.21
2020-06-28 09:00:00,15.9
2020-06-28 10:00:00,17.16
2020-06-28 11:00:00,10.37
2020-06-28 12:00:00,8.65
2020-06-28 13:00:00,5.4
2020-06-28 14:00:00,2.23
2020-06-28 15:00:00,16.9
2020-06-28 16:00:00,25.04
2020-06-28 17:00:00,29.83
2020-06-28 18:00:00,33.04
2020-06-28 19:00:00,35.07
2020-06-28 20:00:00,36.0
2020-06-28 21:00:00,31.18
2020-06-28 22:00:00,24.02
2020-06-28 23:00:00,22.78
2020-06-29 00:00:00,19.05
2020-06-29 01:00:00,17.4
2020-06-29 02:00:00,17.6
2020-06-29 03:00:00,19.88
2020-06-29 04:00:00,26.52
2020-06-29 05:00:00,35.0
2020-06-29 06:00:00,39.04
2020-06-29 07:00:00,38.51
2020-06-29 08:00:00,35.4
2020-06-29 09:00:00,34.03
2020-06-29 10:00:00,32.58
2020-06-29 11:00:00,29.23
2020-06-29 12:00:00,28.43
2020-06-29 13:00:00,26.63
2020-06-29 14:00:00,25.72
2020-06-29 15:00:00,27.58
2020-06-29 16:00:00,33.09
2020-06-29 17:00:00,34.95
2020-06-29 18:00:00,34.9
2020-06-29 19:00:00,34.59
2020-06-29 20:00:00,34.03
2020-06-29 21:00:00,30.91
2020-06-29 22:00:00,27.81
2020-06-29 23:00:00,27.14
2020-06-30 00:00:00,24.31
2020-06-30 01:00:00,21.2
2020-06-30 02:00:00,20.05
2020-06-30 03:00:00,24.69
2020-06-30 04:00:00,30.5
2020-06-30 05:00:00,34.31
2020-06-30 06:00:00,39.84
2020-06-30 07:00:00,39.94
2020-06-30 08:00:00,39.84
2020-06-30 09:00:00,40.01
2020-06-30 10:00:00,39.44
2020-06-30 11:00:00,38.0
2020-06-30 12:00:00,37.02
2020-06-30 13:00:00,37.19
2020-06-30 14:00:00,34.98
2020-06-30 15:00:00,37.37
2020-06-30 16:00:00,38.8
2020-06-30 17:00:00,39.9
2020-06-30 18:00:00,39.04
2020-06-30 19:00:00,35.79
2020-06-30 20:00:00,39.34
2020-06-30 21:00:00,38.14
2020-06-30 22:00:00,35.0
2020-06-30 23:00:00,30.31
2020-07-01 00:00:00,27.05
2020-07-01 01:00:00,25.07
2020-07-01 02:00:00,25.38
2020-07-01 03:00:00,26.63
2020-07-01 04:00:00,33.75
2020-07-01 05:00:00,37.97
2020-07-01 06:00:00,39.99
2020-07-01 07:00:00,39.75
2020-07-01 08:00:00,39.31
2020-07-01 09:00:00,38.86
2020-07-01 10:00:00,40.15
2020-07-01 11:00:00,39.41
2020-07-01 12:00:00,35.63
2020-07-01 13:00:00,28.47
2020-07-01 14:00:00,27.5
2020-07-01 15:00:00,32.96
2020-07-01 16:00:00,37.44
2020-07-01 17:00:00,43.29
2020-07-01 18:00:00,40.8
2020-07-01 19:00:00,40.12
2020-07-01 20:00:00,40.25
2020-07-01 21:00:00,37.91
2020-07-01 22:00:00,34.53
2020-07-01 23:00:00,30.91
2020-07-02 00:00:00,28.38
2020-07-02 01:00:00,27.2
2020-07-02 02:00:00,27.9
2020-07-02 03:00:00,30.19
2020-07-02 04:00:00,38.5
2020-07-02 05:00:00,42.84
2020-07-02 06:00:00,44.67
2020-07-02 07:00:00,41.49
2020-07-02 08:00:00,41.9
2020-07-02 09:00:00,41.12
2020-07-02 10:00:00,40.87
2020-07-02 11:00:00,40.01
2020-07-02 12:00:00,37.87
2020-07-02 13:00:00,34.4
2020-07-02 14:00:00,34.73
2020-07-02 15:00:00,38.87
2020-07-02 16:00:00,46.0
2020-07-02 17:00:00,52.24
2020-07-02 18:00:00,47.91
2020-07-02 19:00:00,45.32
2020-07-02 20:00:00,46.0
2020-07-02 21:00:00,40.82
2020-07-02 22:00:00,40.46
2020-07-02 23:00:00,35.0
2020-07-03 00:00:00,32.57
2020-07-03 01:00:00,31.27
2020-07-03 02:00:00,29.9
2020-07-03 03:00:00,30.87
2020-07-03 04:00:00,38.91
2020-07-03 05:00:00,47.1
2020-07-03 06:00:00,49.95
2020-07-03 07:00:00,43.44
2020-07-03 08:00:00,38.95
2020-07-03 09:00:00,38.18
2020-07-03 10:00:00,37.49
2020-07-03 11:00:00,37.87
2020-07-03 12:00:00,35.05
2020-07-03 13:00:00,31.72
2020-07-03 14:00:00,30.47
2020-07-03 15:00:00,32.3
2020-07-03 16:00:00,37.29
2020-07-03 17:00:00,38.87
2020-07-03 18:00:00,37.02
2020-07-03 19:00:00,35.3
2020-07-03 20:00:00,36.15
2020-07-03 21:00:00,31.49
2020-07-03 22:00:00,28.29
2020-07-03 23:00:00,24.39
2020-07-04 00:00:00,21.22
2020-07-04 01:00:00,14.86
2020-07-04 02:00:00,16.18
2020-07-04 03:00:00,15.6
2020-07-04 04:00:00,14.48
2020-07-04 05:00:00,18.64
2020-07-04 06:00:00,22.59
2020-07-04 07:00:00,26.0
2020-07-04 08:00:00,24.04
2020-07-04 09:00:00,24.89
2020-07-04 10:00:00,22.8
2020-07-04 11:00:00,20.03
2020-07-04 12:00:00,11.94
2020-07-04 13:00:00,15.05
2020-07-04 14:00:00,15.06
2020-07-04 15:00:00,21.95
2020-07-04 16:00:00,26.81
2020-07-04 17:00:00,28.03
2020-07-04 18:00:00,27.58
2020-07-04 19:00:00,26.73
2020-07-04 20:00:00,29.19
2020-07-04 21:00:00,28.82
2020-07-04 22:00:00,23.14
2020-07-04 23:00:00,14.83
2020-07-05 00:00:00,0.08
2020-07-05 01:00:00,-0.05
2020-07-05 02:00:00,-3.82
2020-07-05 03:00:00,-13.5
2020-07-05 04:00:00,-14.91
2020-07-05 05:00:00,-13.45
2020-07-05 06:00:00,-13.87
2020-07-05 07:00:00,-13.52
2020-07-05 08:00:00,-5.79
2020-07-05 09:00:00,0.05
2020-07-05 10:00:00,5.0
2020-07-05 11:00:00,0.05
2020-07-05 12:00:00,-7.75
2020-07-05 13:00:00,-19.17
2020-07-05 14:00:00,-13.27
2020-07-05 15:00:00,-5.28
2020-07-05 16:00:00,19.8
2020-07-05 17:00:00,25.22
2020-07-05 18:00:00,26.4
2020-07-05 19:00:00,26.12
2020-07-05 20:00:00,30.28
2020-07-05 21:00:00,30.04
2020-07-05 22:00:00,26.45
2020-07-05 23:00:00,21.35
2020-07-06 00:00:00,17.04
2020-07-06 01:00:00,8.39
2020-07-06 02:00:00,8.59
2020-07-06 03:00:00,13.11
2020-07-06 04:00:00,22.8
2020-07-06 05:00:00,28.27
2020-07-06 06:00:00,28.9
2020-07-06 07:00:00,29.1
2020-07-06 08:00:00,30.75
2020-07-06 09:00:00,32.0
2020-07-06 10:00:00,32.51
2020-07-06 11:00:00,32.5
2020-07-06 12:00:00,29.46
2020-07-06 13:00:00,28.29
2020-07-06 14:00:00,26.79
2020-07-06 15:00:00,28.36
2020-07-06 16:00:00,29.05
2020-07-06 17:00:00,34.22
2020-07-06 18:00:00,34.51
2020-07-06 19:00:00,35.31
2020-07-06 20:00:00,37.23
2020-07-06 21:00:00,36.14
2020-07-06 22:00:00,33.27
2020-07-06 23:00:00,28.54
2020-07-07 00:00:00,27.96
2020-07-07 01:00:00,27.3
2020-07-07 02:00:00,27.15
2020-07-07 03:00:00,27.9
2020-07-07 04:00:00,33.83
2020-07-07 05:00:00,37.65
2020-07-07 06:00:00,37.2
2020-07-07 07:00:00,35.91
2020-07-07 08:00:00,34.21
2020-07-07 09:00:00,35.36
2020-07-07 10:00:00,39.13
2020-07-07 11:00:00,39.08
2020-07-07 12:00:00,36.6
2020-07-07 13:00:00,34.0
2020-07-07 14:00:00,34.0
2020-07-07 15:00:00,35.66
2020-07-07 16:00:00,38.54
2020-07-07 17:00:00,40.84
2020-07-07 18:00:00,40.84
2020-07-07 19:00:00,40.1
2020-07-07 20:00:00,40.15
2020-07-07 21:00:00,37.0
2020-07-07 22:00:00,36.3
2020-07-07 23:00:00,31.88
2020-07-08 00:00:00,30.41
2020-07-08 01:00:00,29.92
2020-07-08 02:00:00,29.55
2020-07-08 03:00:00,30.3
2020-07-08 04:00:00,36.98
2020-07-08 05:00:00,43.0
2020-07-08 06:00:00,47.0
2020-07-08 07:00:00,46.2
2020-07-08 08:00:00,44.44
2020-07-08 09:00:00,44.71
2020-07-08 10:00:00,42.02
2020-07-08 11:00:00,41.09
2020-07-08 12:00:00,40.2
2020-07-08 13:00:00,39.99
2020-07-08 14:00:00,40.02
2020-07-08 15:00:00,45.05
2020-07-08 16:00:00,52.13
2020-07-08 17:00:00,55.0
2020-07-08 18:00:00,52.92
2020-07-08 19:00:00,45.93
2020-07-08 20:00:00,45.49
2020-07-08 21:00:00,39.8
2020-07-08 22:00:00,39.94
2020-07-08 23:00:00,35.41
2020-07-09 00:00:00,32.66
2020-07-09 01:00:00,30.13
2020-07-09 02:00:00,30.0
2020-07-09 03:00:00,32.63
2020-07-09 04:00:00,38.17
2020-07-09 05:00:00,41.7
2020-07-09 06:00:00,48.9
2020-07-09 07:00:00,47.82
2020-07-09 08:00:00,46.14
2020-07-09 09:00:00,46.98
2020-07-09 10:00:00,43.23
2020-07-09 11:00:00,42.53
2020-07-09 12:00:00,40.75
2020-07-09 13:00:00,39.84
2020-07-09 14:00:00,39.9
2020-07-09 15:00:00,41.7
2020-07-09 16:00:00,46.35
2020-07-09 17:00:00,51.7
2020-07-09 18:00:00,47.39
2020-07-09 19:00:00,46.22
2020-07-09 20:00:00,45.0
2020-07-09 21:00:00,41.91
2020-07-09 22:00:00,39.0
2020-07-09 23:00:00,34.7
2020-07-10 00:00:00,32.94
2020-07-10 01:00:00,31.1
2020-07-10 02:00:00,30.39
2020-07-10 03:00:00,31.4
2020-07-10 04:00:00,36.64
2020-07-10 05:00:00,41.01
2020-07-10 06:00:00,42.94
2020-07-10 07:00:00,42.54
2020-07-10 08:00:00,41.76
2020-07-10 09:00:00,41.11
2020-07-10 10:00:00,40.87
2020-07-10 11:00:00,40.5
2020-07-10 12:00:00,40.02
2020-07-10 13:00:00,39.27
2020-07-10 14:00:00,36.24
2020-07-10 15:00:00,36.09
2020-07-10 16:00:00,38.98
2020-07-10 17:00:00,40.79
2020-07-10 18:00:00,39.0
2020-07-10 19:00:00,39.0
2020-07-10 20:00:00,39.4
2020-07-10 21:00:00,36.8
2020-07-10 22:00:00,34.57
2020-07-10 23:00:00,29.9
2020-07-11 00:00:00,28.37
2020-07-11 01:00:00,27.13
2020-07-11 02:00:00,26.1
2020-07-11 03:00:00,26.1
2020-07-11 04:00:00,26.09
2020-07-11 05:00:00,27.58
2020-07-11 06:00:00,29.09
2020-07-11 07:00:00,28.34
2020-07-11 08:00:00,28.35
2020-07-11 09:00:00,27.64
2020-07-11 10:00:00,27.6
2020-07-11 11:00:00,26.3
2020-07-11 12:00:00,25.56
2020-07-11 13:00:00,25.12
2020-07-11 14:00:00,25.74
2020-07-11 15:00:00,26.5
2020-07-11 16:00:00,30.42
2020-07-11 17:00:00,34.0
2020-07-11 18:00:00,36.15
2020-07-11 19:00:00,35.91
2020-07-11 20:00:00,37.73
2020-07-11 21:00:00,34.92
2020-07-11 22:00:00,32.97
2020-07-11 23:00:00,28.82
2020-07-12 00:00:00,26.19
2020-07-12 01:00:00,25.03
2020-07-12 02:00:00,24.7
2020-07-12 03:00:00,24.1
2020-07-12 04:00:00,21.68
2020-07-12 05:00:00,22.69
2020-07-12 06:00:00,18.41
2020-07-12 07:00:00,18.04
2020-07-12 08:00:00,16.97
2020-07-12 09:00:00,16.07
2020-07-12 10:00:00,21.46
2020-07-12 11:00:00,16.04
2020-07-12 12:00:00,14.76
2020-07-12 13:00:00,15.8
2020-07-12 14:00:00,18.11
2020-07-12 15:00:00,23.97
2020-07-12 16:00:00,29.05
2020-07-12 17:00:00,35.12
2020-07-12 18:00:00,37.33
2020-07-12 19:00:00,37.74
2020-07-12 20:00:00,37.15
2020-07-12 21:00:00,35.37
2020-07-12 22:00:00,29.48
2020-07-12 23:00:00,26.03
2020-07-13 00:00:00,25.07
2020-07-13 01:00:00,25.07
2020-07-13 02:00:00,25.1
2020-07-13 03:00:00,26.51
2020-07-13 04:00:00,34.64
2020-07-13 05:00:00,39.27
2020-07-13 06:00:00,38.12
2020-07-13 07:00:00,37.68
2020-07-13 08:00:00,34.95
2020-07-13 09:00:00,33.66
2020-07-13 10:00:00,34.28
2020-07-13 11:00:00,35.0
2020-07-13 12:00:00,34.65
2020-07-13 13:00:00,32.84
2020-07-13 14:00:00,34.0
2020-07-13 15:00:00,37.41
2020-07-13 16:00:00,40.8
2020-07-13 17:00:00,45.56
2020-07-13 18:00:00,44.76
2020-07-13 19:00:00,41.01
2020-07-13 20:00:00,40.05
2020-07-13 21:00:00,36.4
2020-07-13 22:00:00,34.47
2020-07-13 23:00:00,29.79
2020-07-14 00:00:00,28.16
2020-07-14 01:00:00,27.74
2020-07-14 02:00:00,27.0
2020-07-14 03:00:00,26.77
2020-07-14 04:00:00,27.0
2020-07-14 05:00:00,27.85
2020-07-14 06:00:00,33.26
2020-07-14 07:00:00,36.4
2020-07-14 08:00:00,36.15
2020-07-14 09:00:00,36.52
2020-07-14 10:00:00,36.98
2020-07-14 11:00:00,36.97
2020-07-14 12:00:00,36.57
2020-07-14 13:00:00,36.57
2020-07-14 14:00:00,36.2
2020-07-14 15:00:00,38.3
2020-07-14 16:00:00,41.44
2020-07-14 17:00:00,45.0
2020-07-14 18:00:00,43.73
2020-07-14 19:00:00,41.55
2020-07-14 20:00:00,41.43
2020-07-14 21:00:00,37.02
2020-07-14 22:00:00,35.55
2020-07-14 23:00:00,30.22
2020-07-15 00:00:00,30.0
2020-07-15 01:00:00,28.73
2020-07-15 02:00:00,29.31
2020-07-15 03:00:00,32.13
2020-07-15 04:00:00,39.07
2020-07-15 05:00:00,43.46
2020-07-15 06:00:00,48.52
2020-07-15 07:00:00,43.7
2020-07-15 08:00:00,44.43
2020-07-15 09:00:00,48.0
2020-07-15 10:00:00,45.58
2020-07-15 11:00:00,43.0
2020-07-15 12:00:00,40.7
2020-07-15 13:00:00,39.47
2020-07-15 14:00:00,38.35
2020-07-15 15:00:00,41.4
2020-07-15 16:00:00,44.19
2020-07-15 17:00:00,47.3
2020-07-15 18:00:00,44.54
2020-07-15 19:00:00,40.9
2020-07-15 20:00:00,42.09
2020-07-15 21:00:00,37.97
2020-07-15 22:00:00,36.19
2020-07-15 23:00:00,32.5
2020-07-16 00:00:00,29.84
2020-07-16 01:00:00,28.14
2020-07-16 02:00:00,27.04
2020-07-16 03:00:00,27.82
2020-07-16 04:00:00,29.24
2020-07-16 05:00:00,36.57
2020-07-16 06:00:00,45.15
2020-07-16 07:00:00,46.82
2020-07-16 08:00:00,44.27
2020-07-16 09:00:00,53.87
2020-07-16 10:00:00,52.62
2020-07-16 11:00:00,44.41
2020-07-16 12:00:00,43.93
2020-07-16 13:00:00,42.48
2020-07-16 14:00:00,43.0
2020-07-16 15:00:00,42.0
2020-07-16 16:00:00,45.05
2020-07-16 17:00:00,47.53
2020-07-16 18:00:00,43.2
2020-07-16 19:00:00,42.6
2020-07-16 20:00:00,43.1
2020-07-16 21:00:00,38.98
2020-07-16 22:00:00,36.48
2020-07-16 23:00:00,31.85
2020-07-17 00:00:00,29.51
2020-07-17 01:00:00,28.68
2020-07-17 02:00:00,28.76
2020-07-17 03:00:00,28.74
2020-07-17 04:00:00,31.47
2020-07-17 05:00:00,41.57
2020-07-17 06:00:00,44.86
2020-07-17 07:00:00,42.72
2020-07-17 08:00:00,41.25
2020-07-17 09:00:00,41.38
2020-07-17 10:00:00,39.01
2020-07-17 11:00:00,37.0
2020-07-17 12:00:00,35.74
2020-07-17 13:00:00,34.55
2020-07-17 14:00:00,34.95
2020-07-17 15:00:00,38.0
2020-07-17 16:00:00,41.01
2020-07-17 17:00:00,42.01
2020-07-17 18:00:00,41.0
2020-07-17 19:00:00,40.0
2020-07-17 20:00:00,40.93
2020-07-17 21:00:00,36.0
2020-07-17 22:00:00,34.57
2020-07-17 23:00:00,30.54
2020-07-18 00:00:00,27.62
2020-07-18 01:00:00,26.63
2020-07-18 02:00:00,26.0
2020-07-18 03:00:00,25.75
2020-07-18 04:00:00,25.8
2020-07-18 05:00:00,26.5
2020-07-18 06:00:00,26.87
2020-07-18 07:00:00,26.73
2020-07-18 08:00:00,27.37
2020-07-18 09:00:00,27.44
2020-07-18 10:00:00,31.5
2020-07-18 11:00:00,27.67
2020-07-18 12:00:00,25.43
2020-07-18 13:00:00,26.0
2020-07-18 14:00:00,26.0
2020-07-18 15:00:00,28.04
2020-07-18 16:00:00,34.65
2020-07-18 17:00:00,37.95
2020-07-18 18:00:00,38.41
2020-07-18 19:00:00,38.0
2020-07-18 20:00:00,39.45
2020-07-18 21:00:00,37.52
2020-07-18 22:00:00,34.0
2020-07-18 23:00:00,28.36
2020-07-19 00:00:00,27.0
2020-07-19 01:00:00,25.4
2020-07-19 02:00:00,25.02
2020-07-19 03:00:00,25.06
2020-07-19 04:00:00,24.94
2020-07-19 05:00:00,25.4
2020-07-19 06:00:00,24.91
2020-07-19 07:00:00,24.93
2020-07-19 08:00:00,24.72
2020-07-19 09:00:00,25.0
2020-07-19 10:00:00,27.0
2020-07-19 11:00:00,24.31
2020-07-19 12:00:00,19.46
2020-07-19 13:00:00,20.89
2020-07-19 14:00:00,24.38
2020-07-19 15:00:00,26.0
2020-07-19 16:00:00,29.8
2020-07-19 17:00:00,36.15
2020-07-19 18:00:00,37.52
2020-07-19 19:00:00,37.95
2020-07-19 20:00:00,40.42
2020-07-19 21:00:00,36.69
2020-07-19 22:00:00,32.02
2020-07-19 23:00:00,27.57
2020-07-20 00:00:00,26.4
2020-07-20 01:00:00,26.01
2020-07-20 02:00:00,26.0
2020-07-20 03:00:00,27.07
2020-07-20 04:00:00,35.24
2020-07-20 05:00:00,38.29
2020-07-20 06:00:00,39.0
2020-07-20 07:00:00,38.27
2020-07-20 08:00:00,36.51
2020-07-20 09:00:00,36.23
2020-07-20 10:00:00,36.89
2020-07-20 11:00:00,36.0
2020-07-20 12:00:00,35.64
2020-07-20 13:00:00,36.23
2020-07-20 14:00:00,35.87
2020-07-20 15:00:00,35.96
2020-07-20 16:00:00,39.12
2020-07-20 17:00:00,42.54
2020-07-20 18:00:00,43.9
2020-07-20 19:00:00,41.0
2020-07-20 20:00:00,40.8
2020-07-20 21:00:00,37.52
2020-07-20 22:00:00,31.35
2020-07-20 23:00:00,27.68
2020-07-21 00:00:00,26.73
2020-07-21 01:00:00,26.51
2020-07-21 02:00:00,26.54
2020-07-21 03:00:00,27.59
2020-07-21 04:00:00,33.8
2020-07-21 05:00:00,38.19
2020-07-21 06:00:00,38.7
2020-07-21 07:00:00,38.43
2020-07-21 08:00:00,38.24
2020-07-21 09:00:00,38.0
2020-07-21 10:00:00,38.43
2020-07-21 11:00:00,38.0
2020-07-21 12:00:00,38.7
2020-07-21 13:00:00,37.95
2020-07-21 14:00:00,38.43
2020-07-21 15:00:00,38.55
2020-07-21 16:00:00,40.51
2020-07-21 17:00:00,42.93
2020-07-21 18:00:00,41.81
2020-07-21 19:00:00,40.48
2020-07-21 20:00:00,39.72
2020-07-21 21:00:00,37.95
2020-07-21 22:00:00,34.42
2020-07-21 23:00:00,28.53
2020-07-22 00:00:00,27.21
2020-07-22 01:00:00,26.09
2020-07-22 02:00:00,26.07
2020-07-22 03:00:00,28.14
2020-07-22 04:00:00,34.68
2020-07-22 05:00:00,39.25
2020-07-22 06:00:00,41.78
2020-07-22 07:00:00,40.8
2020-07-22 08:00:00,40.7
2020-07-22 09:00:00,41.23
2020-07-22 10:00:00,41.61
2020-07-22 11:00:00,40.0
2020-07-22 12:00:00,40.5
2020-07-22 13:00:00,39.58
2020-07-22 14:00:00,40.32
2020-07-22 15:00:00,39.58
2020-07-22 16:00:00,42.19
2020-07-22 17:00:00,45.51
2020-07-22 18:00:00,43.9
2020-07-22 19:00:00,41.96
2020-07-22 20:00:00,41.44
2020-07-22 21:00:00,39.58
2020-07-22 22:00:00,35.96
2020-07-22 23:00:00,31.94
2020-07-23 00:00:00,30.1
2020-07-23 01:00:00,28.07
2020-07-23 02:00:00,26.76
2020-07-23 03:00:00,29.84
2020-07-23 04:00:00,36.82
2020-07-23 05:00:00,41.69
2020-07-23 06:00:00,43.2
2020-07-23 07:00:00,42.86
2020-07-23 08:00:00,43.09
2020-07-23 09:00:00,43.36
2020-07-23 10:00:00,43.95
2020-07-23 11:00:00,43.4
2020-07-23 12:00:00,44.0
2020-07-23 13:00:00,42.44
2020-07-23 14:00:00,42.86
2020-07-23 15:00:00,41.98
2020-07-23 16:00:00,42.86
2020-07-23 17:00:00,45.23
2020-07-23 18:00:00,43.64
2020-07-23 19:00:00,42.09
2020-07-23 20:00:00,41.69
2020-07-23 21:00:00,38.58
2020-07-23 22:00:00,32.82
2020-07-23 23:00:00,27.29
2020-07-24 00:00:00,26.04
2020-07-24 01:00:00,24.69
2020-07-24 02:00:00,24.7
2020-07-24 03:00:00,26.41
2020-07-24 04:00:00,30.09
2020-07-24 05:00:00,36.14
2020-07-24 06:00:00,39.95
2020-07-24 07:00:00,40.8
2020-07-24 08:00:00,40.3
2020-07-24 09:00:00,40.0
2020-07-24 10:00:00,39.94
2020-07-24 11:00:00,36.21
2020-07-24 12:00:00,35.35
2020-07-24 13:00:00,33.8
2020-07-24 14:00:00,31.28
2020-07-24 15:00:00,31.17
2020-07-24 16:00:00,35.03
2020-07-24 17:00:00,36.85
2020-07-24 18:00:00,37.39
2020-07-24 19:00:00,37.04
2020-07-24 20:00:00,37.17
2020-07-24 21:00:00,34.65
2020-07-24 22:00:00,34.63
2020-07-24 23:00:00,30.56
2020-07-25 00:00:00,27.93
2020-07-25 01:00:00,26.03
2020-07-25 02:00:00,25.0
2020-07-25 03:00:00,25.04
2020-07-25 04:00:00,25.15
2020-07-25 05:00:00,26.0
2020-07-25 06:00:00,26.4
2020-07-25 07:00:00,28.41
2020-07-25 08:00:00,27.0
2020-07-25 09:00:00,25.86
2020-07-25 10:00:00,26.02
2020-07-25 11:00:00,23.76
2020-07-25 12:00:00,22.9
2020-07-25 13:00:00,21.22
2020-07-25 14:00:00,21.85
2020-07-25 15:00:00,25.01
2020-07-25 16:00:00,28.9
2020-07-25 17:00:00,31.58
2020-07-25 18:00:00,32.22
2020-07-25 19:00:00,31.41
2020-07-25 20:00:00,32.15
2020-07-25 21:00:00,30.0
2020-07-25 22:00:00,23.78
2020-07-25 23:00:00,21.6
2020-07-26 00:00:00,20.37
2020-07-26 01:00:00,17.0
2020-07-26 02:00:00,17.1
2020-07-26 03:00:00,16.5
2020-07-26 04:00:00,10.7
2020-07-26 05:00:00,10.82
2020-07-26 06:00:00,15.88
2020-07-26 07:00:00,18.66
2020-07-26 08:00:00,11.24
2020-07-26 09:00:00,16.53
2020-07-26 10:00:00,22.15
2020-07-26 11:00:00,14.0
2020-07-26 12:00:00,11.49
2020-07-26 13:00:00,11.49
2020-07-26 14:00:00,7.9
2020-07-26 15:00:00,9.53
2020-07-26 16:00:00,27.08
2020-07-26 17:00:00,29.58
2020-07-26 18:00:00,32.76
2020-07-26 19:00:00,35.97
2020-07-26 20:00:00,40.99
2020-07-26 21:00:00,40.62
2020-07-26 22:00:00,32.57
2020-07-26 23:00:00,27.95
2020-07-27 00:00:00,26.26
2020-07-27 01:00:00,24.22
2020-07-27 02:00:00,24.05
2020-07-27 03:00:00,27.61
2020-07-27 04:00:00,36.0
2020-07-27 05:00:00,38.8
2020-07-27 06:00:00,39.52
2020-07-27 07:00:00,39.98
2020-07-27 08:00:00,39.79
2020-07-27 09:00:00,40.6
2020-07-27 10:00:00,40.44
2020-07-27 11:00:00,40.0
2020-07-27 12:00:00,39.9
2020-07-27 13:00:00,38.47
2020-07-27 14:00:00,34.44
2020-07-27 15:00:00,36.44
2020-07-27 16:00:00,38.5
2020-07-27 17:00:00,39.36
2020-07-27 18:00:00,37.98
2020-07-27 19:00:00,33.72
2020-07-27 20:00:00,32.84
2020-07-27 21:00:00,31.69
2020-07-27 22:00:00,23.34
2020-07-27 23:00:00,22.11
2020-07-28 00:00:00,17.76
2020-07-28 01:00:00,17.2
2020-07-28 02:00:00,17.11
2020-07-28 03:00:00,21.56
2020-07-28 04:00:00,26.69
2020-07-28 05:00:00,35.37
2020-07-28 06:00:00,40.0
2020-07-28 07:00:00,40.44
2020-07-28 08:00:00,40.0
2020-07-28 09:00:00,40.7
2020-07-28 10:00:00,40.7
2020-07-28 11:00:00,40.0
2020-07-28 12:00:00,39.17
2020-07-28 13:00:00,35.38
2020-07-28 14:00:00,33.12
2020-07-28 15:00:00,34.52
2020-07-28 16:00:00,37.42
2020-07-28 17:00:00,38.53
2020-07-28 18:00:00,37.08
2020-07-28 19:00:00,36.91
2020-07-28 20:00:00,39.52
2020-07-28 21:00:00,37.09
2020-07-28 22:00:00,33.99
2020-07-28 23:00:00,28.91
2020-07-29 00:00:00,28.28
2020-07-29 01:00:00,26.44
2020-07-29 02:00:00,25.27
2020-07-29 03:00:00,28.53
2020-07-29 04:00:00,31.41
2020-07-29 05:00:00,38.47
2020-07-29 06:00:00,40.0
2020-07-29 07:00:00,40.5
2020-07-29 08:00:00,40.31
2020-07-29 09:00:00,40.84
2020-07-29 10:00:00,40.86
2020-07-29 11:00:00,41.17
2020-07-29 12:00:00,40.49
2020-07-29 13:00:00,39.94
2020-07-29 14:00:00,40.0
2020-07-29 15:00:00,40.58
2020-07-29 16:00:00,41.4
2020-07-29 17:00:00,47.27
2020-07-29 18:00:00,42.68
2020-07-29 19:00:00,42.37
2020-07-29 20:00:00,43.81
2020-07-29 21:00:00,40.98
2020-07-29 22:00:00,37.04
2020-07-29 23:00:00,31.78
2020-07-30 00:00:00,29.74
2020-07-30 01:00:00,27.77
2020-07-30 02:00:00,26.99
2020-07-30 03:00:00,29.2
2020-07-30 04:00:00,35.73
2020-07-30 05:00:00,40.9
2020-07-30 06:00:00,41.55
2020-07-30 07:00:00,42.01
2020-07-30 08:00:00,40.9
2020-07-30 09:00:00,41.47
2020-07-30 10:00:00,42.04
2020-07-30 11:00:00,42.0
2020-07-30 12:00:00,41.7
2020-07-30 13:00:00,41.47
2020-07-30 14:00:00,41.55
2020-07-30 15:00:00,41.65
2020-07-30 16:00:00,45.99
2020-07-30 17:00:00,56.84
2020-07-30 18:00:00,55.34
2020-07-30 19:00:00,48.63
2020-07-30 20:00:00,44.54
2020-07-30 21:00:00,41.77
2020-07-30 22:00:00,39.68
2020-07-30 23:00:00,33.9
2020-07-31 00:00:00,30.83
2020-07-31 01:00:00,27.94
2020-07-31 02:00:00,27.45
2020-07-31 03:00:00,29.21
2020-07-31 04:00:00,37.21
2020-07-31 05:00:00,40.18
2020-07-31 06:00:00,42.84
2020-07-31 07:00:00,43.03
2020-07-31 08:00:00,43.45
2020-07-31 09:00:00,44.27
2020-07-31 10:00:00,48.84
2020-07-31 11:00:00,46.14
2020-07-31 12:00:00,44.39
2020-07-31 13:00:00,43.01
2020-07-31 14:00:00,42.86
2020-07-31 15:00:00,43.73
2020-07-31 16:00:00,48.8
2020-07-31 17:00:00,53.32
2020-07-31 18:00:00,49.12
2020-07-31 19:00:00,46.15
2020-07-31 20:00:00,44.97
2020-07-31 21:00:00,42.5
2020-07-31 22:00:00,37.96
2020-07-31 23:00:00,32.4
2020-08-01 00:00:00,31.01
2020-08-01 01:00:00,28.29
2020-08-01 02:00:00,27.45
2020-08-01 03:00:00,28.1
2020-08-01 04:00:00,27.78
2020-08-01 05:00:00,29.72
2020-08-01 06:00:00,30.99
2020-08-01 07:00:00,33.02
2020-08-01 08:00:00,31.98
2020-08-01 09:00:00,31.32
2020-08-01 10:00:00,35.79
2020-08-01 11:00:00,33.15
2020-08-01 12:00:00,30.61
2020-08-01 13:00:00,30.33
2020-08-01 14:00:00,30.3
2020-08-01 15:00:00,32.62
2020-08-01 16:00:00,38.43
2020-08-01 17:00:00,38.78
2020-08-01 18:00:00,38.37
2020-08-01 19:00:00,37.78
2020-08-01 20:00:00,37.12
2020-08-01 21:00:00,33.8
2020-08-01 22:00:00,30.67
2020-08-01 23:00:00,27.82
2020-08-02 00:00:00,27.09
2020-08-02 01:00:00,25.28
2020-08-02 02:00:00,25.23
2020-08-02 03:00:00,25.09
2020-08-02 04:00:00,25.01
2020-08-02 05:00:00,24.26
2020-08-02 06:00:00,26.79
2020-08-02 07:00:00,27.62
2020-08-02 08:00:00,27.63
2020-08-02 09:00:00,28.01
2020-08-02 10:00:00,28.1
2020-08-02 11:00:00,27.4
2020-08-02 12:00:00,26.43
2020-08-02 13:00:00,24.16
2020-08-02 14:00:00,23.86
2020-08-02 15:00:00,25.56
2020-08-02 16:00:00,28.08
2020-08-02 17:00:00,33.0
2020-08-02 18:00:00,34.14
2020-08-02 19:00:00,35.49
2020-08-02 20:00:00,38.43
2020-08-02 21:00:00,35.1
2020-08-02 22:00:00,28.06
2020-08-02 23:00:00,26.31
2020-08-03 00:00:00,26.05
2020-08-03 01:00:00,25.06
2020-08-03 02:00:00,26.03
2020-08-03 03:00:00,27.93
2020-08-03 04:00:00,34.12
2020-08-03 05:00:00,39.19
2020-08-03 06:00:00,41.0
2020-08-03 07:00:00,42.65
2020-08-03 08:00:00,41.2
2020-08-03 09:00:00,41.16
2020-08-03 10:00:00,40.97
2020-08-03 11:00:00,39.9
2020-08-03 12:00:00,38.24
2020-08-03 13:00:00,37.18
2020-08-03 14:00:00,37.75
2020-08-03 15:00:00,39.67
2020-08-03 16:00:00,42.1
2020-08-03 17:00:00,45.45
2020-08-03 18:00:00,43.06
2020-08-03 19:00:00,41.7
2020-08-03 20:00:00,40.9
2020-08-03 21:00:00,35.05
2020-08-03 22:00:00,31.6
2020-08-03 23:00:00,28.02
2020-08-04 00:00:00,26.14
2020-08-04 01:00:00,23.66
2020-08-04 02:00:00,23.67
2020-08-04 03:00:00,28.35
2020-08-04 04:00:00,30.3
2020-08-04 05:00:00,36.24
2020-08-04 06:00:00,39.97
2020-08-04 07:00:00,40.12
2020-08-04 08:00:00,38.59
2020-08-04 09:00:00,35.75
2020-08-04 10:00:00,37.0
2020-08-04 11:00:00,36.88
2020-08-04 12:00:00,35.22
2020-08-04 13:00:00,34.33
2020-08-04 14:00:00,33.37
2020-08-04 15:00:00,37.72
2020-08-04 16:00:00,40.41
2020-08-04 17:00:00,41.01
2020-08-04 18:00:00,41.2
2020-08-04 19:00:00,41.16
2020-08-04 20:00:00,39.83
2020-08-04 21:00:00,34.8
2020-08-04 22:00:00,34.64
2020-08-04 23:00:00,31.0
2020-08-05 00:00:00,26.54
2020-08-05 01:00:00,19.64
2020-08-05 02:00:00,19.5
2020-08-05 03:00:00,22.85
2020-08-05 04:00:00,28.77
2020-08-05 05:00:00,34.11
2020-08-05 06:00:00,33.68
2020-08-05 07:00:00,35.03
2020-08-05 08:00:00,34.6
2020-08-05 09:00:00,33.22
2020-08-05 10:00:00,35.06
2020-08-05 11:00:00,35.21
2020-08-05 12:00:00,33.94
2020-08-05 13:00:00,31.77
2020-08-05 14:00:00,30.91
2020-08-05 15:00:00,31.99
2020-08-05 16:00:00,39.67
2020-08-05 17:00:00,43.04
2020-08-05 18:00:00,43.4
2020-08-05 19:00:00,42.43
2020-08-05 20:00:00,41.69
2020-08-05 21:00:00,36.71
2020-08-05 22:00:00,33.51
2020-08-05 23:00:00,28.04
2020-08-06 00:00:00,27.0
2020-08-06 01:00:00,26.53
2020-08-06 02:00:00,24.06
2020-08-06 03:00:00,27.14
2020-08-06 04:00:00,32.0
2020-08-06 05:00:00,36.96
2020-08-06 06:00:00,38.45
2020-08-06 07:00:00,37.55
2020-08-06 08:00:00,36.91
2020-08-06 09:00:00,36.6
2020-08-06 10:00:00,38.59
2020-08-06 11:00:00,39.27
2020-08-06 12:00:00,38.36
2020-08-06 13:00:00,36.01
2020-08-06 14:00:00,36.19
2020-08-06 15:00:00,39.69
2020-08-06 16:00:00,43.39
2020-08-06 17:00:00,53.96
2020-08-06 18:00:00,49.22
2020-08-06 19:00:00,43.39
2020-08-06 20:00:00,41.39
2020-08-06 21:00:00,37.0
2020-08-06 22:00:00,34.26
2020-08-06 23:00:00,31.01
2020-08-07 00:00:00,29.2
2020-08-07 01:00:00,27.81
2020-08-07 02:00:00,27.48
2020-08-07 03:00:00,30.66
2020-08-07 04:00:00,34.89
2020-08-07 05:00:00,39.09
2020-08-07 06:00:00,39.2
2020-08-07 07:00:00,39.0
2020-08-07 08:00:00,37.15
2020-08-07 09:00:00,38.97
2020-08-07 10:00:00,41.34
2020-08-07 11:00:00,40.9
2020-08-07 12:00:00,39.99
2020-08-07 13:00:00,36.73
2020-08-07 14:00:00,36.4
2020-08-07 15:00:00,40.11
2020-08-07 16:00:00,43.82
2020-08-07 17:00:00,50.11
2020-08-07 18:00:00,47.07
2020-08-07 19:00:00,44.4
2020-08-07 20:00:00,42.47
2020-08-07 21:00:00,39.99
2020-08-07 22:00:00,38.0
2020-08-07 23:00:00,32.8
2020-08-08 00:00:00,30.96
2020-08-08 01:00:00,29.52
2020-08-08 02:00:00,28.94
2020-08-08 03:00:00,29.5
2020-08-08 04:00:00,29.48
2020-08-08 05:00:00,31.7
2020-08-08 06:00:00,32.64
2020-08-08 07:00:00,33.11
2020-08-08 08:00:00,29.6
2020-08-08 09:00:00,29.67
2020-08-08 10:00:00,35.98
2020-08-08 11:00:00,32.65
2020-08-08 12:00:00,30.3
2020-08-08 13:00:00,27.39
2020-08-08 14:00:00,28.9
2020-08-08 15:00:00,33.2
2020-08-08 16:00:00,38.1
2020-08-08 17:00:00,40.7
2020-08-08 18:00:00,41.2
2020-08-08 19:00:00,40.09
2020-08-08 20:00:00,38.62
2020-08-08 21:00:00,33.08
2020-08-08 22:00:00,31.95
2020-08-08 23:00:00,29.16
2020-08-09 00:00:00,28.0
2020-08-09 01:00:00,26.17
2020-08-09 02:00:00,25.78
2020-08-09 03:00:00,25.8
2020-08-09 04:00:00,24.7
2020-08-09 05:00:00,24.4
2020-08-09 06:00:00,25.03
2020-08-09 07:00:00,24.64
2020-08-09 08:00:00,26.42
2020-08-09 09:00:00,27.25
2020-08-09 10:00:00,30.56
2020-08-09 11:00:00,26.79
2020-08-09 12:00:00,25.41
2020-08-09 13:00:00,26.21
2020-08-09 14:00:00,27.66
2020-08-09 15:00:00,29.46
2020-08-09 16:00:00,35.0
2020-08-09 17:00:00,39.9
2020-08-09 18:00:00,40.24
2020-08-09 19:00:00,41.82
2020-08-09 20:00:00,42.11
2020-08-09 21:00:00,39.78
2020-08-09 22:00:00,33.9
2020-08-09 23:00:00,28.8
2020-08-10 00:00:00,28.19
2020-08-10 01:00:00,26.1
2020-08-10 02:00:00,26.95
2020-08-10 03:00:00,29.13
2020-08-10 04:00:00,36.9
2020-08-10 05:00:00,38.61
2020-08-10 06:00:00,40.35
2020-08-10 07:00:00,41.0
2020-08-10 08:00:00,40.57
2020-08-10 09:00:00,38.97
2020-08-10 10:00:00,41.4
2020-08-10 11:00:00,41.46
2020-08-10 12:00:00,40.86
2020-08-10 13:00:00,39.57
2020-08-10 14:00:00,40.0
2020-08-10 15:00:00,42.21
2020-08-10 16:00:00,46.38
2020-08-10 17:00:00,52.74
2020-08-10 18:00:00,47.29
2020-08-10 19:00:00,43.4
2020-08-10 20:00:00,42.04
2020-08-10 21:00:00,37.29
2020-08-10 22:00:00,34.89
2020-08-10 23:00:00,33.92
2020-08-11 00:00:00,32.34
2020-08-11 01:00:00,30.75
2020-08-11 02:00:00,30.49
2020-08-11 03:00:00,32.67
2020-08-11 04:00:00,36.1
2020-08-11 05:00:00,40.53
2020-08-11 06:00:00,41.26
2020-08-11 07:00:00,41.65
2020-08-11 08:00:00,42.35
2020-08-11 09:00:00,41.99
2020-08-11 10:00:00,43.52
2020-08-11 11:00:00,41.52
2020-08-11 12:00:00,39.53
2020-08-11 13:00:00,39.11
2020-08-11 14:00:00,39.11
2020-08-11 15:00:00,42.21
2020-08-11 16:00:00,48.13
2020-08-11 17:00:00,50.92
2020-08-11 18:00:00,46.97
2020-08-11 19:00:00,44.6
2020-08-11 20:00:00,42.68
2020-08-11 21:00:00,40.0
2020-08-11 22:00:00,39.0
2020-08-11 23:00:00,33.1
2020-08-12 00:00:00,31.72
2020-08-12 01:00:00,30.17
2020-08-12 02:00:00,30.09
2020-08-12 03:00:00,31.25
2020-08-12 04:00:00,34.93
2020-08-12 05:00:00,39.0
2020-08-12 06:00:00,41.4
2020-08-12 07:00:00,42.44
2020-08-12 08:00:00,42.19
2020-08-12 09:00:00,42.6
2020-08-12 10:00:00,44.02
2020-08-12 11:00:00,41.51
2020-08-12 12:00:00,40.77
2020-08-12 13:00:00,39.0
2020-08-12 14:00:00,38.99
2020-08-12 15:00:00,43.23
2020-08-12 16:00:00,52.05
2020-08-12 17:00:00,56.4
2020-08-12 18:00:00,48.08
2020-08-12 19:00:00,45.07
2020-08-12 20:00:00,44.02
2020-08-12 21:00:00,40.72
2020-08-12 22:00:00,36.17
2020-08-12 23:00:00,32.57
2020-08-13 00:00:00,30.67
2020-08-13 01:00:00,29.53
2020-08-13 02:00:00,27.92
2020-08-13 03:00:00,31.14
2020-08-13 04:00:00,34.88
2020-08-13 05:00:00,39.0
2020-08-13 06:00:00,39.99
2020-08-13 07:00:00,42.26
2020-08-13 08:00:00,41.74
2020-08-13 09:00:00,40.29
2020-08-13 10:00:00,41.93
2020-08-13 11:00:00,41.74
2020-08-13 12:00:00,39.99
2020-08-13 13:00:00,38.09
2020-08-13 14:00:00,39.0
2020-08-13 15:00:00,42.53
2020-08-13 16:00:00,49.5
2020-08-13 17:00:00,53.39
2020-08-13 18:00:00,48.91
2020-08-13 19:00:00,44.29
2020-08-13 20:00:00,42.06
2020-08-13 21:00:00,36.3
2020-08-13 22:00:00,33.41
2020-08-13 23:00:00,32.24
2020-08-14 00:00:00,31.07
2020-08-14 01:00:00,30.18
2020-08-14 02:00:00,30.07
2020-08-14 03:00:00,32.1
2020-08-14 04:00:00,34.01
2020-08-14 05:00:00,35.74
2020-08-14 06:00:00,39.53
2020-08-14 07:00:00,41.0
2020-08-14 08:00:00,41.42
2020-08-14 09:00:00,43.41
2020-08-14 10:00:00,42.17
2020-08-14 11:00:00,39.17
2020-08-14 12:00:00,37.61
2020-08-14 13:00:00,37.01
2020-08-14 14:00:00,38.01
2020-08-14 15:00:00,39.0
2020-08-14 16:00:00,41.35
2020-08-14 17:00:00,46.08
2020-08-14 18:00:00,43.0
2020-08-14 19:00:00,41.91
2020-08-14 20:00:00,40.0
2020-08-14 21:00:00,35.39
2020-08-14 22:00:00,38.4
2020-08-14 23:00:00,33.9
2020-08-15 00:00:00,31.77
2020-08-15 01:00:00,30.31
2020-08-15 02:00:00,29.92
2020-08-15 03:00:00,29.06
2020-08-15 04:00:00,29.0
2020-08-15 05:00:00,29.1
2020-08-15 06:00:00,30.38
2020-08-15 07:00:00,31.39
2020-08-15 08:00:00,30.14
2020-08-15 09:00:00,29.91
2020-08-15 10:00:00,29.53
2020-08-15 11:00:00,28.0
2020-08-15 12:00:00,27.14
2020-08-15 13:00:00,26.07
2020-08-15 14:00:00,27.3
2020-08-15 15:00:00,29.11
2020-08-15 16:00:00,34.09
2020-08-15 17:00:00,36.98
2020-08-15 18:00:00,39.59
2020-08-15 19:00:00,39.93
2020-08-15 20:00:00,39.59
2020-08-15 21:00:00,34.14
2020-08-15 22:00:00,33.12
2020-08-15 23:00:00,29.0
2020-08-16 00:00:00,28.0
2020-08-16 01:00:00,26.5
2020-08-16 02:00:00,26.15
2020-08-16 03:00:00,25.7
2020-08-16 04:00:00,26.0
2020-08-16 05:00:00,25.95
2020-08-16 06:00:00,28.0
2020-08-16 07:00:00,28.36
2020-08-16 08:00:00,25.51
2020-08-16 09:00:00,24.11
2020-08-16 10:00:00,25.0
2020-08-16 11:00:00,22.64
2020-08-16 12:00:00,19.66
2020-08-16 13:00:00,20.9
2020-08-16 14:00:00,22.5
2020-08-16 15:00:00,28.11
2020-08-16 16:00:00,34.0
2020-08-16 17:00:00,36.98
2020-08-16 18:00:00,39.77
2020-08-16 19:00:00,40.21
2020-08-16 20:00:00,39.98
2020-08-16 21:00:00,35.07
2020-08-16 22:00:00,32.34
2020-08-16 23:00:00,28.72
2020-08-17 00:00:00,28.25
2020-08-17 01:00:00,27.75
2020-08-17 02:00:00,27.91
2020-08-17 03:00:00,30.13
2020-08-17 04:00:00,34.9
2020-08-17 05:00:00,38.62
2020-08-17 06:00:00,41.92
2020-08-17 07:00:00,44.75
2020-08-17 08:00:00,42.11
2020-08-17 09:00:00,41.91
2020-08-17 10:00:00,39.97
2020-08-17 11:00:00,38.67
2020-08-17 12:00:00,38.09
2020-08-17 13:00:00,39.0
2020-08-17 14:00:00,41.0
2020-08-17 15:00:00,45.0
2020-08-17 16:00:00,51.25
2020-08-17 17:00:00,55.8
2020-08-17 18:00:00,55.52
2020-08-17 19:00:00,51.1
2020-08-17 20:00:00,45.0
2020-08-17 21:00:00,38.74
2020-08-17 22:00:00,35.83
2020-08-17 23:00:00,33.4
2020-08-18 00:00:00,31.27
2020-08-18 01:00:00,29.92
2020-08-18 02:00:00,29.95
2020-08-18 03:00:00,32.79
2020-08-18 04:00:00,37.07
2020-08-18 05:00:00,41.06
2020-08-18 06:00:00,44.61
2020-08-18 07:00:00,49.22
2020-08-18 08:00:00,44.03
2020-08-18 09:00:00,41.21
2020-08-18 10:00:00,40.8
2020-08-18 11:00:00,39.59
2020-08-18 12:00:00,36.5
2020-08-18 13:00:00,35.99
2020-08-18 14:00:00,37.6
2020-08-18 15:00:00,43.68
2020-08-18 16:00:00,51.25
2020-08-18 17:00:00,58.05
2020-08-18 18:00:00,55.66
2020-08-18 19:00:00,52.0
2020-08-18 20:00:00,49.06
2020-08-18 21:00:00,40.29
2020-08-18 22:00:00,37.68
2020-08-18 23:00:00,33.91
2020-08-19 00:00:00,32.52
2020-08-19 01:00:00,30.48
2020-08-19 02:00:00,30.25
2020-08-19 03:00:00,33.43
2020-08-19 04:00:00,39.0
2020-08-19 05:00:00,40.73
2020-08-19 06:00:00,44.06
2020-08-19 07:00:00,42.16
2020-08-19 08:00:00,38.42
2020-08-19 09:00:00,38.82
2020-08-19 10:00:00,38.29
2020-08-19 11:00:00,33.68
2020-08-19 12:00:00,33.25
2020-08-19 13:00:00,33.32
2020-08-19 14:00:00,34.98
2020-08-19 15:00:00,42.04
2020-08-19 16:00:00,45.9
2020-08-19 17:00:00,50.9
2020-08-19 18:00:00,46.75
2020-08-19 19:00:00,41.0
2020-08-19 20:00:00,39.79
2020-08-19 21:00:00,33.97
2020-08-19 22:00:00,33.16
2020-08-19 23:00:00,28.6
2020-08-20 00:00:00,26.1
2020-08-20 01:00:00,25.01
2020-08-20 02:00:00,25.05
2020-08-20 03:00:00,28.03
2020-08-20 04:00:00,33.0
2020-08-20 05:00:00,37.74
2020-08-20 06:00:00,39.79
2020-08-20 07:00:00,40.49
2020-08-20 08:00:00,39.82
2020-08-20 09:00:00,38.08
2020-08-20 10:00:00,37.21
2020-08-20 11:00:00,34.62
2020-08-20 12:00:00,33.87
2020-08-20 13:00:00,35.96
2020-08-20 14:00:00,36.84
2020-08-20 15:00:00,43.34
2020-08-20 16:00:00,47.99
2020-08-20 17:00:00,59.85
2020-08-20 18:00:00,55.0
2020-08-20 19:00:00,47.68
2020-08-20 20:00:00,42.23
2020-08-20 21:00:00,37.57
2020-08-20 22:00:00,34.67
2020-08-20 23:00:00,28.45
2020-08-21 00:00:00,24.15
2020-08-21 01:00:00,23.12
2020-08-21 02:00:00,20.97
2020-08-21 03:00:00,23.09
2020-08-21 04:00:00,28.16
2020-08-21 05:00:00,35.46
2020-08-21 06:00:00,38.98
2020-08-21 07:00:00,38.0
2020-08-21 08:00:00,33.9
2020-08-21 09:00:00,32.97
2020-08-21 10:00:00,33.48
2020-08-21 11:00:00,32.61
2020-08-21 12:00:00,31.32
2020-08-21 13:00:00,28.24
2020-08-21 14:00:00,27.92
2020-08-21 15:00:00,33.9
2020-08-21 16:00:00,38.73
2020-08-21 17:00:00,41.2
2020-08-21 18:00:00,41.6
2020-08-21 19:00:00,41.83
2020-08-21 20:00:00,40.08
2020-08-21 21:00:00,36.91
2020-08-21 22:00:00,31.8
2020-08-21 23:00:00,26.4
2020-08-22 00:00:00,24.08
2020-08-22 01:00:00,21.94
2020-08-22 02:00:00,21.3
2020-08-22 03:00:00,20.3
2020-08-22 04:00:00,23.53
2020-08-22 05:00:00,25.17
2020-08-22 06:00:00,29.91
2020-08-22 07:00:00,29.99
2020-08-22 08:00:00,27.14
2020-08-22 09:00:00,26.63
2020-08-22 10:00:00,23.97
2020-08-22 11:00:00,14.52
2020-08-22 12:00:00,7.8
2020-08-22 13:00:00,8.04
2020-08-22 14:00:00,16.6
2020-08-22 15:00:00,27.19
2020-08-22 16:00:00,26.64
2020-08-22 17:00:00,30.27
2020-08-22 18:00:00,34.43
2020-08-22 19:00:00,35.07
2020-08-22 20:00:00,33.36
2020-08-22 21:00:00,34.34
2020-08-22 22:00:00,26.44
2020-08-22 23:00:00,24.41
2020-08-23 00:00:00,22.14
2020-08-23 01:00:00,19.32
2020-08-23 02:00:00,14.91
2020-08-23 03:00:00,11.84
2020-08-23 04:00:00,13.87
2020-08-23 05:00:00,19.2
2020-08-23 06:00:00,22.19
2020-08-23 07:00:00,22.68
2020-08-23 08:00:00,20.98
2020-08-23 09:00:00,21.9
2020-08-23 10:00:00,22.2
2020-08-23 11:00:00,15.0
2020-08-23 12:00:00,11.99
2020-08-23 13:00:00,6.87
2020-08-23 14:00:00,8.01
2020-08-23 15:00:00,20.06
2020-08-23 16:00:00,28.0
2020-08-23 17:00:00,33.41
2020-08-23 18:00:00,37.32
2020-08-23 19:00:00,38.87
2020-08-23 20:00:00,38.07
2020-08-23 21:00:00,31.99
2020-08-23 22:00:00,32.26
2020-08-23 23:00:00,27.95
2020-08-24 00:00:00,27.14
2020-08-24 01:00:00,25.5
2020-08-24 02:00:00,25.5
2020-08-24 03:00:00,28.9
2020-08-24 04:00:00,39.79
2020-08-24 05:00:00,49.92
2020-08-24 06:00:00,53.13
2020-08-24 07:00:00,53.84
2020-08-24 08:00:00,47.1
2020-08-24 09:00:00,48.0
2020-08-24 10:00:00,44.01
2020-08-24 11:00:00,42.31
2020-08-24 12:00:00,42.1
2020-08-24 13:00:00,41.2
2020-08-24 14:00:00,41.92
2020-08-24 15:00:00,50.25
2020-08-24 16:00:00,55.87
2020-08-24 17:00:00,66.33
2020-08-24 18:00:00,70.16
2020-08-24 19:00:00,61.44
2020-08-24 20:00:00,54.9
2020-08-24 21:00:00,43.97
2020-08-24 22:00:00,42.6
2020-08-24 23:00:00,38.23
2020-08-25 00:00:00,34.48
2020-08-25 01:00:00,32.76
2020-08-25 02:00:00,32.68
2020-08-25 03:00:00,34.7
2020-08-25 04:00:00,43.71
2020-08-25 05:00:00,44.84
2020-08-25 06:00:00,48.09
2020-08-25 07:00:00,45.24
2020-08-25 08:00:00,43.07
2020-08-25 09:00:00,41.69
2020-08-25 10:00:00,40.07
2020-08-25 11:00:00,37.85
2020-08-25 12:00:00,35.91
2020-08-25 13:00:00,35.57
2020-08-25 14:00:00,35.65
2020-08-25 15:00:00,39.0
2020-08-25 16:00:00,40.99
2020-08-25 17:00:00,42.04
2020-08-25 18:00:00,43.25
2020-08-25 19:00:00,42.32
2020-08-25 20:00:00,40.45
2020-08-25 21:00:00,37.69
2020-08-25 22:00:00,26.01
2020-08-25 23:00:00,25.13
2020-08-26 00:00:00,17.88
2020-08-26 01:00:00,11.99
2020-08-26 02:00:00,8.65
2020-08-26 03:00:00,18.14
2020-08-26 04:00:00,31.48
2020-08-26 05:00:00,37.09
2020-08-26 06:00:00,37.82
2020-08-26 07:00:00,37.86
2020-08-26 08:00:00,38.6
2020-08-26 09:00:00,40.62
2020-08-26 10:00:00,42.57
2020-08-26 11:00:00,42.31
2020-08-26 12:00:00,42.51
2020-08-26 13:00:00,41.48
2020-08-26 14:00:00,40.3
2020-08-26 15:00:00,42.57
2020-08-26 16:00:00,44.77
2020-08-26 17:00:00,55.42
2020-08-26 18:00:00,56.85
2020-08-26 19:00:00,55.0
2020-08-26 20:00:00,51.52
2020-08-26 21:00:00,50.95
2020-08-26 22:00:00,46.91
2020-08-26 23:00:00,42.91
2020-08-27 00:00:00,40.02
2020-08-27 01:00:00,38.93
2020-08-27 02:00:00,38.3
2020-08-27 03:00:00,40.02
2020-08-27 04:00:00,42.93
2020-08-27 05:00:00,47.78
2020-08-27 06:00:00,52.02
2020-08-27 07:00:00,54.66
2020-08-27 08:00:00,49.69
2020-08-27 09:00:00,50.01
2020-08-27 10:00:00,49.46
2020-08-27 11:00:00,49.46
2020-08-27 12:00:00,46.91
2020-08-27 13:00:00,46.91
2020-08-27 14:00:00,47.87
2020-08-27 15:00:00,59.59
2020-08-27 16:00:00,70.39
2020-08-27 17:00:00,89.91
2020-08-27 18:00:00,90.0
2020-08-27 19:00:00,69.0
2020-08-27 20:00:00,57.9
2020-08-27 21:00:00,46.13
2020-08-27 22:00:00,39.9
2020-08-27 23:00:00,37.3
2020-08-28 00:00:00,34.73
2020-08-28 01:00:00,32.47
2020-08-28 02:00:00,32.01
2020-08-28 03:00:00,34.74
2020-08-28 04:00:00,40.88
2020-08-28 05:00:00,45.71
2020-08-28 06:00:00,47.99
2020-08-28 07:00:00,49.01
2020-08-28 08:00:00,48.0
2020-08-28 09:00:00,48.0
2020-08-28 10:00:00,46.0
2020-08-28 11:00:00,44.33
2020-08-28 12:00:00,41.44
2020-08-28 13:00:00,38.25
2020-08-28 14:00:00,38.25
2020-08-28 15:00:00,45.08
2020-08-28 16:00:00,47.98
2020-08-28 17:00:00,52.11
2020-08-28 18:00:00,50.35
2020-08-28 19:00:00,46.66
2020-08-28 20:00:00,42.36
2020-08-28 21:00:00,39.19
2020-08-28 22:00:00,36.82
2020-08-28 23:00:00,33.76
2020-08-29 00:00:00,30.74
2020-08-29 01:00:00,29.27
2020-08-29 02:00:00,28.31
2020-08-29 03:00:00,29.0
2020-08-29 04:00:00,29.6
2020-08-29 05:00:00,31.76
2020-08-29 06:00:00,35.94
2020-08-29 07:00:00,38.3
2020-08-29 08:00:00,36.84
2020-08-29 09:00:00,35.85
2020-08-29 10:00:00,37.75
2020-08-29 11:00:00,35.24
2020-08-29 12:00:00,32.75
2020-08-29 13:00:00,31.67
2020-08-29 14:00:00,34.71
2020-08-29 15:00:00,37.0
2020-08-29 16:00:00,43.98
2020-08-29 17:00:00,46.39
2020-08-29 18:00:00,46.91
2020-08-29 19:00:00,44.99
2020-08-29 20:00:00,43.0
2020-08-29 21:00:00,39.26
2020-08-29 22:00:00,38.2
2020-08-29 23:00:00,34.98
2020-08-30 00:00:00,32.08
2020-08-30 01:00:00,31.34
2020-08-30 02:00:00,30.74
2020-08-30 03:00:00,30.98
2020-08-30 04:00:00,30.59
2020-08-30 05:00:00,30.74
2020-08-30 06:00:00,31.97
2020-08-30 07:00:00,32.25
2020-08-30 08:00:00,32.39
2020-08-30 09:00:00,32.25
2020-08-30 10:00:00,31.38
2020-08-30 11:00:00,30.4
2020-08-30 12:00:00,29.97
2020-08-30 13:00:00,29.23
2020-08-30 14:00:00,29.98
2020-08-30 15:00:00,31.41
2020-08-30 16:00:00,35.18
2020-08-30 17:00:00,39.08
2020-08-30 18:00:00,42.7
2020-08-30 19:00:00,43.13
2020-08-30 20:00:00,41.97
2020-08-30 21:00:00,37.0
2020-08-30 22:00:00,33.39
2020-08-30 23:00:00,30.82
2020-08-31 00:00:00,28.89
2020-08-31 01:00:00,28.43
2020-08-31 02:00:00,29.41
2020-08-31 03:00:00,34.39
2020-08-31 04:00:00,45.24
2020-08-31 05:00:00,59.94
2020-08-31 06:00:00,67.25
2020-08-31 07:00:00,68.84
2020-08-31 08:00:00,66.53
2020-08-31 09:00:00,65.41
2020-08-31 10:00:00,62.76
2020-08-31 11:00:00,60.0
2020-08-31 12:00:00,57.48
2020-08-31 13:00:00,54.99
2020-08-31 14:00:00,58.95
2020-08-31 15:00:00,65.49
2020-08-31 16:00:00,71.6
2020-08-31 17:00:00,79.06
2020-08-31 18:00:00,72.66
2020-08-31 19:00:00,64.86
2020-08-31 20:00:00,52.02
2020-08-31 21:00:00,45.0
2020-08-31 22:00:00,39.2
2020-08-31 23:00:00,37.91
2020-09-01 00:00:00,35.93
2020-09-01 01:00:00,34.91
2020-09-01 02:00:00,35.89
2020-09-01 03:00:00,38.33
2020-09-01 04:00:00,48.08
2020-09-01 05:00:00,59.0
2020-09-01 06:00:00,65.26
2020-09-01 07:00:00,59.96
2020-09-01 08:00:00,55.36
2020-09-01 09:00:00,53.92
2020-09-01 10:00:00,50.86
2020-09-01 11:00:00,49.77
2020-09-01 12:00:00,47.12
2020-09-01 13:00:00,47.0
2020-09-01 14:00:00,48.58
2020-09-01 15:00:00,51.84
2020-09-01 16:00:00,60.0
2020-09-01 17:00:00,67.24
2020-09-01 18:00:00,65.93
2020-09-01 19:00:00,56.51
2020-09-01 20:00:00,46.95
2020-09-01 21:00:00,41.28
2020-09-01 22:00:00,41.67
2020-09-01 23:00:00,38.02
2020-09-02 00:00:00,36.35
2020-09-02 01:00:00,34.72
2020-09-02 02:00:00,35.7
2020-09-02 03:00:00,38.35
2020-09-02 04:00:00,50.13
2020-09-02 05:00:00,62.23
2020-09-02 06:00:00,71.11
2020-09-02 07:00:00,63.51
2020-09-02 08:00:00,54.51
2020-09-02 09:00:00,49.5
2020-09-02 10:00:00,45.02
2020-09-02 11:00:00,44.11
2020-09-02 12:00:00,43.96
2020-09-02 13:00:00,44.02
2020-09-02 14:00:00,46.46
2020-09-02 15:00:00,52.35
2020-09-02 16:00:00,60.4
2020-09-02 17:00:00,68.89
2020-09-02 18:00:00,66.05
2020-09-02 19:00:00,55.46
2020-09-02 20:00:00,49.34
2020-09-02 21:00:00,43.94
2020-09-02 22:00:00,44.55
2020-09-02 23:00:00,40.93
2020-09-03 00:00:00,38.36
2020-09-03 01:00:00,35.84
2020-09-03 02:00:00,35.43
2020-09-03 03:00:00,38.73
2020-09-03 04:00:00,49.5
2020-09-03 05:00:00,55.98
2020-09-03 06:00:00,58.52
2020-09-03 07:00:00,52.35
2020-09-03 08:00:00,48.17
2020-09-03 09:00:00,48.0
2020-09-03 10:00:00,46.98
2020-09-03 11:00:00,44.35
2020-09-03 12:00:00,44.3
2020-09-03 13:00:00,41.47
2020-09-03 14:00:00,42.65
2020-09-03 15:00:00,44.69
2020-09-03 16:00:00,50.12
2020-09-03 17:00:00,59.99
2020-09-03 18:00:00,59.92
2020-09-03 19:00:00,52.57
2020-09-03 20:00:00,50.01
2020-09-03 21:00:00,44.11
2020-09-03 22:00:00,44.34
2020-09-03 23:00:00,39.07
2020-09-04 00:00:00,36.2
2020-09-04 01:00:00,33.4
2020-09-04 02:00:00,29.55
2020-09-04 03:00:00,32.93
2020-09-04 04:00:00,43.17
2020-09-04 05:00:00,48.43
2020-09-04 06:00:00,51.67
2020-09-04 07:00:00,51.25
2020-09-04 08:00:00,52.84
2020-09-04 09:00:00,50.46
2020-09-04 10:00:00,48.81
2020-09-04 11:00:00,46.24
2020-09-04 12:00:00,42.54
2020-09-04 13:00:00,40.16
2020-09-04 14:00:00,40.09
2020-09-04 15:00:00,44.34
2020-09-04 16:00:00,47.95
2020-09-04 17:00:00,51.79
2020-09-04 18:00:00,54.93
2020-09-04 19:00:00,50.52
2020-09-04 20:00:00,44.0
2020-09-04 21:00:00,40.37
2020-09-04 22:00:00,39.58
2020-09-04 23:00:00,35.34
2020-09-05 00:00:00,30.98
2020-09-05 01:00:00,29.01
2020-09-05 02:00:00,30.06
2020-09-05 03:00:00,30.06
2020-09-05 04:00:00,31.6
2020-09-05 05:00:00,34.2
2020-09-05 06:00:00,38.3
2020-09-05 07:00:00,37.55
2020-09-05 08:00:00,32.7
2020-09-05 09:00:00,34.91
2020-09-05 10:00:00,35.65
2020-09-05 11:00:00,34.89
2020-09-05 12:00:00,33.23
2020-09-05 13:00:00,30.5
2020-09-05 14:00:00,30.04
2020-09-05 15:00:00,32.62
2020-09-05 16:00:00,38.21
2020-09-05 17:00:00,44.04
2020-09-05 18:00:00,46.84
2020-09-05 19:00:00,43.08
2020-09-05 20:00:00,38.94
2020-09-05 21:00:00,36.74
2020-09-05 22:00:00,34.04
2020-09-05 23:00:00,31.0
2020-09-06 00:00:00,30.45
2020-09-06 01:00:00,29.39
2020-09-06 02:00:00,29.39
2020-09-06 03:00:00,29.6
2020-09-06 04:00:00,30.8
2020-09-06 05:00:00,30.9
2020-09-06 06:00:00,30.8
2020-09-06 07:00:00,33.2
2020-09-06 08:00:00,32.19
2020-09-06 09:00:00,34.27
2020-09-06 10:00:00,34.1
2020-09-06 11:00:00,30.7
2020-09-06 12:00:00,30.28
2020-09-06 13:00:00,30.73
2020-09-06 14:00:00,32.4
2020-09-06 15:00:00,35.1
2020-09-06 16:00:00,42.01
2020-09-06 17:00:00,47.19
2020-09-06 18:00:00,49.44
2020-09-06 19:00:00,46.75
2020-09-06 20:00:00,43.88
2020-09-06 21:00:00,38.5
2020-09-06 22:00:00,40.0
2020-09-06 23:00:00,31.07
2020-09-07 00:00:00,30.9
2020-09-07 01:00:00,30.53
2020-09-07 02:00:00,30.58
2020-09-07 03:00:00,33.32
2020-09-07 04:00:00,47.13
2020-09-07 05:00:00,58.44
2020-09-07 06:00:00,65.05
2020-09-07 07:00:00,55.8
2020-09-07 08:00:00,51.51
2020-09-07 09:00:00,48.93
2020-09-07 10:00:00,47.04
2020-09-07 11:00:00,43.98
2020-09-07 12:00:00,42.52
2020-09-07 13:00:00,40.11
2020-09-07 14:00:00,41.37
2020-09-07 15:00:00,48.03
2020-09-07 16:00:00,54.78
2020-09-07 17:00:00,62.37
2020-09-07 18:00:00,60.52
2020-09-07 19:00:00,51.11
2020-09-07 20:00:00,44.9
2020-09-07 21:00:00,40.5
2020-09-07 22:00:00,37.71
2020-09-07 23:00:00,32.4
2020-09-08 00:00:00,31.7
2020-09-08 01:00:00,30.55
2020-09-08 02:00:00,30.55
2020-09-08 03:00:00,31.87
2020-09-08 04:00:00,44.4
2020-09-08 05:00:00,50.26
2020-09-08 06:00:00,50.0
2020-09-08 07:00:00,49.0
2020-09-08 08:00:00,48.14
2020-09-08 09:00:00,48.94
2020-09-08 10:00:00,58.22
2020-09-08 11:00:00,51.19
2020-09-08 12:00:00,46.92
2020-09-08 13:00:00,44.51
2020-09-08 14:00:00,45.57
2020-09-08 15:00:00,48.91
2020-09-08 16:00:00,55.8
2020-09-08 17:00:00,68.37
2020-09-08 18:00:00,66.29
2020-09-08 19:00:00,52.26
2020-09-08 20:00:00,49.24
2020-09-08 21:00:00,45.26
2020-09-08 22:00:00,42.11
2020-09-08 23:00:00,38.35
2020-09-09 00:00:00,38.3
2020-09-09 01:00:00,34.97
2020-09-09 02:00:00,34.77
2020-09-09 03:00:00,37.17
2020-09-09 04:00:00,47.84
2020-09-09 05:00:00,53.41
2020-09-09 06:00:00,55.07
2020-09-09 07:00:00,55.07
2020-09-09 08:00:00,51.92
2020-09-09 09:00:00,50.36
2020-09-09 10:00:00,55.5
2020-09-09 11:00:00,53.42
2020-09-09 12:00:00,50.09
2020-09-09 13:00:00,51.0
2020-09-09 14:00:00,53.02
2020-09-09 15:00:00,51.4
2020-09-09 16:00:00,55.78
2020-09-09 17:00:00,63.62
2020-09-09 18:00:00,63.96
2020-09-09 19:00:00,53.54
2020-09-09 20:00:00,52.26
2020-09-09 21:00:00,44.52
2020-09-09 22:00:00,43.47
2020-09-09 23:00:00,39.54
2020-09-10 00:00:00,37.57
2020-09-10 01:00:00,36.0
2020-09-10 02:00:00,34.4
2020-09-10 03:00:00,36.94
2020-09-10 04:00:00,45.18
2020-09-10 05:00:00,52.78
2020-09-10 06:00:00,59.26
2020-09-10 07:00:00,63.06
2020-09-10 08:00:00,54.32
2020-09-10 09:00:00,52.92
2020-09-10 10:00:00,49.55
2020-09-10 11:00:00,47.98
2020-09-10 12:00:00,47.53
2020-09-10 13:00:00,47.53
2020-09-10 14:00:00,48.08
2020-09-10 15:00:00,55.74
2020-09-10 16:00:00,65.81
2020-09-10 17:00:00,78.01
2020-09-10 18:00:00,75.23
2020-09-10 19:00:00,57.43
2020-09-10 20:00:00,49.89
2020-09-10 21:00:00,43.98
2020-09-10 22:00:00,45.84
2020-09-10 23:00:00,42.0
2020-09-11 00:00:00,39.38
2020-09-11 01:00:00,36.79
2020-09-11 02:00:00,36.85
2020-09-11 03:00:00,41.12
2020-09-11 04:00:00,52.72
2020-09-11 05:00:00,62.57
2020-09-11 06:00:00,69.45
2020-09-11 07:00:00,67.94
2020-09-11 08:00:00,66.46
2020-09-11 09:00:00,61.4
2020-09-11 10:00:00,59.1
2020-09-11 11:00:00,55.33
2020-09-11 12:00:00,50.49
2020-09-11 13:00:00,48.3
2020-09-11 14:00:00,43.15
2020-09-11 15:00:00,48.01
2020-09-11 16:00:00,55.4
2020-09-11 17:00:00,64.21
2020-09-11 18:00:00,62.6
2020-09-11 19:00:00,52.05
2020-09-11 20:00:00,49.83
2020-09-11 21:00:00,47.41
2020-09-11 22:00:00,46.0
2020-09-11 23:00:00,42.25
2020-09-12 00:00:00,40.67
2020-09-12 01:00:00,34.83
2020-09-12 02:00:00,32.37
2020-09-12 03:00:00,33.05
2020-09-12 04:00:00,36.43
2020-09-12 05:00:00,39.46
2020-09-12 06:00:00,39.46
2020-09-12 07:00:00,39.08
2020-09-12 08:00:00,38.93
2020-09-12 09:00:00,37.35
2020-09-12 10:00:00,38.05
2020-09-12 11:00:00,37.72
2020-09-12 12:00:00,36.72
2020-09-12 13:00:00,36.0
2020-09-12 14:00:00,36.82
2020-09-12 15:00:00,38.93
2020-09-12 16:00:00,44.9
2020-09-12 17:00:00,49.02
2020-09-12 18:00:00,49.98
2020-09-12 19:00:00,47.06
2020-09-12 20:00:00,43.0
2020-09-12 21:00:00,38.67
2020-09-12 22:00:00,36.53
2020-09-12 23:00:00,34.0
2020-09-13 00:00:00,31.7
2020-09-13 01:00:00,30.03
2020-09-13 02:00:00,27.87
2020-09-13 03:00:00,26.97
2020-09-13 04:00:00,29.14
2020-09-13 05:00:00,29.74
2020-09-13 06:00:00,30.13
2020-09-13 07:00:00,31.05
2020-09-13 08:00:00,31.15
2020-09-13 09:00:00,32.0
2020-09-13 10:00:00,34.0
2020-09-13 11:00:00,32.26
2020-09-13 12:00:00,30.54
2020-09-13 13:00:00,30.45
2020-09-13 14:00:00,30.46
2020-09-13 15:00:00,34.2
2020-09-13 16:00:00,40.0
2020-09-13 17:00:00,48.6
2020-09-13 18:00:00,50.92
2020-09-13 19:00:00,48.08
2020-09-13 20:00:00,43.5
2020-09-13 21:00:00,39.73
2020-09-13 22:00:00,37.84
2020-09-13 23:00:00,34.48
2020-09-14 00:00:00,32.9
2020-09-14 01:00:00,32.35
2020-09-14 02:00:00,32.32
2020-09-14 03:00:00,36.07
2020-09-14 04:00:00,50.0
2020-09-14 05:00:00,58.34
2020-09-14 06:00:00,62.05
2020-09-14 07:00:00,55.93
2020-09-14 08:00:00,52.02
2020-09-14 09:00:00,49.25
2020-09-14 10:00:00,50.12
2020-09-14 11:00:00,48.0
2020-09-14 12:00:00,53.78
2020-09-14 13:00:00,52.4
2020-09-14 14:00:00,55.0
2020-09-14 15:00:00,66.4
2020-09-14 16:00:00,80.98
2020-09-14 17:00:00,120.62
2020-09-14 18:00:00,96.43
2020-09-14 19:00:00,66.32
2020-09-14 20:00:00,54.01
2020-09-14 21:00:00,48.0
2020-09-14 22:00:00,44.81
2020-09-14 23:00:00,41.0
2020-09-15 00:00:00,39.2
2020-09-15 01:00:00,37.77
2020-09-15 02:00:00,38.6
2020-09-15 03:00:00,41.81
2020-09-15 04:00:00,53.9
2020-09-15 05:00:00,74.84
2020-09-15 06:00:00,84.35
2020-09-15 07:00:00,77.64
2020-09-15 08:00:00,69.52
2020-09-15 09:00:00,63.22
2020-09-15 10:00:00,71.74
2020-09-15 11:00:00,64.42
2020-09-15 12:00:00,63.39
2020-09-15 13:00:00,66.57
2020-09-15 14:00:00,70.01
2020-09-15 15:00:00,82.71
2020-09-15 16:00:00,130.59
2020-09-15 17:00:00,189.25
2020-09-15 18:00:00,148.18
2020-09-15 19:00:00,77.68
2020-09-15 20:00:00,63.44
2020-09-15 21:00:00,51.51
2020-09-15 22:00:00,50.12
2020-09-15 23:00:00,46.3
2020-09-16 00:00:00,45.1
2020-09-16 01:00:00,42.77
2020-09-16 02:00:00,42.72
2020-09-16 03:00:00,46.35
2020-09-16 04:00:00,59.98
2020-09-16 05:00:00,76.39
2020-09-16 06:00:00,86.53
2020-09-16 07:00:00,75.0
2020-09-16 08:00:00,65.25
2020-09-16 09:00:00,59.94
2020-09-16 10:00:00,58.67
2020-09-16 11:00:00,55.0
2020-09-16 12:00:00,57.61
2020-09-16 13:00:00,54.0
2020-09-16 14:00:00,54.46
2020-09-16 15:00:00,59.93
2020-09-16 16:00:00,68.43
2020-09-16 17:00:00,73.22
2020-09-16 18:00:00,63.48
2020-09-16 19:00:00,53.75
2020-09-16 20:00:00,48.77
2020-09-16 21:00:00,44.18
2020-09-16 22:00:00,42.49
2020-09-16 23:00:00,37.88
2020-09-17 00:00:00,35.31
2020-09-17 01:00:00,34.52
2020-09-17 02:00:00,34.58
2020-09-17 03:00:00,36.57
2020-09-17 04:00:00,48.0
2020-09-17 05:00:00,53.64
2020-09-17 06:00:00,59.69
2020-09-17 07:00:00,55.79
2020-09-17 08:00:00,53.71
2020-09-17 09:00:00,52.04
2020-09-17 10:00:00,50.0
2020-09-17 11:00:00,49.87
2020-09-17 12:00:00,50.43
2020-09-17 13:00:00,50.21
2020-09-17 14:00:00,50.12
2020-09-17 15:00:00,56.43
2020-09-17 16:00:00,66.5
2020-09-17 17:00:00,79.84
2020-09-17 18:00:00,65.44
2020-09-17 19:00:00,53.54
2020-09-17 20:00:00,47.82
2020-09-17 21:00:00,41.62
2020-09-17 22:00:00,38.21
2020-09-17 23:00:00,35.12
2020-09-18 00:00:00,34.9
2020-09-18 01:00:00,34.5
2020-09-18 02:00:00,34.19
2020-09-18 03:00:00,36.9
2020-09-18 04:00:00,45.02
2020-09-18 05:00:00,53.02
2020-09-18 06:00:00,58.11
2020-09-18 07:00:00,52.79
2020-09-18 08:00:00,48.23
2020-09-18 09:00:00,47.01
2020-09-18 10:00:00,45.69
2020-09-18 11:00:00,44.07
2020-09-18 12:00:00,42.93
2020-09-18 13:00:00,41.57
2020-09-18 14:00:00,40.85
2020-09-18 15:00:00,47.51
2020-09-18 16:00:00,53.08
2020-09-18 17:00:00,56.23
2020-09-18 18:00:00,52.19
2020-09-18 19:00:00,48.0
2020-09-18 20:00:00,42.86
2020-09-18 21:00:00,40.08
2020-09-18 22:00:00,39.9
2020-09-18 23:00:00,38.24
2020-09-19 00:00:00,35.44
2020-09-19 01:00:00,31.89
2020-09-19 02:00:00,31.26
2020-09-19 03:00:00,30.75
2020-09-19 04:00:00,34.31
2020-09-19 05:00:00,37.02
2020-09-19 06:00:00,39.76
2020-09-19 07:00:00,40.39
2020-09-19 08:00:00,40.29
2020-09-19 09:00:00,39.55
2020-09-19 10:00:00,39.62
2020-09-19 11:00:00,36.97
2020-09-19 12:00:00,35.77
2020-09-19 13:00:00,35.28
2020-09-19 14:00:00,36.03
2020-09-19 15:00:00,40.7
2020-09-19 16:00:00,47.95
2020-09-19 17:00:00,51.02
2020-09-19 18:00:00,51.05
2020-09-19 19:00:00,49.4
2020-09-19 20:00:00,46.51
2020-09-19 21:00:00,40.97
2020-09-19 22:00:00,40.34
2020-09-19 23:00:00,37.01
2020-09-20 00:00:00,35.36
2020-09-20 01:00:00,34.4
2020-09-20 02:00:00,34.21
2020-09-20 03:00:00,34.2
2020-09-20 04:00:00,34.8
2020-09-20 05:00:00,34.5
2020-09-20 06:00:00,35.05
2020-09-20 07:00:00,36.75
2020-09-20 08:00:00,34.2
2020-09-20 09:00:00,36.9
2020-09-20 10:00:00,39.8
2020-09-20 11:00:00,38.14
2020-09-20 12:00:00,34.1
2020-09-20 13:00:00,32.95
2020-09-20 14:00:00,34.2
2020-09-20 15:00:00,38.31
2020-09-20 16:00:00,45.99
2020-09-20 17:00:00,51.7
2020-09-20 18:00:00,51.91
2020-09-20 19:00:00,50.87
2020-09-20 20:00:00,46.1
2020-09-20 21:00:00,41.91
2020-09-20 22:00:00,37.35
2020-09-20 23:00:00,35.57
2020-09-21 00:00:00,35.6
2020-09-21 01:00:00,34.75
2020-09-21 02:00:00,33.64
2020-09-21 03:00:00,41.93
2020-09-21 04:00:00,53.48
2020-09-21 05:00:00,73.19
2020-09-21 06:00:00,85.0
2020-09-21 07:00:00,72.09
2020-09-21 08:00:00,65.28
2020-09-21 09:00:00,66.68
2020-09-21 10:00:00,65.93
2020-09-21 11:00:00,58.21
2020-09-21 12:00:00,55.0
2020-09-21 13:00:00,52.44
2020-09-21 14:00:00,56.0
2020-09-21 15:00:00,65.0
2020-09-21 16:00:00,90.81
2020-09-21 17:00:00,200.04
2020-09-21 18:00:00,98.13
2020-09-21 19:00:00,62.52
2020-09-21 20:00:00,56.85
2020-09-21 21:00:00,50.0
2020-09-21 22:00:00,47.16
2020-09-21 23:00:00,42.39
2020-09-22 00:00:00,41.33
2020-09-22 01:00:00,40.0
2020-09-22 02:00:00,40.0
2020-09-22 03:00:00,43.59
2020-09-22 04:00:00,52.97
2020-09-22 05:00:00,72.89
2020-09-22 06:00:00,73.09
2020-09-22 07:00:00,61.85
2020-09-22 08:00:00,58.88
2020-09-22 09:00:00,62.55
2020-09-22 10:00:00,55.0
2020-09-22 11:00:00,51.74
2020-09-22 12:00:00,50.81
2020-09-22 13:00:00,48.32
2020-09-22 14:00:00,53.93
2020-09-22 15:00:00,58.92
2020-09-22 16:00:00,70.0
2020-09-22 17:00:00,84.35
2020-09-22 18:00:00,70.0
2020-09-22 19:00:00,55.47
2020-09-22 20:00:00,50.78
2020-09-22 21:00:00,47.0
2020-09-22 22:00:00,42.45
2020-09-22 23:00:00,40.21
2020-09-23 00:00:00,38.86
2020-09-23 01:00:00,37.66
2020-09-23 02:00:00,36.47
2020-09-23 03:00:00,39.37
2020-09-23 04:00:00,44.54
2020-09-23 05:00:00,53.21
2020-09-23 06:00:00,58.32
2020-09-23 07:00:00,58.02
2020-09-23 08:00:00,56.24
2020-09-23 09:00:00,57.73
2020-09-23 10:00:00,53.39
2020-09-23 11:00:00,50.0
2020-09-23 12:00:00,50.1
2020-09-23 13:00:00,50.0
2020-09-23 14:00:00,49.06
2020-09-23 15:00:00,48.07
2020-09-23 16:00:00,55.7
2020-09-23 17:00:00,60.82
2020-09-23 18:00:00,53.8
2020-09-23 19:00:00,50.9
2020-09-23 20:00:00,45.0
2020-09-23 21:00:00,40.41
2020-09-23 22:00:00,39.08
2020-09-23 23:00:00,37.09
2020-09-24 00:00:00,35.02
2020-09-24 01:00:00,31.04
2020-09-24 02:00:00,28.61
2020-09-24 03:00:00,33.31
2020-09-24 04:00:00,42.13
2020-09-24 05:00:00,50.99
2020-09-24 06:00:00,51.51
2020-09-24 07:00:00,52.89
2020-09-24 08:00:00,50.08
2020-09-24 09:00:00,47.25
2020-09-24 10:00:00,45.99
2020-09-24 11:00:00,40.12
2020-09-24 12:00:00,37.66
2020-09-24 13:00:00,37.55
2020-09-24 14:00:00,40.05
2020-09-24 15:00:00,46.84
2020-09-24 16:00:00,53.93
2020-09-24 17:00:00,67.57
2020-09-24 18:00:00,54.94
2020-09-24 19:00:00,46.7
2020-09-24 20:00:00,42.01
2020-09-24 21:00:00,35.1
2020-09-24 22:00:00,33.34
2020-09-24 23:00:00,31.92
2020-09-25 00:00:00,29.03
2020-09-25 01:00:00,27.2
2020-09-25 02:00:00,28.26
2020-09-25 03:00:00,30.1
2020-09-25 04:00:00,41.74
2020-09-25 05:00:00,51.93
2020-09-25 06:00:00,56.48
2020-09-25 07:00:00,58.28
2020-09-25 08:00:00,56.91
2020-09-25 09:00:00,49.3
2020-09-25 10:00:00,49.1
2020-09-25 11:00:00,41.07
2020-09-25 12:00:00,35.76
2020-09-25 13:00:00,34.43
2020-09-25 14:00:00,31.93
2020-09-25 15:00:00,44.83
2020-09-25 16:00:00,50.3
2020-09-25 17:00:00,52.84
2020-09-25 18:00:00,50.88
2020-09-25 19:00:00,45.72
2020-09-25 20:00:00,39.8
2020-09-25 21:00:00,35.12
2020-09-25 22:00:00,34.01
2020-09-25 23:00:00,30.71
2020-09-26 00:00:00,28.03
2020-09-26 01:00:00,25.25
2020-09-26 02:00:00,22.01
2020-09-26 03:00:00,23.86
2020-09-26 04:00:00,28.95
2020-09-26 05:00:00,30.94
2020-09-26 06:00:00,36.72
2020-09-26 07:00:00,41.22
2020-09-26 08:00:00,39.4
2020-09-26 09:00:00,38.13
2020-09-26 10:00:00,34.08
2020-09-26 11:00:00,32.03
2020-09-26 12:00:00,28.9
2020-09-26 13:00:00,27.92
2020-09-26 14:00:00,29.18
2020-09-26 15:00:00,33.95
2020-09-26 16:00:00,39.49
2020-09-26 17:00:00,45.49
2020-09-26 18:00:00,41.25
2020-09-26 19:00:00,37.53
2020-09-26 20:00:00,35.59
2020-09-26 21:00:00,33.95
2020-09-26 22:00:00,25.28
2020-09-26 23:00:00,19.92
2020-09-27 00:00:00,17.99
2020-09-27 01:00:00,12.25
2020-09-27 02:00:00,12.0
2020-09-27 03:00:00,14.39
2020-09-27 04:00:00,17.86
2020-09-27 05:00:00,21.7
2020-09-27 06:00:00,27.11
2020-09-27 07:00:00,32.0
2020-09-27 08:00:00,32.99
2020-09-27 09:00:00,34.26
2020-09-27 10:00:00,35.8
2020-09-27 11:00:00,32.4
2020-09-27 12:00:00,31.99
2020-09-27 13:00:00,32.01
2020-09-27 14:00:00,33.32
2020-09-27 15:00:00,37.63
2020-09-27 16:00:00,46.23
2020-09-27 17:00:00,51.95
2020-09-27 18:00:00,50.0
2020-09-27 19:00:00,46.48
2020-09-27 20:00:00,41.76
2020-09-27 21:00:00,37.84
2020-09-27 22:00:00,33.3
2020-09-27 23:00:00,30.82
2020-09-28 00:00:00,29.5
2020-09-28 01:00:00,28.6
2020-09-28 02:00:00,28.72
2020-09-28 03:00:00,30.89
2020-09-28 04:00:00,47.04
2020-09-28 05:00:00,55.64
2020-09-28 06:00:00,59.31
2020-09-28 07:00:00,56.54
2020-09-28 08:00:00,53.0
2020-09-28 09:00:00,51.72
2020-09-28 10:00:00,49.16
2020-09-28 11:00:00,48.0
2020-09-28 12:00:00,46.0
2020-09-28 13:00:00,47.04
2020-09-28 14:00:00,48.46
2020-09-28 15:00:00,52.93
2020-09-28 16:00:00,61.14
2020-09-28 17:00:00,80.03
2020-09-28 18:00:00,58.0
2020-09-28 19:00:00,52.24
2020-09-28 20:00:00,46.16
2020-09-28 21:00:00,40.01
2020-09-28 22:00:00,40.43
2020-09-28 23:00:00,38.87
2020-09-29 00:00:00,36.92
2020-09-29 01:00:00,34.79
2020-09-29 02:00:00,36.48
2020-09-29 03:00:00,39.51
2020-09-29 04:00:00,51.58
2020-09-29 05:00:00,67.87
2020-09-29 06:00:00,84.65
2020-09-29 07:00:00,76.0
2020-09-29 08:00:00,69.4
2020-09-29 09:00:00,66.62
2020-09-29 10:00:00,59.37
2020-09-29 11:00:00,54.25
2020-09-29 12:00:00,52.24
2020-09-29 13:00:00,53.0
2020-09-29 14:00:00,56.95
2020-09-29 15:00:00,62.43
2020-09-29 16:00:00,73.69
2020-09-29 17:00:00,128.31
2020-09-29 18:00:00,73.14
2020-09-29 19:00:00,57.5
2020-09-29 20:00:00,51.57
2020-09-29 21:00:00,46.05
2020-09-29 22:00:00,47.3
2020-09-29 23:00:00,43.35
2020-09-30 00:00:00,41.82
2020-09-30 01:00:00,38.05
2020-09-30 02:00:00,37.79
2020-09-30 03:00:00,41.89
2020-09-30 04:00:00,50.99
2020-09-30 05:00:00,62.37
2020-09-30 06:00:00,72.8
2020-09-30 07:00:00,65.76
2020-09-30 08:00:00,55.16
2020-09-30 09:00:00,52.29
2020-09-30 10:00:00,49.17
2020-09-30 11:00:00,47.4
2020-09-30 12:00:00,45.04
2020-09-30 13:00:00,45.19
2020-09-30 14:00:00,48.94
2020-09-30 15:00:00,53.98
2020-09-30 16:00:00,60.14
2020-09-30 17:00:00,72.43
2020-09-30 18:00:00,55.34
2020-09-30 19:00:00,50.02
2020-09-30 20:00:00,44.11
2020-09-30 21:00:00,37.53
2020-09-30 22:00:00,38.7
2020-09-30 23:00:00,34.07
2020-10-01 00:00:00,31.18
2020-10-01 01:00:00,29.75
2020-10-01 02:00:00,30.82
2020-10-01 03:00:00,34.04
2020-10-01 04:00:00,43.53
2020-10-01 05:00:00,52.35
2020-10-01 06:00:00,55.05
2020-10-01 07:00:00,54.0
2020-10-01 08:00:00,53.18
2020-10-01 09:00:00,50.0
2020-10-01 10:00:00,45.65
2020-10-01 11:00:00,44.36
2020-10-01 12:00:00,41.93
2020-10-01 13:00:00,38.33
2020-10-01 14:00:00,40.46
2020-10-01 15:00:00,49.55
2020-10-01 16:00:00,52.59
2020-10-01 17:00:00,58.29
2020-10-01 18:00:00,53.45
2020-10-01 19:00:00,46.08
2020-10-01 20:00:00,42.97
2020-10-01 21:00:00,37.78
2020-10-01 22:00:00,32.09
2020-10-01 23:00:00,32.9
2020-10-02 00:00:00,32.88
2020-10-02 01:00:00,24.94
2020-10-02 02:00:00,20.63
2020-10-02 03:00:00,16.93
2020-10-02 04:00:00,29.8
2020-10-02 05:00:00,48.38
2020-10-02 06:00:00,53.09
2020-10-02 07:00:00,51.87
2020-10-02 08:00:00,49.21
2020-10-02 09:00:00,48.69
2020-10-02 10:00:00,44.2
2020-10-02 11:00:00,41.38
2020-10-02 12:00:00,38.52
2020-10-02 13:00:00,36.78
2020-10-02 14:00:00,36.06
2020-10-02 15:00:00,38.87
2020-10-02 16:00:00,42.46
2020-10-02 17:00:00,52.0
2020-10-02 18:00:00,43.3
2020-10-02 19:00:00,36.78
2020-10-02 20:00:00,35.99
2020-10-02 21:00:00,36.22
2020-10-02 22:00:00,34.01
2020-10-02 23:00:00,27.6
2020-10-03 00:00:00,25.5
2020-10-03 01:00:00,13.39
2020-10-03 02:00:00,11.35
2020-10-03 03:00:00,19.05
2020-10-03 04:00:00,23.64
2020-10-03 05:00:00,29.12
2020-10-03 06:00:00,33.77
2020-10-03 07:00:00,38.68
2020-10-03 08:00:00,39.72
2020-10-03 09:00:00,37.41
2020-10-03 10:00:00,32.65
2020-10-03 11:00:00,24.8
2020-10-03 12:00:00,18.63
2020-10-03 13:00:00,20.84
2020-10-03 14:00:00,28.49
2020-10-03 15:00:00,33.27
2020-10-03 16:00:00,39.64
2020-10-03 17:00:00,48.92
2020-10-03 18:00:00,39.72
2020-10-03 19:00:00,34.33
2020-10-03 20:00:00,33.27
2020-10-03 21:00:00,31.25
2020-10-03 22:00:00,27.0
2020-10-03 23:00:00,17.75
2020-10-04 00:00:00,14.44
2020-10-04 01:00:00,7.58
2020-10-04 02:00:00,5.32
2020-10-04 03:00:00,5.81
2020-10-04 04:00:00,6.78
2020-10-04 05:00:00,10.0
2020-10-04 06:00:00,10.85
2020-10-04 07:00:00,13.57
2020-10-04 08:00:00,15.44
2020-10-04 09:00:00,11.75
2020-10-04 10:00:00,9.97
2020-10-04 11:00:00,8.0
2020-10-04 12:00:00,4.9
2020-10-04 13:00:00,2.5
2020-10-04 14:00:00,5.71
2020-10-04 15:00:00,29.0
2020-10-04 16:00:00,38.5
2020-10-04 17:00:00,46.61
2020-10-04 18:00:00,41.23
2020-10-04 19:00:00,32.99
2020-10-04 20:00:00,31.25
2020-10-04 21:00:00,28.06
2020-10-04 22:00:00,19.81
2020-10-04 23:00:00,11.88
2020-10-05 00:00:00,6.0
2020-10-05 01:00:00,6.23
2020-10-05 02:00:00,7.82
2020-10-05 03:00:00,20.0
2020-10-05 04:00:00,35.07
2020-10-05 05:00:00,44.41
2020-10-05 06:00:00,47.02
2020-10-05 07:00:00,46.49
2020-10-05 08:00:00,43.1
2020-10-05 09:00:00,39.51
2020-10-05 10:00:00,38.06
2020-10-05 11:00:00,36.32
2020-10-05 12:00:00,33.33
2020-10-05 13:00:00,33.23
2020-10-05 14:00:00,34.07
2020-10-05 15:00:00,41.44
2020-10-05 16:00:00,49.07
2020-10-05 17:00:00,55.27
2020-10-05 18:00:00,53.29
2020-10-05 19:00:00,39.49
2020-10-05 20:00:00,35.33
2020-10-05 21:00:00,33.4
2020-10-05 22:00:00,28.97
2020-10-05 23:00:00,26.17
2020-10-06 00:00:00,19.01
2020-10-06 01:00:00,10.74
2020-10-06 02:00:00,14.9
2020-10-06 03:00:00,26.64
2020-10-06 04:00:00,33.1
2020-10-06 05:00:00,44.08
2020-10-06 06:00:00,46.75
2020-10-06 07:00:00,46.28
2020-10-06 08:00:00,45.2
2020-10-06 09:00:00,41.96
2020-10-06 10:00:00,39.29
2020-10-06 11:00:00,36.08
2020-10-06 12:00:00,34.88
2020-10-06 13:00:00,34.91
2020-10-06 14:00:00,36.37
2020-10-06 15:00:00,41.07
2020-10-06 16:00:00,44.92
2020-10-06 17:00:00,49.35
2020-10-06 18:00:00,43.27
2020-10-06 19:00:00,36.26
2020-10-06 20:00:00,36.03
2020-10-06 21:00:00,31.65
2020-10-06 22:00:00,30.28
2020-10-06 23:00:00,26.79
2020-10-07 00:00:00,25.63
2020-10-07 01:00:00,18.58
2020-10-07 02:00:00,19.01
2020-10-07 03:00:00,28.52
2020-10-07 04:00:00,37.32
2020-10-07 05:00:00,47.06
2020-10-07 06:00:00,51.54
2020-10-07 07:00:00,49.52
2020-10-07 08:00:00,46.75
2020-10-07 09:00:00,44.85
2020-10-07 10:00:00,41.35
2020-10-07 11:00:00,38.4
2020-10-07 12:00:00,34.92
2020-10-07 13:00:00,34.07
2020-10-07 14:00:00,35.37
2020-10-07 15:00:00,40.03
2020-10-07 16:00:00,46.01
2020-10-07 17:00:00,52.97
2020-10-07 18:00:00,52.17
2020-10-07 19:00:00,43.19
2020-10-07 20:00:00,38.99
2020-10-07 21:00:00,36.69
2020-10-07 22:00:00,36.4
2020-10-07 23:00:00,31.69
2020-10-08 00:00:00,28.88
2020-10-08 01:00:00,24.11
2020-10-08 02:00:00,22.02
2020-10-08 03:00:00,26.8
2020-10-08 04:00:00,37.72
2020-10-08 05:00:00,47.98
2020-10-08 06:00:00,50.75
2020-10-08 07:00:00,46.94
2020-10-08 08:00:00,39.53
2020-10-08 09:00:00,36.88
2020-10-08 10:00:00,32.89
2020-10-08 11:00:00,30.8
2020-10-08 12:00:00,31.99
2020-10-08 13:00:00,32.79
2020-10-08 14:00:00,32.87
2020-10-08 15:00:00,35.16
2020-10-08 16:00:00,43.33
2020-10-08 17:00:00,51.85
2020-10-08 18:00:00,52.39
2020-10-08 19:00:00,42.48
2020-10-08 20:00:00,40.22
2020-10-08 21:00:00,36.84
2020-10-08 22:00:00,36.35
2020-10-08 23:00:00,33.69
2020-10-09 00:00:00,30.97
2020-10-09 01:00:00,29.54
2020-10-09 02:00:00,29.7
2020-10-09 03:00:00,32.52
2020-10-09 04:00:00,44.07
2020-10-09 05:00:00,52.61
2020-10-09 06:00:00,62.44
2020-10-09 07:00:00,58.03
2020-10-09 08:00:00,51.1
2020-10-09 09:00:00,47.9
2020-10-09 10:00:00,45.32
2020-10-09 11:00:00,43.77
2020-10-09 12:00:00,41.64
2020-10-09 13:00:00,38.64
2020-10-09 14:00:00,40.0
2020-10-09 15:00:00,43.63
2020-10-09 16:00:00,45.92
2020-10-09 17:00:00,51.29
2020-10-09 18:00:00,46.25
2020-10-09 19:00:00,37.76
2020-10-09 20:00:00,37.3
2020-10-09 21:00:00,33.54
2020-10-09 22:00:00,37.12
2020-10-09 23:00:00,32.28
2020-10-10 00:00:00,31.66
2020-10-10 01:00:00,29.2
2020-10-10 02:00:00,28.37
2020-10-10 03:00:00,27.75
2020-10-10 04:00:00,28.37
2020-10-10 05:00:00,31.66
2020-10-10 06:00:00,36.35
2020-10-10 07:00:00,38.33
2020-10-10 08:00:00,35.87
2020-10-10 09:00:00,31.52
2020-10-10 10:00:00,32.58
2020-10-10 11:00:00,29.49
2020-10-10 12:00:00,28.24
2020-10-10 13:00:00,27.94
2020-10-10 14:00:00,29.29
2020-10-10 15:00:00,33.04
2020-10-10 16:00:00,39.91
2020-10-10 17:00:00,47.1
2020-10-10 18:00:00,43.06
2020-10-10 19:00:00,37.38
2020-10-10 20:00:00,34.85
2020-10-10 21:00:00,33.19
2020-10-10 22:00:00,32.08
2020-10-10 23:00:00,28.3
2020-10-11 00:00:00,27.74
2020-10-11 01:00:00,25.75
2020-10-11 02:00:00,25.49
2020-10-11 03:00:00,26.09
2020-10-11 04:00:00,27.43
2020-10-11 05:00:00,30.27
2020-10-11 06:00:00,31.16
2020-10-11 07:00:00,34.0
2020-10-11 08:00:00,32.74
2020-10-11 09:00:00,33.67
2020-10-11 10:00:00,33.41
2020-10-11 11:00:00,30.0
2020-10-11 12:00:00,27.77
2020-10-11 13:00:00,28.02
2020-10-11 14:00:00,29.58
2020-10-11 15:00:00,32.75
2020-10-11 16:00:00,42.95
2020-10-11 17:00:00,49.08
2020-10-11 18:00:00,44.91
2020-10-11 19:00:00,41.44
2020-10-11 20:00:00,38.0
2020-10-11 21:00:00,33.63
2020-10-11 22:00:00,31.47
2020-10-11 23:00:00,29.0
2020-10-12 00:00:00,29.6
2020-10-12 01:00:00,28.91
2020-10-12 02:00:00,28.72
2020-10-12 03:00:00,29.55
2020-10-12 04:00:00,44.7
2020-10-12 05:00:00,54.28
2020-10-12 06:00:00,61.44
2020-10-12 07:00:00,63.6
2020-10-12 08:00:00,57.08
2020-10-12 09:00:00,53.15
2020-10-12 10:00:00,49.15
2020-10-12 11:00:00,46.9
2020-10-12 12:00:00,46.13
2020-10-12 13:00:00,46.61
2020-10-12 14:00:00,46.11
2020-10-12 15:00:00,54.0
2020-10-12 16:00:00,65.31
2020-10-12 17:00:00,78.68
2020-10-12 18:00:00,56.46
2020-10-12 19:00:00,48.22
2020-10-12 20:00:00,45.05
2020-10-12 21:00:00,38.42
2020-10-12 22:00:00,39.1
2020-10-12 23:00:00,33.01
2020-10-13 00:00:00,33.07
2020-10-13 01:00:00,31.58
2020-10-13 02:00:00,32.9
2020-10-13 03:00:00,36.17
2020-10-13 04:00:00,46.95
2020-10-13 05:00:00,57.8
2020-10-13 06:00:00,70.0
2020-10-13 07:00:00,63.95
2020-10-13 08:00:00,54.71
2020-10-13 09:00:00,51.34
2020-10-13 10:00:00,46.62
2020-10-13 11:00:00,43.65
2020-10-13 12:00:00,42.64
2020-10-13 13:00:00,43.2
2020-10-13 14:00:00,45.6
2020-10-13 15:00:00,50.7
2020-10-13 16:00:00,55.92
2020-10-13 17:00:00,65.44
2020-10-13 18:00:00,53.69
2020-10-13 19:00:00,46.14
2020-10-13 20:00:00,42.88
2020-10-13 21:00:00,39.76
2020-10-13 22:00:00,36.1
2020-10-13 23:00:00,32.11
2020-10-14 00:00:00,34.7
2020-10-14 01:00:00,31.73
2020-10-14 02:00:00,31.16
2020-10-14 03:00:00,33.35
2020-10-14 04:00:00,38.69
2020-10-14 05:00:00,49.86
2020-10-14 06:00:00,58.56
2020-10-14 07:00:00,62.62
2020-10-14 08:00:00,56.12
2020-10-14 09:00:00,53.67
2020-10-14 10:00:00,48.0
2020-10-14 11:00:00,45.19
2020-10-14 12:00:00,38.41
2020-10-14 13:00:00,38.29
2020-10-14 14:00:00,34.94
2020-10-14 15:00:00,38.97
2020-10-14 16:00:00,45.58
2020-10-14 17:00:00,61.92
2020-10-14 18:00:00,48.5
2020-10-14 19:00:00,42.09
2020-10-14 20:00:00,38.29
2020-10-14 21:00:00,40.37
2020-10-14 22:00:00,37.08
2020-10-14 23:00:00,33.4
2020-10-15 00:00:00,31.72
2020-10-15 01:00:00,29.78
2020-10-15 02:00:00,30.0
2020-10-15 03:00:00,32.3
2020-10-15 04:00:00,40.0
2020-10-15 05:00:00,48.26
2020-10-15 06:00:00,50.76
2020-10-15 07:00:00,55.15
2020-10-15 08:00:00,52.04
2020-10-15 09:00:00,50.53
2020-10-15 10:00:00,48.54
2020-10-15 11:00:00,46.02
2020-10-15 12:00:00,45.74
2020-10-15 13:00:00,45.23
2020-10-15 14:00:00,44.73
2020-10-15 15:00:00,46.08
2020-10-15 16:00:00,51.99
2020-10-15 17:00:00,60.73
2020-10-15 18:00:00,50.0
2020-10-15 19:00:00,46.0
2020-10-15 20:00:00,41.4
2020-10-15 21:00:00,39.15
2020-10-15 22:00:00,37.38
2020-10-15 23:00:00,35.3
2020-10-16 00:00:00,34.07
2020-10-16 01:00:00,33.02
2020-10-16 02:00:00,34.13
2020-10-16 03:00:00,36.1
2020-10-16 04:00:00,44.91
2020-10-16 05:00:00,54.8
2020-10-16 06:00:00,67.85
2020-10-16 07:00:00,62.34
2020-10-16 08:00:00,56.59
2020-10-16 09:00:00,52.9
2020-10-16 10:00:00,50.0
2020-10-16 11:00:00,47.33
2020-10-16 12:00:00,45.23
2020-10-16 13:00:00,45.08
2020-10-16 14:00:00,47.56
2020-10-16 15:00:00,49.9
2020-10-16 16:00:00,54.28
2020-10-16 17:00:00,65.0
2020-10-16 18:00:00,54.08
2020-10-16 19:00:00,50.0
2020-10-16 20:00:00,45.39
2020-10-16 21:00:00,44.05
2020-10-16 22:00:00,45.0
2020-10-16 23:00:00,40.73
2020-10-17 00:00:00,38.2
2020-10-17 01:00:00,36.26
2020-10-17 02:00:00,35.59
2020-10-17 03:00:00,36.91
2020-10-17 04:00:00,37.35
2020-10-17 05:00:00,43.25
2020-10-17 06:00:00,46.22
2020-10-17 07:00:00,48.08
2020-10-17 08:00:00,45.92
2020-10-17 09:00:00,43.53
2020-10-17 10:00:00,42.0
2020-10-17 11:00:00,38.8
2020-10-17 12:00:00,36.1
2020-10-17 13:00:00,36.1
2020-10-17 14:00:00,37.68
2020-10-17 15:00:00,43.5
2020-10-17 16:00:00,48.25
2020-10-17 17:00:00,50.46
2020-10-17 18:00:00,48.45
2020-10-17 19:00:00,42.71
2020-10-17 20:00:00,42.68
2020-10-17 21:00:00,42.39
2020-10-17 22:00:00,42.3
2020-10-17 23:00:00,37.33
2020-10-18 00:00:00,36.93
2020-10-18 01:00:00,35.73
2020-10-18 02:00:00,32.53
2020-10-18 03:00:00,34.6
2020-10-18 04:00:00,38.5
2020-10-18 05:00:00,39.36
2020-10-18 06:00:00,38.99
2020-10-18 07:00:00,40.28
2020-10-18 08:00:00,40.0
2020-10-18 09:00:00,38.55
2020-10-18 10:00:00,39.68
2020-10-18 11:00:00,36.1
2020-10-18 12:00:00,32.69
2020-10-18 13:00:00,31.5
2020-10-18 14:00:00,32.5
2020-10-18 15:00:00,39.05
2020-10-18 16:00:00,46.56
2020-10-18 17:00:00,49.58
2020-10-18 18:00:00,49.6
2020-10-18 19:00:00,44.07
2020-10-18 20:00:00,43.17
2020-10-18 21:00:00,40.4
2020-10-18 22:00:00,37.78
2020-10-18 23:00:00,34.73
2020-10-19 00:00:00,34.02
2020-10-19 01:00:00,33.58
2020-10-19 02:00:00,33.64
2020-10-19 03:00:00,35.01
2020-10-19 04:00:00,48.92
2020-10-19 05:00:00,61.04
2020-10-19 06:00:00,70.3
2020-10-19 07:00:00,63.42
2020-10-19 08:00:00,52.74
2020-10-19 09:00:00,49.6
2020-10-19 10:00:00,45.57
2020-10-19 11:00:00,43.49
2020-10-19 12:00:00,39.3
2020-10-19 13:00:00,39.98
2020-10-19 14:00:00,42.05
2020-10-19 15:00:00,49.76
2020-10-19 16:00:00,52.45
2020-10-19 17:00:00,54.61
2020-10-19 18:00:00,43.33
2020-10-19 19:00:00,38.17
2020-10-19 20:00:00,36.19
2020-10-19 21:00:00,31.4
2020-10-19 22:00:00,32.02
2020-10-19 23:00:00,29.04
2020-10-20 00:00:00,26.97
2020-10-20 01:00:00,24.8
2020-10-20 02:00:00,26.4
2020-10-20 03:00:00,29.31
2020-10-20 04:00:00,34.83
2020-10-20 05:00:00,47.89
2020-10-20 06:00:00,49.01
2020-10-20 07:00:00,47.88
2020-10-20 08:00:00,44.7
2020-10-20 09:00:00,47.02
2020-10-20 10:00:00,44.5
2020-10-20 11:00:00,42.39
2020-10-20 12:00:00,36.21
2020-10-20 13:00:00,36.32
2020-10-20 14:00:00,40.8
2020-10-20 15:00:00,44.93
2020-10-20 16:00:00,47.4
2020-10-20 17:00:00,49.02
2020-10-20 18:00:00,44.83
2020-10-20 19:00:00,40.51
2020-10-20 20:00:00,38.04
2020-10-20 21:00:00,37.68
2020-10-20 22:00:00,31.48
2020-10-20 23:00:00,30.12
2020-10-21 00:00:00,29.74
2020-10-21 01:00:00,26.9
2020-10-21 02:00:00,27.57
2020-10-21 03:00:00,29.92
2020-10-21 04:00:00,39.19
2020-10-21 05:00:00,50.1
2020-10-21 06:00:00,52.95
2020-10-21 07:00:00,50.78
2020-10-21 08:00:00,44.05
2020-10-21 09:00:00,41.97
2020-10-21 10:00:00,36.01
2020-10-21 11:00:00,32.45
2020-10-21 12:00:00,30.13
2020-10-21 13:00:00,30.46
2020-10-21 14:00:00,33.55
2020-10-21 15:00:00,39.2
2020-10-21 16:00:00,45.59
2020-10-21 17:00:00,54.14
2020-10-21 18:00:00,49.32
2020-10-21 19:00:00,43.12
2020-10-21 20:00:00,44.22
2020-10-21 21:00:00,42.88
2020-10-21 22:00:00,36.84
2020-10-21 23:00:00,30.49
2020-10-22 00:00:00,28.5
2020-10-22 01:00:00,25.12
2020-10-22 02:00:00,23.83
2020-10-22 03:00:00,29.48
2020-10-22 04:00:00,40.11
2020-10-22 05:00:00,47.13
2020-10-22 06:00:00,49.53
2020-10-22 07:00:00,54.42
2020-10-22 08:00:00,52.43
2020-10-22 09:00:00,50.44
2020-10-22 10:00:00,49.08
2020-10-22 11:00:00,47.5
2020-10-22 12:00:00,46.58
2020-10-22 13:00:00,45.95
2020-10-22 14:00:00,46.11
2020-10-22 15:00:00,48.49
2020-10-22 16:00:00,51.8
2020-10-22 17:00:00,56.63
2020-10-22 18:00:00,53.56
2020-10-22 19:00:00,49.04
2020-10-22 20:00:00,47.2
2020-10-22 21:00:00,46.3
2020-10-22 22:00:00,41.63
2020-10-22 23:00:00,38.82
2020-10-23 00:00:00,35.0
2020-10-23 01:00:00,34.35
2020-10-23 02:00:00,34.36
2020-10-23 03:00:00,37.23
2020-10-23 04:00:00,44.86
2020-10-23 05:00:00,53.19
2020-10-23 06:00:00,54.05
2020-10-23 07:00:00,59.9
2020-10-23 08:00:00,57.0
2020-10-23 09:00:00,54.26
2020-10-23 10:00:00,53.34
2020-10-23 11:00:00,51.36
2020-10-23 12:00:00,48.33
2020-10-23 13:00:00,46.62
2020-10-23 14:00:00,46.55
2020-10-23 15:00:00,49.74
2020-10-23 16:00:00,53.37
2020-10-23 17:00:00,53.16
2020-10-23 18:00:00,50.54
2020-10-23 19:00:00,40.18
2020-10-23 20:00:00,43.83
2020-10-23 21:00:00,38.57
2020-10-23 22:00:00,38.94
2020-10-23 23:00:00,38.74
2020-10-24 00:00:00,33.01
2020-10-24 01:00:00,26.32
2020-10-24 02:00:00,25.59
2020-10-24 03:00:00,23.95
2020-10-24 04:00:00,26.0
2020-10-24 05:00:00,31.08
2020-10-24 06:00:00,36.58
2020-10-24 07:00:00,41.33
2020-10-24 08:00:00,40.55
2020-10-24 09:00:00,36.2
2020-10-24 10:00:00,33.75
2020-10-24 11:00:00,26.55
2020-10-24 12:00:00,24.45
2020-10-24 13:00:00,24.02
2020-10-24 14:00:00,25.61
2020-10-24 15:00:00,31.86
2020-10-24 16:00:00,40.69
2020-10-24 17:00:00,41.17
2020-10-24 18:00:00,37.0
2020-10-24 19:00:00,25.44
2020-10-24 20:00:00,23.01
2020-10-24 21:00:00,16.49
2020-10-24 22:00:00,10.0
2020-10-24 23:00:00,5.51
2020-10-25 00:00:00,5.51
2020-10-25 01:00:00,0.09
2020-10-25 02:00:00,-0.1
2020-10-25 03:00:00,-7.72
2020-10-25 04:00:00,-1.1
2020-10-25 05:00:00,0.09
2020-10-25 06:00:00,5.0
2020-10-25 07:00:00,7.55
2020-10-25 08:00:00,10.8
2020-10-25 09:00:00,13.24
2020-10-25 10:00:00,16.38
2020-10-25 11:00:00,16.15
2020-10-25 12:00:00,16.38
2020-10-25 13:00:00,18.02
2020-10-25 14:00:00,30.42
2020-10-25 15:00:00,34.4
2020-10-25 16:00:00,42.5
2020-10-25 17:00:00,45.5
2020-10-25 18:00:00,46.88
2020-10-25 19:00:00,39.05
2020-10-25 20:00:00,31.09
2020-10-25 21:00:00,32.04
2020-10-25 22:00:00,34.75
2020-10-25 23:00:00,24.29
2020-10-26 00:00:00,20.98
2020-10-26 01:00:00,22.16
2020-10-26 02:00:00,18.8
2020-10-26 03:00:00,18.8
2020-10-26 04:00:00,26.21
2020-10-26 05:00:00,41.08
2020-10-26 06:00:00,45.8
2020-10-26 07:00:00,48.0
2020-10-26 08:00:00,49.09
2020-10-26 09:00:00,48.59
2020-10-26 10:00:00,48.28
2020-10-26 11:00:00,46.34
2020-10-26 12:00:00,42.99
2020-10-26 13:00:00,43.69
2020-10-26 14:00:00,44.99
2020-10-26 15:00:00,45.02
2020-10-26 16:00:00,49.77
2020-10-26 17:00:00,50.22
2020-10-26 18:00:00,49.5
2020-10-26 19:00:00,48.71
2020-10-26 20:00:00,38.81
2020-10-26 21:00:00,41.83
2020-10-26 22:00:00,37.55
2020-10-26 23:00:00,37.3
2020-10-27 00:00:00,31.82
2020-10-27 01:00:00,29.8
2020-10-27 02:00:00,28.04
2020-10-27 03:00:00,28.22
2020-10-27 04:00:00,32.04
2020-10-27 05:00:00,42.77
2020-10-27 06:00:00,46.3
2020-10-27 07:00:00,47.52
2020-10-27 08:00:00,45.54
2020-10-27 09:00:00,42.52
2020-10-27 10:00:00,42.51
2020-10-27 11:00:00,38.98
2020-10-27 12:00:00,36.27
2020-10-27 13:00:00,35.97
2020-10-27 14:00:00,41.55
2020-10-27 15:00:00,43.35
2020-10-27 16:00:00,45.02
2020-10-27 17:00:00,46.81
2020-10-27 18:00:00,47.69
2020-10-27 19:00:00,41.27
2020-10-27 20:00:00,32.99
2020-10-27 21:00:00,36.57
2020-10-27 22:00:00,32.35
2020-10-27 23:00:00,33.16
2020-10-28 00:00:00,30.34
2020-10-28 01:00:00,27.03
2020-10-28 02:00:00,17.68
2020-10-28 03:00:00,18.74
2020-10-28 04:00:00,27.94
2020-10-28 05:00:00,34.9
2020-10-28 06:00:00,44.83
2020-10-28 07:00:00,45.64
2020-10-28 08:00:00,46.0
2020-10-28 09:00:00,44.83
2020-10-28 10:00:00,44.32
2020-10-28 11:00:00,44.35
2020-10-28 12:00:00,44.56
2020-10-28 13:00:00,41.23
2020-10-28 14:00:00,44.65
2020-10-28 15:00:00,45.59
2020-10-28 16:00:00,49.55
2020-10-28 17:00:00,51.21
2020-10-28 18:00:00,45.85
2020-10-28 19:00:00,39.13
2020-10-28 20:00:00,34.09
2020-10-28 21:00:00,31.67
2020-10-28 22:00:00,29.52
2020-10-28 23:00:00,26.9
2020-10-29 00:00:00,24.13
2020-10-29 01:00:00,16.56
2020-10-29 02:00:00,8.28
2020-10-29 03:00:00,11.14
2020-10-29 04:00:00,23.07
2020-10-29 05:00:00,35.22
2020-10-29 06:00:00,47.5
2020-10-29 07:00:00,47.06
2020-10-29 08:00:00,47.71
2020-10-29 09:00:00,45.31
2020-10-29 10:00:00,44.95
2020-10-29 11:00:00,44.95
2020-10-29 12:00:00,44.82
2020-10-29 13:00:00,43.78
2020-10-29 14:00:00,42.46
2020-10-29 15:00:00,44.78
2020-10-29 16:00:00,48.99
2020-10-29 17:00:00,50.1
2020-10-29 18:00:00,50.0
2020-10-29 19:00:00,44.05
2020-10-29 20:00:00,36.03
2020-10-29 21:00:00,33.55
2020-10-29 22:00:00,31.09
2020-10-29 23:00:00,21.61
2020-10-30 00:00:00,15.56
2020-10-30 01:00:00,9.54
2020-10-30 02:00:00,5.43
2020-10-30 03:00:00,5.7
2020-10-30 04:00:00,15.19
2020-10-30 05:00:00,26.73
2020-10-30 06:00:00,38.87
2020-10-30 07:00:00,39.14
2020-10-30 08:00:00,41.44
2020-10-30 09:00:00,39.55
2020-10-30 10:00:00,37.86
2020-10-30 11:00:00,39.14
2020-10-30 12:00:00,36.76
2020-10-30 13:00:00,36.02
2020-10-30 14:00:00,38.13
2020-10-30 15:00:00,41.11
2020-10-30 16:00:00,46.01
2020-10-30 17:00:00,47.47
2020-10-30 18:00:00,49.0
2020-10-30 19:00:00,44.44
2020-10-30 20:00:00,38.04
2020-10-30 21:00:00,39.04
2020-10-30 22:00:00,40.75
2020-10-30 23:00:00,35.04
2020-10-31 00:00:00,31.5
2020-10-31 01:00:00,29.8
2020-10-31 02:00:00,30.0
2020-10-31 03:00:00,28.54
2020-10-31 04:00:00,28.44
2020-10-31 05:00:00,30.53
2020-10-31 06:00:00,34.66
2020-10-31 07:00:00,36.94
2020-10-31 08:00:00,38.74
2020-10-31 09:00:00,36.6
2020-10-31 10:00:00,34.19
2020-10-31 11:00:00,31.83
2020-10-31 12:00:00,27.78
2020-10-31 13:00:00,26.03
2020-10-31 14:00:00,28.63
2020-10-31 15:00:00,29.9
2020-10-31 16:00:00,38.25
2020-10-31 17:00:00,38.61
2020-10-31 18:00:00,35.67
2020-10-31 19:00:00,30.2
2020-10-31 20:00:00,29.13
2020-10-31 21:00:00,30.0
2020-10-31 22:00:00,26.51
2020-10-31 23:00:00,24.86
2020-11-01 00:00:00,23.9
2020-11-01 01:00:00,20.03
2020-11-01 02:00:00,13.62
2020-11-01 03:00:00,10.4
2020-11-01 04:00:00,4.75
2020-11-01 05:00:00,3.36
2020-11-01 06:00:00,4.21
2020-11-01 07:00:00,5.67
2020-11-01 08:00:00,13.04
2020-11-01 09:00:00,15.27
2020-11-01 10:00:00,19.19
2020-11-01 11:00:00,23.28
2020-11-01 12:00:00,15.66
2020-11-01 13:00:00,8.38
2020-11-01 14:00:00,6.97
2020-11-01 15:00:00,12.48
2020-11-01 16:00:00,27.27
2020-11-01 17:00:00,34.73
2020-11-01 18:00:00,35.81
2020-11-01 19:00:00,28.84
2020-11-01 20:00:00,22.58
2020-11-01 21:00:00,26.43
2020-11-01 22:00:00,15.55
2020-11-01 23:00:00,4.31
2020-11-02 00:00:00,1.96
2020-11-02 01:00:00,-0.93
2020-11-02 02:00:00,-7.97
2020-11-02 03:00:00,-1.37
2020-11-02 04:00:00,0.12
2020-11-02 05:00:00,24.84
2020-11-02 06:00:00,34.52
2020-11-02 07:00:00,35.09
2020-11-02 08:00:00,32.76
2020-11-02 09:00:00,31.9
2020-11-02 10:00:00,30.69
2020-11-02 11:00:00,32.15
2020-11-02 12:00:00,31.57
2020-11-02 13:00:00,31.77
2020-11-02 14:00:00,35.53
2020-11-02 15:00:00,37.26
2020-11-02 16:00:00,44.36
2020-11-02 17:00:00,51.02
2020-11-02 18:00:00,50.74
2020-11-02 19:00:00,40.04
2020-11-02 20:00:00,33.06
2020-11-02 21:00:00,35.9
2020-11-02 22:00:00,31.42
2020-11-02 23:00:00,29.5
2020-11-03 00:00:00,26.31
2020-11-03 01:00:00,22.28
2020-11-03 02:00:00,19.59
2020-11-03 03:00:00,23.92
2020-11-03 04:00:00,27.48
2020-11-03 05:00:00,34.02
2020-11-03 06:00:00,43.01
2020-11-03 07:00:00,42.48
2020-11-03 08:00:00,39.38
2020-11-03 09:00:00,37.6
2020-11-03 10:00:00,41.5
2020-11-03 11:00:00,42.27
2020-11-03 12:00:00,41.86
2020-11-03 13:00:00,41.33
2020-11-03 14:00:00,41.79
2020-11-03 15:00:00,41.04
2020-11-03 16:00:00,45.99
2020-11-03 17:00:00,47.53
2020-11-03 18:00:00,45.1
2020-11-03 19:00:00,43.25
2020-11-03 20:00:00,37.41
2020-11-03 21:00:00,38.82
2020-11-03 22:00:00,34.36
2020-11-03 23:00:00,30.7
2020-11-04 00:00:00,30.05
2020-11-04 01:00:00,30.56
2020-11-04 02:00:00,29.8
2020-11-04 03:00:00,30.26
2020-11-04 04:00:00,33.01
2020-11-04 05:00:00,41.28
2020-11-04 06:00:00,46.64
2020-11-04 07:00:00,50.26
2020-11-04 08:00:00,47.34
2020-11-04 09:00:00,45.1
2020-11-04 10:00:00,44.27
2020-11-04 11:00:00,44.16
2020-11-04 12:00:00,43.95
2020-11-04 13:00:00,43.72
2020-11-04 14:00:00,44.1
2020-11-04 15:00:00,46.43
2020-11-04 16:00:00,57.49
2020-11-04 17:00:00,60.12
2020-11-04 18:00:00,50.6
2020-11-04 19:00:00,43.26
2020-11-04 20:00:00,36.3
2020-11-04 21:00:00,35.63
2020-11-04 22:00:00,33.99
2020-11-04 23:00:00,32.1
2020-11-05 00:00:00,32.0
2020-11-05 01:00:00,30.58
2020-11-05 02:00:00,30.02
2020-11-05 03:00:00,30.27
2020-11-05 04:00:00,33.19
2020-11-05 05:00:00,37.32
2020-11-05 06:00:00,44.45
2020-11-05 07:00:00,46.82
2020-11-05 08:00:00,47.05
2020-11-05 09:00:00,40.6
2020-11-05 10:00:00,37.22
2020-11-05 11:00:00,35.65
2020-11-05 12:00:00,34.05
2020-11-05 13:00:00,34.45
2020-11-05 14:00:00,39.58
2020-11-05 15:00:00,45.84
2020-11-05 16:00:00,49.26
2020-11-05 17:00:00,52.4
2020-11-05 18:00:00,49.07
2020-11-05 19:00:00,43.55
2020-11-05 20:00:00,38.25
2020-11-05 21:00:00,38.1
2020-11-05 22:00:00,34.55
2020-11-05 23:00:00,34.0
2020-11-06 00:00:00,32.13
2020-11-06 01:00:00,31.49
2020-11-06 02:00:00,30.05
2020-11-06 03:00:00,31.06
2020-11-06 04:00:00,32.4
2020-11-06 05:00:00,42.99
2020-11-06 06:00:00,47.73
2020-11-06 07:00:00,50.36
2020-11-06 08:00:00,47.93
2020-11-06 09:00:00,45.1
2020-11-06 10:00:00,43.3
2020-11-06 11:00:00,39.38
2020-11-06 12:00:00,38.27
2020-11-06 13:00:00,38.9
2020-11-06 14:00:00,43.02
2020-11-06 15:00:00,42.06
2020-11-06 16:00:00,52.0
2020-11-06 17:00:00,50.38
2020-11-06 18:00:00,47.79
2020-11-06 19:00:00,40.81
2020-11-06 20:00:00,36.37
2020-11-06 21:00:00,37.0
2020-11-06 22:00:00,33.49
2020-11-06 23:00:00,35.05
2020-11-07 00:00:00,31.83
2020-11-07 01:00:00,32.01
2020-11-07 02:00:00,29.0
2020-11-07 03:00:00,29.0
2020-11-07 04:00:00,30.1
2020-11-07 05:00:00,30.97
2020-11-07 06:00:00,34.01
2020-11-07 07:00:00,32.06
2020-11-07 08:00:00,34.58
2020-11-07 09:00:00,32.1
2020-11-07 10:00:00,32.55
2020-11-07 11:00:00,32.86
2020-11-07 12:00:00,32.1
2020-11-07 13:00:00,33.7
2020-11-07 14:00:00,32.93
2020-11-07 15:00:00,35.28
2020-11-07 16:00:00,43.81
2020-11-07 17:00:00,48.84
2020-11-07 18:00:00,46.6
2020-11-07 19:00:00,42.85
2020-11-07 20:00:00,39.01
2020-11-07 21:00:00,37.99
2020-11-07 22:00:00,35.72
2020-11-07 23:00:00,35.87
2020-11-08 00:00:00,31.71
2020-11-08 01:00:00,30.55
2020-11-08 02:00:00,29.69
2020-11-08 03:00:00,26.84
2020-11-08 04:00:00,27.74
2020-11-08 05:00:00,29.6
2020-11-08 06:00:00,31.3
2020-11-08 07:00:00,32.01
2020-11-08 08:00:00,33.66
2020-11-08 09:00:00,32.55
2020-11-08 10:00:00,33.59
2020-11-08 11:00:00,33.71
2020-11-08 12:00:00,33.31
2020-11-08 13:00:00,33.64
2020-11-08 14:00:00,33.44
2020-11-08 15:00:00,35.62
2020-11-08 16:00:00,41.61
2020-11-08 17:00:00,47.96
2020-11-08 18:00:00,46.0
2020-11-08 19:00:00,43.82
2020-11-08 20:00:00,40.31
2020-11-08 21:00:00,39.1
2020-11-08 22:00:00,37.0
2020-11-08 23:00:00,32.5
2020-11-09 00:00:00,32.08
2020-11-09 01:00:00,31.95
2020-11-09 02:00:00,31.1
2020-11-09 03:00:00,31.0
2020-11-09 04:00:00,33.15
2020-11-09 05:00:00,44.37
2020-11-09 06:00:00,48.88
2020-11-09 07:00:00,49.95
2020-11-09 08:00:00,48.0
2020-11-09 09:00:00,46.64
2020-11-09 10:00:00,46.26
2020-11-09 11:00:00,46.02
2020-11-09 12:00:00,46.42
2020-11-09 13:00:00,47.59
2020-11-09 14:00:00,49.67
2020-11-09 15:00:00,49.58
2020-11-09 16:00:00,53.18
2020-11-09 17:00:00,61.61
2020-11-09 18:00:00,55.96
2020-11-09 19:00:00,48.04
2020-11-09 20:00:00,44.54
2020-11-09 21:00:00,42.04
2020-11-09 22:00:00,36.45
2020-11-09 23:00:00,33.67
2020-11-10 00:00:00,33.6
2020-11-10 01:00:00,32.77
2020-11-10 02:00:00,32.0
2020-11-10 03:00:00,32.8
2020-11-10 04:00:00,35.46
2020-11-10 05:00:00,45.35
2020-11-10 06:00:00,50.23
2020-11-10 07:00:00,54.18
2020-11-10 08:00:00,52.8
2020-11-10 09:00:00,52.97
2020-11-10 10:00:00,52.39
2020-11-10 11:00:00,50.82
2020-11-10 12:00:00,50.0
2020-11-10 13:00:00,50.12
2020-11-10 14:00:00,47.56
2020-11-10 15:00:00,50.01
2020-11-10 16:00:00,53.01
2020-11-10 17:00:00,64.79
2020-11-10 18:00:00,57.85
2020-11-10 19:00:00,50.0
2020-11-10 20:00:00,44.78
2020-11-10 21:00:00,42.89
2020-11-10 22:00:00,37.03
2020-11-10 23:00:00,40.07
2020-11-11 00:00:00,37.9
2020-11-11 01:00:00,34.27
2020-11-11 02:00:00,34.04
2020-11-11 03:00:00,33.73
2020-11-11 04:00:00,32.65
2020-11-11 05:00:00,35.2
2020-11-11 06:00:00,37.62
2020-11-11 07:00:00,46.3
2020-11-11 08:00:00,44.63
2020-11-11 09:00:00,42.1
2020-11-11 10:00:00,43.97
2020-11-11 11:00:00,45.49
2020-11-11 12:00:00,41.7
2020-11-11 13:00:00,37.3
2020-11-11 14:00:00,34.35
2020-11-11 15:00:00,33.85
2020-11-11 16:00:00,45.25
2020-11-11 17:00:00,51.82
2020-11-11 18:00:00,49.0
2020-11-11 19:00:00,44.91
2020-11-11 20:00:00,37.63
2020-11-11 21:00:00,37.0
2020-11-11 22:00:00,33.97
2020-11-11 23:00:00,32.67
2020-11-12 00:00:00,32.99
2020-11-12 01:00:00,31.16
2020-11-12 02:00:00,30.0
2020-11-12 03:00:00,29.18
2020-11-12 04:00:00,33.45
2020-11-12 05:00:00,39.82
2020-11-12 06:00:00,45.95
2020-11-12 07:00:00,47.21
2020-11-12 08:00:00,45.94
2020-11-12 09:00:00,44.28
2020-11-12 10:00:00,41.69
2020-11-12 11:00:00,40.78
2020-11-12 12:00:00,40.37
2020-11-12 13:00:00,44.04
2020-11-12 14:00:00,45.16
2020-11-12 15:00:00,46.34
2020-11-12 16:00:00,49.97
2020-11-12 17:00:00,52.72
2020-11-12 18:00:00,50.98
2020-11-12 19:00:00,44.08
2020-11-12 20:00:00,37.4
2020-11-12 21:00:00,39.66
2020-11-12 22:00:00,35.4
2020-11-12 23:00:00,33.44
2020-11-13 00:00:00,31.4
2020-11-13 01:00:00,30.08
2020-11-13 02:00:00,29.38
2020-11-13 03:00:00,29.5
2020-11-13 04:00:00,30.01
2020-11-13 05:00:00,37.14
2020-11-13 06:00:00,46.48
2020-11-13 07:00:00,48.05
2020-11-13 08:00:00,46.49
2020-11-13 09:00:00,45.1
2020-11-13 10:00:00,44.7
2020-11-13 11:00:00,43.99
2020-11-13 12:00:00,42.36
2020-11-13 13:00:00,44.77
2020-11-13 14:00:00,45.44
2020-11-13 15:00:00,45.98
2020-11-13 16:00:00,49.26
2020-11-13 17:00:00,50.05
2020-11-13 18:00:00,48.73
2020-11-13 19:00:00,43.93
2020-11-13 20:00:00,39.48
2020-11-13 21:00:00,42.55
2020-11-13 22:00:00,39.55
2020-11-13 23:00:00,37.02
2020-11-14 00:00:00,35.54
2020-11-14 01:00:00,32.25
2020-11-14 02:00:00,32.05
2020-11-14 03:00:00,32.1
2020-11-14 04:00:00,32.1
2020-11-14 05:00:00,32.42
2020-11-14 06:00:00,37.69
2020-11-14 07:00:00,41.25
2020-11-14 08:00:00,41.97
2020-11-14 09:00:00,41.29
2020-11-14 10:00:00,41.96
2020-11-14 11:00:00,42.04
2020-11-14 12:00:00,38.08
2020-11-14 13:00:00,36.31
2020-11-14 14:00:00,39.46
2020-11-14 15:00:00,36.3
2020-11-14 16:00:00,41.31
2020-11-14 17:00:00,44.56
2020-11-14 18:00:00,39.63
2020-11-14 19:00:00,33.21
2020-11-14 20:00:00,28.65
2020-11-14 21:00:00,28.04
2020-11-14 22:00:00,21.55
2020-11-14 23:00:00,4.04
2020-11-15 00:00:00,2.69
2020-11-15 01:00:00,1.81
2020-11-15 02:00:00,0.13
2020-11-15 03:00:00,0.79
2020-11-15 04:00:00,0.5
2020-11-15 05:00:00,0.97
2020-11-15 06:00:00,4.28
2020-11-15 07:00:00,10.8
2020-11-15 08:00:00,16.99
2020-11-15 09:00:00,14.91
2020-11-15 10:00:00,17.92
2020-11-15 11:00:00,22.75
2020-11-15 12:00:00,17.68
2020-11-15 13:00:00,11.41
2020-11-15 14:00:00,17.68
2020-11-15 15:00:00,20.63
2020-11-15 16:00:00,27.01
2020-11-15 17:00:00,29.51
2020-11-15 18:00:00,27.43
2020-11-15 19:00:00,18.48
2020-11-15 20:00:00,13.45
2020-11-15 21:00:00,16.23
2020-11-15 22:00:00,18.4
2020-11-15 23:00:00,5.74
2020-11-16 00:00:00,0.3
2020-11-16 01:00:00,-0.1
2020-11-16 02:00:00,-4.23
2020-11-16 03:00:00,-1.24
2020-11-16 04:00:00,0.59
2020-11-16 05:00:00,25.11
2020-11-16 06:00:00,41.43
2020-11-16 07:00:00,42.97
2020-11-16 08:00:00,41.99
2020-11-16 09:00:00,40.55
2020-11-16 10:00:00,39.29
2020-11-16 11:00:00,41.92
2020-11-16 12:00:00,38.49
2020-11-16 13:00:00,41.82
2020-11-16 14:00:00,42.89
2020-11-16 15:00:00,44.87
2020-11-16 16:00:00,47.43
2020-11-16 17:00:00,51.9
2020-11-16 18:00:00,48.14
2020-11-16 19:00:00,47.67
2020-11-16 20:00:00,38.2
2020-11-16 21:00:00,39.4
2020-11-16 22:00:00,35.74
2020-11-16 23:00:00,32.05
2020-11-17 00:00:00,32.03
2020-11-17 01:00:00,28.95
2020-11-17 02:00:00,25.53
2020-11-17 03:00:00,25.6
2020-11-17 04:00:00,30.33
2020-11-17 05:00:00,37.09
2020-11-17 06:00:00,43.62
2020-11-17 07:00:00,45.65
2020-11-17 08:00:00,44.82
2020-11-17 09:00:00,44.95
2020-11-17 10:00:00,44.09
2020-11-17 11:00:00,44.78
2020-11-17 12:00:00,42.95
2020-11-17 13:00:00,42.72
2020-11-17 14:00:00,43.28
2020-11-17 15:00:00,43.8
2020-11-17 16:00:00,47.25
2020-11-17 17:00:00,50.0
2020-11-17 18:00:00,49.51
2020-11-17 19:00:00,44.32
2020-11-17 20:00:00,38.99
2020-11-17 21:00:00,41.79
2020-11-17 22:00:00,36.01
2020-11-17 23:00:00,35.89
2020-11-18 00:00:00,33.39
2020-11-18 01:00:00,31.9
2020-11-18 02:00:00,29.69
2020-11-18 03:00:00,28.93
2020-11-18 04:00:00,32.68
2020-11-18 05:00:00,39.03
2020-11-18 06:00:00,46.07
2020-11-18 07:00:00,48.39
2020-11-18 08:00:00,45.98
2020-11-18 09:00:00,43.86
2020-11-18 10:00:00,42.73
2020-11-18 11:00:00,41.42
2020-11-18 12:00:00,39.95
2020-11-18 13:00:00,42.55
2020-11-18 14:00:00,43.08
2020-11-18 15:00:00,44.75
2020-11-18 16:00:00,46.97
2020-11-18 17:00:00,45.26
2020-11-18 18:00:00,43.01
2020-11-18 19:00:00,36.19
2020-11-18 20:00:00,33.7
2020-11-18 21:00:00,34.31
2020-11-18 22:00:00,32.12
2020-11-18 23:00:00,21.13
2020-11-19 00:00:00,18.82
2020-11-19 01:00:00,13.53
2020-11-19 02:00:00,9.43
2020-11-19 03:00:00,3.9
2020-11-19 04:00:00,13.15
2020-11-19 05:00:00,32.28
2020-11-19 06:00:00,41.7
2020-11-19 07:00:00,42.16
2020-11-19 08:00:00,42.39
2020-11-19 09:00:00,39.05
2020-11-19 10:00:00,37.55
2020-11-19 11:00:00,37.51
2020-11-19 12:00:00,35.97
2020-11-19 13:00:00,35.27
2020-11-19 14:00:00,36.55
2020-11-19 15:00:00,37.31
2020-11-19 16:00:00,46.61
2020-11-19 17:00:00,49.93
2020-11-19 18:00:00,48.35
2020-11-19 19:00:00,45.15
2020-11-19 20:00:00,42.22
2020-11-19 21:00:00,39.95
2020-11-19 22:00:00,37.83
2020-11-19 23:00:00,36.9
2020-11-20 00:00:00,34.81
2020-11-20 01:00:00,33.01
2020-11-20 02:00:00,32.98
2020-11-20 03:00:00,32.76
2020-11-20 04:00:00,33.02
2020-11-20 05:00:00,41.36
2020-11-20 06:00:00,48.96
2020-11-20 07:00:00,53.55
2020-11-20 08:00:00,50.01
2020-11-20 09:00:00,48.03
2020-11-20 10:00:00,47.91
2020-11-20 11:00:00,47.9
2020-11-20 12:00:00,46.72
2020-11-20 13:00:00,46.0
2020-11-20 14:00:00,47.19
2020-11-20 15:00:00,47.96
2020-11-20 16:00:00,58.68
2020-11-20 17:00:00,54.9
2020-11-20 18:00:00,49.0
2020-11-20 19:00:00,48.18
2020-11-20 20:00:00,45.14
2020-11-20 21:00:00,42.22
2020-11-20 22:00:00,38.05
2020-11-20 23:00:00,35.99
2020-11-21 00:00:00,33.48
2020-11-21 01:00:00,31.91
2020-11-21 02:00:00,30.4
2020-11-21 03:00:00,30.49
2020-11-21 04:00:00,31.03
2020-11-21 05:00:00,32.31
2020-11-21 06:00:00,33.4
2020-11-21 07:00:00,35.27
2020-11-21 08:00:00,39.89
2020-11-21 09:00:00,40.51
2020-11-21 10:00:00,41.12
2020-11-21 11:00:00,40.22
2020-11-21 12:00:00,34.86
2020-11-21 13:00:00,30.77
2020-11-21 14:00:00,35.16
2020-11-21 15:00:00,42.05
2020-11-21 16:00:00,48.69
2020-11-21 17:00:00,50.98
2020-11-21 18:00:00,50.86
2020-11-21 19:00:00,45.51
2020-11-21 20:00:00,42.81
2020-11-21 21:00:00,42.15
2020-11-21 22:00:00,39.07
2020-11-21 23:00:00,35.44
2020-11-22 00:00:00,33.37
2020-11-22 01:00:00,33.0
2020-11-22 02:00:00,29.75
2020-11-22 03:00:00,28.4
2020-11-22 04:00:00,31.13
2020-11-22 05:00:00,32.93
2020-11-22 06:00:00,35.14
2020-11-22 07:00:00,32.85
2020-11-22 08:00:00,37.53
2020-11-22 09:00:00,39.15
2020-11-22 10:00:00,40.24
2020-11-22 11:00:00,41.32
2020-11-22 12:00:00,37.93
2020-11-22 13:00:00,33.15
2020-11-22 14:00:00,38.38
2020-11-22 15:00:00,41.56
2020-11-22 16:00:00,48.41
2020-11-22 17:00:00,50.75
2020-11-22 18:00:00,48.54
2020-11-22 19:00:00,43.8
2020-11-22 20:00:00,39.95
2020-11-22 21:00:00,40.04
2020-11-22 22:00:00,40.44
2020-11-22 23:00:00,36.24
2020-11-23 00:00:00,36.04
2020-11-23 01:00:00,35.22
2020-11-23 02:00:00,35.44
2020-11-23 03:00:00,33.02
2020-11-23 04:00:00,41.36
2020-11-23 05:00:00,48.05
2020-11-23 06:00:00,56.54
2020-11-23 07:00:00,62.03
2020-11-23 08:00:00,58.99
2020-11-23 09:00:00,52.75
2020-11-23 10:00:00,50.52
2020-11-23 11:00:00,49.06
2020-11-23 12:00:00,48.05
2020-11-23 13:00:00,50.06
2020-11-23 14:00:00,49.7
2020-11-23 15:00:00,51.26
2020-11-23 16:00:00,58.26
2020-11-23 17:00:00,60.49
2020-11-23 18:00:00,55.25
2020-11-23 19:00:00,54.51
2020-11-23 20:00:00,45.84
2020-11-23 21:00:00,45.77
2020-11-23 22:00:00,44.55
2020-11-23 23:00:00,43.11
2020-11-24 00:00:00,39.42
2020-11-24 01:00:00,38.1
2020-11-24 02:00:00,36.37
2020-11-24 03:00:00,36.51
2020-11-24 04:00:00,39.97
2020-11-24 05:00:00,45.07
2020-11-24 06:00:00,52.55
2020-11-24 07:00:00,55.3
2020-11-24 08:00:00,53.66
2020-11-24 09:00:00,51.4
2020-11-24 10:00:00,49.55
2020-11-24 11:00:00,49.0
2020-11-24 12:00:00,45.91
2020-11-24 13:00:00,45.8
2020-11-24 14:00:00,46.98
2020-11-24 15:00:00,48.87
2020-11-24 16:00:00,55.92
2020-11-24 17:00:00,54.4
2020-11-24 18:00:00,54.19
2020-11-24 19:00:00,50.89
2020-11-24 20:00:00,46.06
2020-11-24 21:00:00,43.35
2020-11-24 22:00:00,39.63
2020-11-24 23:00:00,36.28
2020-11-25 00:00:00,37.12
2020-11-25 01:00:00,33.9
2020-11-25 02:00:00,33.26
2020-11-25 03:00:00,34.12
2020-11-25 04:00:00,35.77
2020-11-25 05:00:00,43.52
2020-11-25 06:00:00,53.05
2020-11-25 07:00:00,53.5
2020-11-25 08:00:00,53.25
2020-11-25 09:00:00,51.67
2020-11-25 10:00:00,51.29
2020-11-25 11:00:00,50.48
2020-11-25 12:00:00,50.48
2020-11-25 13:00:00,52.01
2020-11-25 14:00:00,52.91
2020-11-25 15:00:00,54.57
2020-11-25 16:00:00,61.54
2020-11-25 17:00:00,59.02
2020-11-25 18:00:00,56.3
2020-11-25 19:00:00,52.5
2020-11-25 20:00:00,46.0
2020-11-25 21:00:00,44.44
2020-11-25 22:00:00,41.94
2020-11-25 23:00:00,42.56
2020-11-26 00:00:00,39.55
2020-11-26 01:00:00,36.77
2020-11-26 02:00:00,36.57
2020-11-26 03:00:00,36.79
2020-11-26 04:00:00,38.2
2020-11-26 05:00:00,45.95
2020-11-26 06:00:00,59.93
2020-11-26 07:00:00,65.69
2020-11-26 08:00:00,65.0
2020-11-26 09:00:00,59.74
2020-11-26 10:00:00,59.11
2020-11-26 11:00:00,55.79
2020-11-26 12:00:00,57.0
2020-11-26 13:00:00,60.26
2020-11-26 14:00:00,63.32
2020-11-26 15:00:00,67.08
2020-11-26 16:00:00,66.32
2020-11-26 17:00:00,79.81
2020-11-26 18:00:00,69.99
2020-11-26 19:00:00,59.64
2020-11-26 20:00:00,52.23
2020-11-26 21:00:00,49.73
2020-11-26 22:00:00,45.17
2020-11-26 23:00:00,45.97
2020-11-27 00:00:00,44.89
2020-11-27 01:00:00,42.85
2020-11-27 02:00:00,40.37
2020-11-27 03:00:00,41.44
2020-11-27 04:00:00,45.45
2020-11-27 05:00:00,53.12
2020-11-27 06:00:00,68.7
2020-11-27 07:00:00,79.62
2020-11-27 08:00:00,76.12
2020-11-27 09:00:00,73.83
2020-11-27 10:00:00,71.28
2020-11-27 11:00:00,70.48
2020-11-27 12:00:00,67.01
2020-11-27 13:00:00,63.81
2020-11-27 14:00:00,61.18
2020-11-27 15:00:00,62.05
2020-11-27 16:00:00,70.43
2020-11-27 17:00:00,79.66
2020-11-27 18:00:00,73.01
2020-11-27 19:00:00,59.02
2020-11-27 20:00:00,52.91
2020-11-27 21:00:00,51.74
2020-11-27 22:00:00,47.1
2020-11-27 23:00:00,48.93
2020-11-28 00:00:00,45.91
2020-11-28 01:00:00,45.01
2020-11-28 02:00:00,42.0
2020-11-28 03:00:00,41.12
2020-11-28 04:00:00,42.48
2020-11-28 05:00:00,41.97
2020-11-28 06:00:00,45.04
2020-11-28 07:00:00,45.69
2020-11-28 08:00:00,49.26
2020-11-28 09:00:00,50.34
2020-11-28 10:00:00,49.01
2020-11-28 11:00:00,49.08
2020-11-28 12:00:00,48.34
2020-11-28 13:00:00,47.86
2020-11-28 14:00:00,47.86
2020-11-28 15:00:00,50.23
2020-11-28 16:00:00,54.17
2020-11-28 17:00:00,56.14
2020-11-28 18:00:00,53.83
2020-11-28 19:00:00,50.76
2020-11-28 20:00:00,46.05
2020-11-28 21:00:00,47.13
2020-11-28 22:00:00,46.27
2020-11-28 23:00:00,41.41
2020-11-29 00:00:00,38.66
2020-11-29 01:00:00,37.03
2020-11-29 02:00:00,35.97
2020-11-29 03:00:00,36.0
2020-11-29 04:00:00,38.04
2020-11-29 05:00:00,38.37
2020-11-29 06:00:00,40.6
2020-11-29 07:00:00,43.01
2020-11-29 08:00:00,45.23
2020-11-29 09:00:00,45.12
2020-11-29 10:00:00,46.31
2020-11-29 11:00:00,46.27
2020-11-29 12:00:00,44.71
2020-11-29 13:00:00,43.77
2020-11-29 14:00:00,44.96
2020-11-29 15:00:00,49.1
2020-11-29 16:00:00,55.16
2020-11-29 17:00:00,58.26
2020-11-29 18:00:00,58.97
2020-11-29 19:00:00,55.98
2020-11-29 20:00:00,52.26
2020-11-29 21:00:00,49.91
2020-11-29 22:00:00,45.17
2020-11-29 23:00:00,46.6
2020-11-30 00:00:00,43.04
2020-11-30 01:00:00,42.07
2020-11-30 02:00:00,38.82
2020-11-30 03:00:00,39.09
2020-11-30 04:00:00,43.21
2020-11-30 05:00:00,57.25
2020-11-30 06:00:00,70.42
2020-11-30 07:00:00,77.18
2020-11-30 08:00:00,67.07
2020-11-30 09:00:00,62.0
2020-11-30 10:00:00,58.66
2020-11-30 11:00:00,56.01
2020-11-30 12:00:00,55.06
2020-11-30 13:00:00,55.09
2020-11-30 14:00:00,55.62
2020-11-30 15:00:00,56.73
2020-11-30 16:00:00,63.75
2020-11-30 17:00:00,63.83
2020-11-30 18:00:00,59.57
2020-11-30 19:00:00,56.75
2020-11-30 20:00:00,50.09
2020-11-30 21:00:00,47.01
2020-11-30 22:00:00,43.67
2020-11-30 23:00:00,46.22
2020-12-01 00:00:00,41.59
2020-12-01 01:00:00,40.75
2020-12-01 02:00:00,38.02
2020-12-01 03:00:00,36.08
2020-12-01 04:00:00,38.98
2020-12-01 05:00:00,46.36
2020-12-01 06:00:00,56.37
2020-12-01 07:00:00,62.05
2020-12-01 08:00:00,62.93
2020-12-01 09:00:00,64.31
2020-12-01 10:00:00,63.75
2020-12-01 11:00:00,60.96
2020-12-01 12:00:00,63.07
2020-12-01 13:00:00,61.47
2020-12-01 14:00:00,60.88
2020-12-01 15:00:00,62.06
2020-12-01 16:00:00,77.98
2020-12-01 17:00:00,75.25
2020-12-01 18:00:00,66.32
2020-12-01 19:00:00,57.66
2020-12-01 20:00:00,53.25
2020-12-01 21:00:00,50.16
2020-12-01 22:00:00,47.13
2020-12-01 23:00:00,48.01
2020-12-02 00:00:00,46.27
2020-12-02 01:00:00,44.71
2020-12-02 02:00:00,43.42
2020-12-02 03:00:00,44.56
2020-12-02 04:00:00,47.49
2020-12-02 05:00:00,58.58
2020-12-02 06:00:00,83.67
2020-12-02 07:00:00,105.46
2020-12-02 08:00:00,105.42
2020-12-02 09:00:00,100.06
2020-12-02 10:00:00,95.19
2020-12-02 11:00:00,84.95
2020-12-02 12:00:00,82.9
2020-12-02 13:00:00,90.0
2020-12-02 14:00:00,88.09
2020-12-02 15:00:00,105.4
2020-12-02 16:00:00,110.56
2020-12-02 17:00:00,99.03
2020-12-02 18:00:00,77.79
2020-12-02 19:00:00,64.0
2020-12-02 20:00:00,55.55
2020-12-02 21:00:00,52.8
2020-12-02 22:00:00,49.05
2020-12-02 23:00:00,47.62
2020-12-03 00:00:00,45.3
2020-12-03 01:00:00,44.62
2020-12-03 02:00:00,43.57
2020-12-03 03:00:00,42.9
2020-12-03 04:00:00,45.02
2020-12-03 05:00:00,54.03
2020-12-03 06:00:00,60.32
2020-12-03 07:00:00,62.57
2020-12-03 08:00:00,66.3
2020-12-03 09:00:00,63.02
2020-12-03 10:00:00,63.33
2020-12-03 11:00:00,62.09
2020-12-03 12:00:00,59.82
2020-12-03 13:00:00,56.89
2020-12-03 14:00:00,52.22
2020-12-03 15:00:00,50.89
2020-12-03 16:00:00,53.82
2020-12-03 17:00:00,60.45
2020-12-03 18:00:00,57.7
2020-12-03 19:00:00,52.07
2020-12-03 20:00:00,42.63
2020-12-03 21:00:00,42.53
2020-12-03 22:00:00,46.05
2020-12-03 23:00:00,31.61
2020-12-04 00:00:00,39.55
2020-12-04 01:00:00,39.87
2020-12-04 02:00:00,28.67
2020-12-04 03:00:00,25.0
2020-12-04 04:00:00,30.9
2020-12-04 05:00:00,37.84
2020-12-04 06:00:00,54.14
2020-12-04 07:00:00,55.48
2020-12-04 08:00:00,62.88
2020-12-04 09:00:00,60.77
2020-12-04 10:00:00,60.74
2020-12-04 11:00:00,64.33
2020-12-04 12:00:00,60.13
2020-12-04 13:00:00,59.42
2020-12-04 14:00:00,55.84
2020-12-04 15:00:00,59.07
2020-12-04 16:00:00,64.66
2020-12-04 17:00:00,66.1
2020-12-04 18:00:00,62.44
2020-12-04 19:00:00,58.3
2020-12-04 20:00:00,52.28
2020-12-04 21:00:00,50.25
2020-12-04 22:00:00,47.35
2020-12-04 23:00:00,48.42
2020-12-05 00:00:00,46.15
2020-12-05 01:00:00,42.2
2020-12-05 02:00:00,39.21
2020-12-05 03:00:00,38.28
2020-12-05 04:00:00,38.82
2020-12-05 05:00:00,43.56
2020-12-05 06:00:00,45.42
2020-12-05 07:00:00,50.94
2020-12-05 08:00:00,52.83
2020-12-05 09:00:00,54.04
2020-12-05 10:00:00,55.22
2020-12-05 11:00:00,56.8
2020-12-05 12:00:00,53.9
2020-12-05 13:00:00,52.0
2020-12-05 14:00:00,54.0
2020-12-05 15:00:00,60.0
2020-12-05 16:00:00,65.83
2020-12-05 17:00:00,67.63
2020-12-05 18:00:00,62.0
2020-12-05 19:00:00,53.8
2020-12-05 20:00:00,49.78
2020-12-05 21:00:00,48.42
2020-12-05 22:00:00,45.97
2020-12-05 23:00:00,41.12
2020-12-06 00:00:00,39.22
2020-12-06 01:00:00,36.94
2020-12-06 02:00:00,35.0
2020-12-06 03:00:00,34.28
2020-12-06 04:00:00,33.59
2020-12-06 05:00:00,34.37
2020-12-06 06:00:00,37.84
2020-12-06 07:00:00,38.07
2020-12-06 08:00:00,45.32
2020-12-06 09:00:00,50.09
2020-12-06 10:00:00,54.62
2020-12-06 11:00:00,54.87
2020-12-06 12:00:00,49.15
2020-12-06 13:00:00,46.02
2020-12-06 14:00:00,47.3
2020-12-06 15:00:00,50.54
2020-12-06 16:00:00,56.4
2020-12-06 17:00:00,59.3
2020-12-06 18:00:00,63.1
2020-12-06 19:00:00,54.43
2020-12-06 20:00:00,50.7
2020-12-06 21:00:00,48.42
2020-12-06 22:00:00,46.95
2020-12-06 23:00:00,38.81
2020-12-07 00:00:00,36.6
2020-12-07 01:00:00,36.08
2020-12-07 02:00:00,30.35
2020-12-07 03:00:00,30.25
2020-12-07 04:00:00,36.4
2020-12-07 05:00:00,48.85
2020-12-07 06:00:00,58.99
2020-12-07 07:00:00,67.52
2020-12-07 08:00:00,78.94
2020-12-07 09:00:00,80.09
2020-12-07 10:00:00,79.83
2020-12-07 11:00:00,79.83
2020-12-07 12:00:00,79.11
2020-12-07 13:00:00,72.87
2020-12-07 14:00:00,69.54
2020-12-07 15:00:00,71.42
2020-12-07 16:00:00,87.15
2020-12-07 17:00:00,88.19
2020-12-07 18:00:00,86.96
2020-12-07 19:00:00,67.11
2020-12-07 20:00:00,54.08
2020-12-07 21:00:00,52.05
2020-12-07 22:00:00,47.0
2020-12-07 23:00:00,47.12
2020-12-08 00:00:00,43.86
2020-12-08 01:00:00,40.0
2020-12-08 02:00:00,37.28
2020-12-08 03:00:00,37.95
2020-12-08 04:00:00,41.11
2020-12-08 05:00:00,53.02
2020-12-08 06:00:00,68.08
2020-12-08 07:00:00,74.72
2020-12-08 08:00:00,83.75
2020-12-08 09:00:00,82.71
2020-12-08 10:00:00,80.17
2020-12-08 11:00:00,77.43
2020-12-08 12:00:00,76.96
2020-12-08 13:00:00,76.48
2020-12-08 14:00:00,77.48
2020-12-08 15:00:00,81.07
2020-12-08 16:00:00,102.9
2020-12-08 17:00:00,105.58
2020-12-08 18:00:00,84.42
2020-12-08 19:00:00,71.95
2020-12-08 20:00:00,55.88
2020-12-08 21:00:00,53.03
2020-12-08 22:00:00,48.61
2020-12-08 23:00:00,44.65
2020-12-09 00:00:00,41.37
2020-12-09 01:00:00,38.94
2020-12-09 02:00:00,36.19
2020-12-09 03:00:00,36.4
2020-12-09 04:00:00,40.91
2020-12-09 05:00:00,52.63
2020-12-09 06:00:00,69.0
2020-12-09 07:00:00,95.8
2020-12-09 08:00:00,105.39
2020-12-09 09:00:00,105.39
2020-12-09 10:00:00,105.39
2020-12-09 11:00:00,105.37
2020-12-09 12:00:00,105.39
2020-12-09 13:00:00,105.39
2020-12-09 14:00:00,103.22
2020-12-09 15:00:00,105.39
2020-12-09 16:00:00,114.0
2020-12-09 17:00:00,105.39
2020-12-09 18:00:00,89.36
2020-12-09 19:00:00,64.99
2020-12-09 20:00:00,53.0
2020-12-09 21:00:00,52.11
2020-12-09 22:00:00,48.93
2020-12-09 23:00:00,45.95
2020-12-10 00:00:00,41.58
2020-12-10 01:00:00,39.18
2020-12-10 02:00:00,36.81
2020-12-10 03:00:00,36.19
2020-12-10 04:00:00,42.5
2020-12-10 05:00:00,53.8
2020-12-10 06:00:00,72.93
2020-12-10 07:00:00,96.43
2020-12-10 08:00:00,93.94
2020-12-10 09:00:00,92.48
2020-12-10 10:00:00,92.99
2020-12-10 11:00:00,86.82
2020-12-10 12:00:00,93.1
2020-12-10 13:00:00,85.24
2020-12-10 14:00:00,89.68
2020-12-10 15:00:00,101.0
2020-12-10 16:00:00,105.41
2020-12-10 17:00:00,93.56
2020-12-10 18:00:00,75.06
2020-12-10 19:00:00,61.53
2020-12-10 20:00:00,50.65
2020-12-10 21:00:00,49.99
2020-12-10 22:00:00,48.72
2020-12-10 23:00:00,40.55
2020-12-11 00:00:00,36.75
2020-12-11 01:00:00,37.1
2020-12-11 02:00:00,34.72
2020-12-11 03:00:00,33.59
2020-12-11 04:00:00,37.12
2020-12-11 05:00:00,39.72
2020-12-11 06:00:00,57.41
2020-12-11 07:00:00,60.51
2020-12-11 08:00:00,58.64
2020-12-11 09:00:00,61.27
2020-12-11 10:00:00,62.16
2020-12-11 11:00:00,63.02
2020-12-11 12:00:00,64.31
2020-12-11 13:00:00,61.0
2020-12-11 14:00:00,54.97
2020-12-11 15:00:00,55.58
2020-12-11 16:00:00,60.8
2020-12-11 17:00:00,65.42
2020-12-11 18:00:00,59.94
2020-12-11 19:00:00,54.9
2020-12-11 20:00:00,52.39
2020-12-11 21:00:00,51.73
2020-12-11 22:00:00,49.34
2020-12-11 23:00:00,37.0
2020-12-12 00:00:00,38.69
2020-12-12 01:00:00,37.09
2020-12-12 02:00:00,36.46
2020-12-12 03:00:00,35.96
2020-12-12 04:00:00,36.07
2020-12-12 05:00:00,35.25
2020-12-12 06:00:00,38.19
2020-12-12 07:00:00,43.33
2020-12-12 08:00:00,47.0
2020-12-12 09:00:00,51.89
2020-12-12 10:00:00,53.78
2020-12-12 11:00:00,53.96
2020-12-12 12:00:00,51.18
2020-12-12 13:00:00,48.82
2020-12-12 14:00:00,50.4
2020-12-12 15:00:00,52.99
2020-12-12 16:00:00,57.92
2020-12-12 17:00:00,57.92
2020-12-12 18:00:00,55.09
2020-12-12 19:00:00,50.85
2020-12-12 20:00:00,47.73
2020-12-12 21:00:00,47.03
2020-12-12 22:00:00,44.62
2020-12-12 23:00:00,42.99
2020-12-13 00:00:00,40.6
2020-12-13 01:00:00,37.88
2020-12-13 02:00:00,36.85
2020-12-13 03:00:00,35.92
2020-12-13 04:00:00,35.09
2020-12-13 05:00:00,35.88
2020-12-13 06:00:00,37.8
2020-12-13 07:00:00,41.46
2020-12-13 08:00:00,45.16
2020-12-13 09:00:00,48.28
2020-12-13 10:00:00,50.93
2020-12-13 11:00:00,51.91
2020-12-13 12:00:00,46.45
2020-12-13 13:00:00,44.43
2020-12-13 14:00:00,43.74
2020-12-13 15:00:00,45.51
2020-12-13 16:00:00,51.4
2020-12-13 17:00:00,53.0
2020-12-13 18:00:00,52.13
2020-12-13 19:00:00,49.73
2020-12-13 20:00:00,43.08
2020-12-13 21:00:00,44.56
2020-12-13 22:00:00,39.48
2020-12-13 23:00:00,34.01
2020-12-14 00:00:00,32.23
2020-12-14 01:00:00,30.43
2020-12-14 02:00:00,25.18
2020-12-14 03:00:00,25.92
2020-12-14 04:00:00,31.89
2020-12-14 05:00:00,39.87
2020-12-14 06:00:00,51.82
2020-12-14 07:00:00,53.88
2020-12-14 08:00:00,55.5
2020-12-14 09:00:00,54.46
2020-12-14 10:00:00,54.05
2020-12-14 11:00:00,55.06
2020-12-14 12:00:00,54.63
2020-12-14 13:00:00,54.3
2020-12-14 14:00:00,55.09
2020-12-14 15:00:00,54.47
2020-12-14 16:00:00,60.0
2020-12-14 17:00:00,66.16
2020-12-14 18:00:00,59.39
2020-12-14 19:00:00,55.75
2020-12-14 20:00:00,48.62
2020-12-14 21:00:00,44.62
2020-12-14 22:00:00,43.68
2020-12-14 23:00:00,40.36
2020-12-15 00:00:00,37.99
2020-12-15 01:00:00,35.4
2020-12-15 02:00:00,34.0
2020-12-15 03:00:00,35.28
2020-12-15 04:00:00,39.04
2020-12-15 05:00:00,45.19
2020-12-15 06:00:00,56.55
2020-12-15 07:00:00,57.62
2020-12-15 08:00:00,58.62
2020-12-15 09:00:00,58.1
2020-12-15 10:00:00,59.97
2020-12-15 11:00:00,59.8
2020-12-15 12:00:00,57.66
2020-12-15 13:00:00,57.8
2020-12-15 14:00:00,57.48
2020-12-15 15:00:00,58.94
2020-12-15 16:00:00,68.8
2020-12-15 17:00:00,67.14
2020-12-15 18:00:00,65.5
2020-12-15 19:00:00,58.04
2020-12-15 20:00:00,53.3
2020-12-15 21:00:00,49.97
2020-12-15 22:00:00,45.74
2020-12-15 23:00:00,43.52
2020-12-16 00:00:00,41.92
2020-12-16 01:00:00,40.12
2020-12-16 02:00:00,39.98
2020-12-16 03:00:00,39.04
2020-12-16 04:00:00,39.77
2020-12-16 05:00:00,44.71
2020-12-16 06:00:00,58.85
2020-12-16 07:00:00,63.95
2020-12-16 08:00:00,59.4
2020-12-16 09:00:00,57.6
2020-12-16 10:00:00,55.21
2020-12-16 11:00:00,54.79
2020-12-16 12:00:00,54.48
2020-12-16 13:00:00,54.14
2020-12-16 14:00:00,53.75
2020-12-16 15:00:00,55.22
2020-12-16 16:00:00,58.38
2020-12-16 17:00:00,62.87
2020-12-16 18:00:00,61.57
2020-12-16 19:00:00,58.05
2020-12-16 20:00:00,52.14
2020-12-16 21:00:00,49.12
2020-12-16 22:00:00,51.73
2020-12-16 23:00:00,40.88
2020-12-17 00:00:00,42.06
2020-12-17 01:00:00,41.46
2020-12-17 02:00:00,38.8
2020-12-17 03:00:00,39.44
2020-12-17 04:00:00,41.62
2020-12-17 05:00:00,49.37
2020-12-17 06:00:00,59.45
2020-12-17 07:00:00,62.05
2020-12-17 08:00:00,63.3
2020-12-17 09:00:00,62.25
2020-12-17 10:00:00,61.05
2020-12-17 11:00:00,60.24
2020-12-17 12:00:00,60.0
2020-12-17 13:00:00,58.16
2020-12-17 14:00:00,59.45
2020-12-17 15:00:00,60.82
2020-12-17 16:00:00,63.97
2020-12-17 17:00:00,68.9
2020-12-17 18:00:00,66.24
2020-12-17 19:00:00,60.13
2020-12-17 20:00:00,54.39
2020-12-17 21:00:00,52.62
2020-12-17 22:00:00,48.97
2020-12-17 23:00:00,45.29
2020-12-18 00:00:00,41.03
2020-12-18 01:00:00,39.13
2020-12-18 02:00:00,35.78
2020-12-18 03:00:00,35.12
2020-12-18 04:00:00,35.83
2020-12-18 05:00:00,43.77
2020-12-18 06:00:00,56.39
2020-12-18 07:00:00,58.6
2020-12-18 08:00:00,58.91
2020-12-18 09:00:00,58.3
2020-12-18 10:00:00,57.48
2020-12-18 11:00:00,55.98
2020-12-18 12:00:00,53.7
2020-12-18 13:00:00,48.29
2020-12-18 14:00:00,48.29
2020-12-18 15:00:00,49.04
2020-12-18 16:00:00,53.98
2020-12-18 17:00:00,57.33
2020-12-18 18:00:00,55.68
2020-12-18 19:00:00,52.0
2020-12-18 20:00:00,40.02
2020-12-18 21:00:00,41.29
2020-12-18 22:00:00,37.55
2020-12-18 23:00:00,37.5
2020-12-19 00:00:00,34.96
2020-12-19 01:00:00,32.5
2020-12-19 02:00:00,28.2
2020-12-19 03:00:00,24.8
2020-12-19 04:00:00,26.27
2020-12-19 05:00:00,23.32
2020-12-19 06:00:00,30.13
2020-12-19 07:00:00,32.73
2020-12-19 08:00:00,38.51
2020-12-19 09:00:00,34.78
2020-12-19 10:00:00,36.21
2020-12-19 11:00:00,42.93
2020-12-19 12:00:00,37.66
2020-12-19 13:00:00,36.7
2020-12-19 14:00:00,40.59
2020-12-19 15:00:00,45.83
2020-12-19 16:00:00,50.55
2020-12-19 17:00:00,53.16
2020-12-19 18:00:00,52.27
2020-12-19 19:00:00,53.37
2020-12-19 20:00:00,38.94
2020-12-19 21:00:00,48.68
2020-12-19 22:00:00,45.31
2020-12-19 23:00:00,40.19
2020-12-20 00:00:00,36.14
2020-12-20 01:00:00,35.89
2020-12-20 02:00:00,29.5
2020-12-20 03:00:00,29.55
2020-12-20 04:00:00,29.01
2020-12-20 05:00:00,31.62
2020-12-20 06:00:00,32.51
2020-12-20 07:00:00,37.87
2020-12-20 08:00:00,45.19
2020-12-20 09:00:00,46.05
2020-12-20 10:00:00,46.51
2020-12-20 11:00:00,48.29
2020-12-20 12:00:00,45.1
2020-12-20 13:00:00,42.9
2020-12-20 14:00:00,42.55
2020-12-20 15:00:00,44.31
2020-12-20 16:00:00,50.3
2020-12-20 17:00:00,52.49
2020-12-20 18:00:00,52.81
2020-12-20 19:00:00,49.96
2020-12-20 20:00:00,40.44
2020-12-20 21:00:00,44.64
2020-12-20 22:00:00,39.75
2020-12-20 23:00:00,39.3
2020-12-21 00:00:00,34.8
2020-12-21 01:00:00,33.65
2020-12-21 02:00:00,32.93
2020-12-21 03:00:00,33.65
2020-12-21 04:00:00,37.98
2020-12-21 05:00:00,44.26
2020-12-21 06:00:00,50.46
2020-12-21 07:00:00,53.68
2020-12-21 08:00:00,53.68
2020-12-21 09:00:00,53.68
2020-12-21 10:00:00,53.16
2020-12-21 11:00:00,55.5
2020-12-21 12:00:00,52.26
2020-12-21 13:00:00,49.05
2020-12-21 14:00:00,45.48
2020-12-21 15:00:00,45.26
2020-12-21 16:00:00,50.95
2020-12-21 17:00:00,53.46
2020-12-21 18:00:00,53.03
2020-12-21 19:00:00,45.17
2020-12-21 20:00:00,40.04
2020-12-21 21:00:00,38.22
2020-12-21 22:00:00,33.0
2020-12-21 23:00:00,10.6
2020-12-22 00:00:00,9.05
2020-12-22 01:00:00,0.1
2020-12-22 02:00:00,-1.52
2020-12-22 03:00:00,-1.75
2020-12-22 04:00:00,7.07
2020-12-22 05:00:00,24.06
2020-12-22 06:00:00,38.78
2020-12-22 07:00:00,41.99
2020-12-22 08:00:00,43.87
2020-12-22 09:00:00,45.18
2020-12-22 10:00:00,47.24
2020-12-22 11:00:00,46.27
2020-12-22 12:00:00,44.53
2020-12-22 13:00:00,45.72
2020-12-22 14:00:00,44.95
2020-12-22 15:00:00,49.05
2020-12-22 16:00:00,53.24
2020-12-22 17:00:00,54.15
2020-12-22 18:00:00,53.9
2020-12-22 19:00:00,46.34
2020-12-22 20:00:00,42.28
2020-12-22 21:00:00,43.98
2020-12-22 22:00:00,40.0
2020-12-22 23:00:00,38.6
2020-12-23 00:00:00,34.2
2020-12-23 01:00:00,33.5
2020-12-23 02:00:00,31.13
2020-12-23 03:00:00,31.91
2020-12-23 04:00:00,32.11
2020-12-23 05:00:00,36.07
2020-12-23 06:00:00,46.72
2020-12-23 07:00:00,52.36
2020-12-23 08:00:00,53.14
2020-12-23 09:00:00,53.01
2020-12-23 10:00:00,52.36
2020-12-23 11:00:00,53.0
2020-12-23 12:00:00,50.95
2020-12-23 13:00:00,49.12
2020-12-23 14:00:00,38.27
2020-12-23 15:00:00,39.0
2020-12-23 16:00:00,52.08
2020-12-23 17:00:00,51.13
2020-12-23 18:00:00,44.82
2020-12-23 19:00:00,40.25
2020-12-23 20:00:00,33.15
2020-12-23 21:00:00,30.39
2020-12-23 22:00:00,28.04
2020-12-23 23:00:00,7.59
2020-12-24 00:00:00,10.91
2020-12-24 01:00:00,5.93
2020-12-24 02:00:00,0.04
2020-12-24 03:00:00,0.09
2020-12-24 04:00:00,6.18
2020-12-24 05:00:00,9.57
2020-12-24 06:00:00,32.81
2020-12-24 07:00:00,35.52
2020-12-24 08:00:00,46.68
2020-12-24 09:00:00,44.74
2020-12-24 10:00:00,41.55
2020-12-24 11:00:00,43.85
2020-12-24 12:00:00,40.77
2020-12-24 13:00:00,39.58
2020-12-24 14:00:00,36.53
2020-12-24 15:00:00,42.96
2020-12-24 16:00:00,47.05
2020-12-24 17:00:00,48.28
2020-12-24 18:00:00,45.09
2020-12-24 19:00:00,36.18
2020-12-24 20:00:00,33.1
2020-12-24 21:00:00,33.32
2020-12-24 22:00:00,29.98
2020-12-24 23:00:00,29.9
2020-12-25 00:00:00,22.61
2020-12-25 01:00:00,16.0
2020-12-25 02:00:00,12.57
2020-12-25 03:00:00,8.0
2020-12-25 04:00:00,8.0
2020-12-25 05:00:00,11.1
2020-12-25 06:00:00,12.84
2020-12-25 07:00:00,17.27
2020-12-25 08:00:00,27.6
2020-12-25 09:00:00,25.21
2020-12-25 10:00:00,22.47
2020-12-25 11:00:00,25.86
2020-12-25 12:00:00,16.7
2020-12-25 13:00:00,11.46
2020-12-25 14:00:00,13.18
2020-12-25 15:00:00,20.3
2020-12-25 16:00:00,34.03
2020-12-25 17:00:00,45.52
2020-12-25 18:00:00,49.74
2020-12-25 19:00:00,47.08
2020-12-25 20:00:00,47.4
2020-12-25 21:00:00,47.9
2020-12-25 22:00:00,44.92
2020-12-25 23:00:00,39.8
2020-12-26 00:00:00,30.25
2020-12-26 01:00:00,26.71
2020-12-26 02:00:00,20.0
2020-12-26 03:00:00,17.22
2020-12-26 04:00:00,17.42
2020-12-26 05:00:00,17.92
2020-12-26 06:00:00,21.8
2020-12-26 07:00:00,28.25
2020-12-26 08:00:00,32.9
2020-12-26 09:00:00,36.12
2020-12-26 10:00:00,33.98
2020-12-26 11:00:00,33.5
2020-12-26 12:00:00,32.39
2020-12-26 13:00:00,29.39
2020-12-26 14:00:00,27.79
2020-12-26 15:00:00,32.41
2020-12-26 16:00:00,40.05
2020-12-26 17:00:00,43.87
2020-12-26 18:00:00,44.18
2020-12-26 19:00:00,29.77
2020-12-26 20:00:00,21.12
2020-12-26 21:00:00,31.32
2020-12-26 22:00:00,25.77
2020-12-26 23:00:00,3.13
2020-12-27 00:00:00,5.11
2020-12-27 01:00:00,2.32
2020-12-27 02:00:00,-1.13
2020-12-27 03:00:00,-9.01
2020-12-27 04:00:00,-3.36
2020-12-27 05:00:00,-0.08
2020-12-27 06:00:00,4.3
2020-12-27 07:00:00,9.37
2020-12-27 08:00:00,24.5
2020-12-27 09:00:00,28.12
2020-12-27 10:00:00,25.47
2020-12-27 11:00:00,27.97
2020-12-27 12:00:00,24.46
2020-12-27 13:00:00,21.15
2020-12-27 14:00:00,20.57
2020-12-27 15:00:00,22.8
2020-12-27 16:00:00,42.26
2020-12-27 17:00:00,47.7
2020-12-27 18:00:00,46.41
2020-12-27 19:00:00,37.13
2020-12-27 20:00:00,33.5
2020-12-27 21:00:00,33.27
2020-12-27 22:00:00,23.92
2020-12-27 23:00:00,25.6
2020-12-28 00:00:00,25.5
2020-12-28 01:00:00,20.39
2020-12-28 02:00:00,11.24
2020-12-28 03:00:00,11.5
2020-12-28 04:00:00,20.43
2020-12-28 05:00:00,35.1
2020-12-28 06:00:00,45.27
2020-12-28 07:00:00,49.23
2020-12-28 08:00:00,52.09
2020-12-28 09:00:00,51.17
2020-12-28 10:00:00,51.5
2020-12-28 11:00:00,51.96
2020-12-28 12:00:00,50.95
2020-12-28 13:00:00,51.93
2020-12-28 14:00:00,50.6
2020-12-28 15:00:00,52.44
2020-12-28 16:00:00,56.98
2020-12-28 17:00:00,56.95
2020-12-28 18:00:00,55.59
2020-12-28 19:00:00,49.01
2020-12-28 20:00:00,45.6
2020-12-28 21:00:00,46.9
2020-12-28 22:00:00,42.14
2020-12-28 23:00:00,38.8
2020-12-29 00:00:00,39.34
2020-12-29 01:00:00,37.87
2020-12-29 02:00:00,34.27
2020-12-29 03:00:00,34.06
2020-12-29 04:00:00,37.26
2020-12-29 05:00:00,43.3
2020-12-29 06:00:00,49.19
2020-12-29 07:00:00,54.25
2020-12-29 08:00:00,55.34
2020-12-29 09:00:00,55.47
2020-12-29 10:00:00,54.4
2020-12-29 11:00:00,55.0
2020-12-29 12:00:00,52.78
2020-12-29 13:00:00,53.64
2020-12-29 14:00:00,54.76
2020-12-29 15:00:00,57.21
2020-12-29 16:00:00,59.5
2020-12-29 17:00:00,59.7
2020-12-29 18:00:00,59.72
2020-12-29 19:00:00,56.0
2020-12-29 20:00:00,49.75
2020-12-29 21:00:00,46.24
2020-12-29 22:00:00,43.6
2020-12-29 23:00:00,43.84
2020-12-30 00:00:00,40.43
2020-12-30 01:00:00,39.2
2020-12-30 02:00:00,34.31
2020-12-30 03:00:00,33.5
2020-12-30 04:00:00,36.03
2020-12-30 05:00:00,43.31
2020-12-30 06:00:00,49.52
2020-12-30 07:00:00,53.01
2020-12-30 08:00:00,55.6
2020-12-30 09:00:00,55.68
2020-12-30 10:00:00,58.0
2020-12-30 11:00:00,56.29
2020-12-30 12:00:00,54.07
2020-12-30 13:00:00,53.95
2020-12-30 14:00:00,55.61
2020-12-30 15:00:00,56.08
2020-12-30 16:00:00,60.0
2020-12-30 17:00:00,60.08
2020-12-30 18:00:00,59.86
2020-12-30 19:00:00,56.5
2020-12-30 20:00:00,52.95
2020-12-30 21:00:00,51.13
2020-12-30 22:00:00,47.64
2020-12-30 23:00:00,42.11
2020-12-31 00:00:00,37.03
2020-12-31 01:00:00,35.25
2020-12-31 02:00:00,31.82
2020-12-31 03:00:00,31.67
2020-12-31 04:00:00,34.0
2020-12-31 05:00:00,38.32
2020-12-31 06:00:00,45.86
2020-12-31 07:00:00,50.47
2020-12-31 08:00:00,54.07
2020-12-31 09:00:00,54.66
2020-12-31 10:00:00,54.0
2020-12-31 11:00:00,54.88
2020-12-31 12:00:00,52.36
2020-12-31 13:00:00,53.08
2020-12-31 14:00:00,56.54
2020-12-31 15:00:00,59.2
2020-12-31 16:00:00,61.34
2020-12-31 17:00:00,61.08
2020-12-31 18:00:00,60.54
2020-12-31 19:00:00,56.75
2020-12-31 20:00:00,52.44
2020-12-31 21:00:00,51.86
2020-12-31 22:00:00,52.26
2020-12-31 23:00:00,50.87
2021-01-01 00:00:00,48.19
2021-01-01 01:00:00,44.68
2021-01-01 02:00:00,42.92
2021-01-01 03:00:00,40.39
2021-01-01 04:00:00,40.2
2021-01-01 05:00:00,39.63
2021-01-01 06:00:00,40.09
2021-01-01 07:00:00,41.27
2021-01-01 08:00:00,44.88
2021-01-01 09:00:00,45.0
2021-01-01 10:00:00,47.2
2021-01-01 11:00:00,50.78
2021-01-01 12:00:00,45.49
2021-01-01 13:00:00,44.73
2021-01-01 14:00:00,46.59
2021-01-01 15:00:00,52.99
2021-01-01 16:00:00,60.26
2021-01-01 17:00:00,60.61
2021-01-01 18:00:00,60.36
2021-01-01 19:00:00,57.4
2021-01-01 20:00:00,53.86
2021-01-01 21:00:00,53.45
2021-01-01 22:00:00,49.72
2021-01-01 23:00:00,46.69
2021-01-02 00:00:00,42.43
2021-01-02 01:00:00,41.09
2021-01-02 02:00:00,40.0
2021-01-02 03:00:00,37.55
2021-01-02 04:00:00,39.0
2021-01-02 05:00:00,42.09
2021-01-02 06:00:00,44.96
2021-01-02 07:00:00,48.45
2021-01-02 08:00:00,52.0
2021-01-02 09:00:00,52.0
2021-01-02 10:00:00,52.15
2021-01-02 11:00:00,55.95
2021-01-02 12:00:00,52.0
2021-01-02 13:00:00,50.69
2021-01-02 14:00:00,53.45
2021-01-02 15:00:00,59.99
2021-01-02 16:00:00,62.0
2021-01-02 17:00:00,63.08
2021-01-02 18:00:00,62.17
2021-01-02 19:00:00,60.03
2021-01-02 20:00:00,55.03
2021-01-02 21:00:00,52.25
2021-01-02 22:00:00,48.45
2021-01-02 23:00:00,46.11
2021-01-03 00:00:00,43.0
2021-01-03 01:00:00,39.55
2021-01-03 02:00:00,37.44
2021-01-03 03:00:00,35.64
2021-01-03 04:00:00,35.5
2021-01-03 05:00:00,36.14
2021-01-03 06:00:00,36.97
2021-01-03 07:00:00,38.92
2021-01-03 08:00:00,44.49
2021-01-03 09:00:00,49.0
2021-01-03 10:00:00,50.3
2021-01-03 11:00:00,52.04
2021-01-03 12:00:00,46.64
2021-01-03 13:00:00,44.01
2021-01-03 14:00:00,41.27
2021-01-03 15:00:00,49.92
2021-01-03 16:00:00,55.16
2021-01-03 17:00:00,59.29
2021-01-03 18:00:00,61.09
2021-01-03 19:00:00,60.0
2021-01-03 20:00:00,59.4
2021-01-03 21:00:00,55.36
2021-01-03 22:00:00,55.36
2021-01-03 23:00:00,50.23
2021-01-04 00:00:00,47.01
2021-01-04 01:00:00,43.79
2021-01-04 02:00:00,41.65
2021-01-04 03:00:00,41.62
2021-01-04 04:00:00,44.5
2021-01-04 05:00:00,56.0
2021-01-04 06:00:00,62.0
2021-01-04 07:00:00,64.84
2021-01-04 08:00:00,68.25
2021-01-04 09:00:00,65.97
2021-01-04 10:00:00,63.93
2021-01-04 11:00:00,63.94
2021-01-04 12:00:00,63.94
2021-01-04 13:00:00,61.97
2021-01-04 14:00:00,62.45
2021-01-04 15:00:00,63.9
2021-01-04 16:00:00,67.02
2021-01-04 17:00:00,71.05
2021-01-04 18:00:00,72.6
2021-01-04 19:00:00,70.0
2021-01-04 20:00:00,61.39
2021-01-04 21:00:00,59.8
2021-01-04 22:00:00,54.69
2021-01-04 23:00:00,54.79
2021-01-05 00:00:00,50.3
2021-01-05 01:00:00,49.53
2021-01-05 02:00:00,44.58
2021-01-05 03:00:00,45.05
2021-01-05 04:00:00,49.53
2021-01-05 05:00:00,58.15
2021-01-05 06:00:00,68.3
2021-01-05 07:00:00,70.41
2021-01-05 08:00:00,75.0
2021-01-05 09:00:00,73.48
2021-01-05 10:00:00,72.31
2021-01-05 11:00:00,71.35
2021-01-05 12:00:00,72.52
2021-01-05 13:00:00,69.75
2021-01-05 14:00:00,66.46
2021-01-05 15:00:00,66.04
2021-01-05 16:00:00,71.9
2021-01-05 17:00:00,80.0
2021-01-05 18:00:00,80.0
2021-01-05 19:00:00,70.12
2021-01-05 20:00:00,58.87
2021-01-05 21:00:00,58.5
2021-01-05 22:00:00,55.51
2021-01-05 23:00:00,53.73
2021-01-06 00:00:00,52.95
2021-01-06 01:00:00,52.73
2021-01-06 02:00:00,50.12
2021-01-06 03:00:00,47.2
2021-01-06 04:00:00,49.29
2021-01-06 05:00:00,55.0
2021-01-06 06:00:00,67.61
2021-01-06 07:00:00,73.6
2021-01-06 08:00:00,91.73
2021-01-06 09:00:00,86.99
2021-01-06 10:00:00,80.02
2021-01-06 11:00:00,78.76
2021-01-06 12:00:00,73.79
2021-01-06 13:00:00,73.02
2021-01-06 14:00:00,70.89
2021-01-06 15:00:00,72.85
2021-01-06 16:00:00,79.63
2021-01-06 17:00:00,101.07
2021-01-06 18:00:00,96.85
2021-01-06 19:00:00,79.6
2021-01-06 20:00:00,69.77
2021-01-06 21:00:00,64.31
2021-01-06 22:00:00,62.39
2021-01-06 23:00:00,77.0
2021-01-07 00:00:00,65.85
2021-01-07 01:00:00,63.78
2021-01-07 02:00:00,51.51
2021-01-07 03:00:00,49.35
2021-01-07 04:00:00,55.63
2021-01-07 05:00:00,65.0
2021-01-07 06:00:00,83.98
2021-01-07 07:00:00,95.02
2021-01-07 08:00:00,99.0
2021-01-07 09:00:00,93.83
2021-01-07 10:00:00,97.87
2021-01-07 11:00:00,100.0
2021-01-07 12:00:00,92.14
2021-01-07 13:00:00,80.4
2021-01-07 14:00:00,83.57
2021-01-07 15:00:00,89.68
2021-01-07 16:00:00,100.0
2021-01-07 17:00:00,106.95
2021-01-07 18:00:00,108.97
2021-01-07 19:00:00,95.85
2021-01-07 20:00:00,78.37
2021-01-07 21:00:00,71.68
2021-01-07 22:00:00,65.04
2021-01-07 23:00:00,57.45
2021-01-08 00:00:00,56.41
2021-01-08 01:00:00,55.17
2021-01-08 02:00:00,51.76
2021-01-08 03:00:00,50.86
2021-01-08 04:00:00,56.45
2021-01-08 05:00:00,65.75
2021-01-08 06:00:00,86.93
2021-01-08 07:00:00,103.54
2021-01-08 08:00:00,110.45
2021-01-08 09:00:00,109.96
2021-01-08 10:00:00,106.82
2021-01-08 11:00:00,102.37
2021-01-08 12:00:00,97.61
2021-01-08 13:00:00,95.0
2021-01-08 14:00:00,95.42
2021-01-08 15:00:00,95.0
2021-01-08 16:00:00,110.0
2021-01-08 17:00:00,113.37
2021-01-08 18:00:00,114.89
2021-01-08 19:00:00,88.06
2021-01-08 20:00:00,78.37
2021-01-08 21:00:00,65.6
2021-01-08 22:00:00,69.27
2021-01-08 23:00:00,61.9
2021-01-09 00:00:00,58.38
2021-01-09 01:00:00,55.96
2021-01-09 02:00:00,51.88
2021-01-09 03:00:00,50.25
2021-01-09 04:00:00,50.25
2021-01-09 05:00:00,51.39
2021-01-09 06:00:00,55.62
2021-01-09 07:00:00,59.8
2021-01-09 08:00:00,66.92
2021-01-09 09:00:00,67.71
2021-01-09 10:00:00,68.0
2021-01-09 11:00:00,67.01
2021-01-09 12:00:00,62.53
2021-01-09 13:00:00,60.0
2021-01-09 14:00:00,60.0
2021-01-09 15:00:00,62.78
2021-01-09 16:00:00,69.92
2021-01-09 17:00:00,71.99
2021-01-09 18:00:00,68.95
2021-01-09 19:00:00,62.66
2021-01-09 20:00:00,59.0
2021-01-09 21:00:00,56.53
2021-01-09 22:00:00,54.86
2021-01-09 23:00:00,56.86
2021-01-10 00:00:00,55.75
2021-01-10 01:00:00,53.14
2021-01-10 02:00:00,49.03
2021-01-10 03:00:00,48.45
2021-01-10 04:00:00,49.07
2021-01-10 05:00:00,50.87
2021-01-10 06:00:00,50.23
2021-01-10 07:00:00,51.6
2021-01-10 08:00:00,57.43
2021-01-10 09:00:00,59.45
2021-01-10 10:00:00,61.53
2021-01-10 11:00:00,60.39
2021-01-10 12:00:00,56.41
2021-01-10 13:00:00,53.18
2021-01-10 14:00:00,54.85
2021-01-10 15:00:00,56.52
2021-01-10 16:00:00,62.09
2021-01-10 17:00:00,65.11
2021-01-10 18:00:00,73.91
2021-01-10 19:00:00,63.58
2021-01-10 20:00:00,57.43
2021-01-10 21:00:00,56.84
2021-01-10 22:00:00,60.72
2021-01-10 23:00:00,58.25
2021-01-11 00:00:00,53.19
2021-01-11 01:00:00,50.87
2021-01-11 02:00:00,47.69
2021-01-11 03:00:00,46.36
2021-01-11 04:00:00,52.3
2021-01-11 05:00:00,62.51
2021-01-11 06:00:00,77.9
2021-01-11 07:00:00,86.4
2021-01-11 08:00:00,89.06
2021-01-11 09:00:00,77.2
2021-01-11 10:00:00,74.07
2021-01-11 11:00:00,72.94
2021-01-11 12:00:00,71.38
2021-01-11 13:00:00,69.21
2021-01-11 14:00:00,69.04
2021-01-11 15:00:00,69.81
2021-01-11 16:00:00,75.0
2021-01-11 17:00:00,83.0
2021-01-11 18:00:00,79.63
2021-01-11 19:00:00,70.95
2021-01-11 20:00:00,64.41
2021-01-11 21:00:00,62.25
2021-01-11 22:00:00,61.12
2021-01-11 23:00:00,56.18
2021-01-12 00:00:00,55.26
2021-01-12 01:00:00,54.67
2021-01-12 02:00:00,48.16
2021-01-12 03:00:00,46.57
2021-01-12 04:00:00,48.86
2021-01-12 05:00:00,50.05
2021-01-12 06:00:00,65.4
2021-01-12 07:00:00,62.12
2021-01-12 08:00:00,68.46
2021-01-12 09:00:00,67.79
2021-01-12 10:00:00,70.78
2021-01-12 11:00:00,70.7
2021-01-12 12:00:00,69.5
2021-01-12 13:00:00,68.77
2021-01-12 14:00:00,73.6
2021-01-12 15:00:00,65.63
2021-01-12 16:00:00,74.76
2021-01-12 17:00:00,78.93
2021-01-12 18:00:00,77.1
2021-01-12 19:00:00,70.0
2021-01-12 20:00:00,60.03
2021-01-12 21:00:00,61.56
2021-01-12 22:00:00,59.97
2021-01-12 23:00:00,64.68
2021-01-13 00:00:00,61.6
2021-01-13 01:00:00,60.99
2021-01-13 02:00:00,55.84
2021-01-13 03:00:00,55.43
2021-01-13 04:00:00,61.4
2021-01-13 05:00:00,71.2
2021-01-13 06:00:00,84.0
2021-01-13 07:00:00,88.33
2021-01-13 08:00:00,95.46
2021-01-13 09:00:00,85.08
2021-01-13 10:00:00,81.07
2021-01-13 11:00:00,83.76
2021-01-13 12:00:00,77.56
2021-01-13 13:00:00,76.37
2021-01-13 14:00:00,77.78
2021-01-13 15:00:00,73.58
2021-01-13 16:00:00,86.42
2021-01-13 17:00:00,87.69
2021-01-13 18:00:00,85.96
2021-01-13 19:00:00,69.55
2021-01-13 20:00:00,58.41
2021-01-13 21:00:00,64.64
2021-01-13 22:00:00,65.7
2021-01-13 23:00:00,57.65
2021-01-14 00:00:00,58.6
2021-01-14 01:00:00,57.71
2021-01-14 02:00:00,45.96
2021-01-14 03:00:00,43.7
2021-01-14 04:00:00,47.91
2021-01-14 05:00:00,60.04
2021-01-14 06:00:00,79.9
2021-01-14 07:00:00,88.82
2021-01-14 08:00:00,89.27
2021-01-14 09:00:00,89.63
2021-01-14 10:00:00,91.05
2021-01-14 11:00:00,88.75
2021-01-14 12:00:00,87.1
2021-01-14 13:00:00,83.98
2021-01-14 14:00:00,79.96
2021-01-14 15:00:00,83.42
2021-01-14 16:00:00,95.98
2021-01-14 17:00:00,90.16
2021-01-14 18:00:00,87.7
2021-01-14 19:00:00,74.58
2021-01-14 20:00:00,62.74
2021-01-14 21:00:00,59.82
2021-01-14 22:00:00,55.6
2021-01-14 23:00:00,48.98
2021-01-15 00:00:00,48.66
2021-01-15 01:00:00,47.7
2021-01-15 02:00:00,46.6
2021-01-15 03:00:00,48.0
2021-01-15 04:00:00,51.52
2021-01-15 05:00:00,62.97
2021-01-15 06:00:00,77.94
2021-01-15 07:00:00,90.04
2021-01-15 08:00:00,97.76
2021-01-15 09:00:00,90.69
2021-01-15 10:00:00,86.97
2021-01-15 11:00:00,79.25
2021-01-15 12:00:00,76.64
2021-01-15 13:00:00,77.14
2021-01-15 14:00:00,76.98
2021-01-15 15:00:00,82.0
2021-01-15 16:00:00,88.22
2021-01-15 17:00:00,98.02
2021-01-15 18:00:00,95.01
2021-01-15 19:00:00,77.2
2021-01-15 20:00:00,67.18
2021-01-15 21:00:00,63.19
2021-01-15 22:00:00,57.01
2021-01-15 23:00:00,64.37
2021-01-16 00:00:00,59.91
2021-01-16 01:00:00,55.1
2021-01-16 02:00:00,52.2
2021-01-16 03:00:00,49.51
2021-01-16 04:00:00,48.52
2021-01-16 05:00:00,49.67
2021-01-16 06:00:00,53.51
2021-01-16 07:00:00,61.96
2021-01-16 08:00:00,65.3
2021-01-16 09:00:00,66.5
2021-01-16 10:00:00,63.5
2021-01-16 11:00:00,63.37
2021-01-16 12:00:00,57.14
2021-01-16 13:00:00,52.3
2021-01-16 14:00:00,50.65
2021-01-16 15:00:00,57.7
2021-01-16 16:00:00,65.01
2021-01-16 17:00:00,66.4
2021-01-16 18:00:00,63.8
2021-01-16 19:00:00,60.35
2021-01-16 20:00:00,54.09
2021-01-16 21:00:00,53.2
2021-01-16 22:00:00,52.67
2021-01-16 23:00:00,51.07
2021-01-17 00:00:00,51.08
2021-01-17 01:00:00,50.25
2021-01-17 02:00:00,46.09
2021-01-17 03:00:00,45.8
2021-01-17 04:00:00,45.42
2021-01-17 05:00:00,46.74
2021-01-17 06:00:00,49.95
2021-01-17 07:00:00,49.13
2021-01-17 08:00:00,57.67
2021-01-17 09:00:00,61.17
2021-01-17 10:00:00,62.4
2021-01-17 11:00:00,63.45
2021-01-17 12:00:00,55.08
2021-01-17 13:00:00,49.95
2021-01-17 14:00:00,53.48
2021-01-17 15:00:00,60.6
2021-01-17 16:00:00,67.05
2021-01-17 17:00:00,72.0
2021-01-17 18:00:00,75.0
2021-01-17 19:00:00,67.63
2021-01-17 20:00:00,62.25
2021-01-17 21:00:00,60.48
2021-01-17 22:00:00,56.0
2021-01-17 23:00:00,53.37
2021-01-18 00:00:00,49.16
2021-01-18 01:00:00,48.93
2021-01-18 02:00:00,47.01
2021-01-18 03:00:00,46.96
2021-01-18 04:00:00,51.0
2021-01-18 05:00:00,67.64
2021-01-18 06:00:00,80.22
2021-01-18 07:00:00,83.59
2021-01-18 08:00:00,85.66
2021-01-18 09:00:00,79.71
2021-01-18 10:00:00,75.61
2021-01-18 11:00:00,75.79
2021-01-18 12:00:00,75.0
2021-01-18 13:00:00,69.94
2021-01-18 14:00:00,70.38
2021-01-18 15:00:00,68.98
2021-01-18 16:00:00,77.94
2021-01-18 17:00:00,88.63
2021-01-18 18:00:00,87.0
2021-01-18 19:00:00,79.4
2021-01-18 20:00:00,68.5
2021-01-18 21:00:00,65.58
2021-01-18 22:00:00,64.0
2021-01-18 23:00:00,55.0
2021-01-19 00:00:00,52.3
2021-01-19 01:00:00,48.87
2021-01-19 02:00:00,42.35
2021-01-19 03:00:00,41.31
2021-01-19 04:00:00,42.86
2021-01-19 05:00:00,49.67
2021-01-19 06:00:00,69.17
2021-01-19 07:00:00,73.76
2021-01-19 08:00:00,75.07
2021-01-19 09:00:00,71.07
2021-01-19 10:00:00,69.16
2021-01-19 11:00:00,70.65
2021-01-19 12:00:00,69.97
2021-01-19 13:00:00,62.09
2021-01-19 14:00:00,62.71
2021-01-19 15:00:00,65.39
2021-01-19 16:00:00,68.89
2021-01-19 17:00:00,74.09
2021-01-19 18:00:00,72.64
2021-01-19 19:00:00,61.2
2021-01-19 20:00:00,46.34
2021-01-19 21:00:00,52.22
2021-01-19 22:00:00,52.57
2021-01-19 23:00:00,50.15
2021-01-20 00:00:00,44.7
2021-01-20 01:00:00,40.25
2021-01-20 02:00:00,38.49
2021-01-20 03:00:00,29.67
2021-01-20 04:00:00,36.65
2021-01-20 05:00:00,44.97
2021-01-20 06:00:00,56.12
2021-01-20 07:00:00,60.69
2021-01-20 08:00:00,64.05
2021-01-20 09:00:00,63.83
2021-01-20 10:00:00,59.64
2021-01-20 11:00:00,55.01
2021-01-20 12:00:00,51.6
2021-01-20 13:00:00,49.86
2021-01-20 14:00:00,44.95
2021-01-20 15:00:00,48.03
2021-01-20 16:00:00,54.01
2021-01-20 17:00:00,58.2
2021-01-20 18:00:00,55.1
2021-01-20 19:00:00,49.05
2021-01-20 20:00:00,41.0
2021-01-20 21:00:00,40.51
2021-01-20 22:00:00,42.7
2021-01-20 23:00:00,28.38
2021-01-21 00:00:00,21.12
2021-01-21 01:00:00,11.19
2021-01-21 02:00:00,3.67
2021-01-21 03:00:00,3.15
2021-01-21 04:00:00,16.77
2021-01-21 05:00:00,37.5
2021-01-21 06:00:00,49.52
2021-01-21 07:00:00,56.3
2021-01-21 08:00:00,58.75
2021-01-21 09:00:00,55.84
2021-01-21 10:00:00,54.28
2021-01-21 11:00:00,50.56
2021-01-21 12:00:00,49.72
2021-01-21 13:00:00,43.73
2021-01-21 14:00:00,46.9
2021-01-21 15:00:00,47.34
2021-01-21 16:00:00,55.06
2021-01-21 17:00:00,55.84
2021-01-21 18:00:00,57.26
2021-01-21 19:00:00,55.16
2021-01-21 20:00:00,48.92
2021-01-21 21:00:00,48.97
2021-01-21 22:00:00,42.4
2021-01-21 23:00:00,35.95
2021-01-22 00:00:00,28.95
2021-01-22 01:00:00,25.71
2021-01-22 02:00:00,23.96
2021-01-22 03:00:00,23.03
2021-01-22 04:00:00,35.38
2021-01-22 05:00:00,43.27
2021-01-22 06:00:00,57.06
2021-01-22 07:00:00,60.9
2021-01-22 08:00:00,61.6
2021-01-22 09:00:00,58.78
2021-01-22 10:00:00,57.67
2021-01-22 11:00:00,60.01
2021-01-22 12:00:00,57.43
2021-01-22 13:00:00,55.24
2021-01-22 14:00:00,54.49
2021-01-22 15:00:00,57.31
2021-01-22 16:00:00,64.48
2021-01-22 17:00:00,66.77
2021-01-22 18:00:00,63.89
2021-01-22 19:00:00,55.59
2021-01-22 20:00:00,52.91
2021-01-22 21:00:00,51.79
2021-01-22 22:00:00,46.64
2021-01-22 23:00:00,46.24
2021-01-23 00:00:00,43.79
2021-01-23 01:00:00,44.38
2021-01-23 02:00:00,42.31
2021-01-23 03:00:00,38.91
2021-01-23 04:00:00,41.97
2021-01-23 05:00:00,42.4
2021-01-23 06:00:00,45.88
2021-01-23 07:00:00,50.0
2021-01-23 08:00:00,56.92
2021-01-23 09:00:00,58.15
2021-01-23 10:00:00,58.95
2021-01-23 11:00:00,56.63
2021-01-23 12:00:00,52.0
2021-01-23 13:00:00,51.0
2021-01-23 14:00:00,53.65
2021-01-23 15:00:00,58.3
2021-01-23 16:00:00,63.09
2021-01-23 17:00:00,66.13
2021-01-23 18:00:00,63.29
2021-01-23 19:00:00,58.16
2021-01-23 20:00:00,52.8
2021-01-23 21:00:00,51.2
2021-01-23 22:00:00,47.18
2021-01-23 23:00:00,44.8
2021-01-24 00:00:00,40.67
2021-01-24 01:00:00,41.24
2021-01-24 02:00:00,40.24
2021-01-24 03:00:00,39.78
2021-01-24 04:00:00,39.9
2021-01-24 05:00:00,40.56
2021-01-24 06:00:00,41.97
2021-01-24 07:00:00,46.0
2021-01-24 08:00:00,51.45
2021-01-24 09:00:00,53.09
2021-01-24 10:00:00,54.34
2021-01-24 11:00:00,51.86
2021-01-24 12:00:00,45.99
2021-01-24 13:00:00,44.34
2021-01-24 14:00:00,45.93
2021-01-24 15:00:00,52.0
2021-01-24 16:00:00,59.65
2021-01-24 17:00:00,65.0
2021-01-24 18:00:00,64.13
2021-01-24 19:00:00,59.3
2021-01-24 20:00:00,55.76
2021-01-24 21:00:00,53.93
2021-01-24 22:00:00,47.89
2021-01-24 23:00:00,46.62
2021-01-25 00:00:00,43.09
2021-01-25 01:00:00,43.0
2021-01-25 02:00:00,42.59
2021-01-25 03:00:00,42.2
2021-01-25 04:00:00,45.66
2021-01-25 05:00:00,61.95
2021-01-25 06:00:00,70.0
2021-01-25 07:00:00,75.62
2021-01-25 08:00:00,79.67
2021-01-25 09:00:00,74.95
2021-01-25 10:00:00,70.53
2021-01-25 11:00:00,69.02
2021-01-25 12:00:00,67.0
2021-01-25 13:00:00,63.24
2021-01-25 14:00:00,61.58
2021-01-25 15:00:00,64.83
2021-01-25 16:00:00,71.69
2021-01-25 17:00:00,73.88
2021-01-25 18:00:00,74.86
2021-01-25 19:00:00,68.42
2021-01-25 20:00:00,59.17
2021-01-25 21:00:00,58.4
2021-01-25 22:00:00,52.77
2021-01-25 23:00:00,57.69
2021-01-26 00:00:00,52.56
2021-01-26 01:00:00,51.41
2021-01-26 02:00:00,48.8
2021-01-26 03:00:00,46.1
2021-01-26 04:00:00,51.42
2021-01-26 05:00:00,59.53
2021-01-26 06:00:00,69.05
2021-01-26 07:00:00,73.95
2021-01-26 08:00:00,79.68
2021-01-26 09:00:00,73.91
2021-01-26 10:00:00,72.0
2021-01-26 11:00:00,70.0
2021-01-26 12:00:00,68.08
2021-01-26 13:00:00,66.71
2021-01-26 14:00:00,68.15
2021-01-26 15:00:00,68.75
2021-01-26 16:00:00,73.73
2021-01-26 17:00:00,82.04
2021-01-26 18:00:00,75.5
2021-01-26 19:00:00,67.17
2021-01-26 20:00:00,55.66
2021-01-26 21:00:00,58.51
2021-01-26 22:00:00,48.52
2021-01-26 23:00:00,49.24
2021-01-27 00:00:00,44.97
2021-01-27 01:00:00,43.32
2021-01-27 02:00:00,42.04
2021-01-27 03:00:00,42.27
2021-01-27 04:00:00,44.93
2021-01-27 05:00:00,51.25
2021-01-27 06:00:00,65.43
2021-01-27 07:00:00,67.38
2021-01-27 08:00:00,70.67
2021-01-27 09:00:00,68.2
2021-01-27 10:00:00,67.58
2021-01-27 11:00:00,65.78
2021-01-27 12:00:00,64.28
2021-01-27 13:00:00,62.97
2021-01-27 14:00:00,63.65
2021-01-27 15:00:00,65.9
2021-01-27 16:00:00,68.17
2021-01-27 17:00:00,70.48
2021-01-27 18:00:00,70.6
2021-01-27 19:00:00,65.73
2021-01-27 20:00:00,59.85
2021-01-27 21:00:00,55.86
2021-01-27 22:00:00,51.63
2021-01-27 23:00:00,46.87
2021-01-28 00:00:00,44.93
2021-01-28 01:00:00,43.83
2021-01-28 02:00:00,42.4
2021-01-28 03:00:00,43.64
2021-01-28 04:00:00,44.41
2021-01-28 05:00:00,53.14
2021-01-28 06:00:00,63.26
2021-01-28 07:00:00,65.41
2021-01-28 08:00:00,66.1
2021-01-28 09:00:00,64.98
2021-01-28 10:00:00,64.0
2021-01-28 11:00:00,60.74
2021-01-28 12:00:00,59.31
2021-01-28 13:00:00,56.35
2021-01-28 14:00:00,53.2
2021-01-28 15:00:00,55.03
2021-01-28 16:00:00,60.49
2021-01-28 17:00:00,63.33
2021-01-28 18:00:00,63.74
2021-01-28 19:00:00,56.54
2021-01-28 20:00:00,52.02
2021-01-28 21:00:00,51.02
2021-01-28 22:00:00,45.51
2021-01-28 23:00:00,42.71
2021-01-29 00:00:00,38.25
2021-01-29 01:00:00,33.66
2021-01-29 02:00:00,29.99
2021-01-29 03:00:00,29.0
2021-01-29 04:00:00,33.0
2021-01-29 05:00:00,45.0
2021-01-29 06:00:00,55.34
2021-01-29 07:00:00,58.6
2021-01-29 08:00:00,58.89
2021-01-29 09:00:00,56.87
2021-01-29 10:00:00,54.67
2021-01-29 11:00:00,53.2
2021-01-29 12:00:00,49.01
2021-01-29 13:00:00,45.33
2021-01-29 14:00:00,44.85
2021-01-29 15:00:00,48.85
2021-01-29 16:00:00,54.68
2021-01-29 17:00:00,60.79
2021-01-29 18:00:00,59.38
2021-01-29 19:00:00,54.34
2021-01-29 20:00:00,50.03
2021-01-29 21:00:00,45.9
2021-01-29 22:00:00,42.79
2021-01-29 23:00:00,42.02
2021-01-30 00:00:00,40.17
2021-01-30 01:00:00,37.9
2021-01-30 02:00:00,36.27
2021-01-30 03:00:00,34.86
2021-01-30 04:00:00,38.09
2021-01-30 05:00:00,41.08
2021-01-30 06:00:00,43.35
2021-01-30 07:00:00,48.74
2021-01-30 08:00:00,57.73
2021-01-30 09:00:00,57.81
2021-01-30 10:00:00,57.78
2021-01-30 11:00:00,55.13
2021-01-30 12:00:00,50.6
2021-01-30 13:00:00,47.99
2021-01-30 14:00:00,48.05
2021-01-30 15:00:00,45.04
2021-01-30 16:00:00,59.69
2021-01-30 17:00:00,61.65
2021-01-30 18:00:00,59.62
2021-01-30 19:00:00,52.78
2021-01-30 20:00:00,46.96
2021-01-30 21:00:00,46.98
2021-01-30 22:00:00,42.3
2021-01-30 23:00:00,42.08
2021-01-31 00:00:00,40.98
2021-01-31 01:00:00,40.51
2021-01-31 02:00:00,39.5
2021-01-31 03:00:00,38.61
2021-01-31 04:00:00,40.41
2021-01-31 05:00:00,40.37
2021-01-31 06:00:00,41.29
2021-01-31 07:00:00,44.85
2021-01-31 08:00:00,49.15
2021-01-31 09:00:00,50.73
2021-01-31 10:00:00,51.14
2021-01-31 11:00:00,50.37
2021-01-31 12:00:00,46.23
2021-01-31 13:00:00,45.9
2021-01-31 14:00:00,47.92
2021-01-31 15:00:00,50.73
2021-01-31 16:00:00,59.45
2021-01-31 17:00:00,63.88
2021-01-31 18:00:00,62.35
2021-01-31 19:00:00,57.99
2021-01-31 20:00:00,51.34
2021-01-31 21:00:00,49.28
2021-01-31 22:00:00,45.36
2021-01-31 23:00:00,41.18
2021-02-01 00:00:00,40.0
2021-02-01 01:00:00,40.0
2021-02-01 02:00:00,38.51
2021-02-01 03:00:00,34.87
2021-02-01 04:00:00,39.99
2021-02-01 05:00:00,53.94
2021-02-01 06:00:00,63.39
2021-02-01 07:00:00,64.81
2021-02-01 08:00:00,65.1
2021-02-01 09:00:00,64.66
2021-02-01 10:00:00,65.57
2021-02-01 11:00:00,64.46
2021-02-01 12:00:00,64.76
2021-02-01 13:00:00,64.0
2021-02-01 14:00:00,62.18
2021-02-01 15:00:00,58.27
2021-02-01 16:00:00,63.04
2021-02-01 17:00:00,81.58
2021-02-01 18:00:00,69.9
2021-02-01 19:00:00,62.29
2021-02-01 20:00:00,56.36
2021-02-01 21:00:00,55.25
2021-02-01 22:00:00,49.4
2021-02-01 23:00:00,46.13
2021-02-02 00:00:00,45.05
2021-02-02 01:00:00,43.59
2021-02-02 02:00:00,41.04
2021-02-02 03:00:00,22.59
2021-02-02 04:00:00,30.67
2021-02-02 05:00:00,49.19
2021-02-02 06:00:00,62.2
2021-02-02 07:00:00,59.46
2021-02-02 08:00:00,65.05
2021-02-02 09:00:00,58.19
2021-02-02 10:00:00,56.19
2021-02-02 11:00:00,56.61
2021-02-02 12:00:00,48.64
2021-02-02 13:00:00,43.68
2021-02-02 14:00:00,45.19
2021-02-02 15:00:00,40.16
2021-02-02 16:00:00,54.35
2021-02-02 17:00:00,58.18
2021-02-02 18:00:00,58.06
2021-02-02 19:00:00,49.96
2021-02-02 20:00:00,47.47
2021-02-02 21:00:00,46.54
2021-02-02 22:00:00,40.62
2021-02-02 23:00:00,35.58
2021-02-03 00:00:00,28.52
2021-02-03 01:00:00,22.91
2021-02-03 02:00:00,12.77
2021-02-03 03:00:00,6.4
2021-02-03 04:00:00,22.64
2021-02-03 05:00:00,41.2
2021-02-03 06:00:00,55.91
2021-02-03 07:00:00,56.08
2021-02-03 08:00:00,56.08
2021-02-03 09:00:00,54.03
2021-02-03 10:00:00,56.97
2021-02-03 11:00:00,54.31
2021-02-03 12:00:00,48.09
2021-02-03 13:00:00,44.89
2021-02-03 14:00:00,41.15
2021-02-03 15:00:00,42.01
2021-02-03 16:00:00,48.01
2021-02-03 17:00:00,53.25
2021-02-03 18:00:00,53.2
2021-02-03 19:00:00,46.09
2021-02-03 20:00:00,42.88
2021-02-03 21:00:00,43.52
2021-02-03 22:00:00,38.32
2021-02-03 23:00:00,37.35
2021-02-04 00:00:00,35.49
2021-02-04 01:00:00,34.58
2021-02-04 02:00:00,31.99
2021-02-04 03:00:00,35.2
2021-02-04 04:00:00,39.37
2021-02-04 05:00:00,48.32
2021-02-04 06:00:00,57.15
2021-02-04 07:00:00,59.19
2021-02-04 08:00:00,60.0
2021-02-04 09:00:00,59.18
2021-02-04 10:00:00,56.43
2021-02-04 11:00:00,56.09
2021-02-04 12:00:00,55.69
2021-02-04 13:00:00,56.56
2021-02-04 14:00:00,58.15
2021-02-04 15:00:00,59.42
2021-02-04 16:00:00,61.16
2021-02-04 17:00:00,71.5
2021-02-04 18:00:00,67.51
2021-02-04 19:00:00,59.39
2021-02-04 20:00:00,53.78
2021-02-04 21:00:00,52.7
2021-02-04 22:00:00,48.05
2021-02-04 23:00:00,45.57
2021-02-05 00:00:00,44.01
2021-02-05 01:00:00,42.24
2021-02-05 02:00:00,41.2
2021-02-05 03:00:00,40.52
2021-02-05 04:00:00,43.36
2021-02-05 05:00:00,50.43
2021-02-05 06:00:00,58.65
2021-02-05 07:00:00,62.02
2021-02-05 08:00:00,61.03
2021-02-05 09:00:00,59.54
2021-02-05 10:00:00,58.54
2021-02-05 11:00:00,57.9
2021-02-05 12:00:00,54.51
2021-02-05 13:00:00,50.0
2021-02-05 14:00:00,48.0
2021-02-05 15:00:00,49.69
2021-02-05 16:00:00,56.92
2021-02-05 17:00:00,58.63
2021-02-05 18:00:00,57.46
2021-02-05 19:00:00,51.94
2021-02-05 20:00:00,49.89
2021-02-05 21:00:00,48.49
2021-02-05 22:00:00,45.99
2021-02-05 23:00:00,46.35
2021-02-06 00:00:00,40.52
2021-02-06 01:00:00,38.95
2021-02-06 02:00:00,35.08
2021-02-06 03:00:00,33.46
2021-02-06 04:00:00,32.11
2021-02-06 05:00:00,36.62
2021-02-06 06:00:00,40.35
2021-02-06 07:00:00,43.54
2021-02-06 08:00:00,45.89
2021-02-06 09:00:00,45.74
2021-02-06 10:00:00,43.32
2021-02-06 11:00:00,41.43
2021-02-06 12:00:00,39.77
2021-02-06 13:00:00,37.5
2021-02-06 14:00:00,33.95
2021-02-06 15:00:00,33.6
2021-02-06 16:00:00,41.35
2021-02-06 17:00:00,44.69
2021-02-06 18:00:00,42.98
2021-02-06 19:00:00,37.65
2021-02-06 20:00:00,30.29
2021-02-06 21:00:00,28.66
2021-02-06 22:00:00,26.4
2021-02-06 23:00:00,18.05
2021-02-07 00:00:00,14.0
2021-02-07 01:00:00,1.95
2021-02-07 02:00:00,0.2
2021-02-07 03:00:00,-2.01
2021-02-07 04:00:00,-0.06
2021-02-07 05:00:00,0.03
2021-02-07 06:00:00,1.95
2021-02-07 07:00:00,9.0
2021-02-07 08:00:00,26.33
2021-02-07 09:00:00,35.46
2021-02-07 10:00:00,41.96
2021-02-07 11:00:00,40.88
2021-02-07 12:00:00,34.26
2021-02-07 13:00:00,22.66
2021-02-07 14:00:00,25.53
2021-02-07 15:00:00,31.05
2021-02-07 16:00:00,42.27
2021-02-07 17:00:00,54.22
2021-02-07 18:00:00,55.39
2021-02-07 19:00:00,49.78
2021-02-07 20:00:00,39.8
2021-02-07 21:00:00,42.83
2021-02-07 22:00:00,39.14
2021-02-07 23:00:00,35.58
2021-02-08 00:00:00,28.59
2021-02-08 01:00:00,20.0
2021-02-08 02:00:00,12.79
2021-02-08 03:00:00,14.68
2021-02-08 04:00:00,33.41
2021-02-08 05:00:00,49.59
2021-02-08 06:00:00,63.44
2021-02-08 07:00:00,61.5
2021-02-08 08:00:00,64.17
2021-02-08 09:00:00,63.21
2021-02-08 10:00:00,63.07
2021-02-08 11:00:00,61.89
2021-02-08 12:00:00,60.17
2021-02-08 13:00:00,60.54
2021-02-08 14:00:00,54.96
2021-02-08 15:00:00,55.06
2021-02-08 16:00:00,61.45
2021-02-08 17:00:00,64.32
2021-02-08 18:00:00,63.15
2021-02-08 19:00:00,59.64
2021-02-08 20:00:00,51.78
2021-02-08 21:00:00,52.0
2021-02-08 22:00:00,46.58
2021-02-08 23:00:00,48.87
2021-02-09 00:00:00,47.55
2021-02-09 01:00:00,46.79
2021-02-09 02:00:00,46.05
2021-02-09 03:00:00,46.4
2021-02-09 04:00:00,47.97
2021-02-09 05:00:00,62.31
2021-02-09 06:00:00,80.76
2021-02-09 07:00:00,80.64
2021-02-09 08:00:00,81.18
2021-02-09 09:00:00,79.98
2021-02-09 10:00:00,77.97
2021-02-09 11:00:00,75.8
2021-02-09 12:00:00,71.32
2021-02-09 13:00:00,70.64
2021-02-09 14:00:00,71.82
2021-02-09 15:00:00,71.02
2021-02-09 16:00:00,79.06
2021-02-09 17:00:00,80.0
2021-02-09 18:00:00,74.0
2021-02-09 19:00:00,64.95
2021-02-09 20:00:00,56.62
2021-02-09 21:00:00,55.67
2021-02-09 22:00:00,50.09
2021-02-09 23:00:00,51.5
2021-02-10 00:00:00,49.55
2021-02-10 01:00:00,48.35
2021-02-10 02:00:00,47.5
2021-02-10 03:00:00,47.68
2021-02-10 04:00:00,49.2
2021-02-10 05:00:00,60.0
2021-02-10 06:00:00,76.38
2021-02-10 07:00:00,92.33
2021-02-10 08:00:00,98.62
2021-02-10 09:00:00,93.68
2021-02-10 10:00:00,88.32
2021-02-10 11:00:00,79.99
2021-02-10 12:00:00,75.91
2021-02-10 13:00:00,74.96
2021-02-10 14:00:00,76.19
2021-02-10 15:00:00,80.18
2021-02-10 16:00:00,94.15
2021-02-10 17:00:00,109.86
2021-02-10 18:00:00,88.09
2021-02-10 19:00:00,73.26
2021-02-10 20:00:00,64.19
2021-02-10 21:00:00,60.29
2021-02-10 22:00:00,59.44
2021-02-10 23:00:00,55.64
2021-02-11 00:00:00,53.13
2021-02-11 01:00:00,52.75
2021-02-11 02:00:00,50.04
2021-02-11 03:00:00,50.02
2021-02-11 04:00:00,57.41
2021-02-11 05:00:00,70.9
2021-02-11 06:00:00,103.95
2021-02-11 07:00:00,136.71
2021-02-11 08:00:00,133.19
2021-02-11 09:00:00,98.14
2021-02-11 10:00:00,91.52
2021-02-11 11:00:00,80.52
2021-02-11 12:00:00,72.7
2021-02-11 13:00:00,70.4
2021-02-11 14:00:00,71.93
2021-02-11 15:00:00,70.96
2021-02-11 16:00:00,93.6
2021-02-11 17:00:00,133.53
2021-02-11 18:00:00,99.31
2021-02-11 19:00:00,74.33
2021-02-11 20:00:00,62.3
2021-02-11 21:00:00,59.1
2021-02-11 22:00:00,54.04
2021-02-11 23:00:00,50.95
2021-02-12 00:00:00,49.09
2021-02-12 01:00:00,49.22
2021-02-12 02:00:00,48.11
2021-02-12 03:00:00,47.68
2021-02-12 04:00:00,49.03
2021-02-12 05:00:00,62.9
2021-02-12 06:00:00,75.2
2021-02-12 07:00:00,79.46
2021-02-12 08:00:00,82.76
2021-02-12 09:00:00,76.58
2021-02-12 10:00:00,74.0
2021-02-12 11:00:00,69.6
2021-02-12 12:00:00,66.39
2021-02-12 13:00:00,58.73
2021-02-12 14:00:00,57.67
2021-02-12 15:00:00,65.27
2021-02-12 16:00:00,71.24
2021-02-12 17:00:00,79.95
2021-02-12 18:00:00,74.35
2021-02-12 19:00:00,67.97
2021-02-12 20:00:00,62.68
2021-02-12 21:00:00,55.64
2021-02-12 22:00:00,48.54
2021-02-12 23:00:00,48.07
2021-02-13 00:00:00,47.14
2021-02-13 01:00:00,47.02
2021-02-13 02:00:00,45.58
2021-02-13 03:00:00,44.68
2021-02-13 04:00:00,45.42
2021-02-13 05:00:00,45.72
2021-02-13 06:00:00,49.75
2021-02-13 07:00:00,60.02
2021-02-13 08:00:00,64.54
2021-02-13 09:00:00,62.69
2021-02-13 10:00:00,60.71
2021-02-13 11:00:00,58.3
2021-02-13 12:00:00,51.88
2021-02-13 13:00:00,46.36
2021-02-13 14:00:00,48.15
2021-02-13 15:00:00,54.05
2021-02-13 16:00:00,64.38
2021-02-13 17:00:00,72.96
2021-02-13 18:00:00,69.0
2021-02-13 19:00:00,63.26
2021-02-13 20:00:00,57.67
2021-02-13 21:00:00,53.58
2021-02-13 22:00:00,50.55
2021-02-13 23:00:00,47.79
2021-02-14 00:00:00,46.53
2021-02-14 01:00:00,45.25
2021-02-14 02:00:00,42.9
2021-02-14 03:00:00,42.37
2021-02-14 04:00:00,42.14
2021-02-14 05:00:00,42.66
2021-02-14 06:00:00,45.66
2021-02-14 07:00:00,47.0
2021-02-14 08:00:00,49.92
2021-02-14 09:00:00,50.18
2021-02-14 10:00:00,51.49
2021-02-14 11:00:00,50.1
2021-02-14 12:00:00,42.54
2021-02-14 13:00:00,41.5
2021-02-14 14:00:00,42.78
2021-02-14 15:00:00,45.0
2021-02-14 16:00:00,53.97
2021-02-14 17:00:00,62.2
2021-02-14 18:00:00,61.72
2021-02-14 19:00:00,51.79
2021-02-14 20:00:00,44.45
2021-02-14 21:00:00,49.78
2021-02-14 22:00:00,47.84
2021-02-14 23:00:00,38.46
2021-02-15 00:00:00,37.16
2021-02-15 01:00:00,37.07
2021-02-15 02:00:00,34.23
2021-02-15 03:00:00,31.29
2021-02-15 04:00:00,39.43
2021-02-15 05:00:00,46.66
2021-02-15 06:00:00,62.7
2021-02-15 07:00:00,62.6
2021-02-15 08:00:00,67.41
2021-02-15 09:00:00,64.55
2021-02-15 10:00:00,62.39
2021-02-15 11:00:00,60.85
2021-02-15 12:00:00,55.95
2021-02-15 13:00:00,50.79
2021-02-15 14:00:00,50.52
2021-02-15 15:00:00,52.17
2021-02-15 16:00:00,58.92
2021-02-15 17:00:00,68.11
2021-02-15 18:00:00,68.28
2021-02-15 19:00:00,56.44
2021-02-15 20:00:00,48.2
2021-02-15 21:00:00,50.01
2021-02-15 22:00:00,46.11
2021-02-15 23:00:00,46.29
2021-02-16 00:00:00,44.28
2021-02-16 01:00:00,43.52
2021-02-16 02:00:00,42.22
2021-02-16 03:00:00,42.35
2021-02-16 04:00:00,44.97
2021-02-16 05:00:00,50.44
2021-02-16 06:00:00,63.37
2021-02-16 07:00:00,67.64
2021-02-16 08:00:00,68.78
2021-02-16 09:00:00,62.77
2021-02-16 10:00:00,62.65
2021-02-16 11:00:00,59.04
2021-02-16 12:00:00,55.85
2021-02-16 13:00:00,49.29
2021-02-16 14:00:00,46.91
2021-02-16 15:00:00,47.42
2021-02-16 16:00:00,55.33
2021-02-16 17:00:00,64.38
2021-02-16 18:00:00,68.25
2021-02-16 19:00:00,61.24
2021-02-16 20:00:00,50.03
2021-02-16 21:00:00,48.25
2021-02-16 22:00:00,43.05
2021-02-16 23:00:00,42.01
2021-02-17 00:00:00,41.36
2021-02-17 01:00:00,40.0
2021-02-17 02:00:00,37.4
2021-02-17 03:00:00,38.04
2021-02-17 04:00:00,38.83
2021-02-17 05:00:00,41.83
2021-02-17 06:00:00,53.36
2021-02-17 07:00:00,60.25
2021-02-17 08:00:00,61.27
2021-02-17 09:00:00,56.74
2021-02-17 10:00:00,52.53
2021-02-17 11:00:00,46.94
2021-02-17 12:00:00,44.29
2021-02-17 13:00:00,45.4
2021-02-17 14:00:00,46.2
2021-02-17 15:00:00,53.8
2021-02-17 16:00:00,61.0
2021-02-17 17:00:00,71.27
2021-02-17 18:00:00,65.73
2021-02-17 19:00:00,57.6
2021-02-17 20:00:00,48.37
2021-02-17 21:00:00,47.58
2021-02-17 22:00:00,44.99
2021-02-17 23:00:00,42.26
2021-02-18 00:00:00,41.01
2021-02-18 01:00:00,39.1
2021-02-18 02:00:00,38.77
2021-02-18 03:00:00,37.52
2021-02-18 04:00:00,40.05
2021-02-18 05:00:00,46.65
2021-02-18 06:00:00,60.16
2021-02-18 07:00:00,61.9
2021-02-18 08:00:00,59.15
2021-02-18 09:00:00,51.16
2021-02-18 10:00:00,48.79
2021-02-18 11:00:00,45.82
2021-02-18 12:00:00,44.16
2021-02-18 13:00:00,44.19
2021-02-18 14:00:00,43.36
2021-02-18 15:00:00,44.4
2021-02-18 16:00:00,47.78
2021-02-18 17:00:00,55.72
2021-02-18 18:00:00,61.16
2021-02-18 19:00:00,60.0
2021-02-18 20:00:00,52.75
2021-02-18 21:00:00,50.47
2021-02-18 22:00:00,44.05
2021-02-18 23:00:00,37.1
2021-02-19 00:00:00,37.02
2021-02-19 01:00:00,37.48
2021-02-19 02:00:00,36.03
2021-02-19 03:00:00,36.71
2021-02-19 04:00:00,38.96
2021-02-19 05:00:00,44.32
2021-02-19 06:00:00,56.0
2021-02-19 07:00:00,60.39
2021-02-19 08:00:00,58.31
2021-02-19 09:00:00,53.6
2021-02-19 10:00:00,48.41
2021-02-19 11:00:00,46.88
2021-02-19 12:00:00,43.93
2021-02-19 13:00:00,44.08
2021-02-19 14:00:00,50.06
2021-02-19 15:00:00,52.41
2021-02-19 16:00:00,56.12
2021-02-19 17:00:00,62.53
2021-02-19 18:00:00,57.97
2021-02-19 19:00:00,49.04
2021-02-19 20:00:00,45.86
2021-02-19 21:00:00,46.06
2021-02-19 22:00:00,41.68
2021-02-19 23:00:00,39.51
2021-02-20 00:00:00,37.66
2021-02-20 01:00:00,36.35
2021-02-20 02:00:00,35.02
2021-02-20 03:00:00,35.02
2021-02-20 04:00:00,32.42
2021-02-20 05:00:00,35.13
2021-02-20 06:00:00,37.01
2021-02-20 07:00:00,38.95
2021-02-20 08:00:00,36.88
2021-02-20 09:00:00,30.0
2021-02-20 10:00:00,28.18
2021-02-20 11:00:00,27.53
2021-02-20 12:00:00,20.01
2021-02-20 13:00:00,16.32
2021-02-20 14:00:00,23.13
2021-02-20 15:00:00,22.82
2021-02-20 16:00:00,37.74
2021-02-20 17:00:00,44.99
2021-02-20 18:00:00,41.11
2021-02-20 19:00:00,37.27
2021-02-20 20:00:00,28.6
2021-02-20 21:00:00,33.64
2021-02-20 22:00:00,30.51
2021-02-20 23:00:00,19.11
2021-02-21 00:00:00,16.95
2021-02-21 01:00:00,23.11
2021-02-21 02:00:00,13.44
2021-02-21 03:00:00,12.18
2021-02-21 04:00:00,18.91
2021-02-21 05:00:00,19.13
2021-02-21 06:00:00,29.01
2021-02-21 07:00:00,31.36
2021-02-21 08:00:00,34.58
2021-02-21 09:00:00,31.45
2021-02-21 10:00:00,32.08
2021-02-21 11:00:00,32.68
2021-02-21 12:00:00,25.47
2021-02-21 13:00:00,25.76
2021-02-21 14:00:00,35.09
2021-02-21 15:00:00,35.37
2021-02-21 16:00:00,44.75
2021-02-21 17:00:00,58.06
2021-02-21 18:00:00,56.61
2021-02-21 19:00:00,50.11
2021-02-21 20:00:00,41.94
2021-02-21 21:00:00,43.87
2021-02-21 22:00:00,40.64
2021-02-21 23:00:00,40.04
2021-02-22 00:00:00,39.41
2021-02-22 01:00:00,38.01
2021-02-22 02:00:00,37.77
2021-02-22 03:00:00,37.22
2021-02-22 04:00:00,39.29
2021-02-22 05:00:00,49.49
2021-02-22 06:00:00,57.85
2021-02-22 07:00:00,58.99
2021-02-22 08:00:00,55.04
2021-02-22 09:00:00,46.54
2021-02-22 10:00:00,44.81
2021-02-22 11:00:00,44.35
2021-02-22 12:00:00,43.47
2021-02-22 13:00:00,44.61
2021-02-22 14:00:00,51.93
2021-02-22 15:00:00,49.76
2021-02-22 16:00:00,52.4
2021-02-22 17:00:00,64.01
2021-02-22 18:00:00,65.68
2021-02-22 19:00:00,57.97
2021-02-22 20:00:00,52.09
2021-02-22 21:00:00,49.3
2021-02-22 22:00:00,44.1
2021-02-22 23:00:00,41.71
2021-02-23 00:00:00,40.13
2021-02-23 01:00:00,39.17
2021-02-23 02:00:00,37.73
2021-02-23 03:00:00,37.63
2021-02-23 04:00:00,39.06
2021-02-23 05:00:00,43.53
2021-02-23 06:00:00,56.95
2021-02-23 07:00:00,59.22
2021-02-23 08:00:00,56.2
2021-02-23 09:00:00,49.87
2021-02-23 10:00:00,41.86
2021-02-23 11:00:00,39.9
2021-02-23 12:00:00,38.9
2021-02-23 13:00:00,39.0
2021-02-23 14:00:00,39.74
2021-02-23 15:00:00,37.43
2021-02-23 16:00:00,40.0
2021-02-23 17:00:00,58.37
2021-02-23 18:00:00,58.03
2021-02-23 19:00:00,51.35
2021-02-23 20:00:00,44.49
2021-02-23 21:00:00,40.1
2021-02-23 22:00:00,35.22
2021-02-23 23:00:00,20.69
2021-02-24 00:00:00,20.56
2021-02-24 01:00:00,22.97
2021-02-24 02:00:00,15.91
2021-02-24 03:00:00,10.65
2021-02-24 04:00:00,17.08
2021-02-24 05:00:00,33.6
2021-02-24 06:00:00,41.3
2021-02-24 07:00:00,52.2
2021-02-24 08:00:00,52.2
2021-02-24 09:00:00,38.02
2021-02-24 10:00:00,36.04
2021-02-24 11:00:00,33.43
2021-02-24 12:00:00,33.34
2021-02-24 13:00:00,31.32
2021-02-24 14:00:00,32.49
2021-02-24 15:00:00,40.42
2021-02-24 16:00:00,46.19
2021-02-24 17:00:00,60.93
2021-02-24 18:00:00,57.31
2021-02-24 19:00:00,51.09
2021-02-24 20:00:00,43.59
2021-02-24 21:00:00,43.77
2021-02-24 22:00:00,36.7
2021-02-24 23:00:00,35.57
2021-02-25 00:00:00,35.08
2021-02-25 01:00:00,34.49
2021-02-25 02:00:00,33.3
2021-02-25 03:00:00,35.07
2021-02-25 04:00:00,38.66
2021-02-25 05:00:00,43.1
2021-02-25 06:00:00,54.44
2021-02-25 07:00:00,53.9
2021-02-25 08:00:00,49.81
2021-02-25 09:00:00,42.69
2021-02-25 10:00:00,41.48
2021-02-25 11:00:00,40.86
2021-02-25 12:00:00,40.13
2021-02-25 13:00:00,42.4
2021-02-25 14:00:00,46.23
2021-02-25 15:00:00,51.07
2021-02-25 16:00:00,55.0
2021-02-25 17:00:00,64.9
2021-02-25 18:00:00,65.73
2021-02-25 19:00:00,56.91
2021-02-25 20:00:00,53.5
2021-02-25 21:00:00,48.44
2021-02-25 22:00:00,45.0
2021-02-25 23:00:00,45.1
2021-02-26 00:00:00,41.8
2021-02-26 01:00:00,40.99
2021-02-26 02:00:00,40.24
2021-02-26 03:00:00,40.7
2021-02-26 04:00:00,42.73
2021-02-26 05:00:00,54.39
2021-02-26 06:00:00,60.54
2021-02-26 07:00:00,60.85
2021-02-26 08:00:00,55.51
2021-02-26 09:00:00,50.6
2021-02-26 10:00:00,45.56
2021-02-26 11:00:00,44.1
2021-02-26 12:00:00,40.19
2021-02-26 13:00:00,39.0
2021-02-26 14:00:00,40.14
2021-02-26 15:00:00,43.16
2021-02-26 16:00:00,51.33
2021-02-26 17:00:00,57.91
2021-02-26 18:00:00,57.53
2021-02-26 19:00:00,54.94
2021-02-26 20:00:00,48.65
2021-02-26 21:00:00,46.28
2021-02-26 22:00:00,42.71
2021-02-26 23:00:00,44.0
2021-02-27 00:00:00,40.49
2021-02-27 01:00:00,42.32
2021-02-27 02:00:00,38.4
2021-02-27 03:00:00,39.3
2021-02-27 04:00:00,39.61
2021-02-27 05:00:00,43.34
2021-02-27 06:00:00,48.69
2021-02-27 07:00:00,53.72
2021-02-27 08:00:00,52.37
2021-02-27 09:00:00,45.62
2021-02-27 10:00:00,41.0
2021-02-27 11:00:00,38.71
2021-02-27 12:00:00,36.85
2021-02-27 13:00:00,36.38
2021-02-27 14:00:00,35.18
2021-02-27 15:00:00,34.42
2021-02-27 16:00:00,41.07
2021-02-27 17:00:00,58.24
2021-02-27 18:00:00,57.5
2021-02-27 19:00:00,54.27
2021-02-27 20:00:00,47.4
2021-02-27 21:00:00,46.05
2021-02-27 22:00:00,42.9
2021-02-27 23:00:00,41.7
2021-02-28 00:00:00,40.1
2021-02-28 01:00:00,39.55
2021-02-28 02:00:00,38.59
2021-02-28 03:00:00,38.85
2021-02-28 04:00:00,39.44
2021-02-28 05:00:00,40.06
2021-02-28 06:00:00,41.0
2021-02-28 07:00:00,41.94
2021-02-28 08:00:00,40.12
2021-02-28 09:00:00,38.9
2021-02-28 10:00:00,38.77
2021-02-28 11:00:00,36.0
2021-02-28 12:00:00,27.24
2021-02-28 13:00:00,25.7
2021-02-28 14:00:00,29.68
2021-02-28 15:00:00,32.25
2021-02-28 16:00:00,38.06
2021-02-28 17:00:00,54.88
2021-02-28 18:00:00,59.28
2021-02-28 19:00:00,55.27
2021-02-28 20:00:00,48.25
2021-02-28 21:00:00,49.06
2021-02-28 22:00:00,43.61
2021-02-28 23:00:00,42.5
2021-03-01 00:00:00,40.96
2021-03-01 01:00:00,41.0
2021-03-01 02:00:00,40.95
2021-03-01 03:00:00,40.8
2021-03-01 04:00:00,44.94
2021-03-01 05:00:00,57.4
2021-03-01 06:00:00,65.09
2021-03-01 07:00:00,66.38
2021-03-01 08:00:00,59.16
2021-03-01 09:00:00,52.4
2021-03-01 10:00:00,48.74
2021-03-01 11:00:00,45.02
2021-03-01 12:00:00,40.34
2021-03-01 13:00:00,40.03
2021-03-01 14:00:00,40.82
2021-03-01 15:00:00,43.84
2021-03-01 16:00:00,54.67
2021-03-01 17:00:00,68.49
2021-03-01 18:00:00,64.99
2021-03-01 19:00:00,57.36
2021-03-01 20:00:00,50.85
2021-03-01 21:00:00,48.21
2021-03-01 22:00:00,44.0
2021-03-01 23:00:00,44.32
2021-03-02 00:00:00,43.89
2021-03-02 01:00:00,43.36
2021-03-02 02:00:00,42.14
2021-03-02 03:00:00,42.1
2021-03-02 04:00:00,47.27
2021-03-02 05:00:00,55.91
2021-03-02 06:00:00,66.07
2021-03-02 07:00:00,71.04
2021-03-02 08:00:00,58.73
2021-03-02 09:00:00,53.01
2021-03-02 10:00:00,48.22
2021-03-02 11:00:00,47.51
2021-03-02 12:00:00,46.63
2021-03-02 13:00:00,46.08
2021-03-02 14:00:00,46.2
2021-03-02 15:00:00,52.89
2021-03-02 16:00:00,58.63
2021-03-02 17:00:00,79.31
2021-03-02 18:00:00,78.62
2021-03-02 19:00:00,63.45
2021-03-02 20:00:00,56.92
2021-03-02 21:00:00,55.48
2021-03-02 22:00:00,52.13
2021-03-02 23:00:00,46.93
2021-03-03 00:00:00,44.72
2021-03-03 01:00:00,43.81
2021-03-03 02:00:00,43.93
2021-03-03 03:00:00,43.87
2021-03-03 04:00:00,49.38
2021-03-03 05:00:00,58.99
2021-03-03 06:00:00,67.04
2021-03-03 07:00:00,66.75
2021-03-03 08:00:00,58.2
2021-03-03 09:00:00,53.61
2021-03-03 10:00:00,51.01
2021-03-03 11:00:00,49.0
2021-03-03 12:00:00,45.83
2021-03-03 13:00:00,44.1
2021-03-03 14:00:00,44.9
2021-03-03 15:00:00,46.98
2021-03-03 16:00:00,56.36
2021-03-03 17:00:00,67.68
2021-03-03 18:00:00,70.0
2021-03-03 19:00:00,60.22
2021-03-03 20:00:00,54.74
2021-03-03 21:00:00,52.24
2021-03-03 22:00:00,52.28
2021-03-03 23:00:00,48.12
2021-03-04 00:00:00,46.14
2021-03-04 01:00:00,44.25
2021-03-04 02:00:00,43.39
2021-03-04 03:00:00,43.96
2021-03-04 04:00:00,46.47
2021-03-04 05:00:00,55.8
2021-03-04 06:00:00,62.01
2021-03-04 07:00:00,65.71
2021-03-04 08:00:00,64.93
2021-03-04 09:00:00,60.05
2021-03-04 10:00:00,56.45
2021-03-04 11:00:00,55.0
2021-03-04 12:00:00,53.98
2021-03-04 13:00:00,53.23
2021-03-04 14:00:00,53.49
2021-03-04 15:00:00,53.07
2021-03-04 16:00:00,56.09
2021-03-04 17:00:00,62.13
2021-03-04 18:00:00,66.14
2021-03-04 19:00:00,57.6
2021-03-04 20:00:00,53.1
2021-03-04 21:00:00,50.57
2021-03-04 22:00:00,51.08
2021-03-04 23:00:00,48.57
2021-03-05 00:00:00,44.25
2021-03-05 01:00:00,42.65
2021-03-05 02:00:00,42.03
2021-03-05 03:00:00,43.39
2021-03-05 04:00:00,46.01
2021-03-05 05:00:00,55.22
2021-03-05 06:00:00,62.28
2021-03-05 07:00:00,67.97
2021-03-05 08:00:00,63.24
2021-03-05 09:00:00,56.47
2021-03-05 10:00:00,53.78
2021-03-05 11:00:00,51.99
2021-03-05 12:00:00,45.58
2021-03-05 13:00:00,43.62
2021-03-05 14:00:00,44.06
2021-03-05 15:00:00,48.51
2021-03-05 16:00:00,52.34
2021-03-05 17:00:00,64.16
2021-03-05 18:00:00,65.37
2021-03-05 19:00:00,59.17
2021-03-05 20:00:00,55.34
2021-03-05 21:00:00,53.15
2021-03-05 22:00:00,48.17
2021-03-05 23:00:00,48.0
2021-03-06 00:00:00,45.85
2021-03-06 01:00:00,43.57
2021-03-06 02:00:00,40.8
2021-03-06 03:00:00,40.36
2021-03-06 04:00:00,40.46
2021-03-06 05:00:00,41.45
2021-03-06 06:00:00,46.48
2021-03-06 07:00:00,48.03
2021-03-06 08:00:00,45.61
2021-03-06 09:00:00,41.39
2021-03-06 10:00:00,39.95
2021-03-06 11:00:00,39.95
2021-03-06 12:00:00,37.62
2021-03-06 13:00:00,36.9
2021-03-06 14:00:00,38.57
2021-03-06 15:00:00,40.27
2021-03-06 16:00:00,48.64
2021-03-06 17:00:00,56.02
2021-03-06 18:00:00,58.87
2021-03-06 19:00:00,54.97
2021-03-06 20:00:00,48.89
2021-03-06 21:00:00,49.68
2021-03-06 22:00:00,46.22
2021-03-06 23:00:00,45.25
2021-03-07 00:00:00,43.38
2021-03-07 01:00:00,43.34
2021-03-07 02:00:00,43.44
2021-03-07 03:00:00,42.13
2021-03-07 04:00:00,43.85
2021-03-07 05:00:00,45.24
2021-03-07 06:00:00,44.48
2021-03-07 07:00:00,46.0
2021-03-07 08:00:00,47.32
2021-03-07 09:00:00,45.25
2021-03-07 10:00:00,45.45
2021-03-07 11:00:00,45.01
2021-03-07 12:00:00,41.03
2021-03-07 13:00:00,38.11
2021-03-07 14:00:00,40.0
2021-03-07 15:00:00,42.4
2021-03-07 16:00:00,47.67
2021-03-07 17:00:00,55.84
2021-03-07 18:00:00,60.91
2021-03-07 19:00:00,56.77
2021-03-07 20:00:00,54.27
2021-03-07 21:00:00,53.0
2021-03-07 22:00:00,48.99
2021-03-07 23:00:00,47.3
2021-03-08 00:00:00,45.5
2021-03-08 01:00:00,44.48
2021-03-08 02:00:00,43.02
2021-03-08 03:00:00,45.0
2021-03-08 04:00:00,50.06
2021-03-08 05:00:00,63.92
2021-03-08 06:00:00,79.27
2021-03-08 07:00:00,86.66
2021-03-08 08:00:00,67.9
2021-03-08 09:00:00,59.34
2021-03-08 10:00:00,57.73
2021-03-08 11:00:00,56.55
2021-03-08 12:00:00,55.68
2021-03-08 13:00:00,54.15
2021-03-08 14:00:00,55.41
2021-03-08 15:00:00,58.64
2021-03-08 16:00:00,70.0
2021-03-08 17:00:00,100.87
2021-03-08 18:00:00,103.71
2021-03-08 19:00:00,66.18
2021-03-08 20:00:00,59.16
2021-03-08 21:00:00,56.87
2021-03-08 22:00:00,54.25
2021-03-08 23:00:00,53.15
2021-03-09 00:00:00,46.66
2021-03-09 01:00:00,43.77
2021-03-09 02:00:00,43.09
2021-03-09 03:00:00,43.59
2021-03-09 04:00:00,48.26
2021-03-09 05:00:00,61.7
2021-03-09 06:00:00,73.4
2021-03-09 07:00:00,81.35
2021-03-09 08:00:00,72.55
2021-03-09 09:00:00,63.02
2021-03-09 10:00:00,59.7
2021-03-09 11:00:00,57.94
2021-03-09 12:00:00,56.47
2021-03-09 13:00:00,56.49
2021-03-09 14:00:00,56.78
2021-03-09 15:00:00,56.5
2021-03-09 16:00:00,65.0
2021-03-09 17:00:00,90.16
2021-03-09 18:00:00,93.3
2021-03-09 19:00:00,70.0
2021-03-09 20:00:00,61.7
2021-03-09 21:00:00,58.3
2021-03-09 22:00:00,56.0
2021-03-09 23:00:00,55.57
2021-03-10 00:00:00,53.05
2021-03-10 01:00:00,50.03
2021-03-10 02:00:00,49.04
2021-03-10 03:00:00,49.0
2021-03-10 04:00:00,53.08
2021-03-10 05:00:00,58.9
2021-03-10 06:00:00,69.9
2021-03-10 07:00:00,68.08
2021-03-10 08:00:00,62.37
2021-03-10 09:00:00,59.31
2021-03-10 10:00:00,55.93
2021-03-10 11:00:00,54.12
2021-03-10 12:00:00,51.94
2021-03-10 13:00:00,51.57
2021-03-10 14:00:00,48.71
2021-03-10 15:00:00,49.03
2021-03-10 16:00:00,54.78
2021-03-10 17:00:00,58.51
2021-03-10 18:00:00,61.38
2021-03-10 19:00:00,52.36
2021-03-10 20:00:00,45.9
2021-03-10 21:00:00,45.79
2021-03-10 22:00:00,42.49
2021-03-10 23:00:00,40.17
2021-03-11 00:00:00,37.64
2021-03-11 01:00:00,32.3
2021-03-11 02:00:00,27.43
2021-03-11 03:00:00,16.75
2021-03-11 04:00:00,20.71
2021-03-11 05:00:00,32.72
2021-03-11 06:00:00,47.78
2021-03-11 07:00:00,53.03
2021-03-11 08:00:00,52.22
2021-03-11 09:00:00,45.6
2021-03-11 10:00:00,42.0
2021-03-11 11:00:00,41.22
2021-03-11 12:00:00,38.99
2021-03-11 13:00:00,36.64
2021-03-11 14:00:00,33.04
2021-03-11 15:00:00,34.09
2021-03-11 16:00:00,38.97
2021-03-11 17:00:00,48.33
2021-03-11 18:00:00,56.59
2021-03-11 19:00:00,53.5
2021-03-11 20:00:00,38.46
2021-03-11 21:00:00,43.05
2021-03-11 22:00:00,45.4
2021-03-11 23:00:00,29.85
2021-03-12 00:00:00,23.51
2021-03-12 01:00:00,20.66
2021-03-12 02:00:00,13.09
2021-03-12 03:00:00,15.54
2021-03-12 04:00:00,28.99
2021-03-12 05:00:00,43.75
2021-03-12 06:00:00,52.39
2021-03-12 07:00:00,57.74
2021-03-12 08:00:00,52.01
2021-03-12 09:00:00,45.0
2021-03-12 10:00:00,36.57
2021-03-12 11:00:00,34.69
2021-03-12 12:00:00,30.43
2021-03-12 13:00:00,29.41
2021-03-12 14:00:00,31.82
2021-03-12 15:00:00,30.99
2021-03-12 16:00:00,41.53
2021-03-12 17:00:00,50.82
2021-03-12 18:00:00,55.01
2021-03-12 19:00:00,52.57
2021-03-12 20:00:00,39.37
2021-03-12 21:00:00,40.12
2021-03-12 22:00:00,40.8
2021-03-12 23:00:00,28.53
2021-03-13 00:00:00,24.82
2021-03-13 01:00:00,21.34
2021-03-13 02:00:00,13.42
2021-03-13 03:00:00,14.47
2021-03-13 04:00:00,19.07
2021-03-13 05:00:00,24.88
2021-03-13 06:00:00,24.1
2021-03-13 07:00:00,32.12
2021-03-13 08:00:00,29.01
2021-03-13 09:00:00,20.66
2021-03-13 10:00:00,18.66
2021-03-13 11:00:00,23.4
2021-03-13 12:00:00,18.72
2021-03-13 13:00:00,12.46
2021-03-13 14:00:00,5.41
2021-03-13 15:00:00,4.04
2021-03-13 16:00:00,16.83
2021-03-13 17:00:00,32.5
2021-03-13 18:00:00,45.99
2021-03-13 19:00:00,43.84
2021-03-13 20:00:00,27.99
2021-03-13 21:00:00,32.75
2021-03-13 22:00:00,31.57
2021-03-13 23:00:00,24.45
2021-03-14 00:00:00,22.2
2021-03-14 01:00:00,19.99
2021-03-14 02:00:00,17.2
2021-03-14 03:00:00,17.04
2021-03-14 04:00:00,14.79
2021-03-14 05:00:00,18.33
2021-03-14 06:00:00,18.0
2021-03-14 07:00:00,18.0
2021-03-14 08:00:00,19.91
2021-03-14 09:00:00,14.34
2021-03-14 10:00:00,14.0
2021-03-14 11:00:00,14.0
2021-03-14 12:00:00,10.07
2021-03-14 13:00:00,6.14
2021-03-14 14:00:00,5.0
2021-03-14 15:00:00,11.0
2021-03-14 16:00:00,25.8
2021-03-14 17:00:00,49.13
2021-03-14 18:00:00,58.39
2021-03-14 19:00:00,55.18
2021-03-14 20:00:00,49.86
2021-03-14 21:00:00,46.9
2021-03-14 22:00:00,44.1
2021-03-14 23:00:00,46.73
2021-03-15 00:00:00,41.04
2021-03-15 01:00:00,37.28
2021-03-15 02:00:00,35.03
2021-03-15 03:00:00,33.41
2021-03-15 04:00:00,40.92
2021-03-15 05:00:00,55.6
2021-03-15 06:00:00,62.47
2021-03-15 07:00:00,64.89
2021-03-15 08:00:00,61.55
2021-03-15 09:00:00,55.05
2021-03-15 10:00:00,50.42
2021-03-15 11:00:00,48.47
2021-03-15 12:00:00,46.24
2021-03-15 13:00:00,43.17
2021-03-15 14:00:00,40.27
2021-03-15 15:00:00,43.78
2021-03-15 16:00:00,51.04
2021-03-15 17:00:00,61.97
2021-03-15 18:00:00,67.82
2021-03-15 19:00:00,59.93
2021-03-15 20:00:00,55.9
2021-03-15 21:00:00,50.76
2021-03-15 22:00:00,48.94
2021-03-15 23:00:00,45.46
2021-03-16 00:00:00,44.76
2021-03-16 01:00:00,44.99
2021-03-16 02:00:00,43.08
2021-03-16 03:00:00,44.1
2021-03-16 04:00:00,47.4
2021-03-16 05:00:00,59.1
2021-03-16 06:00:00,66.29
2021-03-16 07:00:00,68.92
2021-03-16 08:00:00,66.0
2021-03-16 09:00:00,59.93
2021-03-16 10:00:00,58.62
2021-03-16 11:00:00,56.34
2021-03-16 12:00:00,48.08
2021-03-16 13:00:00,48.61
2021-03-16 14:00:00,52.98
2021-03-16 15:00:00,59.99
2021-03-16 16:00:00,65.96
2021-03-16 17:00:00,70.7
2021-03-16 18:00:00,77.71
2021-03-16 19:00:00,61.4
2021-03-16 20:00:00,56.01
2021-03-16 21:00:00,53.88
2021-03-16 22:00:00,49.19
2021-03-16 23:00:00,46.14
2021-03-17 00:00:00,45.47
2021-03-17 01:00:00,42.64
2021-03-17 02:00:00,42.14
2021-03-17 03:00:00,36.46
2021-03-17 04:00:00,41.69
2021-03-17 05:00:00,53.81
2021-03-17 06:00:00,63.21
2021-03-17 07:00:00,64.0
2021-03-17 08:00:00,62.55
2021-03-17 09:00:00,57.51
2021-03-17 10:00:00,58.4
2021-03-17 11:00:00,54.82
2021-03-17 12:00:00,51.41
2021-03-17 13:00:00,50.09
2021-03-17 14:00:00,48.59
2021-03-17 15:00:00,54.48
2021-03-17 16:00:00,66.2
2021-03-17 17:00:00,66.85
2021-03-17 18:00:00,85.0
2021-03-17 19:00:00,69.28
2021-03-17 20:00:00,64.55
2021-03-17 21:00:00,62.46
2021-03-17 22:00:00,60.46
2021-03-17 23:00:00,51.12
2021-03-18 00:00:00,49.56
2021-03-18 01:00:00,48.17
2021-03-18 02:00:00,47.94
2021-03-18 03:00:00,47.03
2021-03-18 04:00:00,51.53
2021-03-18 05:00:00,66.05
2021-03-18 06:00:00,79.15
2021-03-18 07:00:00,78.34
2021-03-18 08:00:00,75.0
2021-03-18 09:00:00,69.51
2021-03-18 10:00:00,68.0
2021-03-18 11:00:00,65.31
2021-03-18 12:00:00,61.91
2021-03-18 13:00:00,60.72
2021-03-18 14:00:00,62.44
2021-03-18 15:00:00,63.23
2021-03-18 16:00:00,70.9
2021-03-18 17:00:00,79.97
2021-03-18 18:00:00,98.71
2021-03-18 19:00:00,70.91
2021-03-18 20:00:00,61.84
2021-03-18 21:00:00,60.7
2021-03-18 22:00:00,54.19
2021-03-18 23:00:00,61.02
2021-03-19 00:00:00,56.24
2021-03-19 01:00:00,50.89
2021-03-19 02:00:00,48.5
2021-03-19 03:00:00,50.0
2021-03-19 04:00:00,52.1
2021-03-19 05:00:00,67.02
2021-03-19 06:00:00,71.55
2021-03-19 07:00:00,71.53
2021-03-19 08:00:00,64.1
2021-03-19 09:00:00,58.06
2021-03-19 10:00:00,50.3
2021-03-19 11:00:00,50.37
2021-03-19 12:00:00,46.41
2021-03-19 13:00:00,44.04
2021-03-19 14:00:00,39.83
2021-03-19 15:00:00,42.3
2021-03-19 16:00:00,48.63
2021-03-19 17:00:00,61.74
2021-03-19 18:00:00,72.99
2021-03-19 19:00:00,66.4
2021-03-19 20:00:00,61.99
2021-03-19 21:00:00,60.64
2021-03-19 22:00:00,60.11
2021-03-19 23:00:00,58.82
2021-03-20 00:00:00,55.74
2021-03-20 01:00:00,56.0
2021-03-20 02:00:00,50.81
2021-03-20 03:00:00,50.0
2021-03-20 04:00:00,51.03
2021-03-20 05:00:00,52.54
2021-03-20 06:00:00,56.72
2021-03-20 07:00:00,53.36
2021-03-20 08:00:00,51.29
2021-03-20 09:00:00,47.07
2021-03-20 10:00:00,45.67
2021-03-20 11:00:00,45.08
2021-03-20 12:00:00,43.05
2021-03-20 13:00:00,40.98
2021-03-20 14:00:00,44.0
2021-03-20 15:00:00,44.92
2021-03-20 16:00:00,49.94
2021-03-20 17:00:00,62.5
2021-03-20 18:00:00,68.09
2021-03-20 19:00:00,59.94
2021-03-20 20:00:00,49.03
2021-03-20 21:00:00,48.92
2021-03-20 22:00:00,49.6
2021-03-20 23:00:00,52.7
2021-03-21 00:00:00,44.03
2021-03-21 01:00:00,43.8
2021-03-21 02:00:00,35.09
2021-03-21 03:00:00,35.13
2021-03-21 04:00:00,33.85
2021-03-21 05:00:00,34.42
2021-03-21 06:00:00,32.8
2021-03-21 07:00:00,38.35
2021-03-21 08:00:00,39.84
2021-03-21 09:00:00,30.07
2021-03-21 10:00:00,34.87
2021-03-21 11:00:00,33.46
2021-03-21 12:00:00,23.4
2021-03-21 13:00:00,21.2
2021-03-21 14:00:00,22.59
2021-03-21 15:00:00,30.0
2021-03-21 16:00:00,41.3
2021-03-21 17:00:00,56.05
2021-03-21 18:00:00,64.82
2021-03-21 19:00:00,59.47
2021-03-21 20:00:00,54.8
2021-03-21 21:00:00,55.27
2021-03-21 22:00:00,53.47
2021-03-21 23:00:00,49.55
2021-03-22 00:00:00,48.74
2021-03-22 01:00:00,47.76
2021-03-22 02:00:00,47.01
2021-03-22 03:00:00,47.4
2021-03-22 04:00:00,50.56
2021-03-22 05:00:00,62.0
2021-03-22 06:00:00,73.0
2021-03-22 07:00:00,74.9
2021-03-22 08:00:00,71.6
2021-03-22 09:00:00,65.46
2021-03-22 10:00:00,62.87
2021-03-22 11:00:00,59.68
2021-03-22 12:00:00,54.81
2021-03-22 13:00:00,52.51
2021-03-22 14:00:00,51.01
2021-03-22 15:00:00,54.01
2021-03-22 16:00:00,63.98
2021-03-22 17:00:00,75.5
2021-03-22 18:00:00,90.47
2021-03-22 19:00:00,75.0
2021-03-22 20:00:00,65.43
2021-03-22 21:00:00,60.8
2021-03-22 22:00:00,56.31
2021-03-22 23:00:00,60.59
2021-03-23 00:00:00,56.57
2021-03-23 01:00:00,55.0
2021-03-23 02:00:00,54.44
2021-03-23 03:00:00,52.56
2021-03-23 04:00:00,58.66
2021-03-23 05:00:00,65.25
2021-03-23 06:00:00,74.37
2021-03-23 07:00:00,75.9
2021-03-23 08:00:00,69.2
2021-03-23 09:00:00,63.46
2021-03-23 10:00:00,60.98
2021-03-23 11:00:00,60.78
2021-03-23 12:00:00,60.48
2021-03-23 13:00:00,57.83
2021-03-23 14:00:00,57.76
2021-03-23 15:00:00,60.02
2021-03-23 16:00:00,64.64
2021-03-23 17:00:00,71.4
2021-03-23 18:00:00,83.49
2021-03-23 19:00:00,72.5
2021-03-23 20:00:00,65.46
2021-03-23 21:00:00,63.4
2021-03-23 22:00:00,60.98
2021-03-23 23:00:00,58.07
2021-03-24 00:00:00,56.54
2021-03-24 01:00:00,56.75
2021-03-24 02:00:00,54.75
2021-03-24 03:00:00,53.33
2021-03-24 04:00:00,56.19
2021-03-24 05:00:00,64.97
2021-03-24 06:00:00,74.21
2021-03-24 07:00:00,75.76
2021-03-24 08:00:00,67.39
2021-03-24 09:00:00,62.36
2021-03-24 10:00:00,60.45
2021-03-24 11:00:00,54.1
2021-03-24 12:00:00,52.07
2021-03-24 13:00:00,46.9
2021-03-24 14:00:00,49.26
2021-03-24 15:00:00,52.69
2021-03-24 16:00:00,61.32
2021-03-24 17:00:00,70.91
2021-03-24 18:00:00,84.0
2021-03-24 19:00:00,73.58
2021-03-24 20:00:00,66.75
2021-03-24 21:00:00,62.5
2021-03-24 22:00:00,59.1
2021-03-24 23:00:00,54.52
2021-03-25 00:00:00,50.31
2021-03-25 01:00:00,49.68
2021-03-25 02:00:00,48.87
2021-03-25 03:00:00,50.2
2021-03-25 04:00:00,58.87
2021-03-25 05:00:00,68.8
2021-03-25 06:00:00,74.97
2021-03-25 07:00:00,74.93
2021-03-25 08:00:00,67.04
2021-03-25 09:00:00,59.87
2021-03-25 10:00:00,50.75
2021-03-25 11:00:00,52.17
2021-03-25 12:00:00,52.01
2021-03-25 13:00:00,49.78
2021-03-25 14:00:00,48.0
2021-03-25 15:00:00,55.46
2021-03-25 16:00:00,62.01
2021-03-25 17:00:00,70.71
2021-03-25 18:00:00,85.43
2021-03-25 19:00:00,71.91
2021-03-25 20:00:00,62.21
2021-03-25 21:00:00,59.53
2021-03-25 22:00:00,49.59
2021-03-25 23:00:00,52.86
2021-03-26 00:00:00,50.05
2021-03-26 01:00:00,48.88
2021-03-26 02:00:00,46.07
2021-03-26 03:00:00,45.62
2021-03-26 04:00:00,50.35
2021-03-26 05:00:00,61.16
2021-03-26 06:00:00,65.81
2021-03-26 07:00:00,65.85
2021-03-26 08:00:00,64.51
2021-03-26 09:00:00,52.71
2021-03-26 10:00:00,49.0
2021-03-26 11:00:00,46.78
2021-03-26 12:00:00,43.49
2021-03-26 13:00:00,39.96
2021-03-26 14:00:00,45.15
2021-03-26 15:00:00,47.09
2021-03-26 16:00:00,59.0
2021-03-26 17:00:00,61.79
2021-03-26 18:00:00,69.01
2021-03-26 19:00:00,64.3
2021-03-26 20:00:00,57.39
2021-03-26 21:00:00,53.33
2021-03-26 22:00:00,53.99
2021-03-26 23:00:00,43.0
2021-03-27 00:00:00,38.09
2021-03-27 01:00:00,36.0
2021-03-27 02:00:00,34.4
2021-03-27 03:00:00,30.45
2021-03-27 04:00:00,34.21
2021-03-27 05:00:00,34.43
2021-03-27 06:00:00,31.24
2021-03-27 07:00:00,26.5
2021-03-27 08:00:00,34.2
2021-03-27 09:00:00,11.92
2021-03-27 10:00:00,11.14
2021-03-27 11:00:00,39.93
2021-03-27 12:00:00,22.27
2021-03-27 13:00:00,20.11
2021-03-27 14:00:00,9.69
2021-03-27 15:00:00,24.56
2021-03-27 16:00:00,42.4
2021-03-27 17:00:00,57.5
2021-03-27 18:00:00,66.1
2021-03-27 19:00:00,65.0
2021-03-27 20:00:00,56.9
2021-03-27 21:00:00,53.0
2021-03-27 22:00:00,50.1
2021-03-27 23:00:00,47.41
2021-03-28 00:00:00,38.62
2021-03-28 01:00:00,35.43
2021-03-28 02:00:00,35.0
2021-03-28 03:00:00,35.07
2021-03-28 04:00:00,36.07
2021-03-28 05:00:00,39.87
2021-03-28 06:00:00,44.44
2021-03-28 07:00:00,35.43
2021-03-28 08:00:00,24.67
2021-03-28 09:00:00,10.49
2021-03-28 10:00:00,20.27
2021-03-28 11:00:00,0.04
2021-03-28 12:00:00,-21.67
2021-03-28 13:00:00,-24.61
2021-03-28 14:00:00,-9.16
2021-03-28 15:00:00,7.25
2021-03-28 16:00:00,35.92
2021-03-28 17:00:00,50.37
2021-03-28 18:00:00,55.4
2021-03-28 19:00:00,55.75
2021-03-28 20:00:00,53.75
2021-03-28 21:00:00,45.38
2021-03-28 22:00:00,28.4
2021-03-28 23:00:00,28.25
2021-03-29 00:00:00,23.53
2021-03-29 01:00:00,23.83
2021-03-29 02:00:00,24.46
2021-03-29 03:00:00,36.4
2021-03-29 04:00:00,52.42
2021-03-29 05:00:00,67.25
2021-03-29 06:00:00,71.01
2021-03-29 07:00:00,67.6
2021-03-29 08:00:00,60.0
2021-03-29 09:00:00,53.11
2021-03-29 10:00:00,49.79
2021-03-29 11:00:00,37.0
2021-03-29 12:00:00,27.2
2021-03-29 13:00:00,19.69
2021-03-29 14:00:00,22.94
2021-03-29 15:00:00,39.75
2021-03-29 16:00:00,57.68
2021-03-29 17:00:00,67.63
2021-03-29 18:00:00,68.15
2021-03-29 19:00:00,64.02
2021-03-29 20:00:00,59.18
2021-03-29 21:00:00,56.0
2021-03-29 22:00:00,47.08
2021-03-29 23:00:00,46.46
2021-03-30 00:00:00,44.65
2021-03-30 01:00:00,45.59
2021-03-30 02:00:00,46.27
2021-03-30 03:00:00,53.22
2021-03-30 04:00:00,65.09
2021-03-30 05:00:00,78.22
2021-03-30 06:00:00,76.73
2021-03-30 07:00:00,64.63
2021-03-30 08:00:00,56.68
2021-03-30 09:00:00,48.95
2021-03-30 10:00:00,45.29
2021-03-30 11:00:00,42.83
2021-03-30 12:00:00,39.89
2021-03-30 13:00:00,39.78
2021-03-30 14:00:00,41.79
2021-03-30 15:00:00,50.07
2021-03-30 16:00:00,62.89
2021-03-30 17:00:00,73.03
2021-03-30 18:00:00,77.01
2021-03-30 19:00:00,66.13
2021-03-30 20:00:00,60.14
2021-03-30 21:00:00,57.53
2021-03-30 22:00:00,56.58
2021-03-30 23:00:00,50.97
2021-03-31 00:00:00,50.0
2021-03-31 01:00:00,49.18
2021-03-31 02:00:00,48.33
2021-03-31 03:00:00,53.54
2021-03-31 04:00:00,63.51
2021-03-31 05:00:00,75.11
2021-03-31 06:00:00,76.39
2021-03-31 07:00:00,65.98
2021-03-31 08:00:00,56.81
2021-03-31 09:00:00,50.71
2021-03-31 10:00:00,49.0
2021-03-31 11:00:00,46.66
2021-03-31 12:00:00,43.09
2021-03-31 13:00:00,43.92
2021-03-31 14:00:00,46.79
2021-03-31 15:00:00,51.32
2021-03-31 16:00:00,64.77
2021-03-31 17:00:00,66.82
2021-03-31 18:00:00,74.58
2021-03-31 19:00:00,66.15
2021-03-31 20:00:00,62.9
2021-03-31 21:00:00,55.92
2021-03-31 22:00:00,54.38
2021-03-31 23:00:00,47.82
2021-04-01 00:00:00,45.1
2021-04-01 01:00:00,44.17
2021-04-01 02:00:00,42.88
2021-04-01 03:00:00,45.7
2021-04-01 04:00:00,56.77
2021-04-01 05:00:00,70.97
2021-04-01 06:00:00,67.0
2021-04-01 07:00:00,61.16
2021-04-01 08:00:00,55.0
2021-04-01 09:00:00,50.12
2021-04-01 10:00:00,47.24
2021-04-01 11:00:00,43.23
2021-04-01 12:00:00,41.67
2021-04-01 13:00:00,40.53
2021-04-01 14:00:00,42.99
2021-04-01 15:00:00,49.35
2021-04-01 16:00:00,57.19
2021-04-01 17:00:00,62.26
2021-04-01 18:00:00,66.41
2021-04-01 19:00:00,61.28
2021-04-01 20:00:00,58.83
2021-04-01 21:00:00,54.82
2021-04-01 22:00:00,54.24
2021-04-01 23:00:00,49.77
2021-04-02 00:00:00,47.0
2021-04-02 01:00:00,43.7
2021-04-02 02:00:00,43.96
2021-04-02 03:00:00,47.17
2021-04-02 04:00:00,53.52
2021-04-02 05:00:00,60.24
2021-04-02 06:00:00,60.67
2021-04-02 07:00:00,56.25
2021-04-02 08:00:00,46.3
2021-04-02 09:00:00,44.25
2021-04-02 10:00:00,44.74
2021-04-02 11:00:00,22.84
2021-04-02 12:00:00,13.53
2021-04-02 13:00:00,4.3
2021-04-02 14:00:00,2.39
2021-04-02 15:00:00,21.74
2021-04-02 16:00:00,42.0
2021-04-02 17:00:00,49.72
2021-04-02 18:00:00,50.74
2021-04-02 19:00:00,45.0
2021-04-02 20:00:00,45.0
2021-04-02 21:00:00,43.37
2021-04-02 22:00:00,42.01
2021-04-02 23:00:00,38.4
2021-04-03 00:00:00,37.51
2021-04-03 01:00:00,37.23
2021-04-03 02:00:00,37.1
2021-04-03 03:00:00,37.68
2021-04-03 04:00:00,40.1
2021-04-03 05:00:00,42.01
2021-04-03 06:00:00,45.88
2021-04-03 07:00:00,47.14
2021-04-03 08:00:00,41.08
2021-04-03 09:00:00,37.15
2021-04-03 10:00:00,33.89
2021-04-03 11:00:00,23.7
2021-04-03 12:00:00,16.79
2021-04-03 13:00:00,9.17
2021-04-03 14:00:00,3.0
2021-04-03 15:00:00,7.93
2021-04-03 16:00:00,22.69
2021-04-03 17:00:00,38.48
2021-04-03 18:00:00,47.97
2021-04-03 19:00:00,53.2
2021-04-03 20:00:00,51.48
2021-04-03 21:00:00,48.44
2021-04-03 22:00:00,47.46
2021-04-03 23:00:00,35.99
2021-04-04 00:00:00,39.83
2021-04-04 01:00:00,38.84
2021-04-04 02:00:00,31.3
2021-04-04 03:00:00,31.85
2021-04-04 04:00:00,36.81
2021-04-04 05:00:00,38.43
2021-04-04 06:00:00,39.53
2021-04-04 07:00:00,35.99
2021-04-04 08:00:00,24.61
2021-04-04 09:00:00,20.1
2021-04-04 10:00:00,20.0
2021-04-04 11:00:00,8.0
2021-04-04 12:00:00,2.02
2021-04-04 13:00:00,0.1
2021-04-04 14:00:00,1.01
2021-04-04 15:00:00,7.18
2021-04-04 16:00:00,31.01
2021-04-04 17:00:00,39.87
2021-04-04 18:00:00,47.45
2021-04-04 19:00:00,40.5
2021-04-04 20:00:00,43.04
2021-04-04 21:00:00,39.97
2021-04-04 22:00:00,21.61
2021-04-04 23:00:00,30.36
2021-04-05 00:00:00,26.71
2021-04-05 01:00:00,14.34
2021-04-05 02:00:00,9.3
2021-04-05 03:00:00,13.36
2021-04-05 04:00:00,23.75
2021-04-05 05:00:00,37.93
2021-04-05 06:00:00,48.46
2021-04-05 07:00:00,39.16
2021-04-05 08:00:00,22.96
2021-04-05 09:00:00,11.81
2021-04-05 10:00:00,16.62
2021-04-05 11:00:00,10.75
2021-04-05 12:00:00,2.86
2021-04-05 13:00:00,0.7
2021-04-05 14:00:00,2.32
2021-04-05 15:00:00,7.37
2021-04-05 16:00:00,27.11
2021-04-05 17:00:00,46.78
2021-04-05 18:00:00,53.32
2021-04-05 19:00:00,60.68
2021-04-05 20:00:00,58.16
2021-04-05 21:00:00,57.1
2021-04-05 22:00:00,58.0
2021-04-05 23:00:00,50.28
2021-04-06 00:00:00,48.13
2021-04-06 01:00:00,44.0
2021-04-06 02:00:00,43.93
2021-04-06 03:00:00,48.3
2021-04-06 04:00:00,58.02
2021-04-06 05:00:00,67.0
2021-04-06 06:00:00,75.7
2021-04-06 07:00:00,72.62
2021-04-06 08:00:00,69.58
2021-04-06 09:00:00,67.89
2021-04-06 10:00:00,65.65
2021-04-06 11:00:00,63.91
2021-04-06 12:00:00,53.97
2021-04-06 13:00:00,47.49
2021-04-06 14:00:00,44.94
2021-04-06 15:00:00,43.93
2021-04-06 16:00:00,52.58
2021-04-06 17:00:00,66.51
2021-04-06 18:00:00,71.44
2021-04-06 19:00:00,66.76
2021-04-06 20:00:00,62.97
2021-04-06 21:00:00,60.72
2021-04-06 22:00:00,74.27
2021-04-06 23:00:00,64.85
2021-04-07 00:00:00,62.36
2021-04-07 01:00:00,59.59
2021-04-07 02:00:00,58.0
2021-04-07 03:00:00,60.93
2021-04-07 04:00:00,86.7
2021-04-07 05:00:00,86.62
2021-04-07 06:00:00,92.56
2021-04-07 07:00:00,85.05
2021-04-07 08:00:00,68.49
2021-04-07 09:00:00,63.0
2021-04-07 10:00:00,64.84
2021-04-07 11:00:00,65.03
2021-04-07 12:00:00,65.09
2021-04-07 13:00:00,64.03
2021-04-07 14:00:00,62.24
2021-04-07 15:00:00,64.24
2021-04-07 16:00:00,66.06
2021-04-07 17:00:00,76.35
2021-04-07 18:00:00,82.91
2021-04-07 19:00:00,86.99
2021-04-07 20:00:00,82.24
2021-04-07 21:00:00,163.77
2021-04-07 22:00:00,72.53
2021-04-07 23:00:00,66.58
2021-04-08 00:00:00,65.0
2021-04-08 01:00:00,63.18
2021-04-08 02:00:00,61.9
2021-04-08 03:00:00,65.62
2021-04-08 04:00:00,71.34
2021-04-08 05:00:00,87.74
2021-04-08 06:00:00,99.26
2021-04-08 07:00:00,84.11
2021-04-08 08:00:00,74.52
2021-04-08 09:00:00,70.0
2021-04-08 10:00:00,67.4
2021-04-08 11:00:00,66.09
2021-04-08 12:00:00,63.44
2021-04-08 13:00:00,60.02
2021-04-08 14:00:00,57.0
2021-04-08 15:00:00,62.36
2021-04-08 16:00:00,70.22
2021-04-08 17:00:00,81.87
2021-04-08 18:00:00,83.16
2021-04-08 19:00:00,79.3
2021-04-08 20:00:00,73.97
2021-04-08 21:00:00,69.61
2021-04-08 22:00:00,73.36
2021-04-08 23:00:00,69.98
2021-04-09 00:00:00,68.77
2021-04-09 01:00:00,67.97
2021-04-09 02:00:00,65.35
2021-04-09 03:00:00,71.37
2021-04-09 04:00:00,79.46
2021-04-09 05:00:00,82.02
2021-04-09 06:00:00,84.23
2021-04-09 07:00:00,86.48
2021-04-09 08:00:00,80.27
2021-04-09 09:00:00,73.97
2021-04-09 10:00:00,70.79
2021-04-09 11:00:00,65.13
2021-04-09 12:00:00,62.36
2021-04-09 13:00:00,61.16
2021-04-09 14:00:00,58.12
2021-04-09 15:00:00,63.93
2021-04-09 16:00:00,70.68
2021-04-09 17:00:00,83.0
2021-04-09 18:00:00,84.9
2021-04-09 19:00:00,76.51
2021-04-09 20:00:00,73.25
2021-04-09 21:00:00,70.01
2021-04-09 22:00:00,66.02
2021-04-09 23:00:00,61.21
2021-04-10 00:00:00,58.02
2021-04-10 01:00:00,55.56
2021-04-10 02:00:00,52.39
2021-04-10 03:00:00,54.04
2021-04-10 04:00:00,59.03
2021-04-10 05:00:00,59.62
2021-04-10 06:00:00,66.2
2021-04-10 07:00:00,69.19
2021-04-10 08:00:00,64.51
2021-04-10 09:00:00,61.21
2021-04-10 10:00:00,59.37
2021-04-10 11:00:00,52.5
2021-04-10 12:00:00,50.08
2021-04-10 13:00:00,50.01
2021-04-10 14:00:00,52.04
2021-04-10 15:00:00,59.84
2021-04-10 16:00:00,65.7
2021-04-10 17:00:00,69.24
2021-04-10 18:00:00,68.92
2021-04-10 19:00:00,62.69
2021-04-10 20:00:00,57.72
2021-04-10 21:00:00,55.98
2021-04-10 22:00:00,59.18
2021-04-10 23:00:00,50.01
2021-04-11 00:00:00,57.21
2021-04-11 01:00:00,53.75
2021-04-11 02:00:00,50.24
2021-04-11 03:00:00,50.97
2021-04-11 04:00:00,51.81
2021-04-11 05:00:00,49.4
2021-04-11 06:00:00,52.91
2021-04-11 07:00:00,55.35
2021-04-11 08:00:00,56.54
2021-04-11 09:00:00,53.2
2021-04-11 10:00:00,53.23
2021-04-11 11:00:00,45.9
2021-04-11 12:00:00,41.92
2021-04-11 13:00:00,41.29
2021-04-11 14:00:00,42.0
2021-04-11 15:00:00,44.36
2021-04-11 16:00:00,48.2
2021-04-11 17:00:00,62.04
2021-04-11 18:00:00,67.24
2021-04-11 19:00:00,67.2
2021-04-11 20:00:00,63.85
2021-04-11 21:00:00,62.36
2021-04-11 22:00:00,62.81
2021-04-11 23:00:00,56.86
2021-04-12 00:00:00,55.99
2021-04-12 01:00:00,53.73
2021-04-12 02:00:00,53.95
2021-04-12 03:00:00,61.94
2021-04-12 04:00:00,74.4
2021-04-12 05:00:00,85.86
2021-04-12 06:00:00,102.77
2021-04-12 07:00:00,99.0
2021-04-12 08:00:00,86.25
2021-04-12 09:00:00,86.83
2021-04-12 10:00:00,81.15
2021-04-12 11:00:00,74.38
2021-04-12 12:00:00,61.16
2021-04-12 13:00:00,58.97
2021-04-12 14:00:00,58.02
2021-04-12 15:00:00,61.07
2021-04-12 16:00:00,70.72
2021-04-12 17:00:00,80.0
2021-04-12 18:00:00,80.1
2021-04-12 19:00:00,78.0
2021-04-12 20:00:00,72.94
2021-04-12 21:00:00,71.43
2021-04-12 22:00:00,76.48
2021-04-12 23:00:00,72.07
2021-04-13 00:00:00,69.14
2021-04-13 01:00:00,68.99
2021-04-13 02:00:00,66.0
2021-04-13 03:00:00,71.73
2021-04-13 04:00:00,80.85
2021-04-13 05:00:00,103.15
2021-04-13 06:00:00,162.89
2021-04-13 07:00:00,142.98
2021-04-13 08:00:00,105.0
2021-04-13 09:00:00,85.85
2021-04-13 10:00:00,78.0
2021-04-13 11:00:00,72.0
2021-04-13 12:00:00,66.0
2021-04-13 13:00:00,62.36
2021-04-13 14:00:00,62.36
2021-04-13 15:00:00,65.97
2021-04-13 16:00:00,74.32
2021-04-13 17:00:00,85.85
2021-04-13 18:00:00,88.32
2021-04-13 19:00:00,86.72
2021-04-13 20:00:00,80.76
2021-04-13 21:00:00,78.98
2021-04-13 22:00:00,78.0
2021-04-13 23:00:00,72.0
2021-04-14 00:00:00,70.45
2021-04-14 01:00:00,69.05
2021-04-14 02:00:00,68.0
2021-04-14 03:00:00,70.66
2021-04-14 04:00:00,88.45
2021-04-14 05:00:00,118.52
2021-04-14 06:00:00,125.0
2021-04-14 07:00:00,104.28
2021-04-14 08:00:00,89.02
2021-04-14 09:00:00,77.69
2021-04-14 10:00:00,72.31
2021-04-14 11:00:00,67.97
2021-04-14 12:00:00,66.1
2021-04-14 13:00:00,61.97
2021-04-14 14:00:00,62.23
2021-04-14 15:00:00,65.96
2021-04-14 16:00:00,73.19
2021-04-14 17:00:00,97.45
2021-04-14 18:00:00,100.0
2021-04-14 19:00:00,85.62
2021-04-14 20:00:00,77.62
2021-04-14 21:00:00,74.2
2021-04-14 22:00:00,68.27
2021-04-14 23:00:00,63.38
2021-04-15 00:00:00,64.78
2021-04-15 01:00:00,59.71
2021-04-15 02:00:00,61.16
2021-04-15 03:00:00,65.81
2021-04-15 04:00:00,82.9
2021-04-15 05:00:00,105.05
2021-04-15 06:00:00,118.0
2021-04-15 07:00:00,99.8
2021-04-15 08:00:00,82.0
2021-04-15 09:00:00,75.16
2021-04-15 10:00:00,70.67
2021-04-15 11:00:00,69.0
2021-04-15 12:00:00,63.72
2021-04-15 13:00:00,60.55
2021-04-15 14:00:00,57.77
2021-04-15 15:00:00,61.18
2021-04-15 16:00:00,70.14
2021-04-15 17:00:00,82.89
2021-04-15 18:00:00,82.9
2021-04-15 19:00:00,78.0
2021-04-15 20:00:00,72.25
2021-04-15 21:00:00,68.58
2021-04-15 22:00:00,74.52
2021-04-15 23:00:00,69.13
2021-04-16 00:00:00,68.07
2021-04-16 01:00:00,65.87
2021-04-16 02:00:00,62.57
2021-04-16 03:00:00,64.75
2021-04-16 04:00:00,72.4
2021-04-16 05:00:00,86.09
2021-04-16 06:00:00,96.1
2021-04-16 07:00:00,88.96
2021-04-16 08:00:00,76.29
2021-04-16 09:00:00,72.01
2021-04-16 10:00:00,69.7
2021-04-16 11:00:00,62.36
2021-04-16 12:00:00,60.57
2021-04-16 13:00:00,59.0
2021-04-16 14:00:00,53.66
2021-04-16 15:00:00,57.94
2021-04-16 16:00:00,68.09
2021-04-16 17:00:00,80.1
2021-04-16 18:00:00,78.52
2021-04-16 19:00:00,80.0
2021-04-16 20:00:00,73.94
2021-04-16 21:00:00,73.45
2021-04-16 22:00:00,72.04
2021-04-16 23:00:00,65.99
2021-04-17 00:00:00,63.66
2021-04-17 01:00:00,60.75
2021-04-17 02:00:00,58.4
2021-04-17 03:00:00,59.17
2021-04-17 04:00:00,65.57
2021-04-17 05:00:00,68.2
2021-04-17 06:00:00,73.45
2021-04-17 07:00:00,72.94
2021-04-17 08:00:00,62.58
2021-04-17 09:00:00,60.57
2021-04-17 10:00:00,62.36
2021-04-17 11:00:00,55.77
2021-04-17 12:00:00,52.07
2021-04-17 13:00:00,50.77
2021-04-17 14:00:00,50.72
2021-04-17 15:00:00,53.49
2021-04-17 16:00:00,59.98
2021-04-17 17:00:00,74.48
2021-04-17 18:00:00,78.47
2021-04-17 19:00:00,77.59
2021-04-17 20:00:00,75.63
2021-04-17 21:00:00,72.34
2021-04-17 22:00:00,72.81
2021-04-17 23:00:00,65.53
2021-04-18 00:00:00,64.77
2021-04-18 01:00:00,62.1
2021-04-18 02:00:00,61.02
2021-04-18 03:00:00,60.57
2021-04-18 04:00:00,60.54
2021-04-18 05:00:00,62.62
2021-04-18 06:00:00,64.52
2021-04-18 07:00:00,63.57
2021-04-18 08:00:00,60.01
2021-04-18 09:00:00,59.35
2021-04-18 10:00:00,59.87
2021-04-18 11:00:00,54.89
2021-04-18 12:00:00,51.61
2021-04-18 13:00:00,51.35
2021-04-18 14:00:00,51.34
2021-04-18 15:00:00,54.55
2021-04-18 16:00:00,64.99
2021-04-18 17:00:00,76.08
2021-04-18 18:00:00,80.93
2021-04-18 19:00:00,81.0
2021-04-18 20:00:00,79.57
2021-04-18 21:00:00,80.31
2021-04-18 22:00:00,74.41
2021-04-18 23:00:00,69.97
2021-04-19 00:00:00,69.98
2021-04-19 01:00:00,67.35
2021-04-19 02:00:00,68.04
2021-04-19 03:00:00,70.36
2021-04-19 04:00:00,84.9
2021-04-19 05:00:00,98.66
2021-04-19 06:00:00,117.18
2021-04-19 07:00:00,102.78
2021-04-19 08:00:00,89.19
2021-04-19 09:00:00,85.35
2021-04-19 10:00:00,80.72
2021-04-19 11:00:00,78.04
2021-04-19 12:00:00,74.0
2021-04-19 13:00:00,69.07
2021-04-19 14:00:00,65.16
2021-04-19 15:00:00,70.02
2021-04-19 16:00:00,85.04
2021-04-19 17:00:00,99.41
2021-04-19 18:00:00,100.0
2021-04-19 19:00:00,89.5
2021-04-19 20:00:00,82.31
2021-04-19 21:00:00,80.32
2021-04-19 22:00:00,77.08
2021-04-19 23:00:00,73.63
2021-04-20 00:00:00,70.25
2021-04-20 01:00:00,68.6
2021-04-20 02:00:00,68.61
2021-04-20 03:00:00,71.94
2021-04-20 04:00:00,85.43
2021-04-20 05:00:00,99.05
2021-04-20 06:00:00,110.41
2021-04-20 07:00:00,92.0
2021-04-20 08:00:00,85.0
2021-04-20 09:00:00,81.07
2021-04-20 10:00:00,78.27
2021-04-20 11:00:00,72.1
2021-04-20 12:00:00,68.89
2021-04-20 13:00:00,66.57
2021-04-20 14:00:00,66.01
2021-04-20 15:00:00,69.88
2021-04-20 16:00:00,84.98
2021-04-20 17:00:00,100.0
2021-04-20 18:00:00,101.73
2021-04-20 19:00:00,93.92
2021-04-20 20:00:00,86.91
2021-04-20 21:00:00,75.0
2021-04-20 22:00:00,81.01
2021-04-20 23:00:00,71.65
2021-04-21 00:00:00,71.67
2021-04-21 01:00:00,70.32
2021-04-21 02:00:00,70.02
2021-04-21 03:00:00,71.5
2021-04-21 04:00:00,81.01
2021-04-21 05:00:00,87.61
2021-04-21 06:00:00,92.62
2021-04-21 07:00:00,90.0
2021-04-21 08:00:00,84.61
2021-04-21 09:00:00,82.49
2021-04-21 10:00:00,78.9
2021-04-21 11:00:00,75.0
2021-04-21 12:00:00,71.68
2021-04-21 13:00:00,67.3
2021-04-21 14:00:00,68.34
2021-04-21 15:00:00,69.97
2021-04-21 16:00:00,80.0
2021-04-21 17:00:00,85.06
2021-04-21 18:00:00,86.99
2021-04-21 19:00:00,86.35
2021-04-21 20:00:00,81.56
2021-04-21 21:00:00,72.9
2021-04-21 22:00:00,71.67
2021-04-21 23:00:00,68.62
2021-04-22 00:00:00,66.99
2021-04-22 01:00:00,63.15
2021-04-22 02:00:00,56.53
2021-04-22 03:00:00,67.26
2021-04-22 04:00:00,74.0
2021-04-22 05:00:00,82.57
2021-04-22 06:00:00,85.0
2021-04-22 07:00:00,83.09
2021-04-22 08:00:00,80.18
2021-04-22 09:00:00,75.97
2021-04-22 10:00:00,70.58
2021-04-22 11:00:00,68.07
2021-04-22 12:00:00,57.99
2021-04-22 13:00:00,47.95
2021-04-22 14:00:00,50.65
2021-04-22 15:00:00,53.74
2021-04-22 16:00:00,69.65
2021-04-22 17:00:00,79.6
2021-04-22 18:00:00,84.42
2021-04-22 19:00:00,78.71
2021-04-22 20:00:00,75.3
2021-04-22 21:00:00,70.96
2021-04-22 22:00:00,70.2
2021-04-22 23:00:00,64.91
2021-04-23 00:00:00,60.88
2021-04-23 01:00:00,57.9
2021-04-23 02:00:00,57.48
2021-04-23 03:00:00,67.0
2021-04-23 04:00:00,77.0
2021-04-23 05:00:00,83.73
2021-04-23 06:00:00,83.16
2021-04-23 07:00:00,78.01
2021-04-23 08:00:00,68.56
2021-04-23 09:00:00,65.16
2021-04-23 10:00:00,60.0
2021-04-23 11:00:00,50.75
2021-04-23 12:00:00,43.35
2021-04-23 13:00:00,41.75
2021-04-23 14:00:00,45.29
2021-04-23 15:00:00,51.36
2021-04-23 16:00:00,64.0
2021-04-23 17:00:00,78.02
2021-04-23 18:00:00,81.02
2021-04-23 19:00:00,78.33
2021-04-23 20:00:00,70.9
2021-04-23 21:00:00,65.69
2021-04-23 22:00:00,68.51
2021-04-23 23:00:00,64.5
2021-04-24 00:00:00,61.4
2021-04-24 01:00:00,56.86
2021-04-24 02:00:00,54.89
2021-04-24 03:00:00,54.55
2021-04-24 04:00:00,57.95
2021-04-24 05:00:00,57.51
2021-04-24 06:00:00,55.75
2021-04-24 07:00:00,54.68
2021-04-24 08:00:00,50.0
2021-04-24 09:00:00,47.96
2021-04-24 10:00:00,43.9
2021-04-24 11:00:00,32.84
2021-04-24 12:00:00,20.24
2021-04-24 13:00:00,19.51
2021-04-24 14:00:00,28.18
2021-04-24 15:00:00,46.71
2021-04-24 16:00:00,55.2
2021-04-24 17:00:00,67.65
2021-04-24 18:00:00,73.43
2021-04-24 19:00:00,68.56
2021-04-24 20:00:00,67.15
2021-04-24 21:00:00,64.5
2021-04-24 22:00:00,50.82
2021-04-24 23:00:00,48.55
2021-04-25 00:00:00,48.71
2021-04-25 01:00:00,48.3
2021-04-25 02:00:00,48.03
2021-04-25 03:00:00,47.32
2021-04-25 04:00:00,44.76
2021-04-25 05:00:00,43.8
2021-04-25 06:00:00,43.48
2021-04-25 07:00:00,37.21
2021-04-25 08:00:00,17.8
2021-04-25 09:00:00,15.5
2021-04-25 10:00:00,15.32
2021-04-25 11:00:00,1.61
2021-04-25 12:00:00,-6.94
2021-04-25 13:00:00,-3.29
2021-04-25 14:00:00,0.11
2021-04-25 15:00:00,18.19
2021-04-25 16:00:00,54.7
2021-04-25 17:00:00,65.93
2021-04-25 18:00:00,67.88
2021-04-25 19:00:00,66.0
2021-04-25 20:00:00,64.98
2021-04-25 21:00:00,59.98
2021-04-25 22:00:00,52.5
2021-04-25 23:00:00,51.14
2021-04-26 00:00:00,52.51
2021-04-26 01:00:00,51.1
2021-04-26 02:00:00,51.17
2021-04-26 03:00:00,57.06
2021-04-26 04:00:00,74.96
2021-04-26 05:00:00,81.96
2021-04-26 06:00:00,83.85
2021-04-26 07:00:00,74.23
2021-04-26 08:00:00,55.52
2021-04-26 09:00:00,53.87
2021-04-26 10:00:00,52.51
2021-04-26 11:00:00,48.89
2021-04-26 12:00:00,46.05
2021-04-26 13:00:00,46.31
2021-04-26 14:00:00,41.09
2021-04-26 15:00:00,41.74
2021-04-26 16:00:00,69.56
2021-04-26 17:00:00,79.41
2021-04-26 18:00:00,81.02
2021-04-26 19:00:00,75.05
2021-04-26 20:00:00,70.69
2021-04-26 21:00:00,63.49
2021-04-26 22:00:00,53.62
2021-04-26 23:00:00,52.02
2021-04-27 00:00:00,51.53
2021-04-27 01:00:00,50.32
2021-04-27 02:00:00,51.2
2021-04-27 03:00:00,55.06
2021-04-27 04:00:00,75.59
2021-04-27 05:00:00,82.94
2021-04-27 06:00:00,85.32
2021-04-27 07:00:00,81.39
2021-04-27 08:00:00,76.31
2021-04-27 09:00:00,72.03
2021-04-27 10:00:00,70.23
2021-04-27 11:00:00,66.29
2021-04-27 12:00:00,65.35
2021-04-27 13:00:00,58.17
2021-04-27 14:00:00,58.03
2021-04-27 15:00:00,64.04
2021-04-27 16:00:00,74.09
2021-04-27 17:00:00,80.35
2021-04-27 18:00:00,80.87
2021-04-27 19:00:00,75.44
2021-04-27 20:00:00,59.54
2021-04-27 21:00:00,57.62
2021-04-27 22:00:00,70.38
2021-04-27 23:00:00,58.97
2021-04-28 00:00:00,56.41
2021-04-28 01:00:00,53.57
2021-04-28 02:00:00,54.17
2021-04-28 03:00:00,57.01
2021-04-28 04:00:00,71.98
2021-04-28 05:00:00,81.48
2021-04-28 06:00:00,85.57
2021-04-28 07:00:00,84.0
2021-04-28 08:00:00,79.65
2021-04-28 09:00:00,76.95
2021-04-28 10:00:00,75.13
2021-04-28 11:00:00,66.3
2021-04-28 12:00:00,61.39
2021-04-28 13:00:00,61.34
2021-04-28 14:00:00,59.18
2021-04-28 15:00:00,65.71
2021-04-28 16:00:00,71.4
2021-04-28 17:00:00,77.99
2021-04-28 18:00:00,78.0
2021-04-28 19:00:00,76.95
2021-04-28 20:00:00,72.78
2021-04-28 21:00:00,70.07
2021-04-28 22:00:00,68.6
2021-04-28 23:00:00,56.2
2021-04-29 00:00:00,53.21
2021-04-29 01:00:00,52.07
2021-04-29 02:00:00,52.04
2021-04-29 03:00:00,56.06
2021-04-29 04:00:00,71.77
2021-04-29 05:00:00,79.9
2021-04-29 06:00:00,85.08
2021-04-29 07:00:00,84.5
2021-04-29 08:00:00,78.46
2021-04-29 09:00:00,73.17
2021-04-29 10:00:00,65.73
2021-04-29 11:00:00,67.37
2021-04-29 12:00:00,60.05
2021-04-29 13:00:00,61.36
2021-04-29 14:00:00,64.03
2021-04-29 15:00:00,68.34
2021-04-29 16:00:00,69.0
2021-04-29 17:00:00,76.65
2021-04-29 18:00:00,82.47
2021-04-29 19:00:00,78.01
2021-04-29 20:00:00,74.67
2021-04-29 21:00:00,70.62
2021-04-29 22:00:00,71.43
2021-04-29 23:00:00,67.53
2021-04-30 00:00:00,62.97
2021-04-30 01:00:00,58.94
2021-04-30 02:00:00,60.31
2021-04-30 03:00:00,65.43
2021-04-30 04:00:00,74.0
2021-04-30 05:00:00,84.51
2021-04-30 06:00:00,90.0
2021-04-30 07:00:00,87.22
2021-04-30 08:00:00,79.47
2021-04-30 09:00:00,77.95
2021-04-30 10:00:00,82.06
2021-04-30 11:00:00,73.15
2021-04-30 12:00:00,68.3
2021-04-30 13:00:00,67.07
2021-04-30 14:00:00,67.5
2021-04-30 15:00:00,69.64
2021-04-30 16:00:00,75.55
2021-04-30 17:00:00,79.06
2021-04-30 18:00:00,80.96
2021-04-30 19:00:00,78.71
2021-04-30 20:00:00,75.23
2021-04-30 21:00:00,68.86
2021-04-30 22:00:00,69.29
2021-04-30 23:00:00,64.6
2021-05-01 00:00:00,61.08
2021-05-01 01:00:00,59.93
2021-05-01 02:00:00,59.9
2021-05-01 03:00:00,58.0
2021-05-01 04:00:00,52.54
2021-05-01 05:00:00,53.94
2021-05-01 06:00:00,57.38
2021-05-01 07:00:00,56.21
2021-05-01 08:00:00,54.7
2021-05-01 09:00:00,53.39
2021-05-01 10:00:00,53.13
2021-05-01 11:00:00,51.05
2021-05-01 12:00:00,48.24
2021-05-01 13:00:00,45.53
2021-05-01 14:00:00,48.98
2021-05-01 15:00:00,50.47
2021-05-01 16:00:00,54.4
2021-05-01 17:00:00,61.01
2021-05-01 18:00:00,68.69
2021-05-01 19:00:00,65.06
2021-05-01 20:00:00,60.34
2021-05-01 21:00:00,60.49
2021-05-01 22:00:00,61.17
2021-05-01 23:00:00,53.05
2021-05-02 00:00:00,50.56
2021-05-02 01:00:00,49.11
2021-05-02 02:00:00,49.43
2021-05-02 03:00:00,49.26
2021-05-02 04:00:00,48.38
2021-05-02 05:00:00,49.46
2021-05-02 06:00:00,50.76
2021-05-02 07:00:00,48.08
2021-05-02 08:00:00,46.18
2021-05-02 09:00:00,46.13
2021-05-02 10:00:00,43.91
2021-05-02 11:00:00,16.93
2021-05-02 12:00:00,3.0
2021-05-02 13:00:00,0.01
2021-05-02 14:00:00,2.62
2021-05-02 15:00:00,35.77
2021-05-02 16:00:00,50.52
2021-05-02 17:00:00,65.1
2021-05-02 18:00:00,75.0
2021-05-02 19:00:00,78.04
2021-05-02 20:00:00,80.0
2021-05-02 21:00:00,70.86
2021-05-02 22:00:00,58.48
2021-05-02 23:00:00,54.64
2021-05-03 00:00:00,54.27
2021-05-03 01:00:00,52.51
2021-05-03 02:00:00,55.84
2021-05-03 03:00:00,61.36
2021-05-03 04:00:00,74.74
2021-05-03 05:00:00,86.42
2021-05-03 06:00:00,87.93
2021-05-03 07:00:00,83.55
2021-05-03 08:00:00,79.0
2021-05-03 09:00:00,76.35
2021-05-03 10:00:00,69.72
2021-05-03 11:00:00,58.1
2021-05-03 12:00:00,50.83
2021-05-03 13:00:00,50.09
2021-05-03 14:00:00,49.79
2021-05-03 15:00:00,56.19
2021-05-03 16:00:00,70.06
2021-05-03 17:00:00,82.66
2021-05-03 18:00:00,87.0
2021-05-03 19:00:00,78.25
2021-05-03 20:00:00,68.7
2021-05-03 21:00:00,52.96
2021-05-03 22:00:00,45.28
2021-05-03 23:00:00,37.82
2021-05-04 00:00:00,16.97
2021-05-04 01:00:00,0.12
2021-05-04 02:00:00,0.1
2021-05-04 03:00:00,7.21
2021-05-04 04:00:00,42.01
2021-05-04 05:00:00,50.53
2021-05-04 06:00:00,53.05
2021-05-04 07:00:00,53.33
2021-05-04 08:00:00,37.8
2021-05-04 09:00:00,34.23
2021-05-04 10:00:00,41.62
2021-05-04 11:00:00,29.22
2021-05-04 12:00:00,2.06
2021-05-04 13:00:00,0.87
2021-05-04 14:00:00,5.0
2021-05-04 15:00:00,32.11
2021-05-04 16:00:00,52.7
2021-05-04 17:00:00,67.56
2021-05-04 18:00:00,65.07
2021-05-04 19:00:00,67.12
2021-05-04 20:00:00,75.0
2021-05-04 21:00:00,71.0
2021-05-04 22:00:00,64.78
2021-05-04 23:00:00,54.31
2021-05-05 00:00:00,55.42
2021-05-05 01:00:00,46.05
2021-05-05 02:00:00,44.14
2021-05-05 03:00:00,54.53
2021-05-05 04:00:00,59.79
2021-05-05 05:00:00,82.76
2021-05-05 06:00:00,84.2
2021-05-05 07:00:00,82.78
2021-05-05 08:00:00,70.44
2021-05-05 09:00:00,63.29
2021-05-05 10:00:00,56.76
2021-05-05 11:00:00,42.15
2021-05-05 12:00:00,54.82
2021-05-05 13:00:00,36.79
2021-05-05 14:00:00,44.27
2021-05-05 15:00:00,40.28
2021-05-05 16:00:00,69.69
2021-05-05 17:00:00,71.88
2021-05-05 18:00:00,80.08
2021-05-05 19:00:00,81.38
2021-05-05 20:00:00,79.02
2021-05-05 21:00:00,80.0
2021-05-05 22:00:00,73.0
2021-05-05 23:00:00,67.16
2021-05-06 00:00:00,65.13
2021-05-06 01:00:00,58.59
2021-05-06 02:00:00,60.98
2021-05-06 03:00:00,67.08
2021-05-06 04:00:00,75.5
2021-05-06 05:00:00,80.53
2021-05-06 06:00:00,81.67
2021-05-06 07:00:00,80.76
2021-05-06 08:00:00,75.0
2021-05-06 09:00:00,71.75
2021-05-06 10:00:00,67.16
2021-05-06 11:00:00,65.02
2021-05-06 12:00:00,63.5
2021-05-06 13:00:00,63.05
2021-05-06 14:00:00,64.96
2021-05-06 15:00:00,72.5
2021-05-06 16:00:00,78.97
2021-05-06 17:00:00,91.01
2021-05-06 18:00:00,92.73
2021-05-06 19:00:00,85.0
2021-05-06 20:00:00,80.0
2021-05-06 21:00:00,74.44
2021-05-06 22:00:00,75.57
2021-05-06 23:00:00,68.82
2021-05-07 00:00:00,65.0
2021-05-07 01:00:00,60.25
2021-05-07 02:00:00,60.01
2021-05-07 03:00:00,69.3
2021-05-07 04:00:00,80.0
2021-05-07 05:00:00,91.07
2021-05-07 06:00:00,101.5
2021-05-07 07:00:00,84.16
2021-05-07 08:00:00,78.75
2021-05-07 09:00:00,76.98
2021-05-07 10:00:00,75.57
2021-05-07 11:00:00,68.66
2021-05-07 12:00:00,56.62
2021-05-07 13:00:00,53.87
2021-05-07 14:00:00,53.06
2021-05-07 15:00:00,55.43
2021-05-07 16:00:00,61.28
2021-05-07 17:00:00,79.01
2021-05-07 18:00:00,84.2
2021-05-07 19:00:00,81.15
2021-05-07 20:00:00,79.48
2021-05-07 21:00:00,78.63
2021-05-07 22:00:00,75.2
2021-05-07 23:00:00,69.8
2021-05-08 00:00:00,70.86
2021-05-08 01:00:00,62.63
2021-05-08 02:00:00,61.57
2021-05-08 03:00:00,59.47
2021-05-08 04:00:00,55.16
2021-05-08 05:00:00,56.01
2021-05-08 06:00:00,57.0
2021-05-08 07:00:00,52.76
2021-05-08 08:00:00,45.14
2021-05-08 09:00:00,41.04
2021-05-08 10:00:00,37.0
2021-05-08 11:00:00,20.0
2021-05-08 12:00:00,1.95
2021-05-08 13:00:00,0.16
2021-05-08 14:00:00,1.0
2021-05-08 15:00:00,12.29
2021-05-08 16:00:00,51.29
2021-05-08 17:00:00,69.95
2021-05-08 18:00:00,66.27
2021-05-08 19:00:00,60.74
2021-05-08 20:00:00,56.53
2021-05-08 21:00:00,51.8
2021-05-08 22:00:00,15.02
2021-05-08 23:00:00,6.71
2021-05-09 00:00:00,2.0
2021-05-09 01:00:00,1.61
2021-05-09 02:00:00,0.09
2021-05-09 03:00:00,0.1
2021-05-09 04:00:00,0.09
2021-05-09 05:00:00,0.08
2021-05-09 06:00:00,0.32
2021-05-09 07:00:00,0.0
2021-05-09 08:00:00,-4.91
2021-05-09 09:00:00,-0.03
2021-05-09 10:00:00,-0.02
2021-05-09 11:00:00,-26.42
2021-05-09 12:00:00,-66.18
2021-05-09 13:00:00,-54.05
2021-05-09 14:00:00,-22.6
2021-05-09 15:00:00,0.15
2021-05-09 16:00:00,36.83
2021-05-09 17:00:00,54.93
2021-05-09 18:00:00,57.64
2021-05-09 19:00:00,54.11
2021-05-09 20:00:00,54.3
2021-05-09 21:00:00,49.75
2021-05-09 22:00:00,45.06
2021-05-09 23:00:00,42.11
2021-05-10 00:00:00,40.0
2021-05-10 01:00:00,35.45
2021-05-10 02:00:00,28.03
2021-05-10 03:00:00,37.0
2021-05-10 04:00:00,57.12
2021-05-10 05:00:00,69.99
2021-05-10 06:00:00,74.07
2021-05-10 07:00:00,59.56
2021-05-10 08:00:00,53.48
2021-05-10 09:00:00,54.4
2021-05-10 10:00:00,54.81
2021-05-10 11:00:00,46.28
2021-05-10 12:00:00,47.44
2021-05-10 13:00:00,53.25
2021-05-10 14:00:00,57.63
2021-05-10 15:00:00,65.92
2021-05-10 16:00:00,73.03
2021-05-10 17:00:00,83.94
2021-05-10 18:00:00,90.12
2021-05-10 19:00:00,84.0
2021-05-10 20:00:00,79.91
2021-05-10 21:00:00,68.0
2021-05-10 22:00:00,70.0
2021-05-10 23:00:00,64.92
2021-05-11 00:00:00,60.39
2021-05-11 01:00:00,56.67
2021-05-11 02:00:00,57.37
2021-05-11 03:00:00,63.09
2021-05-11 04:00:00,76.97
2021-05-11 05:00:00,85.99
2021-05-11 06:00:00,93.37
2021-05-11 07:00:00,85.71
2021-05-11 08:00:00,79.48
2021-05-11 09:00:00,77.66
2021-05-11 10:00:00,74.25
2021-05-11 11:00:00,69.16
2021-05-11 12:00:00,61.06
2021-05-11 13:00:00,62.05
2021-05-11 14:00:00,62.12
2021-05-11 15:00:00,69.43
2021-05-11 16:00:00,77.66
2021-05-11 17:00:00,81.19
2021-05-11 18:00:00,80.0
2021-05-11 19:00:00,79.62
2021-05-11 20:00:00,75.34
2021-05-11 21:00:00,68.62
2021-05-11 22:00:00,62.26
2021-05-11 23:00:00,58.2
2021-05-12 00:00:00,56.31
2021-05-12 01:00:00,54.81
2021-05-12 02:00:00,55.01
2021-05-12 03:00:00,58.84
2021-05-12 04:00:00,69.99
2021-05-12 05:00:00,79.37
2021-05-12 06:00:00,86.12
2021-05-12 07:00:00,80.1
2021-05-12 08:00:00,80.1
2021-05-12 09:00:00,73.84
2021-05-12 10:00:00,69.43
2021-05-12 11:00:00,62.06
2021-05-12 12:00:00,60.06
2021-05-12 13:00:00,60.0
2021-05-12 14:00:00,62.75
2021-05-12 15:00:00,70.0
2021-05-12 16:00:00,74.97
2021-05-12 17:00:00,80.97
2021-05-12 18:00:00,80.97
2021-05-12 19:00:00,78.08
2021-05-12 20:00:00,74.51
2021-05-12 21:00:00,66.01
2021-05-12 22:00:00,65.04
2021-05-12 23:00:00,63.15
2021-05-13 00:00:00,60.74
2021-05-13 01:00:00,60.85
2021-05-13 02:00:00,59.9
2021-05-13 03:00:00,60.69
2021-05-13 04:00:00,60.33
2021-05-13 05:00:00,62.87
2021-05-13 06:00:00,67.64
2021-05-13 07:00:00,63.0
2021-05-13 08:00:00,60.69
2021-05-13 09:00:00,57.96
2021-05-13 10:00:00,58.78
2021-05-13 11:00:00,51.63
2021-05-13 12:00:00,48.96
2021-05-13 13:00:00,48.0
2021-05-13 14:00:00,49.78
2021-05-13 15:00:00,57.0
2021-05-13 16:00:00,64.03
2021-05-13 17:00:00,75.91
2021-05-13 18:00:00,77.76
2021-05-13 19:00:00,79.96
2021-05-13 20:00:00,78.35
2021-05-13 21:00:00,72.63
2021-05-13 22:00:00,75.38
2021-05-13 23:00:00,69.0
2021-05-14 00:00:00,65.65
2021-05-14 01:00:00,62.2
2021-05-14 02:00:00,62.2
2021-05-14 03:00:00,68.0
2021-05-14 04:00:00,73.78
2021-05-14 05:00:00,80.0
2021-05-14 06:00:00,82.14
2021-05-14 07:00:00,78.96
2021-05-14 08:00:00,70.0
2021-05-14 09:00:00,67.21
2021-05-14 10:00:00,67.21
2021-05-14 11:00:00,63.0
2021-05-14 12:00:00,60.7
2021-05-14 13:00:00,60.0
2021-05-14 14:00:00,60.05
2021-05-14 15:00:00,65.0
2021-05-14 16:00:00,71.74
2021-05-14 17:00:00,79.07
2021-05-14 18:00:00,84.71
2021-05-14 19:00:00,87.02
2021-05-14 20:00:00,85.0
2021-05-14 21:00:00,78.69
2021-05-14 22:00:00,72.39
2021-05-14 23:00:00,66.75
2021-05-15 00:00:00,60.9
2021-05-15 01:00:00,57.77
2021-05-15 02:00:00,55.8
2021-05-15 03:00:00,54.01
2021-05-15 04:00:00,54.35
2021-05-15 05:00:00,60.75
2021-05-15 06:00:00,60.6
2021-05-15 07:00:00,60.09
2021-05-15 08:00:00,55.73
2021-05-15 09:00:00,53.02
2021-05-15 10:00:00,51.96
2021-05-15 11:00:00,48.49
2021-05-15 12:00:00,44.98
2021-05-15 13:00:00,35.26
2021-05-15 14:00:00,25.85
2021-05-15 15:00:00,42.06
2021-05-15 16:00:00,59.67
2021-05-15 17:00:00,75.29
2021-05-15 18:00:00,75.65
2021-05-15 19:00:00,72.64
2021-05-15 20:00:00,70.73
2021-05-15 21:00:00,65.0
2021-05-15 22:00:00,53.05
2021-05-15 23:00:00,47.56
2021-05-16 00:00:00,41.21
2021-05-16 01:00:00,22.09
2021-05-16 02:00:00,21.9
2021-05-16 03:00:00,21.8
2021-05-16 04:00:00,22.08
2021-05-16 05:00:00,25.25
2021-05-16 06:00:00,31.39
2021-05-16 07:00:00,30.91
2021-05-16 08:00:00,24.22
2021-05-16 09:00:00,29.2
2021-05-16 10:00:00,28.96
2021-05-16 11:00:00,9.93
2021-05-16 12:00:00,1.95
2021-05-16 13:00:00,1.0
2021-05-16 14:00:00,1.95
2021-05-16 15:00:00,4.57
2021-05-16 16:00:00,8.05
2021-05-16 17:00:00,36.0
2021-05-16 18:00:00,53.44
2021-05-16 19:00:00,70.99
2021-05-16 20:00:00,70.53
2021-05-16 21:00:00,65.05
2021-05-16 22:00:00,60.51
2021-05-16 23:00:00,53.03
2021-05-17 00:00:00,48.56
2021-05-17 01:00:00,24.7
2021-05-17 02:00:00,25.31
2021-05-17 03:00:00,60.73
2021-05-17 04:00:00,74.41
2021-05-17 05:00:00,85.12
2021-05-17 06:00:00,89.91
2021-05-17 07:00:00,86.63
2021-05-17 08:00:00,82.0
2021-05-17 09:00:00,81.86
2021-05-17 10:00:00,78.02
2021-05-17 11:00:00,72.0
2021-05-17 12:00:00,64.0
2021-05-17 13:00:00,60.76
2021-05-17 14:00:00,59.55
2021-05-17 15:00:00,70.79
2021-05-17 16:00:00,77.96
2021-05-17 17:00:00,85.77
2021-05-17 18:00:00,88.92
2021-05-17 19:00:00,87.04
2021-05-17 20:00:00,82.0
2021-05-17 21:00:00,77.99
2021-05-17 22:00:00,68.0
2021-05-17 23:00:00,62.0
2021-05-18 00:00:00,59.66
2021-05-18 01:00:00,56.68
2021-05-18 02:00:00,59.92
2021-05-18 03:00:00,67.21
2021-05-18 04:00:00,80.99
2021-05-18 05:00:00,87.98
2021-05-18 06:00:00,90.07
2021-05-18 07:00:00,87.25
2021-05-18 08:00:00,82.42
2021-05-18 09:00:00,80.0
2021-05-18 10:00:00,73.08
2021-05-18 11:00:00,67.46
2021-05-18 12:00:00,62.55
2021-05-18 13:00:00,61.92
2021-05-18 14:00:00,60.16
2021-05-18 15:00:00,64.25
2021-05-18 16:00:00,79.9
2021-05-18 17:00:00,88.24
2021-05-18 18:00:00,89.95
2021-05-18 19:00:00,87.98
2021-05-18 20:00:00,83.7
2021-05-18 21:00:00,78.92
2021-05-18 22:00:00,72.59
2021-05-18 23:00:00,65.49
2021-05-19 00:00:00,63.1
2021-05-19 01:00:00,62.08
2021-05-19 02:00:00,63.82
2021-05-19 03:00:00,69.79
2021-05-19 04:00:00,69.79
2021-05-19 05:00:00,91.86
2021-05-19 06:00:00,97.01
2021-05-19 07:00:00,89.32
2021-05-19 08:00:00,84.65
2021-05-19 09:00:00,81.96
2021-05-19 10:00:00,77.77
2021-05-19 11:00:00,70.08
2021-05-19 12:00:00,64.0
2021-05-19 13:00:00,63.55
2021-05-19 14:00:00,63.87
2021-05-19 15:00:00,71.0
2021-05-19 16:00:00,78.69
2021-05-19 17:00:00,85.18
2021-05-19 18:00:00,89.32
2021-05-19 19:00:00,90.01
2021-05-19 20:00:00,87.07
2021-05-19 21:00:00,80.05
2021-05-19 22:00:00,71.67
2021-05-19 23:00:00,61.67
2021-05-20 00:00:00,61.9
2021-05-20 01:00:00,59.95
2021-05-20 02:00:00,58.7
2021-05-20 03:00:00,65.79
2021-05-20 04:00:00,79.91
2021-05-20 05:00:00,90.23
2021-05-20 06:00:00,94.9
2021-05-20 07:00:00,84.99
2021-05-20 08:00:00,72.0
2021-05-20 09:00:00,66.19
2021-05-20 10:00:00,59.36
2021-05-20 11:00:00,56.0
2021-05-20 12:00:00,54.07
2021-05-20 13:00:00,55.95
2021-05-20 14:00:00,57.2
2021-05-20 15:00:00,59.84
2021-05-20 16:00:00,74.74
2021-05-20 17:00:00,82.17
2021-05-20 18:00:00,82.14
2021-05-20 19:00:00,78.97
2021-05-20 20:00:00,76.96
2021-05-20 21:00:00,58.93
2021-05-20 22:00:00,37.24
2021-05-20 23:00:00,22.9
2021-05-21 00:00:00,14.29
2021-05-21 01:00:00,7.83
2021-05-21 02:00:00,7.08
2021-05-21 03:00:00,16.69
2021-05-21 04:00:00,33.52
2021-05-21 05:00:00,65.0
2021-05-21 06:00:00,66.22
2021-05-21 07:00:00,53.41
2021-05-21 08:00:00,37.57
2021-05-21 09:00:00,22.45
2021-05-21 10:00:00,14.37
2021-05-21 11:00:00,4.51
2021-05-21 12:00:00,0.06
2021-05-21 13:00:00,0.05
2021-05-21 14:00:00,2.33
2021-05-21 15:00:00,16.01
2021-05-21 16:00:00,29.78
2021-05-21 17:00:00,40.42
2021-05-21 18:00:00,40.05
2021-05-21 19:00:00,43.69
2021-05-21 20:00:00,55.1
2021-05-21 21:00:00,42.69
2021-05-21 22:00:00,20.04
2021-05-21 23:00:00,4.07
2021-05-22 00:00:00,0.89
2021-05-22 01:00:00,0.03
2021-05-22 02:00:00,-0.05
2021-05-22 03:00:00,-0.54
2021-05-22 04:00:00,-0.26
2021-05-22 05:00:00,0.01
2021-05-22 06:00:00,0.74
2021-05-22 07:00:00,10.1
2021-05-22 08:00:00,3.74
2021-05-22 09:00:00,4.78
2021-05-22 10:00:00,14.78
2021-05-22 11:00:00,11.46
2021-05-22 12:00:00,0.08
2021-05-22 13:00:00,0.04
2021-05-22 14:00:00,0.03
2021-05-22 15:00:00,7.29
2021-05-22 16:00:00,38.63
2021-05-22 17:00:00,60.02
2021-05-22 18:00:00,61.15
2021-05-22 19:00:00,58.62
2021-05-22 20:00:00,69.47
2021-05-22 21:00:00,66.56
2021-05-22 22:00:00,55.76
2021-05-22 23:00:00,49.46
2021-05-23 00:00:00,34.87
2021-05-23 01:00:00,18.92
2021-05-23 02:00:00,13.46
2021-05-23 03:00:00,9.04
2021-05-23 04:00:00,9.44
2021-05-23 05:00:00,15.33
2021-05-23 06:00:00,13.16
2021-05-23 07:00:00,13.74
2021-05-23 08:00:00,6.58
2021-05-23 09:00:00,2.78
2021-05-23 10:00:00,0.08
2021-05-23 11:00:00,-7.83
2021-05-23 12:00:00,-24.93
2021-05-23 13:00:00,-25.0
2021-05-23 14:00:00,-8.02
2021-05-23 15:00:00,11.7
2021-05-23 16:00:00,40.86
2021-05-23 17:00:00,58.0
2021-05-23 18:00:00,74.9
2021-05-23 19:00:00,74.88
2021-05-23 20:00:00,74.85
2021-05-23 21:00:00,61.58
2021-05-23 22:00:00,53.91
2021-05-23 23:00:00,25.63
2021-05-24 00:00:00,20.22
2021-05-24 01:00:00,15.65
2021-05-24 02:00:00,11.97
2021-05-24 03:00:00,16.54
2021-05-24 04:00:00,21.86
2021-05-24 05:00:00,26.97
2021-05-24 06:00:00,36.0
2021-05-24 07:00:00,29.67
2021-05-24 08:00:00,23.87
2021-05-24 09:00:00,24.09
2021-05-24 10:00:00,29.22
2021-05-24 11:00:00,15.59
2021-05-24 12:00:00,12.36
2021-05-24 13:00:00,14.11
2021-05-24 14:00:00,25.25
2021-05-24 15:00:00,20.78
2021-05-24 16:00:00,56.79
2021-05-24 17:00:00,68.17
2021-05-24 18:00:00,60.33
2021-05-24 19:00:00,62.92
2021-05-24 20:00:00,62.03
2021-05-24 21:00:00,53.6
2021-05-24 22:00:00,52.64
2021-05-24 23:00:00,48.78
2021-05-25 00:00:00,46.15
2021-05-25 01:00:00,42.01
2021-05-25 02:00:00,37.79
2021-05-25 03:00:00,48.53
2021-05-25 04:00:00,66.4
2021-05-25 05:00:00,81.98
2021-05-25 06:00:00,84.65
2021-05-25 07:00:00,76.79
2021-05-25 08:00:00,66.0
2021-05-25 09:00:00,62.03
2021-05-25 10:00:00,55.51
2021-05-25 11:00:00,47.97
2021-05-25 12:00:00,42.04
2021-05-25 13:00:00,40.3
2021-05-25 14:00:00,42.48
2021-05-25 15:00:00,50.09
2021-05-25 16:00:00,65.48
2021-05-25 17:00:00,76.31
2021-05-25 18:00:00,77.98
2021-05-25 19:00:00,77.19
2021-05-25 20:00:00,77.09
2021-05-25 21:00:00,69.83
2021-05-25 22:00:00,74.34
2021-05-25 23:00:00,56.43
2021-05-26 00:00:00,53.61
2021-05-26 01:00:00,51.15
2021-05-26 02:00:00,52.28
2021-05-26 03:00:00,59.74
2021-05-26 04:00:00,76.68
2021-05-26 05:00:00,84.59
2021-05-26 06:00:00,90.0
2021-05-26 07:00:00,84.67
2021-05-26 08:00:00,76.59
2021-05-26 09:00:00,74.04
2021-05-26 10:00:00,69.61
2021-05-26 11:00:00,60.03
2021-05-26 12:00:00,53.86
2021-05-26 13:00:00,53.56
2021-05-26 14:00:00,54.17
2021-05-26 15:00:00,60.65
2021-05-26 16:00:00,74.52
2021-05-26 17:00:00,80.0
2021-05-26 18:00:00,80.0
2021-05-26 19:00:00,77.26
2021-05-26 20:00:00,81.27
2021-05-26 21:00:00,81.3
2021-05-26 22:00:00,66.32
2021-05-26 23:00:00,58.15
2021-05-27 00:00:00,56.37
2021-05-27 01:00:00,52.71
2021-05-27 02:00:00,52.9
2021-05-27 03:00:00,60.75
2021-05-27 04:00:00,77.0
2021-05-27 05:00:00,87.23
2021-05-27 06:00:00,91.24
2021-05-27 07:00:00,84.21
2021-05-27 08:00:00,79.13
2021-05-27 09:00:00,78.07
2021-05-27 10:00:00,74.95
2021-05-27 11:00:00,65.32
2021-05-27 12:00:00,60.77
2021-05-27 13:00:00,60.45
2021-05-27 14:00:00,60.91
2021-05-27 15:00:00,69.62
2021-05-27 16:00:00,79.96
2021-05-27 17:00:00,85.99
2021-05-27 18:00:00,88.87
2021-05-27 19:00:00,85.91
2021-05-27 20:00:00,84.04
2021-05-27 21:00:00,79.71
2021-05-27 22:00:00,71.34
2021-05-27 23:00:00,63.0
2021-05-28 00:00:00,61.59
2021-05-28 01:00:00,62.03
2021-05-28 02:00:00,64.64
2021-05-28 03:00:00,67.93
2021-05-28 04:00:00,81.36
2021-05-28 05:00:00,93.01
2021-05-28 06:00:00,92.42
2021-05-28 07:00:00,84.38
2021-05-28 08:00:00,76.89
2021-05-28 09:00:00,76.0
2021-05-28 10:00:00,73.29
2021-05-28 11:00:00,60.61
2021-05-28 12:00:00,58.34
2021-05-28 13:00:00,60.0
2021-05-28 14:00:00,61.02
2021-05-28 15:00:00,72.09
2021-05-28 16:00:00,77.99
2021-05-28 17:00:00,83.67
2021-05-28 18:00:00,82.9
2021-05-28 19:00:00,80.1
2021-05-28 20:00:00,80.03
2021-05-28 21:00:00,75.59
2021-05-28 22:00:00,70.89
2021-05-28 23:00:00,68.37
2021-05-29 00:00:00,67.07
2021-05-29 01:00:00,64.77
2021-05-29 02:00:00,64.09
2021-05-29 03:00:00,62.42
2021-05-29 04:00:00,63.77
2021-05-29 05:00:00,64.91
2021-05-29 06:00:00,65.0
2021-05-29 07:00:00,63.94
2021-05-29 08:00:00,58.47
2021-05-29 09:00:00,52.2
2021-05-29 10:00:00,47.96
2021-05-29 11:00:00,31.03
2021-05-29 12:00:00,15.01
2021-05-29 13:00:00,15.83
2021-05-29 14:00:00,28.27
2021-05-29 15:00:00,45.95
2021-05-29 16:00:00,58.05
2021-05-29 17:00:00,67.9
2021-05-29 18:00:00,71.85
2021-05-29 19:00:00,72.02
2021-05-29 20:00:00,71.83
2021-05-29 21:00:00,66.0
2021-05-29 22:00:00,59.9
2021-05-29 23:00:00,55.07
2021-05-30 00:00:00,50.66
2021-05-30 01:00:00,48.9
2021-05-30 02:00:00,27.09
2021-05-30 03:00:00,17.65
2021-05-30 04:00:00,20.02
2021-05-30 05:00:00,40.68
2021-05-30 06:00:00,39.4
2021-05-30 07:00:00,31.96
2021-05-30 08:00:00,17.59
2021-05-30 09:00:00,8.0
2021-05-30 10:00:00,6.08
2021-05-30 11:00:00,-3.05
2021-05-30 12:00:00,-16.86
2021-05-30 13:00:00,-9.9
2021-05-30 14:00:00,-0.93
2021-05-30 15:00:00,13.17
2021-05-30 16:00:00,35.25
2021-05-30 17:00:00,60.9
2021-05-30 18:00:00,56.13
2021-05-30 19:00:00,66.72
2021-05-30 20:00:00,72.04
2021-05-30 21:00:00,66.07
2021-05-30 22:00:00,59.6
2021-05-30 23:00:00,57.3
2021-05-31 00:00:00,56.22
2021-05-31 01:00:00,55.02
2021-05-31 02:00:00,40.8
2021-05-31 03:00:00,58.33
2021-05-31 04:00:00,76.72
2021-05-31 05:00:00,85.98
2021-05-31 06:00:00,86.73
2021-05-31 07:00:00,77.9
2021-05-31 08:00:00,63.38
2021-05-31 09:00:00,60.69
2021-05-31 10:00:00,59.1
2021-05-31 11:00:00,55.26
2021-05-31 12:00:00,54.05
2021-05-31 13:00:00,54.69
2021-05-31 14:00:00,53.94
2021-05-31 15:00:00,62.3
2021-05-31 16:00:00,76.0
2021-05-31 17:00:00,85.14
2021-05-31 18:00:00,86.0
2021-05-31 19:00:00,82.0
2021-05-31 20:00:00,79.9
2021-05-31 21:00:00,72.67
2021-05-31 22:00:00,61.98
2021-05-31 23:00:00,58.94
2021-06-01 00:00:00,56.5
2021-06-01 01:00:00,56.23
2021-06-01 02:00:00,56.95
2021-06-01 03:00:00,62.0
2021-06-01 04:00:00,78.12
2021-06-01 05:00:00,85.79
2021-06-01 06:00:00,87.1
2021-06-01 07:00:00,78.2
2021-06-01 08:00:00,64.95
2021-06-01 09:00:00,61.1
2021-06-01 10:00:00,58.13
2021-06-01 11:00:00,56.12
2021-06-01 12:00:00,55.4
2021-06-01 13:00:00,56.91
2021-06-01 14:00:00,58.13
2021-06-01 15:00:00,70.58
2021-06-01 16:00:00,79.36
2021-06-01 17:00:00,86.7
2021-06-01 18:00:00,85.14
2021-06-01 19:00:00,80.5
2021-06-01 20:00:00,75.31
2021-06-01 21:00:00,67.08
2021-06-01 22:00:00,65.0
2021-06-01 23:00:00,61.37
2021-06-02 00:00:00,59.18
2021-06-02 01:00:00,60.0
2021-06-02 02:00:00,50.83
2021-06-02 03:00:00,63.71
2021-06-02 04:00:00,63.2
2021-06-02 05:00:00,81.6
2021-06-02 06:00:00,81.12
2021-06-02 07:00:00,72.34
2021-06-02 08:00:00,62.44
2021-06-02 09:00:00,57.3
2021-06-02 10:00:00,55.72
2021-06-02 11:00:00,54.02
2021-06-02 12:00:00,53.83
2021-06-02 13:00:00,53.9
2021-06-02 14:00:00,56.87
2021-06-02 15:00:00,67.45
2021-06-02 16:00:00,78.48
2021-06-02 17:00:00,83.34
2021-06-02 18:00:00,82.91
2021-06-02 19:00:00,78.17
2021-06-02 20:00:00,73.93
2021-06-02 21:00:00,66.51
2021-06-02 22:00:00,59.53
2021-06-02 23:00:00,58.03
2021-06-03 00:00:00,55.4
2021-06-03 01:00:00,51.66
2021-06-03 02:00:00,52.97
2021-06-03 03:00:00,54.08
2021-06-03 04:00:00,54.1
2021-06-03 05:00:00,64.83
2021-06-03 06:00:00,70.59
2021-06-03 07:00:00,69.93
2021-06-03 08:00:00,69.35
2021-06-03 09:00:00,66.4
2021-06-03 10:00:00,64.24
2021-06-03 11:00:00,58.3
2021-06-03 12:00:00,57.36
2021-06-03 13:00:00,59.24
2021-06-03 14:00:00,65.74
2021-06-03 15:00:00,69.3
2021-06-03 16:00:00,69.3
2021-06-03 17:00:00,81.99
2021-06-03 18:00:00,82.03
2021-06-03 19:00:00,80.14
2021-06-03 20:00:00,79.32
2021-06-03 21:00:00,73.4
2021-06-03 22:00:00,66.41
2021-06-03 23:00:00,62.92
2021-06-04 00:00:00,60.04
2021-06-04 01:00:00,60.1
2021-06-04 02:00:00,59.0
2021-06-04 03:00:00,61.32
2021-06-04 04:00:00,75.98
2021-06-04 05:00:00,82.99
2021-06-04 06:00:00,85.9
2021-06-04 07:00:00,81.45
2021-06-04 08:00:00,75.58
2021-06-04 09:00:00,74.88
2021-06-04 10:00:00,69.95
2021-06-04 11:00:00,63.01
2021-06-04 12:00:00,62.91
2021-06-04 13:00:00,63.93
2021-06-04 14:00:00,67.0
2021-06-04 15:00:00,75.9
2021-06-04 16:00:00,79.91
2021-06-04 17:00:00,81.95
2021-06-04 18:00:00,81.69
2021-06-04 19:00:00,80.0
2021-06-04 20:00:00,78.21
2021-06-04 21:00:00,72.09
2021-06-04 22:00:00,74.87
2021-06-04 23:00:00,68.21
2021-06-05 00:00:00,59.01
2021-06-05 01:00:00,56.68
2021-06-05 02:00:00,56.03
2021-06-05 03:00:00,56.04
2021-06-05 04:00:00,56.07
2021-06-05 05:00:00,59.07
2021-06-05 06:00:00,66.02
2021-06-05 07:00:00,68.38
2021-06-05 08:00:00,60.26
2021-06-05 09:00:00,58.09
2021-06-05 10:00:00,58.83
2021-06-05 11:00:00,55.49
2021-06-05 12:00:00,52.4
2021-06-05 13:00:00,53.8
2021-06-05 14:00:00,55.25
2021-06-05 15:00:00,60.48
2021-06-05 16:00:00,70.6
2021-06-05 17:00:00,75.62
2021-06-05 18:00:00,76.01
2021-06-05 19:00:00,75.6
2021-06-05 20:00:00,74.18
2021-06-05 21:00:00,70.64
2021-06-05 22:00:00,65.71
2021-06-05 23:00:00,58.86
2021-06-06 00:00:00,60.72
2021-06-06 01:00:00,57.22
2021-06-06 02:00:00,49.96
2021-06-06 03:00:00,40.44
2021-06-06 04:00:00,35.76
2021-06-06 05:00:00,43.96
2021-06-06 06:00:00,57.12
2021-06-06 07:00:00,57.89
2021-06-06 08:00:00,57.76
2021-06-06 09:00:00,58.44
2021-06-06 10:00:00,58.16
2021-06-06 11:00:00,55.41
2021-06-06 12:00:00,48.0
2021-06-06 13:00:00,47.61
2021-06-06 14:00:00,39.33
2021-06-06 15:00:00,54.99
2021-06-06 16:00:00,60.02
2021-06-06 17:00:00,68.05
2021-06-06 18:00:00,76.38
2021-06-06 19:00:00,77.08
2021-06-06 20:00:00,80.1
2021-06-06 21:00:00,72.29
2021-06-06 22:00:00,66.0
2021-06-06 23:00:00,60.3
2021-06-07 00:00:00,60.8
2021-06-07 01:00:00,59.97
2021-06-07 02:00:00,60.3
2021-06-07 03:00:00,63.22
2021-06-07 04:00:00,80.19
2021-06-07 05:00:00,85.94
2021-06-07 06:00:00,90.0
2021-06-07 07:00:00,86.0
2021-06-07 08:00:00,82.55
2021-06-07 09:00:00,81.0
2021-06-07 10:00:00,79.95
2021-06-07 11:00:00,77.73
2021-06-07 12:00:00,76.15
2021-06-07 13:00:00,76.97
2021-06-07 14:00:00,77.25
2021-06-07 15:00:00,79.55
2021-06-07 16:00:00,83.18
2021-06-07 17:00:00,88.0
2021-06-07 18:00:00,89.95
2021-06-07 19:00:00,87.24
2021-06-07 20:00:00,84.95
2021-06-07 21:00:00,79.0
2021-06-07 22:00:00,71.35
2021-06-07 23:00:00,64.21
2021-06-08 00:00:00,63.48
2021-06-08 01:00:00,61.97
2021-06-08 02:00:00,62.36
2021-06-08 03:00:00,66.42
2021-06-08 04:00:00,80.07
2021-06-08 05:00:00,90.03
2021-06-08 06:00:00,93.85
2021-06-08 07:00:00,85.32
2021-06-08 08:00:00,80.02
2021-06-08 09:00:00,77.44
2021-06-08 10:00:00,72.6
2021-06-08 11:00:00,65.78
2021-06-08 12:00:00,65.06
2021-06-08 13:00:00,68.03
2021-06-08 14:00:00,74.47
2021-06-08 15:00:00,79.33
2021-06-08 16:00:00,83.79
2021-06-08 17:00:00,86.52
2021-06-08 18:00:00,87.32
2021-06-08 19:00:00,87.24
2021-06-08 20:00:00,83.96
2021-06-08 21:00:00,77.66
2021-06-08 22:00:00,68.48
2021-06-08 23:00:00,66.04
2021-06-09 00:00:00,64.59
2021-06-09 01:00:00,64.0
2021-06-09 02:00:00,64.9
2021-06-09 03:00:00,67.0
2021-06-09 04:00:00,79.0
2021-06-09 05:00:00,86.44
2021-06-09 06:00:00,88.11
2021-06-09 07:00:00,82.31
2021-06-09 08:00:00,76.81
2021-06-09 09:00:00,71.97
2021-06-09 10:00:00,68.22
2021-06-09 11:00:00,70.0
2021-06-09 12:00:00,68.63
2021-06-09 13:00:00,71.76
2021-06-09 14:00:00,72.42
2021-06-09 15:00:00,78.32
2021-06-09 16:00:00,82.99
2021-06-09 17:00:00,85.53
2021-06-09 18:00:00,86.7
2021-06-09 19:00:00,86.44
2021-06-09 20:00:00,85.0
2021-06-09 21:00:00,77.98
2021-06-09 22:00:00,78.58
2021-06-09 23:00:00,72.7
2021-06-10 00:00:00,68.33
2021-06-10 01:00:00,65.6
2021-06-10 02:00:00,66.09
2021-06-10 03:00:00,69.32
2021-06-10 04:00:00,80.91
2021-06-10 05:00:00,89.27
2021-06-10 06:00:00,92.5
2021-06-10 07:00:00,84.59
2021-06-10 08:00:00,74.44
2021-06-10 09:00:00,79.36
2021-06-10 10:00:00,82.18
2021-06-10 11:00:00,66.05
2021-06-10 12:00:00,65.2
2021-06-10 13:00:00,66.25
2021-06-10 14:00:00,71.5
2021-06-10 15:00:00,81.7
2021-06-10 16:00:00,85.74
2021-06-10 17:00:00,89.62
2021-06-10 18:00:00,89.18
2021-06-10 19:00:00,89.18
2021-06-10 20:00:00,87.25
2021-06-10 21:00:00,80.97
2021-06-10 22:00:00,81.75
2021-06-10 23:00:00,74.87
2021-06-11 00:00:00,68.1
2021-06-11 01:00:00,66.58
2021-06-11 02:00:00,66.33
2021-06-11 03:00:00,70.15
2021-06-11 04:00:00,82.0
2021-06-11 05:00:00,90.0
2021-06-11 06:00:00,92.26
2021-06-11 07:00:00,85.05
2021-06-11 08:00:00,76.92
2021-06-11 09:00:00,74.0
2021-06-11 10:00:00,75.43
2021-06-11 11:00:00,67.98
2021-06-11 12:00:00,65.49
2021-06-11 13:00:00,64.87
2021-06-11 14:00:00,67.45
2021-06-11 15:00:00,76.96
2021-06-11 16:00:00,82.98
2021-06-11 17:00:00,88.07
2021-06-11 18:00:00,89.92
2021-06-11 19:00:00,88.07
2021-06-11 20:00:00,85.46
2021-06-11 21:00:00,79.88
2021-06-11 22:00:00,78.56
2021-06-11 23:00:00,70.58
2021-06-12 00:00:00,65.98
2021-06-12 01:00:00,61.92
2021-06-12 02:00:00,60.17
2021-06-12 03:00:00,59.08
2021-06-12 04:00:00,59.12
2021-06-12 05:00:00,64.64
2021-06-12 06:00:00,66.24
2021-06-12 07:00:00,62.04
2021-06-12 08:00:00,49.24
2021-06-12 09:00:00,32.3
2021-06-12 10:00:00,21.06
2021-06-12 11:00:00,3.5
2021-06-12 12:00:00,-5.71
2021-06-12 13:00:00,-8.61
2021-06-12 14:00:00,-5.65
2021-06-12 15:00:00,8.44
2021-06-12 16:00:00,37.77
2021-06-12 17:00:00,59.15
2021-06-12 18:00:00,64.99
2021-06-12 19:00:00,69.06
2021-06-12 20:00:00,73.81
2021-06-12 21:00:00,73.24
2021-06-12 22:00:00,61.24
2021-06-12 23:00:00,43.08
2021-06-13 00:00:00,28.41
2021-06-13 01:00:00,18.49
2021-06-13 02:00:00,17.86
2021-06-13 03:00:00,15.98
2021-06-13 04:00:00,16.27
2021-06-13 05:00:00,21.3
2021-06-13 06:00:00,7.26
2021-06-13 07:00:00,4.79
2021-06-13 08:00:00,0.01
2021-06-13 09:00:00,0.01
2021-06-13 10:00:00,-0.01
2021-06-13 11:00:00,-23.4
2021-06-13 12:00:00,-36.72
2021-06-13 13:00:00,-21.01
2021-06-13 14:00:00,-1.97
2021-06-13 15:00:00,11.65
2021-06-13 16:00:00,64.3
2021-06-13 17:00:00,79.95
2021-06-13 18:00:00,82.96
2021-06-13 19:00:00,75.19
2021-06-13 20:00:00,83.54
2021-06-13 21:00:00,75.01
2021-06-13 22:00:00,68.56
2021-06-13 23:00:00,61.15
2021-06-14 00:00:00,56.69
2021-06-14 01:00:00,45.7
2021-06-14 02:00:00,51.05
2021-06-14 03:00:00,62.1
2021-06-14 04:00:00,77.34
2021-06-14 05:00:00,91.62
2021-06-14 06:00:00,93.0
2021-06-14 07:00:00,83.7
2021-06-14 08:00:00,68.79
2021-06-14 09:00:00,68.33
2021-06-14 10:00:00,69.09
2021-06-14 11:00:00,67.2
2021-06-14 12:00:00,69.0
2021-06-14 13:00:00,66.4
2021-06-14 14:00:00,68.47
2021-06-14 15:00:00,82.08
2021-06-14 16:00:00,88.85
2021-06-14 17:00:00,95.0
2021-06-14 18:00:00,98.35
2021-06-14 19:00:00,95.0
2021-06-14 20:00:00,90.0
2021-06-14 21:00:00,84.18
2021-06-14 22:00:00,78.22
2021-06-14 23:00:00,71.52
2021-06-15 00:00:00,69.1
2021-06-15 01:00:00,68.03
2021-06-15 02:00:00,68.18
2021-06-15 03:00:00,71.09
2021-06-15 04:00:00,84.0
2021-06-15 05:00:00,93.55
2021-06-15 06:00:00,96.81
2021-06-15 07:00:00,90.0
2021-06-15 08:00:00,83.99
2021-06-15 09:00:00,81.4
2021-06-15 10:00:00,74.99
2021-06-15 11:00:00,72.01
2021-06-15 12:00:00,73.2
2021-06-15 13:00:00,73.0
2021-06-15 14:00:00,79.01
2021-06-15 15:00:00,85.6
2021-06-15 16:00:00,94.6
2021-06-15 17:00:00,100.0
2021-06-15 18:00:00,100.0
2021-06-15 19:00:00,97.36
2021-06-15 20:00:00,91.77
2021-06-15 21:00:00,83.14
2021-06-15 22:00:00,77.59
2021-06-15 23:00:00,70.77
2021-06-16 00:00:00,70.95
2021-06-16 01:00:00,66.9
2021-06-16 02:00:00,68.57
2021-06-16 03:00:00,70.98
2021-06-16 04:00:00,85.58
2021-06-16 05:00:00,99.29
2021-06-16 06:00:00,100.0
2021-06-16 07:00:00,91.95
2021-06-16 08:00:00,83.99
2021-06-16 09:00:00,79.96
2021-06-16 10:00:00,77.21
2021-06-16 11:00:00,78.65
2021-06-16 12:00:00,79.99
2021-06-16 13:00:00,80.97
2021-06-16 14:00:00,85.5
2021-06-16 15:00:00,92.64
2021-06-16 16:00:00,102.53
2021-06-16 17:00:00,118.05
2021-06-16 18:00:00,111.53
2021-06-16 19:00:00,100.84
2021-06-16 20:00:00,100.0
2021-06-16 21:00:00,89.95
2021-06-16 22:00:00,66.28
2021-06-16 23:00:00,66.0
2021-06-17 00:00:00,64.13
2021-06-17 01:00:00,62.67
2021-06-17 02:00:00,62.8
2021-06-17 03:00:00,65.08
2021-06-17 04:00:00,71.72
2021-06-17 05:00:00,94.08
2021-06-17 06:00:00,99.0
2021-06-17 07:00:00,87.56
2021-06-17 08:00:00,78.17
2021-06-17 09:00:00,76.19
2021-06-17 10:00:00,82.35
2021-06-17 11:00:00,85.58
2021-06-17 12:00:00,86.95
2021-06-17 13:00:00,83.43
2021-06-17 14:00:00,76.29
2021-06-17 15:00:00,84.77
2021-06-17 16:00:00,92.95
2021-06-17 17:00:00,112.23
2021-06-17 18:00:00,103.46
2021-06-17 19:00:00,98.91
2021-06-17 20:00:00,91.03
2021-06-17 21:00:00,82.17
2021-06-17 22:00:00,76.07
2021-06-17 23:00:00,69.97
2021-06-18 00:00:00,67.07
2021-06-18 01:00:00,65.19
2021-06-18 02:00:00,66.09
2021-06-18 03:00:00,70.1
2021-06-18 04:00:00,85.57
2021-06-18 05:00:00,97.05
2021-06-18 06:00:00,100.02
2021-06-18 07:00:00,95.0
2021-06-18 08:00:00,84.1
2021-06-18 09:00:00,81.0
2021-06-18 10:00:00,77.93
2021-06-18 11:00:00,73.01
2021-06-18 12:00:00,67.15
2021-06-18 13:00:00,67.7
2021-06-18 14:00:00,66.0
2021-06-18 15:00:00,83.85
2021-06-18 16:00:00,91.1
2021-06-18 17:00:00,97.0
2021-06-18 18:00:00,96.91
2021-06-18 19:00:00,92.37
2021-06-18 20:00:00,85.86
2021-06-18 21:00:00,81.21
2021-06-18 22:00:00,80.17
2021-06-18 23:00:00,74.23
2021-06-19 00:00:00,71.35
2021-06-19 01:00:00,70.07
2021-06-19 02:00:00,67.3
2021-06-19 03:00:00,64.91
2021-06-19 04:00:00,66.04
2021-06-19 05:00:00,73.5
2021-06-19 06:00:00,74.37
2021-06-19 07:00:00,67.36
2021-06-19 08:00:00,69.73
2021-06-19 09:00:00,67.31
2021-06-19 10:00:00,68.88
2021-06-19 11:00:00,65.03
2021-06-19 12:00:00,61.1
2021-06-19 13:00:00,61.2
2021-06-19 14:00:00,65.51
2021-06-19 15:00:00,73.0
2021-06-19 16:00:00,81.0
2021-06-19 17:00:00,89.0
2021-06-19 18:00:00,92.75
2021-06-19 19:00:00,89.98
2021-06-19 20:00:00,83.98
2021-06-19 21:00:00,78.05
2021-06-19 22:00:00,76.01
2021-06-19 23:00:00,66.8
2021-06-20 00:00:00,63.04
2021-06-20 01:00:00,60.03
2021-06-20 02:00:00,54.93
2021-06-20 03:00:00,51.73
2021-06-20 04:00:00,51.73
2021-06-20 05:00:00,54.58
2021-06-20 06:00:00,55.0
2021-06-20 07:00:00,55.0
2021-06-20 08:00:00,50.2
2021-06-20 09:00:00,45.63
2021-06-20 10:00:00,39.85
2021-06-20 11:00:00,27.2
2021-06-20 12:00:00,23.72
2021-06-20 13:00:00,26.99
2021-06-20 14:00:00,48.1
2021-06-20 15:00:00,60.48
2021-06-20 16:00:00,70.05
2021-06-20 17:00:00,74.09
2021-06-20 18:00:00,79.24
2021-06-20 19:00:00,85.79
2021-06-20 20:00:00,88.13
2021-06-20 21:00:00,81.0
2021-06-20 22:00:00,65.99
2021-06-20 23:00:00,62.96
2021-06-21 00:00:00,61.03
2021-06-21 01:00:00,58.9
2021-06-21 02:00:00,58.62
2021-06-21 03:00:00,62.5
2021-06-21 04:00:00,76.1
2021-06-21 05:00:00,88.94
2021-06-21 06:00:00,92.0
2021-06-21 07:00:00,90.0
2021-06-21 08:00:00,86.28
2021-06-21 09:00:00,82.0
2021-06-21 10:00:00,78.48
2021-06-21 11:00:00,69.93
2021-06-21 12:00:00,67.34
2021-06-21 13:00:00,72.05
2021-06-21 14:00:00,75.13
2021-06-21 15:00:00,82.94
2021-06-21 16:00:00,88.97
2021-06-21 17:00:00,93.79
2021-06-21 18:00:00,94.07
2021-06-21 19:00:00,91.27
2021-06-21 20:00:00,86.09
2021-06-21 21:00:00,77.8
2021-06-21 22:00:00,74.03
2021-06-21 23:00:00,68.38
2021-06-22 00:00:00,66.8
2021-06-22 01:00:00,65.68
2021-06-22 02:00:00,63.79
2021-06-22 03:00:00,67.67
2021-06-22 04:00:00,83.08
2021-06-22 05:00:00,93.76
2021-06-22 06:00:00,96.0
2021-06-22 07:00:00,93.65
2021-06-22 08:00:00,90.97
2021-06-22 09:00:00,90.1
2021-06-22 10:00:00,88.48
2021-06-22 11:00:00,83.9
2021-06-22 12:00:00,80.07
2021-06-22 13:00:00,81.73
2021-06-22 14:00:00,82.41
2021-06-22 15:00:00,89.95
2021-06-22 16:00:00,89.7
2021-06-22 17:00:00,93.35
2021-06-22 18:00:00,90.28
2021-06-22 19:00:00,88.92
2021-06-22 20:00:00,90.68
2021-06-22 21:00:00,82.94
2021-06-22 22:00:00,72.59
2021-06-22 23:00:00,72.53
2021-06-23 00:00:00,70.29
2021-06-23 01:00:00,61.36
2021-06-23 02:00:00,63.27
2021-06-23 03:00:00,72.14
2021-06-23 04:00:00,77.7
2021-06-23 05:00:00,92.08
2021-06-23 06:00:00,95.0
2021-06-23 07:00:00,94.74
2021-06-23 08:00:00,93.35
2021-06-23 09:00:00,92.08
2021-06-23 10:00:00,91.13
2021-06-23 11:00:00,87.55
2021-06-23 12:00:00,84.82
2021-06-23 13:00:00,79.47
2021-06-23 14:00:00,83.61
2021-06-23 15:00:00,90.96
2021-06-23 16:00:00,93.22
2021-06-23 17:00:00,92.32
2021-06-23 18:00:00,92.17
2021-06-23 19:00:00,92.17
2021-06-23 20:00:00,93.35
2021-06-23 21:00:00,86.34
2021-06-23 22:00:00,80.89
2021-06-23 23:00:00,79.29
2021-06-24 00:00:00,76.19
2021-06-24 01:00:00,71.51
2021-06-24 02:00:00,68.93
2021-06-24 03:00:00,73.38
2021-06-24 04:00:00,81.5
2021-06-24 05:00:00,100.0
2021-06-24 06:00:00,119.81
2021-06-24 07:00:00,115.97
2021-06-24 08:00:00,99.99
2021-06-24 09:00:00,95.0
2021-06-24 10:00:00,90.16
2021-06-24 11:00:00,87.34
2021-06-24 12:00:00,84.64
2021-06-24 13:00:00,82.51
2021-06-24 14:00:00,84.0
2021-06-24 15:00:00,90.26
2021-06-24 16:00:00,90.58
2021-06-24 17:00:00,93.0
2021-06-24 18:00:00,93.35
2021-06-24 19:00:00,93.92
2021-06-24 20:00:00,94.32
2021-06-24 21:00:00,88.91
2021-06-24 22:00:00,84.63
2021-06-24 23:00:00,79.62
2021-06-25 00:00:00,76.99
2021-06-25 01:00:00,75.44
2021-06-25 02:00:00,75.77
2021-06-25 03:00:00,78.3
2021-06-25 04:00:00,86.9
2021-06-25 05:00:00,94.89
2021-06-25 06:00:00,98.35
2021-06-25 07:00:00,95.02
2021-06-25 08:00:00,91.45
2021-06-25 09:00:00,89.06
2021-06-25 10:00:00,86.45
2021-06-25 11:00:00,80.07
2021-06-25 12:00:00,79.26
2021-06-25 13:00:00,78.96
2021-06-25 14:00:00,79.83
2021-06-25 15:00:00,85.83
2021-06-25 16:00:00,87.42
2021-06-25 17:00:00,93.35
2021-06-25 18:00:00,95.02
2021-06-25 19:00:00,95.82
2021-06-25 20:00:00,95.45
2021-06-25 21:00:00,89.71
2021-06-25 22:00:00,88.94
2021-06-25 23:00:00,84.33
2021-06-26 00:00:00,84.33
2021-06-26 01:00:00,72.03
2021-06-26 02:00:00,60.29
2021-06-26 03:00:00,63.66
2021-06-26 04:00:00,67.01
2021-06-26 05:00:00,79.44
2021-06-26 06:00:00,82.8
2021-06-26 07:00:00,81.52
2021-06-26 08:00:00,75.24
2021-06-26 09:00:00,73.37
2021-06-26 10:00:00,71.17
2021-06-26 11:00:00,68.97
2021-06-26 12:00:00,65.74
2021-06-26 13:00:00,64.87
2021-06-26 14:00:00,65.34
2021-06-26 15:00:00,69.21
2021-06-26 16:00:00,75.08
2021-06-26 17:00:00,85.3
2021-06-26 18:00:00,88.55
2021-06-26 19:00:00,91.66
2021-06-26 20:00:00,91.03
2021-06-26 21:00:00,84.78
2021-06-26 22:00:00,76.89
2021-06-26 23:00:00,71.0
2021-06-27 00:00:00,68.05
2021-06-27 01:00:00,61.25
2021-06-27 02:00:00,48.71
2021-06-27 03:00:00,26.3
2021-06-27 04:00:00,26.19
2021-06-27 05:00:00,42.12
2021-06-27 06:00:00,62.29
2021-06-27 07:00:00,59.61
2021-06-27 08:00:00,52.89
2021-06-27 09:00:00,52.96
2021-06-27 10:00:00,49.58
2021-06-27 11:00:00,31.51
2021-06-27 12:00:00,21.73
2021-06-27 13:00:00,12.82
2021-06-27 14:00:00,16.5
2021-06-27 15:00:00,18.77
2021-06-27 16:00:00,38.94
2021-06-27 17:00:00,67.75
2021-06-27 18:00:00,72.0
2021-06-27 19:00:00,88.0
2021-06-27 20:00:00,92.91
2021-06-27 21:00:00,86.96
2021-06-27 22:00:00,81.2
2021-06-27 23:00:00,73.38
2021-06-28 00:00:00,70.2
2021-06-28 01:00:00,68.92
2021-06-28 02:00:00,67.99
2021-06-28 03:00:00,74.0
2021-06-28 04:00:00,88.61
2021-06-28 05:00:00,95.4
2021-06-28 06:00:00,98.49
2021-06-28 07:00:00,94.24
2021-06-28 08:00:00,89.7
2021-06-28 09:00:00,86.95
2021-06-28 10:00:00,86.74
2021-06-28 11:00:00,79.9
2021-06-28 12:00:00,76.4
2021-06-28 13:00:00,81.2
2021-06-28 14:00:00,84.96
2021-06-28 15:00:00,90.45
2021-06-28 16:00:00,99.62
2021-06-28 17:00:00,123.96
2021-06-28 18:00:00,109.79
2021-06-28 19:00:00,98.98
2021-06-28 20:00:00,97.49
2021-06-28 21:00:00,89.59
2021-06-28 22:00:00,81.03
2021-06-28 23:00:00,76.33
2021-06-29 00:00:00,74.98
2021-06-29 01:00:00,73.45
2021-06-29 02:00:00,74.52
2021-06-29 03:00:00,78.46
2021-06-29 04:00:00,93.79
2021-06-29 05:00:00,99.45
2021-06-29 06:00:00,103.49
2021-06-29 07:00:00,104.04
2021-06-29 08:00:00,99.14
2021-06-29 09:00:00,97.62
2021-06-29 10:00:00,95.25
2021-06-29 11:00:00,92.98
2021-06-29 12:00:00,90.02
2021-06-29 13:00:00,88.39
2021-06-29 14:00:00,89.0
2021-06-29 15:00:00,90.0
2021-06-29 16:00:00,93.27
2021-06-29 17:00:00,95.55
2021-06-29 18:00:00,95.66
2021-06-29 19:00:00,95.74
2021-06-29 20:00:00,94.97
2021-06-29 21:00:00,84.59
2021-06-29 22:00:00,80.82
2021-06-29 23:00:00,79.02
2021-06-30 00:00:00,75.63
2021-06-30 01:00:00,74.13
2021-06-30 02:00:00,74.03
2021-06-30 03:00:00,78.03
2021-06-30 04:00:00,84.1
2021-06-30 05:00:00,97.67
2021-06-30 06:00:00,99.93
2021-06-30 07:00:00,99.47
2021-06-30 08:00:00,98.86
2021-06-30 09:00:00,98.14
2021-06-30 10:00:00,98.86
2021-06-30 11:00:00,96.08
2021-06-30 12:00:00,92.43
2021-06-30 13:00:00,87.29
2021-06-30 14:00:00,87.36
2021-06-30 15:00:00,91.99
2021-06-30 16:00:00,95.54
2021-06-30 17:00:00,99.97
2021-06-30 18:00:00,98.97
2021-06-30 19:00:00,97.02
2021-06-30 20:00:00,96.01
2021-06-30 21:00:00,84.36
2021-06-30 22:00:00,81.57
2021-06-30 23:00:00,75.9
2021-07-01 00:00:00,73.73
2021-07-01 01:00:00,72.01
2021-07-01 02:00:00,71.24
2021-07-01 03:00:00,73.96
2021-07-01 04:00:00,84.91
2021-07-01 05:00:00,95.95
2021-07-01 06:00:00,98.19
2021-07-01 07:00:00,96.4
2021-07-01 08:00:00,94.93
2021-07-01 09:00:00,93.25
2021-07-01 10:00:00,93.0
2021-07-01 11:00:00,90.19
2021-07-01 12:00:00,85.67
2021-07-01 13:00:00,85.0
2021-07-01 14:00:00,84.04
2021-07-01 15:00:00,89.14
2021-07-01 16:00:00,93.0
2021-07-01 17:00:00,95.24
2021-07-01 18:00:00,95.93
2021-07-01 19:00:00,95.54
2021-07-01 20:00:00,96.18
2021-07-01 21:00:00,91.99
2021-07-01 22:00:00,90.77
2021-07-01 23:00:00,85.36
2021-07-02 00:00:00,82.18
2021-07-02 01:00:00,82.35
2021-07-02 02:00:00,83.22
2021-07-02 03:00:00,86.68
2021-07-02 04:00:00,102.0
2021-07-02 05:00:00,107.96
2021-07-02 06:00:00,110.0
2021-07-02 07:00:00,107.24
2021-07-02 08:00:00,102.54
2021-07-02 09:00:00,100.0
2021-07-02 10:00:00,99.61
2021-07-02 11:00:00,95.71
2021-07-02 12:00:00,88.55
2021-07-02 13:00:00,84.01
2021-07-02 14:00:00,82.57
2021-07-02 15:00:00,94.23
2021-07-02 16:00:00,99.98
2021-07-02 17:00:00,110.0
2021-07-02 18:00:00,109.49
2021-07-02 19:00:00,105.55
2021-07-02 20:00:00,105.02
2021-07-02 21:00:00,99.98
2021-07-02 22:00:00,92.64
2021-07-02 23:00:00,84.39
2021-07-03 00:00:00,80.9
2021-07-03 01:00:00,77.57
2021-07-03 02:00:00,74.05
2021-07-03 03:00:00,74.06
2021-07-03 04:00:00,78.97
2021-07-03 05:00:00,81.45
2021-07-03 06:00:00,83.03
2021-07-03 07:00:00,79.34
2021-07-03 08:00:00,74.06
2021-07-03 09:00:00,73.08
2021-07-03 10:00:00,78.54
2021-07-03 11:00:00,70.92
2021-07-03 12:00:00,69.71
2021-07-03 13:00:00,73.0
2021-07-03 14:00:00,75.2
2021-07-03 15:00:00,85.45
2021-07-03 16:00:00,93.61
2021-07-03 17:00:00,98.18
2021-07-03 18:00:00,100.27
2021-07-03 19:00:00,105.69
2021-07-03 20:00:00,106.95
2021-07-03 21:00:00,100.0
2021-07-03 22:00:00,94.18
2021-07-03 23:00:00,86.74
2021-07-04 00:00:00,80.05
2021-07-04 01:00:00,75.61
2021-07-04 02:00:00,71.12
2021-07-04 03:00:00,70.07
2021-07-04 04:00:00,74.5
2021-07-04 05:00:00,75.42
2021-07-04 06:00:00,78.68
2021-07-04 07:00:00,77.08
2021-07-04 08:00:00,75.24
2021-07-04 09:00:00,78.03
2021-07-04 10:00:00,78.02
2021-07-04 11:00:00,74.0
2021-07-04 12:00:00,69.26
2021-07-04 13:00:00,67.1
2021-07-04 14:00:00,58.45
2021-07-04 15:00:00,65.09
2021-07-04 16:00:00,69.57
2021-07-04 17:00:00,83.66
2021-07-04 18:00:00,100.0
2021-07-04 19:00:00,102.09
2021-07-04 20:00:00,104.92
2021-07-04 21:00:00,95.73
2021-07-04 22:00:00,81.55
2021-07-04 23:00:00,75.22
2021-07-05 00:00:00,74.01
2021-07-05 01:00:00,72.01
2021-07-05 02:00:00,71.54
2021-07-05 03:00:00,74.09
2021-07-05 04:00:00,91.57
2021-07-05 05:00:00,101.93
2021-07-05 06:00:00,105.69
2021-07-05 07:00:00,103.55
2021-07-05 08:00:00,101.0
2021-07-05 09:00:00,100.09
2021-07-05 10:00:00,97.91
2021-07-05 11:00:00,94.23
2021-07-05 12:00:00,88.93
2021-07-05 13:00:00,83.93
2021-07-05 14:00:00,87.8
2021-07-05 15:00:00,99.29
2021-07-05 16:00:00,101.16
2021-07-05 17:00:00,111.72
2021-07-05 18:00:00,102.61
2021-07-05 19:00:00,105.0
2021-07-05 20:00:00,103.96
2021-07-05 21:00:00,94.58
2021-07-05 22:00:00,86.8
2021-07-05 23:00:00,78.09
2021-07-06 00:00:00,70.7
2021-07-06 01:00:00,52.98
2021-07-06 02:00:00,35.2
2021-07-06 03:00:00,49.58
2021-07-06 04:00:00,52.32
2021-07-06 05:00:00,91.81
2021-07-06 06:00:00,97.06
2021-07-06 07:00:00,87.29
2021-07-06 08:00:00,76.8
2021-07-06 09:00:00,83.65
2021-07-06 10:00:00,85.98
2021-07-06 11:00:00,81.13
2021-07-06 12:00:00,83.03
2021-07-06 13:00:00,81.6
2021-07-06 14:00:00,78.27
2021-07-06 15:00:00,78.37
2021-07-06 16:00:00,91.46
2021-07-06 17:00:00,99.94
2021-07-06 18:00:00,103.47
2021-07-06 19:00:00,103.97
2021-07-06 20:00:00,101.91
2021-07-06 21:00:00,91.28
2021-07-06 22:00:00,82.34
2021-07-06 23:00:00,75.06
2021-07-07 00:00:00,75.07
2021-07-07 01:00:00,75.1
2021-07-07 02:00:00,75.07
2021-07-07 03:00:00,79.73
2021-07-07 04:00:00,96.46
2021-07-07 05:00:00,104.78
2021-07-07 06:00:00,108.31
2021-07-07 07:00:00,104.93
2021-07-07 08:00:00,101.21
2021-07-07 09:00:00,99.44
2021-07-07 10:00:00,97.78
2021-07-07 11:00:00,97.36
2021-07-07 12:00:00,96.98
2021-07-07 13:00:00,95.0
2021-07-07 14:00:00,96.03
2021-07-07 15:00:00,100.29
2021-07-07 16:00:00,113.57
2021-07-07 17:00:00,133.48
2021-07-07 18:00:00,125.5
2021-07-07 19:00:00,109.57
2021-07-07 20:00:00,107.7
2021-07-07 21:00:00,103.65
2021-07-07 22:00:00,89.34
2021-07-07 23:00:00,83.08
2021-07-08 00:00:00,80.38
2021-07-08 01:00:00,78.0
2021-07-08 02:00:00,77.5
2021-07-08 03:00:00,81.61
2021-07-08 04:00:00,88.93
2021-07-08 05:00:00,96.98
2021-07-08 06:00:00,100.7
2021-07-08 07:00:00,106.82
2021-07-08 08:00:00,102.38
2021-07-08 09:00:00,102.74
2021-07-08 10:00:00,100.0
2021-07-08 11:00:00,97.8
2021-07-08 12:00:00,95.0
2021-07-08 13:00:00,91.55
2021-07-08 14:00:00,91.11
2021-07-08 15:00:00,95.56
2021-07-08 16:00:00,96.01
2021-07-08 17:00:00,99.43
2021-07-08 18:00:00,99.74
2021-07-08 19:00:00,100.09
2021-07-08 20:00:00,102.1
2021-07-08 21:00:00,96.7
2021-07-08 22:00:00,87.97
2021-07-08 23:00:00,78.07
2021-07-09 00:00:00,76.84
2021-07-09 01:00:00,75.15
2021-07-09 02:00:00,75.24
2021-07-09 03:00:00,77.81
2021-07-09 04:00:00,92.88
2021-07-09 05:00:00,100.89
2021-07-09 06:00:00,107.63
2021-07-09 07:00:00,103.19
2021-07-09 08:00:00,98.53
2021-07-09 09:00:00,96.99
2021-07-09 10:00:00,95.0
2021-07-09 11:00:00,91.92
2021-07-09 12:00:00,87.0
2021-07-09 13:00:00,83.21
2021-07-09 14:00:00,82.5
2021-07-09 15:00:00,88.15
2021-07-09 16:00:00,94.47
2021-07-09 17:00:00,97.68
2021-07-09 18:00:00,98.25
2021-07-09 19:00:00,98.43
2021-07-09 20:00:00,96.69
2021-07-09 21:00:00,91.98
2021-07-09 22:00:00,84.73
2021-07-09 23:00:00,80.86
2021-07-10 00:00:00,75.75
2021-07-10 01:00:00,74.04
2021-07-10 02:00:00,72.87
2021-07-10 03:00:00,72.45
2021-07-10 04:00:00,74.02
2021-07-10 05:00:00,80.02
2021-07-10 06:00:00,80.41
2021-07-10 07:00:00,79.22
2021-07-10 08:00:00,74.73
2021-07-10 09:00:00,78.79
2021-07-10 10:00:00,78.55
2021-07-10 11:00:00,73.27
2021-07-10 12:00:00,70.25
2021-07-10 13:00:00,70.4
2021-07-10 14:00:00,73.0
2021-07-10 15:00:00,81.31
2021-07-10 16:00:00,93.16
2021-07-10 17:00:00,97.91
2021-07-10 18:00:00,99.19
2021-07-10 19:00:00,100.05
2021-07-10 20:00:00,98.5
2021-07-10 21:00:00,95.0
2021-07-10 22:00:00,87.4
2021-07-10 23:00:00,79.09
2021-07-11 00:00:00,75.14
2021-07-11 01:00:00,70.13
2021-07-11 02:00:00,68.72
2021-07-11 03:00:00,68.69
2021-07-11 04:00:00,68.63
2021-07-11 05:00:00,70.02
2021-07-11 06:00:00,71.56
2021-07-11 07:00:00,72.0
2021-07-11 08:00:00,71.28
2021-07-11 09:00:00,73.45
2021-07-11 10:00:00,73.0
2021-07-11 11:00:00,68.09
2021-07-11 12:00:00,64.0
2021-07-11 13:00:00,65.22
2021-07-11 14:00:00,67.98
2021-07-11 15:00:00,73.75
2021-07-11 16:00:00,80.85
2021-07-11 17:00:00,94.25
2021-07-11 18:00:00,99.76
2021-07-11 19:00:00,103.1
2021-07-11 20:00:00,103.63
2021-07-11 21:00:00,96.02
2021-07-11 22:00:00,83.4
2021-07-11 23:00:00,76.04
2021-07-12 00:00:00,74.0
2021-07-12 01:00:00,72.92
2021-07-12 02:00:00,73.06
2021-07-12 03:00:00,76.12
2021-07-12 04:00:00,94.83
2021-07-12 05:00:00,102.07
2021-07-12 06:00:00,106.01
2021-07-12 07:00:00,101.8
2021-07-12 08:00:00,95.94
2021-07-12 09:00:00,94.99
2021-07-12 10:00:00,91.16
2021-07-12 11:00:00,87.53
2021-07-12 12:00:00,86.47
2021-07-12 13:00:00,88.89
2021-07-12 14:00:00,91.7
2021-07-12 15:00:00,99.93
2021-07-12 16:00:00,108.45
2021-07-12 17:00:00,120.49
2021-07-12 18:00:00,112.41
2021-07-12 19:00:00,103.9
2021-07-12 20:00:00,102.26
2021-07-12 21:00:00,95.44
2021-07-12 22:00:00,88.61
2021-07-12 23:00:00,83.4
2021-07-13 00:00:00,81.02
2021-07-13 01:00:00,76.96
2021-07-13 02:00:00,76.95
2021-07-13 03:00:00,84.47
2021-07-13 04:00:00,98.01
2021-07-13 05:00:00,101.53
2021-07-13 06:00:00,109.88
2021-07-13 07:00:00,106.0
2021-07-13 08:00:00,102.51
2021-07-13 09:00:00,104.31
2021-07-13 10:00:00,99.39
2021-07-13 11:00:00,97.96
2021-07-13 12:00:00,95.28
2021-07-13 13:00:00,92.17
2021-07-13 14:00:00,91.92
2021-07-13 15:00:00,95.97
2021-07-13 16:00:00,98.01
2021-07-13 17:00:00,97.72
2021-07-13 18:00:00,98.97
2021-07-13 19:00:00,98.52
2021-07-13 20:00:00,95.03
2021-07-13 21:00:00,86.1
2021-07-13 22:00:00,78.0
2021-07-13 23:00:00,75.2
2021-07-14 00:00:00,72.86
2021-07-14 01:00:00,59.23
2021-07-14 02:00:00,32.44
2021-07-14 03:00:00,16.01
2021-07-14 04:00:00,10.33
2021-07-14 05:00:00,62.24
2021-07-14 06:00:00,80.2
2021-07-14 07:00:00,88.19
2021-07-14 08:00:00,84.0
2021-07-14 09:00:00,92.0
2021-07-14 10:00:00,95.41
2021-07-14 11:00:00,88.55
2021-07-14 12:00:00,76.65
2021-07-14 13:00:00,69.74
2021-07-14 14:00:00,61.99
2021-07-14 15:00:00,57.81
2021-07-14 16:00:00,72.9
2021-07-14 17:00:00,74.99
2021-07-14 18:00:00,87.5
2021-07-14 19:00:00,88.11
2021-07-14 20:00:00,85.5
2021-07-14 21:00:00,75.68
2021-07-14 22:00:00,77.95
2021-07-14 23:00:00,53.65
2021-07-15 00:00:00,42.01
2021-07-15 01:00:00,15.08
2021-07-15 02:00:00,0.1
2021-07-15 03:00:00,28.76
2021-07-15 04:00:00,42.41
2021-07-15 05:00:00,76.64
2021-07-15 06:00:00,93.05
2021-07-15 07:00:00,89.04
2021-07-15 08:00:00,91.36
2021-07-15 09:00:00,93.05
2021-07-15 10:00:00,94.79
2021-07-15 11:00:00,90.86
2021-07-15 12:00:00,85.0
2021-07-15 13:00:00,79.98
2021-07-15 14:00:00,78.12
2021-07-15 15:00:00,90.61
2021-07-15 16:00:00,94.64
2021-07-15 17:00:00,96.7
2021-07-15 18:00:00,96.3
2021-07-15 19:00:00,91.91
2021-07-15 20:00:00,90.86
2021-07-15 21:00:00,85.17
2021-07-15 22:00:00,79.14
2021-07-15 23:00:00,74.91
2021-07-16 00:00:00,71.78
2021-07-16 01:00:00,64.46
2021-07-16 02:00:00,59.79
2021-07-16 03:00:00,76.67
2021-07-16 04:00:00,89.97
2021-07-16 05:00:00,97.43
2021-07-16 06:00:00,101.55
2021-07-16 07:00:00,97.91
2021-07-16 08:00:00,93.37
2021-07-16 09:00:00,90.42
2021-07-16 10:00:00,89.06
2021-07-16 11:00:00,78.01
2021-07-16 12:00:00,74.15
2021-07-16 13:00:00,70.28
2021-07-16 14:00:00,70.48
2021-07-16 15:00:00,77.91
2021-07-16 16:00:00,90.0
2021-07-16 17:00:00,93.05
2021-07-16 18:00:00,96.05
2021-07-16 19:00:00,94.9
2021-07-16 20:00:00,91.17
2021-07-16 21:00:00,81.17
2021-07-16 22:00:00,72.87
2021-07-16 23:00:00,70.01
2021-07-17 00:00:00,66.02
2021-07-17 01:00:00,60.38
2021-07-17 02:00:00,57.47
2021-07-17 03:00:00,56.86
2021-07-17 04:00:00,62.27
2021-07-17 05:00:00,70.08
2021-07-17 06:00:00,75.56
2021-07-17 07:00:00,73.84
2021-07-17 08:00:00,70.1
2021-07-17 09:00:00,66.69
2021-07-17 10:00:00,60.5
2021-07-17 11:00:00,48.23
2021-07-17 12:00:00,30.08
2021-07-17 13:00:00,16.92
2021-07-17 14:00:00,29.01
2021-07-17 15:00:00,51.07
2021-07-17 16:00:00,68.03
2021-07-17 17:00:00,77.56
2021-07-17 18:00:00,82.01
2021-07-17 19:00:00,83.08
2021-07-17 20:00:00,86.59
2021-07-17 21:00:00,85.91
2021-07-17 22:00:00,66.83
2021-07-17 23:00:00,55.75
2021-07-18 00:00:00,50.86
2021-07-18 01:00:00,50.14
2021-07-18 02:00:00,45.46
2021-07-18 03:00:00,46.28
2021-07-18 04:00:00,50.79
2021-07-18 05:00:00,43.44
2021-07-18 06:00:00,54.82
2021-07-18 07:00:00,46.57
2021-07-18 08:00:00,35.33
2021-07-18 09:00:00,25.78
2021-07-18 10:00:00,19.56
2021-07-18 11:00:00,0.1
2021-07-18 12:00:00,-1.04
2021-07-18 13:00:00,-5.0
2021-07-18 14:00:00,0.01
2021-07-18 15:00:00,22.5
2021-07-18 16:00:00,58.02
2021-07-18 17:00:00,74.62
2021-07-18 18:00:00,85.28
2021-07-18 19:00:00,90.38
2021-07-18 20:00:00,94.19
2021-07-18 21:00:00,91.13
2021-07-18 22:00:00,76.97
2021-07-18 23:00:00,68.78
2021-07-19 00:00:00,66.73
2021-07-19 01:00:00,65.63
2021-07-19 02:00:00,65.8
2021-07-19 03:00:00,73.48
2021-07-19 04:00:00,93.48
2021-07-19 05:00:00,99.66
2021-07-19 06:00:00,105.05
2021-07-19 07:00:00,98.99
2021-07-19 08:00:00,95.0
2021-07-19 09:00:00,93.1
2021-07-19 10:00:00,89.36
2021-07-19 11:00:00,86.54
2021-07-19 12:00:00,80.0
2021-07-19 13:00:00,78.41
2021-07-19 14:00:00,85.11
2021-07-19 15:00:00,93.7
2021-07-19 16:00:00,100.0
2021-07-19 17:00:00,109.28
2021-07-19 18:00:00,108.82
2021-07-19 19:00:00,109.28
2021-07-19 20:00:00,103.86
2021-07-19 21:00:00,97.78
2021-07-19 22:00:00,85.7
2021-07-19 23:00:00,81.31
2021-07-20 00:00:00,79.7
2021-07-20 01:00:00,77.38
2021-07-20 02:00:00,77.93
2021-07-20 03:00:00,80.9
2021-07-20 04:00:00,94.94
2021-07-20 05:00:00,108.57
2021-07-20 06:00:00,111.36
2021-07-20 07:00:00,102.11
2021-07-20 08:00:00,93.01
2021-07-20 09:00:00,88.92
2021-07-20 10:00:00,85.0
2021-07-20 11:00:00,78.3
2021-07-20 12:00:00,77.95
2021-07-20 13:00:00,78.45
2021-07-20 14:00:00,80.3
2021-07-20 15:00:00,86.52
2021-07-20 16:00:00,98.34
2021-07-20 17:00:00,106.0
2021-07-20 18:00:00,108.65
2021-07-20 19:00:00,109.97
2021-07-20 20:00:00,106.0
2021-07-20 21:00:00,91.0
2021-07-20 22:00:00,82.01
2021-07-20 23:00:00,78.18
2021-07-21 00:00:00,76.15
2021-07-21 01:00:00,76.5
2021-07-21 02:00:00,76.3
2021-07-21 03:00:00,80.0
2021-07-21 04:00:00,93.26
2021-07-21 05:00:00,106.56
2021-07-21 06:00:00,108.45
2021-07-21 07:00:00,95.91
2021-07-21 08:00:00,87.07
2021-07-21 09:00:00,88.03
2021-07-21 10:00:00,88.57
2021-07-21 11:00:00,82.47
2021-07-21 12:00:00,81.08
2021-07-21 13:00:00,80.06
2021-07-21 14:00:00,82.05
2021-07-21 15:00:00,90.73
2021-07-21 16:00:00,101.78
2021-07-21 17:00:00,108.45
2021-07-21 18:00:00,110.64
2021-07-21 19:00:00,110.0
2021-07-21 20:00:00,104.59
2021-07-21 21:00:00,95.5
2021-07-21 22:00:00,83.01
2021-07-21 23:00:00,77.36
2021-07-22 00:00:00,75.99
2021-07-22 01:00:00,75.01
2021-07-22 02:00:00,74.12
2021-07-22 03:00:00,78.1
2021-07-22 04:00:00,95.06
2021-07-22 05:00:00,103.77
2021-07-22 06:00:00,105.25
2021-07-22 07:00:00,96.92
2021-07-22 08:00:00,88.08
2021-07-22 09:00:00,85.37
2021-07-22 10:00:00,84.92
2021-07-22 11:00:00,78.59
2021-07-22 12:00:00,80.91
2021-07-22 13:00:00,80.17
2021-07-22 14:00:00,79.92
2021-07-22 15:00:00,87.98
2021-07-22 16:00:00,95.96
2021-07-22 17:00:00,102.0
2021-07-22 18:00:00,105.0
2021-07-22 19:00:00,102.03
2021-07-22 20:00:00,97.06
2021-07-22 21:00:00,83.94
2021-07-22 22:00:00,86.03
2021-07-22 23:00:00,80.1
2021-07-23 00:00:00,76.49
2021-07-23 01:00:00,75.1
2021-07-23 02:00:00,74.31
2021-07-23 03:00:00,75.28
2021-07-23 04:00:00,89.15
2021-07-23 05:00:00,105.63
2021-07-23 06:00:00,106.91
2021-07-23 07:00:00,98.06
2021-07-23 08:00:00,93.01
2021-07-23 09:00:00,89.95
2021-07-23 10:00:00,88.09
2021-07-23 11:00:00,79.19
2021-07-23 12:00:00,76.44
2021-07-23 13:00:00,75.01
2021-07-23 14:00:00,75.8
2021-07-23 15:00:00,85.45
2021-07-23 16:00:00,92.54
2021-07-23 17:00:00,98.96
2021-07-23 18:00:00,100.03
2021-07-23 19:00:00,99.72
2021-07-23 20:00:00,95.15
2021-07-23 21:00:00,89.92
2021-07-23 22:00:00,85.0
2021-07-23 23:00:00,80.42
2021-07-24 00:00:00,76.3
2021-07-24 01:00:00,69.34
2021-07-24 02:00:00,60.14
2021-07-24 03:00:00,63.58
2021-07-24 04:00:00,71.3
2021-07-24 05:00:00,75.86
2021-07-24 06:00:00,78.3
2021-07-24 07:00:00,78.81
2021-07-24 08:00:00,75.53
2021-07-24 09:00:00,72.03
2021-07-24 10:00:00,70.3
2021-07-24 11:00:00,64.04
2021-07-24 12:00:00,63.1
2021-07-24 13:00:00,65.01
2021-07-24 14:00:00,68.91
2021-07-24 15:00:00,77.72
2021-07-24 16:00:00,85.07
2021-07-24 17:00:00,90.21
2021-07-24 18:00:00,90.04
2021-07-24 19:00:00,87.0
2021-07-24 20:00:00,88.49
2021-07-24 21:00:00,91.36
2021-07-24 22:00:00,67.46
2021-07-24 23:00:00,63.83
2021-07-25 00:00:00,54.69
2021-07-25 01:00:00,49.06
2021-07-25 02:00:00,49.09
2021-07-25 03:00:00,49.1
2021-07-25 04:00:00,49.08
2021-07-25 05:00:00,49.15
2021-07-25 06:00:00,53.58
2021-07-25 07:00:00,52.41
2021-07-25 08:00:00,49.23
2021-07-25 09:00:00,50.3
2021-07-25 10:00:00,49.9
2021-07-25 11:00:00,48.56
2021-07-25 12:00:00,46.74
2021-07-25 13:00:00,47.15
2021-07-25 14:00:00,47.84
2021-07-25 15:00:00,66.89
2021-07-25 16:00:00,80.4
2021-07-25 17:00:00,87.77
2021-07-25 18:00:00,91.46
2021-07-25 19:00:00,91.85
2021-07-25 20:00:00,91.86
2021-07-25 21:00:00,85.93
2021-07-25 22:00:00,84.26
2021-07-25 23:00:00,74.0
2021-07-26 00:00:00,70.47
2021-07-26 01:00:00,61.35
2021-07-26 02:00:00,47.96
2021-07-26 03:00:00,67.96
2021-07-26 04:00:00,84.62
2021-07-26 05:00:00,94.52
2021-07-26 06:00:00,102.0
2021-07-26 07:00:00,99.06
2021-07-26 08:00:00,91.68
2021-07-26 09:00:00,89.98
2021-07-26 10:00:00,86.83
2021-07-26 11:00:00,82.4
2021-07-26 12:00:00,81.99
2021-07-26 13:00:00,83.43
2021-07-26 14:00:00,83.41
2021-07-26 15:00:00,91.73
2021-07-26 16:00:00,103.41
2021-07-26 17:00:00,105.61
2021-07-26 18:00:00,108.23
2021-07-26 19:00:00,104.82
2021-07-26 20:00:00,95.0
2021-07-26 21:00:00,83.94
2021-07-26 22:00:00,80.08
2021-07-26 23:00:00,75.3
2021-07-27 00:00:00,72.55
2021-07-27 01:00:00,68.06
2021-07-27 02:00:00,67.62
2021-07-27 03:00:00,67.11
2021-07-27 04:00:00,78.27
2021-07-27 05:00:00,98.78
2021-07-27 06:00:00,100.98
2021-07-27 07:00:00,89.27
2021-07-27 08:00:00,84.08
2021-07-27 09:00:00,83.67
2021-07-27 10:00:00,83.0
2021-07-27 11:00:00,79.43
2021-07-27 12:00:00,78.0
2021-07-27 13:00:00,79.8
2021-07-27 14:00:00,82.86
2021-07-27 15:00:00,88.01
2021-07-27 16:00:00,96.52
2021-07-27 17:00:00,98.85
2021-07-27 18:00:00,99.1
2021-07-27 19:00:00,98.62
2021-07-27 20:00:00,93.99
2021-07-27 21:00:00,81.42
2021-07-27 22:00:00,82.59
2021-07-27 23:00:00,75.41
2021-07-28 00:00:00,69.23
2021-07-28 01:00:00,39.31
2021-07-28 02:00:00,19.52
2021-07-28 03:00:00,53.62
2021-07-28 04:00:00,60.39
2021-07-28 05:00:00,81.42
2021-07-28 06:00:00,87.43
2021-07-28 07:00:00,94.95
2021-07-28 08:00:00,85.08
2021-07-28 09:00:00,79.95
2021-07-28 10:00:00,74.47
2021-07-28 11:00:00,60.79
2021-07-28 12:00:00,55.91
2021-07-28 13:00:00,33.8
2021-07-28 14:00:00,32.83
2021-07-28 15:00:00,33.07
2021-07-28 16:00:00,76.92
2021-07-28 17:00:00,83.64
2021-07-28 18:00:00,86.59
2021-07-28 19:00:00,86.29
2021-07-28 20:00:00,83.02
2021-07-28 21:00:00,71.49
2021-07-28 22:00:00,55.58
2021-07-28 23:00:00,49.59
2021-07-29 00:00:00,30.81
2021-07-29 01:00:00,5.98
2021-07-29 02:00:00,-0.07
2021-07-29 03:00:00,28.34
2021-07-29 04:00:00,29.39
2021-07-29 05:00:00,64.04
2021-07-29 06:00:00,65.94
2021-07-29 07:00:00,50.72
2021-07-29 08:00:00,35.22
2021-07-29 09:00:00,32.52
2021-07-29 10:00:00,32.89
2021-07-29 11:00:00,25.67
2021-07-29 12:00:00,19.95
2021-07-29 13:00:00,31.45
2021-07-29 14:00:00,29.06
2021-07-29 15:00:00,48.33
2021-07-29 16:00:00,74.98
2021-07-29 17:00:00,91.35
2021-07-29 18:00:00,94.26
2021-07-29 19:00:00,95.98
2021-07-29 20:00:00,92.95
2021-07-29 21:00:00,82.95
2021-07-29 22:00:00,62.13
2021-07-29 23:00:00,52.94
2021-07-30 00:00:00,50.07
2021-07-30 01:00:00,29.49
2021-07-30 02:00:00,11.87
2021-07-30 03:00:00,37.87
2021-07-30 04:00:00,48.64
2021-07-30 05:00:00,69.64
2021-07-30 06:00:00,84.39
2021-07-30 07:00:00,63.28
2021-07-30 08:00:00,56.18
2021-07-30 09:00:00,50.31
2021-07-30 10:00:00,48.7
2021-07-30 11:00:00,27.1
2021-07-30 12:00:00,14.39
2021-07-30 13:00:00,0.09
2021-07-30 14:00:00,0.09
2021-07-30 15:00:00,17.42
2021-07-30 16:00:00,31.96
2021-07-30 17:00:00,37.21
2021-07-30 18:00:00,38.47
2021-07-30 19:00:00,43.9
2021-07-30 20:00:00,78.37
2021-07-30 21:00:00,69.62
2021-07-30 22:00:00,33.06
2021-07-30 23:00:00,8.89
2021-07-31 00:00:00,0.06
2021-07-31 01:00:00,-5.0
2021-07-31 02:00:00,-4.62
2021-07-31 03:00:00,0.06
2021-07-31 04:00:00,5.01
2021-07-31 05:00:00,14.01
2021-07-31 06:00:00,36.16
2021-07-31 07:00:00,26.66
2021-07-31 08:00:00,27.91
2021-07-31 09:00:00,32.05
2021-07-31 10:00:00,32.35
2021-07-31 11:00:00,15.97
2021-07-31 12:00:00,8.25
2021-07-31 13:00:00,3.87
2021-07-31 14:00:00,2.13
2021-07-31 15:00:00,13.32
2021-07-31 16:00:00,50.7
2021-07-31 17:00:00,66.46
2021-07-31 18:00:00,71.77
2021-07-31 19:00:00,70.91
2021-07-31 20:00:00,76.55
2021-07-31 21:00:00,72.36
2021-07-31 22:00:00,57.96
2021-07-31 23:00:00,52.89
2021-08-01 00:00:00,52.21
2021-08-01 01:00:00,34.45
2021-08-01 02:00:00,31.32
2021-08-01 03:00:00,27.49
2021-08-01 04:00:00,40.07
2021-08-01 05:00:00,28.13
2021-08-01 06:00:00,42.15
2021-08-01 07:00:00,50.63
2021-08-01 08:00:00,52.98
2021-08-01 09:00:00,49.1
2021-08-01 10:00:00,57.24
2021-08-01 11:00:00,43.16
2021-08-01 12:00:00,35.3
2021-08-01 13:00:00,20.28
2021-08-01 14:00:00,34.86
2021-08-01 15:00:00,40.65
2021-08-01 16:00:00,51.3
2021-08-01 17:00:00,76.69
2021-08-01 18:00:00,81.84
2021-08-01 19:00:00,82.89
2021-08-01 20:00:00,79.51
2021-08-01 21:00:00,80.55
2021-08-01 22:00:00,62.01
2021-08-01 23:00:00,60.87
2021-08-02 00:00:00,60.57
2021-08-02 01:00:00,54.53
2021-08-02 02:00:00,52.53
2021-08-02 03:00:00,61.01
2021-08-02 04:00:00,82.18
2021-08-02 05:00:00,89.92
2021-08-02 06:00:00,97.47
2021-08-02 07:00:00,96.62
2021-08-02 08:00:00,84.67
2021-08-02 09:00:00,79.95
2021-08-02 10:00:00,81.48
2021-08-02 11:00:00,70.08
2021-08-02 12:00:00,68.17
2021-08-02 13:00:00,68.67
2021-08-02 14:00:00,69.97
2021-08-02 15:00:00,82.67
2021-08-02 16:00:00,95.6
2021-08-02 17:00:00,108.41
2021-08-02 18:00:00,105.82
2021-08-02 19:00:00,106.49
2021-08-02 20:00:00,104.97
2021-08-02 21:00:00,92.91
2021-08-02 22:00:00,85.42
2021-08-02 23:00:00,78.59
2021-08-03 00:00:00,77.79
2021-08-03 01:00:00,75.03
2021-08-03 02:00:00,65.58
2021-08-03 03:00:00,77.54
2021-08-03 04:00:00,64.16
2021-08-03 05:00:00,87.41
2021-08-03 06:00:00,112.76
2021-08-03 07:00:00,104.06
2021-08-03 08:00:00,96.23
2021-08-03 09:00:00,95.21
2021-08-03 10:00:00,94.79
2021-08-03 11:00:00,88.96
2021-08-03 12:00:00,85.48
2021-08-03 13:00:00,85.42
2021-08-03 14:00:00,87.93
2021-08-03 15:00:00,89.13
2021-08-03 16:00:00,100.85
2021-08-03 17:00:00,107.52
2021-08-03 18:00:00,108.82
2021-08-03 19:00:00,110.0
2021-08-03 20:00:00,104.9
2021-08-03 21:00:00,90.82
2021-08-03 22:00:00,86.1
2021-08-03 23:00:00,80.23
2021-08-04 00:00:00,77.02
2021-08-04 01:00:00,64.64
2021-08-04 02:00:00,40.1
2021-08-04 03:00:00,62.92
2021-08-04 04:00:00,84.99
2021-08-04 05:00:00,91.24
2021-08-04 06:00:00,115.0
2021-08-04 07:00:00,114.68
2021-08-04 08:00:00,110.77
2021-08-04 09:00:00,101.98
2021-08-04 10:00:00,98.44
2021-08-04 11:00:00,95.91
2021-08-04 12:00:00,90.83
2021-08-04 13:00:00,90.02
2021-08-04 14:00:00,88.91
2021-08-04 15:00:00,95.97
2021-08-04 16:00:00,102.85
2021-08-04 17:00:00,105.0
2021-08-04 18:00:00,106.99
2021-08-04 19:00:00,105.22
2021-08-04 20:00:00,99.22
2021-08-04 21:00:00,90.03
2021-08-04 22:00:00,85.53
2021-08-04 23:00:00,80.99
2021-08-05 00:00:00,78.15
2021-08-05 01:00:00,63.91
2021-08-05 02:00:00,70.56
2021-08-05 03:00:00,76.97
2021-08-05 04:00:00,89.93
2021-08-05 05:00:00,107.12
2021-08-05 06:00:00,112.66
2021-08-05 07:00:00,112.1
2021-08-05 08:00:00,108.14
2021-08-05 09:00:00,101.0
2021-08-05 10:00:00,99.0
2021-08-05 11:00:00,88.79
2021-08-05 12:00:00,82.99
2021-08-05 13:00:00,76.23
2021-08-05 14:00:00,49.48
2021-08-05 15:00:00,66.44
2021-08-05 16:00:00,85.0
2021-08-05 17:00:00,100.5
2021-08-05 18:00:00,90.78
2021-08-05 19:00:00,89.04
2021-08-05 20:00:00,83.0
2021-08-05 21:00:00,70.6
2021-08-05 22:00:00,10.0
2021-08-05 23:00:00,0.64
2021-08-06 00:00:00,0.0
2021-08-06 01:00:00,-33.7
2021-08-06 02:00:00,-37.93
2021-08-06 03:00:00,-10.44
2021-08-06 04:00:00,-0.02
2021-08-06 05:00:00,4.83
2021-08-06 06:00:00,23.39
2021-08-06 07:00:00,17.52
2021-08-06 08:00:00,20.04
2021-08-06 09:00:00,8.83
2021-08-06 10:00:00,20.1
2021-08-06 11:00:00,7.28
2021-08-06 12:00:00,0.41
2021-08-06 13:00:00,-0.05
2021-08-06 14:00:00,6.73
2021-08-06 15:00:00,6.64
2021-08-06 16:00:00,29.89
2021-08-06 17:00:00,67.0
2021-08-06 18:00:00,80.47
2021-08-06 19:00:00,80.98
2021-08-06 20:00:00,79.24
2021-08-06 21:00:00,69.31
2021-08-06 22:00:00,64.53
2021-08-06 23:00:00,59.03
2021-08-07 00:00:00,57.78
2021-08-07 01:00:00,45.52
2021-08-07 02:00:00,39.13
2021-08-07 03:00:00,40.31
2021-08-07 04:00:00,37.92
2021-08-07 05:00:00,22.69
2021-08-07 06:00:00,51.93
2021-08-07 07:00:00,59.9
2021-08-07 08:00:00,56.14
2021-08-07 09:00:00,53.61
2021-08-07 10:00:00,53.53
2021-08-07 11:00:00,42.8
2021-08-07 12:00:00,15.87
2021-08-07 13:00:00,7.0
2021-08-07 14:00:00,0.08
2021-08-07 15:00:00,1.93
2021-08-07 16:00:00,12.78
2021-08-07 17:00:00,59.98
2021-08-07 18:00:00,61.86
2021-08-07 19:00:00,69.0
2021-08-07 20:00:00,64.19
2021-08-07 21:00:00,58.02
2021-08-07 22:00:00,4.38
2021-08-07 23:00:00,0.06
2021-08-08 00:00:00,0.67
2021-08-08 01:00:00,-4.5
2021-08-08 02:00:00,-13.08
2021-08-08 03:00:00,-8.05
2021-08-08 04:00:00,-16.59
2021-08-08 05:00:00,-9.51
2021-08-08 06:00:00,-0.17
2021-08-08 07:00:00,-4.37
2021-08-08 08:00:00,-3.73
2021-08-08 09:00:00,-13.31
2021-08-08 10:00:00,-16.6
2021-08-08 11:00:00,-43.3
2021-08-08 12:00:00,-63.03
2021-08-08 13:00:00,-59.69
2021-08-08 14:00:00,-34.2
2021-08-08 15:00:00,-5.42
2021-08-08 16:00:00,-0.07
2021-08-08 17:00:00,42.99
2021-08-08 18:00:00,68.05
2021-08-08 19:00:00,65.9
2021-08-08 20:00:00,63.73
2021-08-08 21:00:00,56.58
2021-08-08 22:00:00,44.04
2021-08-08 23:00:00,39.2
2021-08-09 00:00:00,38.27
2021-08-09 01:00:00,31.92
2021-08-09 02:00:00,18.42
2021-08-09 03:00:00,49.05
2021-08-09 04:00:00,70.22
2021-08-09 05:00:00,82.39
2021-08-09 06:00:00,86.9
2021-08-09 07:00:00,79.13
2021-08-09 08:00:00,65.55
2021-08-09 09:00:00,58.43
2021-08-09 10:00:00,60.12
2021-08-09 11:00:00,54.53
2021-08-09 12:00:00,47.95
2021-08-09 13:00:00,54.97
2021-08-09 14:00:00,56.95
2021-08-09 15:00:00,74.96
2021-08-09 16:00:00,91.37
2021-08-09 17:00:00,102.91
2021-08-09 18:00:00,107.61
2021-08-09 19:00:00,103.0
2021-08-09 20:00:00,96.34
2021-08-09 21:00:00,83.65
2021-08-09 22:00:00,73.65
2021-08-09 23:00:00,70.96
2021-08-10 00:00:00,67.29
2021-08-10 01:00:00,17.68
2021-08-10 02:00:00,29.28
2021-08-10 03:00:00,65.14
2021-08-10 04:00:00,85.96
2021-08-10 05:00:00,105.23
2021-08-10 06:00:00,115.0
2021-08-10 07:00:00,106.35
2021-08-10 08:00:00,97.28
2021-08-10 09:00:00,88.12
2021-08-10 10:00:00,84.6
2021-08-10 11:00:00,79.91
2021-08-10 12:00:00,74.07
2021-08-10 13:00:00,75.49
2021-08-10 14:00:00,80.35
2021-08-10 15:00:00,89.51
2021-08-10 16:00:00,104.54
2021-08-10 17:00:00,116.29
2021-08-10 18:00:00,120.0
2021-08-10 19:00:00,120.0
2021-08-10 20:00:00,111.6
2021-08-10 21:00:00,92.25
2021-08-10 22:00:00,91.07
2021-08-10 23:00:00,85.1
2021-08-11 00:00:00,83.93
2021-08-11 01:00:00,82.1
2021-08-11 02:00:00,82.32
2021-08-11 03:00:00,88.51
2021-08-11 04:00:00,107.0
2021-08-11 05:00:00,114.98
2021-08-11 06:00:00,121.61
2021-08-11 07:00:00,108.98
2021-08-11 08:00:00,92.97
2021-08-11 09:00:00,88.63
2021-08-11 10:00:00,84.6
2021-08-11 11:00:00,82.21
2021-08-11 12:00:00,80.29
2021-08-11 13:00:00,82.96
2021-08-11 14:00:00,88.05
2021-08-11 15:00:00,104.47
2021-08-11 16:00:00,115.0
2021-08-11 17:00:00,124.75
2021-08-11 18:00:00,125.43
2021-08-11 19:00:00,125.01
2021-08-11 20:00:00,117.0
2021-08-11 21:00:00,103.0
2021-08-11 22:00:00,96.67
2021-08-11 23:00:00,91.7
2021-08-12 00:00:00,90.05
2021-08-12 01:00:00,87.0
2021-08-12 02:00:00,84.64
2021-08-12 03:00:00,87.02
2021-08-12 04:00:00,106.92
2021-08-12 05:00:00,120.0
2021-08-12 06:00:00,120.77
2021-08-12 07:00:00,109.0
2021-08-12 08:00:00,102.72
2021-08-12 09:00:00,98.06
2021-08-12 10:00:00,95.0
2021-08-12 11:00:00,91.94
2021-08-12 12:00:00,92.99
2021-08-12 13:00:00,94.95
2021-08-12 14:00:00,100.91
2021-08-12 15:00:00,111.4
2021-08-12 16:00:00,123.51
2021-08-12 17:00:00,128.37
2021-08-12 18:00:00,130.0
2021-08-12 19:00:00,128.77
2021-08-12 20:00:00,119.0
2021-08-12 21:00:00,107.12
2021-08-12 22:00:00,94.87
2021-08-12 23:00:00,85.37
2021-08-13 00:00:00,81.01
2021-08-13 01:00:00,79.96
2021-08-13 02:00:00,81.3
2021-08-13 03:00:00,85.26
2021-08-13 04:00:00,92.22
2021-08-13 05:00:00,114.92
2021-08-13 06:00:00,121.93
2021-08-13 07:00:00,109.66
2021-08-13 08:00:00,99.98
2021-08-13 09:00:00,88.02
2021-08-13 10:00:00,83.75
2021-08-13 11:00:00,74.05
2021-08-13 12:00:00,72.04
2021-08-13 13:00:00,71.95
2021-08-13 14:00:00,72.58
2021-08-13 15:00:00,86.13
2021-08-13 16:00:00,104.91
2021-08-13 17:00:00,117.48
2021-08-13 18:00:00,115.68
2021-08-13 19:00:00,115.77
2021-08-13 20:00:00,106.91
2021-08-13 21:00:00,92.19
2021-08-13 22:00:00,78.02
2021-08-13 23:00:00,75.66
2021-08-14 00:00:00,71.55
2021-08-14 01:00:00,69.45
2021-08-14 02:00:00,69.06
2021-08-14 03:00:00,69.2
2021-08-14 04:00:00,69.7
2021-08-14 05:00:00,73.51
2021-08-14 06:00:00,75.02
2021-08-14 07:00:00,73.86
2021-08-14 08:00:00,63.26
2021-08-14 09:00:00,58.08
2021-08-14 10:00:00,59.25
2021-08-14 11:00:00,44.77
2021-08-14 12:00:00,36.97
2021-08-14 13:00:00,29.51
2021-08-14 14:00:00,50.49
2021-08-14 15:00:00,66.48
2021-08-14 16:00:00,80.72
2021-08-14 17:00:00,96.18
2021-08-14 18:00:00,101.16
2021-08-14 19:00:00,99.18
2021-08-14 20:00:00,92.07
2021-08-14 21:00:00,78.45
2021-08-14 22:00:00,73.7
2021-08-14 23:00:00,69.88
2021-08-15 00:00:00,64.92
2021-08-15 01:00:00,62.43
2021-08-15 02:00:00,48.89
2021-08-15 03:00:00,22.94
2021-08-15 04:00:00,32.84
2021-08-15 05:00:00,31.36
2021-08-15 06:00:00,54.04
2021-08-15 07:00:00,53.54
2021-08-15 08:00:00,53.67
2021-08-15 09:00:00,53.05
2021-08-15 10:00:00,52.95
2021-08-15 11:00:00,30.06
2021-08-15 12:00:00,12.5
2021-08-15 13:00:00,20.41
2021-08-15 14:00:00,23.81
2021-08-15 15:00:00,37.21
2021-08-15 16:00:00,39.67
2021-08-15 17:00:00,69.43
2021-08-15 18:00:00,84.04
2021-08-15 19:00:00,87.61
2021-08-15 20:00:00,86.77
2021-08-15 21:00:00,76.95
2021-08-15 22:00:00,36.16
2021-08-15 23:00:00,15.14
2021-08-16 00:00:00,10.42
2021-08-16 01:00:00,-4.63
2021-08-16 02:00:00,-8.48
2021-08-16 03:00:00,14.06
2021-08-16 04:00:00,25.5
2021-08-16 05:00:00,52.23
2021-08-16 06:00:00,92.93
2021-08-16 07:00:00,78.99
2021-08-16 08:00:00,69.84
2021-08-16 09:00:00,53.13
2021-08-16 10:00:00,58.1
2021-08-16 11:00:00,48.89
2021-08-16 12:00:00,24.56
2021-08-16 13:00:00,34.05
2021-08-16 14:00:00,19.65
2021-08-16 15:00:00,39.15
2021-08-16 16:00:00,71.0
2021-08-16 17:00:00,78.13
2021-08-16 18:00:00,79.12
2021-08-16 19:00:00,82.84
2021-08-16 20:00:00,83.69
2021-08-16 21:00:00,83.15
2021-08-16 22:00:00,59.64
2021-08-16 23:00:00,49.93
2021-08-17 00:00:00,39.94
2021-08-17 01:00:00,14.47
2021-08-17 02:00:00,33.82
2021-08-17 03:00:00,49.69
2021-08-17 04:00:00,64.35
2021-08-17 05:00:00,74.97
2021-08-17 06:00:00,83.7
2021-08-17 07:00:00,73.46
2021-08-17 08:00:00,70.65
2021-08-17 09:00:00,65.07
2021-08-17 10:00:00,72.08
2021-08-17 11:00:00,60.06
2021-08-17 12:00:00,55.15
2021-08-17 13:00:00,54.68
2021-08-17 14:00:00,54.18
2021-08-17 15:00:00,69.09
2021-08-17 16:00:00,85.36
2021-08-17 17:00:00,96.8
2021-08-17 18:00:00,97.68
2021-08-17 19:00:00,100.5
2021-08-17 20:00:00,97.34
2021-08-17 21:00:00,79.58
2021-08-17 22:00:00,61.65
2021-08-17 23:00:00,60.42
2021-08-18 00:00:00,61.72
2021-08-18 01:00:00,51.39
2021-08-18 02:00:00,43.75
2021-08-18 03:00:00,56.79
2021-08-18 04:00:00,79.32
2021-08-18 05:00:00,95.97
2021-08-18 06:00:00,98.1
2021-08-18 07:00:00,96.52
2021-08-18 08:00:00,97.2
2021-08-18 09:00:00,95.92
2021-08-18 10:00:00,90.81
2021-08-18 11:00:00,76.99
2021-08-18 12:00:00,74.07
2021-08-18 13:00:00,74.25
2021-08-18 14:00:00,68.26
2021-08-18 15:00:00,75.04
2021-08-18 16:00:00,89.43
2021-08-18 17:00:00,99.82
2021-08-18 18:00:00,101.19
2021-08-18 19:00:00,100.91
2021-08-18 20:00:00,91.17
2021-08-18 21:00:00,82.35
2021-08-18 22:00:00,72.24
2021-08-18 23:00:00,66.43
2021-08-19 00:00:00,62.69
2021-08-19 01:00:00,61.01
2021-08-19 02:00:00,58.86
2021-08-19 03:00:00,66.01
2021-08-19 04:00:00,83.9
2021-08-19 05:00:00,99.03
2021-08-19 06:00:00,106.2
2021-08-19 07:00:00,108.46
2021-08-19 08:00:00,107.6
2021-08-19 09:00:00,102.97
2021-08-19 10:00:00,102.0
2021-08-19 11:00:00,94.4
2021-08-19 12:00:00,92.14
2021-08-19 13:00:00,91.29
2021-08-19 14:00:00,91.93
2021-08-19 15:00:00,100.51
2021-08-19 16:00:00,114.94
2021-08-19 17:00:00,126.78
2021-08-19 18:00:00,128.12
2021-08-19 19:00:00,119.61
2021-08-19 20:00:00,110.07
2021-08-19 21:00:00,100.0
2021-08-19 22:00:00,95.0
2021-08-19 23:00:00,86.22
2021-08-20 00:00:00,83.73
2021-08-20 01:00:00,83.2
2021-08-20 02:00:00,83.96
2021-08-20 03:00:00,84.76
2021-08-20 04:00:00,100.15
2021-08-20 05:00:00,109.0
2021-08-20 06:00:00,116.66
2021-08-20 07:00:00,114.0
2021-08-20 08:00:00,106.99
2021-08-20 09:00:00,105.0
2021-08-20 10:00:00,99.11
2021-08-20 11:00:00,90.0
2021-08-20 12:00:00,85.18
2021-08-20 13:00:00,84.81
2021-08-20 14:00:00,90.01
2021-08-20 15:00:00,103.31
2021-08-20 16:00:00,113.27
2021-08-20 17:00:00,123.2
2021-08-20 18:00:00,126.14
2021-08-20 19:00:00,124.93
2021-08-20 20:00:00,110.69
2021-08-20 21:00:00,106.0
2021-08-20 22:00:00,102.51
2021-08-20 23:00:00,95.2
2021-08-21 00:00:00,88.52
2021-08-21 01:00:00,83.31
2021-08-21 02:00:00,81.41
2021-08-21 03:00:00,82.17
2021-08-21 04:00:00,90.2
2021-08-21 05:00:00,93.11
2021-08-21 06:00:00,96.43
2021-08-21 07:00:00,92.4
2021-08-21 08:00:00,81.95
2021-08-21 09:00:00,79.11
2021-08-21 10:00:00,78.79
2021-08-21 11:00:00,77.06
2021-08-21 12:00:00,76.59
2021-08-21 13:00:00,78.06
2021-08-21 14:00:00,79.99
2021-08-21 15:00:00,95.27
2021-08-21 16:00:00,107.92
2021-08-21 17:00:00,112.08
2021-08-21 18:00:00,112.17
2021-08-21 19:00:00,108.0
2021-08-21 20:00:00,106.0
2021-08-21 21:00:00,96.86
2021-08-21 22:00:00,84.91
2021-08-21 23:00:00,78.9
2021-08-22 00:00:00,74.99
2021-08-22 01:00:00,72.18
2021-08-22 02:00:00,70.05
2021-08-22 03:00:00,65.6
2021-08-22 04:00:00,67.9
2021-08-22 05:00:00,62.85
2021-08-22 06:00:00,74.47
2021-08-22 07:00:00,76.84
2021-08-22 08:00:00,76.16
2021-08-22 09:00:00,77.31
2021-08-22 10:00:00,76.44
2021-08-22 11:00:00,69.06
2021-08-22 12:00:00,63.12
2021-08-22 13:00:00,62.61
2021-08-22 14:00:00,59.55
2021-08-22 15:00:00,60.61
2021-08-22 16:00:00,84.81
2021-08-22 17:00:00,95.0
2021-08-22 18:00:00,97.96
2021-08-22 19:00:00,95.48
2021-08-22 20:00:00,90.1
2021-08-22 21:00:00,81.95
2021-08-22 22:00:00,76.15
2021-08-22 23:00:00,75.93
2021-08-23 00:00:00,75.7
2021-08-23 01:00:00,66.15
2021-08-23 02:00:00,32.12
2021-08-23 03:00:00,63.55
2021-08-23 04:00:00,90.1
2021-08-23 05:00:00,111.29
2021-08-23 06:00:00,114.59
2021-08-23 07:00:00,114.18
2021-08-23 08:00:00,106.98
2021-08-23 09:00:00,103.47
2021-08-23 10:00:00,99.44
2021-08-23 11:00:00,94.0
2021-08-23 12:00:00,85.69
2021-08-23 13:00:00,83.95
2021-08-23 14:00:00,83.95
2021-08-23 15:00:00,94.96
2021-08-23 16:00:00,105.0
2021-08-23 17:00:00,114.18
2021-08-23 18:00:00,110.99
2021-08-23 19:00:00,102.08
2021-08-23 20:00:00,93.92
2021-08-23 21:00:00,83.1
2021-08-23 22:00:00,80.75
2021-08-23 23:00:00,74.33
2021-08-24 00:00:00,70.87
2021-08-24 01:00:00,52.36
2021-08-24 02:00:00,24.72
2021-08-24 03:00:00,69.12
2021-08-24 04:00:00,85.84
2021-08-24 05:00:00,90.0
2021-08-24 06:00:00,110.63
2021-08-24 07:00:00,106.97
2021-08-24 08:00:00,101.0
2021-08-24 09:00:00,96.0
2021-08-24 10:00:00,88.0
2021-08-24 11:00:00,81.72
2021-08-24 12:00:00,59.99
2021-08-24 13:00:00,45.03
2021-08-24 14:00:00,20.71
2021-08-24 15:00:00,45.11
2021-08-24 16:00:00,80.53
2021-08-24 17:00:00,109.76
2021-08-24 18:00:00,107.82
2021-08-24 19:00:00,105.01
2021-08-24 20:00:00,100.0
2021-08-24 21:00:00,89.59
2021-08-24 22:00:00,82.89
2021-08-24 23:00:00,59.97
2021-08-25 00:00:00,64.25
2021-08-25 01:00:00,53.02
2021-08-25 02:00:00,38.17
2021-08-25 03:00:00,69.84
2021-08-25 04:00:00,101.31
2021-08-25 05:00:00,102.72
2021-08-25 06:00:00,106.94
2021-08-25 07:00:00,95.12
2021-08-25 08:00:00,84.46
2021-08-25 09:00:00,81.73
2021-08-25 10:00:00,87.38
2021-08-25 11:00:00,78.75
2021-08-25 12:00:00,78.8
2021-08-25 13:00:00,76.32
2021-08-25 14:00:00,79.9
2021-08-25 15:00:00,91.09
2021-08-25 16:00:00,100.82
2021-08-25 17:00:00,116.17
2021-08-25 18:00:00,115.01
2021-08-25 19:00:00,111.44
2021-08-25 20:00:00,102.36
2021-08-25 21:00:00,92.43
2021-08-25 22:00:00,78.75
2021-08-25 23:00:00,71.05
2021-08-26 00:00:00,70.98
2021-08-26 01:00:00,69.95
2021-08-26 02:00:00,71.95
2021-08-26 03:00:00,78.1
2021-08-26 04:00:00,96.07
2021-08-26 05:00:00,112.0
2021-08-26 06:00:00,124.65
2021-08-26 07:00:00,113.35
2021-08-26 08:00:00,104.23
2021-08-26 09:00:00,102.35
2021-08-26 10:00:00,100.15
2021-08-26 11:00:00,91.62
2021-08-26 12:00:00,85.56
2021-08-26 13:00:00,82.22
2021-08-26 14:00:00,79.85
2021-08-26 15:00:00,91.21
2021-08-26 16:00:00,100.91
2021-08-26 17:00:00,107.63
2021-08-26 18:00:00,109.0
2021-08-26 19:00:00,102.91
2021-08-26 20:00:00,97.83
2021-08-26 21:00:00,94.53
2021-08-26 22:00:00,87.12
2021-08-26 23:00:00,80.72
2021-08-27 00:00:00,79.74
2021-08-27 01:00:00,78.48
2021-08-27 02:00:00,78.09
2021-08-27 03:00:00,83.98
2021-08-27 04:00:00,101.63
2021-08-27 05:00:00,113.0
2021-08-27 06:00:00,117.19
2021-08-27 07:00:00,108.97
2021-08-27 08:00:00,104.82
2021-08-27 09:00:00,102.54
2021-08-27 10:00:00,99.59
2021-08-27 11:00:00,91.9
2021-08-27 12:00:00,84.31
2021-08-27 13:00:00,82.32
2021-08-27 14:00:00,84.8
2021-08-27 15:00:00,96.6
2021-08-27 16:00:00,104.8
2021-08-27 17:00:00,113.74
2021-08-27 18:00:00,113.07
2021-08-27 19:00:00,104.8
2021-08-27 20:00:00,99.9
2021-08-27 21:00:00,92.56
2021-08-27 22:00:00,88.75
2021-08-27 23:00:00,81.31
2021-08-28 00:00:00,77.7
2021-08-28 01:00:00,72.95
2021-08-28 02:00:00,33.7
2021-08-28 03:00:00,64.45
2021-08-28 04:00:00,65.96
2021-08-28 05:00:00,58.3
2021-08-28 06:00:00,90.01
2021-08-28 07:00:00,91.55
2021-08-28 08:00:00,86.57
2021-08-28 09:00:00,84.5
2021-08-28 10:00:00,81.01
2021-08-28 11:00:00,74.44
2021-08-28 12:00:00,61.94
2021-08-28 13:00:00,53.55
2021-08-28 14:00:00,48.05
2021-08-28 15:00:00,36.35
2021-08-28 16:00:00,53.18
2021-08-28 17:00:00,96.22
2021-08-28 18:00:00,101.32
2021-08-28 19:00:00,96.09
2021-08-28 20:00:00,94.08
2021-08-28 21:00:00,84.44
2021-08-28 22:00:00,78.06
2021-08-28 23:00:00,73.57
2021-08-29 00:00:00,70.54
2021-08-29 01:00:00,68.75
2021-08-29 02:00:00,59.65
2021-08-29 03:00:00,54.95
2021-08-29 04:00:00,67.04
2021-08-29 05:00:00,55.23
2021-08-29 06:00:00,63.97
2021-08-29 07:00:00,62.98
2021-08-29 08:00:00,74.09
2021-08-29 09:00:00,73.41
2021-08-29 10:00:00,81.59
2021-08-29 11:00:00,59.02
2021-08-29 12:00:00,57.69
2021-08-29 13:00:00,43.86
2021-08-29 14:00:00,35.74
2021-08-29 15:00:00,65.52
2021-08-29 16:00:00,78.96
2021-08-29 17:00:00,101.06
2021-08-29 18:00:00,101.66
2021-08-29 19:00:00,95.49
2021-08-29 20:00:00,91.65
2021-08-29 21:00:00,86.57
2021-08-29 22:00:00,79.7
2021-08-29 23:00:00,78.49
2021-08-30 00:00:00,76.57
2021-08-30 01:00:00,70.32
2021-08-30 02:00:00,70.84
2021-08-30 03:00:00,79.64
2021-08-30 04:00:00,107.17
2021-08-30 05:00:00,125.74
2021-08-30 06:00:00,131.92
2021-08-30 07:00:00,132.92
2021-08-30 08:00:00,128.53
2021-08-30 09:00:00,126.1
2021-08-30 10:00:00,122.0
2021-08-30 11:00:00,112.6
2021-08-30 12:00:00,104.94
2021-08-30 13:00:00,101.0
2021-08-30 14:00:00,100.99
2021-08-30 15:00:00,109.58
2021-08-30 16:00:00,116.74
2021-08-30 17:00:00,128.48
2021-08-30 18:00:00,130.04
2021-08-30 19:00:00,120.0
2021-08-30 20:00:00,110.12
2021-08-30 21:00:00,100.16
2021-08-30 22:00:00,94.87
2021-08-30 23:00:00,90.02
2021-08-31 00:00:00,87.54
2021-08-31 01:00:00,79.81
2021-08-31 02:00:00,71.49
2021-08-31 03:00:00,87.47
2021-08-31 04:00:00,115.0
2021-08-31 05:00:00,127.97
2021-08-31 06:00:00,137.02
2021-08-31 07:00:00,135.84
2021-08-31 08:00:00,125.13
2021-08-31 09:00:00,116.19
2021-08-31 10:00:00,113.61
2021-08-31 11:00:00,104.66
2021-08-31 12:00:00,97.2
2021-08-31 13:00:00,95.24
2021-08-31 14:00:00,95.51
2021-08-31 15:00:00,110.45
2021-08-31 16:00:00,123.81
2021-08-31 17:00:00,134.07
2021-08-31 18:00:00,134.9
2021-08-31 19:00:00,113.28
2021-08-31 20:00:00,105.92
2021-08-31 21:00:00,99.1
2021-08-31 22:00:00,94.78
2021-08-31 23:00:00,91.4
2021-09-01 00:00:00,81.56
2021-09-01 01:00:00,65.32
2021-09-01 02:00:00,39.23
2021-09-01 03:00:00,83.25
2021-09-01 04:00:00,99.84
2021-09-01 05:00:00,130.97
2021-09-01 06:00:00,137.92
2021-09-01 07:00:00,118.44
2021-09-01 08:00:00,116.99
2021-09-01 09:00:00,109.75
2021-09-01 10:00:00,103.88
2021-09-01 11:00:00,98.0
2021-09-01 12:00:00,94.98
2021-09-01 13:00:00,95.06
2021-09-01 14:00:00,97.3
2021-09-01 15:00:00,108.53
2021-09-01 16:00:00,122.95
2021-09-01 17:00:00,138.41
2021-09-01 18:00:00,136.53
2021-09-01 19:00:00,122.04
2021-09-01 20:00:00,114.39
2021-09-01 21:00:00,102.73
2021-09-01 22:00:00,94.58
2021-09-01 23:00:00,83.52
2021-09-02 00:00:00,83.23
2021-09-02 01:00:00,53.65
2021-09-02 02:00:00,21.89
2021-09-02 03:00:00,66.39
2021-09-02 04:00:00,99.77
2021-09-02 05:00:00,133.78
2021-09-02 06:00:00,141.62
2021-09-02 07:00:00,130.48
2021-09-02 08:00:00,118.92
2021-09-02 09:00:00,113.0
2021-09-02 10:00:00,107.84
2021-09-02 11:00:00,100.99
2021-09-02 12:00:00,97.97
2021-09-02 13:00:00,105.05
2021-09-02 14:00:00,112.44
2021-09-02 15:00:00,122.66
2021-09-02 16:00:00,138.0
2021-09-02 17:00:00,143.41
2021-09-02 18:00:00,140.91
2021-09-02 19:00:00,130.43
2021-09-02 20:00:00,118.69
2021-09-02 21:00:00,113.25
2021-09-02 22:00:00,101.0
2021-09-02 23:00:00,92.01
2021-09-03 00:00:00,92.61
2021-09-03 01:00:00,84.59
2021-09-03 02:00:00,79.9
2021-09-03 03:00:00,91.6
2021-09-03 04:00:00,113.63
2021-09-03 05:00:00,131.23
2021-09-03 06:00:00,134.99
2021-09-03 07:00:00,123.41
2021-09-03 08:00:00,109.97
2021-09-03 09:00:00,101.68
2021-09-03 10:00:00,109.7
2021-09-03 11:00:00,91.58
2021-09-03 12:00:00,95.09
2021-09-03 13:00:00,90.82
2021-09-03 14:00:00,92.32
2021-09-03 15:00:00,119.01
2021-09-03 16:00:00,131.57
2021-09-03 17:00:00,143.93
2021-09-03 18:00:00,143.38
2021-09-03 19:00:00,129.94
2021-09-03 20:00:00,120.96
2021-09-03 21:00:00,117.86
2021-09-03 22:00:00,114.15
2021-09-03 23:00:00,105.98
2021-09-04 00:00:00,98.05
2021-09-04 01:00:00,95.71
2021-09-04 02:00:00,95.66
2021-09-04 03:00:00,96.2
2021-09-04 04:00:00,103.8
2021-09-04 05:00:00,120.98
2021-09-04 06:00:00,122.0
2021-09-04 07:00:00,115.99
2021-09-04 08:00:00,95.66
2021-09-04 09:00:00,89.47
2021-09-04 10:00:00,89.77
2021-09-04 11:00:00,87.08
2021-09-04 12:00:00,84.16
2021-09-04 13:00:00,86.46
2021-09-04 14:00:00,89.27
2021-09-04 15:00:00,107.54
2021-09-04 16:00:00,127.33
2021-09-04 17:00:00,142.55
2021-09-04 18:00:00,142.4
2021-09-04 19:00:00,127.92
2021-09-04 20:00:00,124.37
2021-09-04 21:00:00,113.9
2021-09-04 22:00:00,121.45
2021-09-04 23:00:00,100.52
2021-09-05 00:00:00,95.35
2021-09-05 01:00:00,92.54
2021-09-05 02:00:00,92.04
2021-09-05 03:00:00,92.56
2021-09-05 04:00:00,93.81
2021-09-05 05:00:00,92.88
2021-09-05 06:00:00,93.44
2021-09-05 07:00:00,92.04
2021-09-05 08:00:00,88.68
2021-09-05 09:00:00,84.01
2021-09-05 10:00:00,81.47
2021-09-05 11:00:00,65.66
2021-09-05 12:00:00,60.06
2021-09-05 13:00:00,69.09
2021-09-05 14:00:00,84.9
2021-09-05 15:00:00,95.18
2021-09-05 16:00:00,127.45
2021-09-05 17:00:00,138.69
2021-09-05 18:00:00,139.07
2021-09-05 19:00:00,132.97
2021-09-05 20:00:00,127.51
2021-09-05 21:00:00,113.59
2021-09-05 22:00:00,105.32
2021-09-05 23:00:00,104.79
2021-09-06 00:00:00,101.85
2021-09-06 01:00:00,97.97
2021-09-06 02:00:00,100.0
2021-09-06 03:00:00,110.0
2021-09-06 04:00:00,135.97
2021-09-06 05:00:00,144.03
2021-09-06 06:00:00,146.0
2021-09-06 07:00:00,139.26
2021-09-06 08:00:00,128.04
2021-09-06 09:00:00,110.7
2021-09-06 10:00:00,109.99
2021-09-06 11:00:00,113.34
2021-09-06 12:00:00,105.49
2021-09-06 13:00:00,115.08
2021-09-06 14:00:00,128.67
2021-09-06 15:00:00,137.73
2021-09-06 16:00:00,148.52
2021-09-06 17:00:00,153.63
2021-09-06 18:00:00,152.88
2021-09-06 19:00:00,142.91
2021-09-06 20:00:00,132.66
2021-09-06 21:00:00,110.79
2021-09-06 22:00:00,110.72
2021-09-06 23:00:00,112.0
2021-09-07 00:00:00,108.52
2021-09-07 01:00:00,105.64
2021-09-07 02:00:00,105.1
2021-09-07 03:00:00,107.74
2021-09-07 04:00:00,124.76
2021-09-07 05:00:00,142.8
2021-09-07 06:00:00,149.58
2021-09-07 07:00:00,142.5
2021-09-07 08:00:00,134.51
2021-09-07 09:00:00,120.07
2021-09-07 10:00:00,111.71
2021-09-07 11:00:00,108.84
2021-09-07 12:00:00,108.28
2021-09-07 13:00:00,107.98
2021-09-07 14:00:00,113.07
2021-09-07 15:00:00,134.28
2021-09-07 16:00:00,140.97
2021-09-07 17:00:00,149.12
2021-09-07 18:00:00,153.45
2021-09-07 19:00:00,141.32
2021-09-07 20:00:00,126.5
2021-09-07 21:00:00,109.1
2021-09-07 22:00:00,115.0
2021-09-07 23:00:00,110.0
2021-09-08 00:00:00,106.62
2021-09-08 01:00:00,104.8
2021-09-08 02:00:00,93.73
2021-09-08 03:00:00,108.28
2021-09-08 04:00:00,123.89
2021-09-08 05:00:00,143.4
2021-09-08 06:00:00,146.05
2021-09-08 07:00:00,138.0
2021-09-08 08:00:00,124.17
2021-09-08 09:00:00,109.46
2021-09-08 10:00:00,118.29
2021-09-08 11:00:00,108.33
2021-09-08 12:00:00,108.53
2021-09-08 13:00:00,109.08
2021-09-08 14:00:00,117.52
2021-09-08 15:00:00,136.03
2021-09-08 16:00:00,141.09
2021-09-08 17:00:00,150.0
2021-09-08 18:00:00,152.36
2021-09-08 19:00:00,137.11
2021-09-08 20:00:00,125.01
2021-09-08 21:00:00,110.54
2021-09-08 22:00:00,107.73
2021-09-08 23:00:00,107.72
2021-09-09 00:00:00,105.03
2021-09-09 01:00:00,101.88
2021-09-09 02:00:00,103.16
2021-09-09 03:00:00,109.02
2021-09-09 04:00:00,138.38
2021-09-09 05:00:00,148.05
2021-09-09 06:00:00,149.43
2021-09-09 07:00:00,144.99
2021-09-09 08:00:00,140.34
2021-09-09 09:00:00,140.24
2021-09-09 10:00:00,135.91
2021-09-09 11:00:00,132.74
2021-09-09 12:00:00,124.17
2021-09-09 13:00:00,123.83
2021-09-09 14:00:00,137.0
2021-09-09 15:00:00,143.19
2021-09-09 16:00:00,147.51
2021-09-09 17:00:00,154.38
2021-09-09 18:00:00,155.62
2021-09-09 19:00:00,148.0
2021-09-09 20:00:00,139.86
2021-09-09 21:00:00,124.11
2021-09-09 22:00:00,119.01
2021-09-09 23:00:00,114.43
2021-09-10 00:00:00,113.88
2021-09-10 01:00:00,111.67
2021-09-10 02:00:00,113.82
2021-09-10 03:00:00,117.58
2021-09-10 04:00:00,145.45
2021-09-10 05:00:00,158.07
2021-09-10 06:00:00,159.31
2021-09-10 07:00:00,156.66
2021-09-10 08:00:00,149.22
2021-09-10 09:00:00,144.22
2021-09-10 10:00:00,140.0
2021-09-10 11:00:00,128.0
2021-09-10 12:00:00,120.52
2021-09-10 13:00:00,130.61
2021-09-10 14:00:00,140.09
2021-09-10 15:00:00,142.64
2021-09-10 16:00:00,149.76
2021-09-10 17:00:00,156.66
2021-09-10 18:00:00,159.31
2021-09-10 19:00:00,148.64
2021-09-10 20:00:00,141.52
2021-09-10 21:00:00,132.66
2021-09-10 22:00:00,140.16
2021-09-10 23:00:00,129.77
2021-09-11 00:00:00,115.96
2021-09-11 01:00:00,109.82
2021-09-11 02:00:00,110.02
2021-09-11 03:00:00,111.21
2021-09-11 04:00:00,130.06
2021-09-11 05:00:00,136.12
2021-09-11 06:00:00,143.46
2021-09-11 07:00:00,145.03
2021-09-11 08:00:00,141.32
2021-09-11 09:00:00,133.68
2021-09-11 10:00:00,122.02
2021-09-11 11:00:00,111.59
2021-09-11 12:00:00,108.18
2021-09-11 13:00:00,108.91
2021-09-11 14:00:00,112.36
2021-09-11 15:00:00,129.2
2021-09-11 16:00:00,146.98
2021-09-11 17:00:00,155.09
2021-09-11 18:00:00,153.9
2021-09-11 19:00:00,145.03
2021-09-11 20:00:00,138.68
2021-09-11 21:00:00,121.08
2021-09-11 22:00:00,124.37
2021-09-11 23:00:00,113.68
2021-09-12 00:00:00,102.32
2021-09-12 01:00:00,99.07
2021-09-12 02:00:00,97.57
2021-09-12 03:00:00,97.64
2021-09-12 04:00:00,107.57
2021-09-12 05:00:00,101.34
2021-09-12 06:00:00,106.41
2021-09-12 07:00:00,107.17
2021-09-12 08:00:00,101.92
2021-09-12 09:00:00,100.42
2021-09-12 10:00:00,97.12
2021-09-12 11:00:00,81.07
2021-09-12 12:00:00,69.68
2021-09-12 13:00:00,76.07
2021-09-12 14:00:00,95.69
2021-09-12 15:00:00,112.36
2021-09-12 16:00:00,136.37
2021-09-12 17:00:00,150.0
2021-09-12 18:00:00,159.37
2021-09-12 19:00:00,144.37
2021-09-12 20:00:00,129.07
2021-09-12 21:00:00,118.8
2021-09-12 22:00:00,113.01
2021-09-12 23:00:00,108.2
2021-09-13 00:00:00,103.92
2021-09-13 01:00:00,103.79
2021-09-13 02:00:00,104.85
2021-09-13 03:00:00,110.01
2021-09-13 04:00:00,152.08
2021-09-13 05:00:00,157.7
2021-09-13 06:00:00,159.19
2021-09-13 07:00:00,157.0
2021-09-13 08:00:00,147.93
2021-09-13 09:00:00,140.06
2021-09-13 10:00:00,135.3
2021-09-13 11:00:00,125.54
2021-09-13 12:00:00,130.72
2021-09-13 13:00:00,141.63
2021-09-13 14:00:00,150.93
2021-09-13 15:00:00,159.09
2021-09-13 16:00:00,166.5
2021-09-13 17:00:00,169.24
2021-09-13 18:00:00,170.0
2021-09-13 19:00:00,160.91
2021-09-13 20:00:00,147.15
2021-09-13 21:00:00,131.18
2021-09-13 22:00:00,122.23
2021-09-13 23:00:00,121.59
2021-09-14 00:00:00,113.83
2021-09-14 01:00:00,107.84
2021-09-14 02:00:00,110.03
2021-09-14 03:00:00,122.03
2021-09-14 04:00:00,146.91
2021-09-14 05:00:00,162.38
2021-09-14 06:00:00,168.01
2021-09-14 07:00:00,162.9
2021-09-14 08:00:00,152.15
2021-09-14 09:00:00,152.6
2021-09-14 10:00:00,147.32
2021-09-14 11:00:00,146.33
2021-09-14 12:00:00,148.14
2021-09-14 13:00:00,151.16
2021-09-14 14:00:00,158.72
2021-09-14 15:00:00,164.72
2021-09-14 16:00:00,170.07
2021-09-14 17:00:00,171.24
2021-09-14 18:00:00,171.58
2021-09-14 19:00:00,155.4
2021-09-14 20:00:00,144.65
2021-09-14 21:00:00,120.54
2021-09-14 22:00:00,135.08
2021-09-14 23:00:00,133.4
2021-09-15 00:00:00,128.95
2021-09-15 01:00:00,123.1
2021-09-15 02:00:00,128.01
2021-09-15 03:00:00,137.01
2021-09-15 04:00:00,166.94
2021-09-15 05:00:00,179.03
2021-09-15 06:00:00,192.11
2021-09-15 07:00:00,191.32
2021-09-15 08:00:00,187.42
2021-09-15 09:00:00,180.8
2021-09-15 10:00:00,180.0
2021-09-15 11:00:00,175.74
2021-09-15 12:00:00,175.76
2021-09-15 13:00:00,179.09
2021-09-15 14:00:00,177.16
2021-09-15 15:00:00,177.77
2021-09-15 16:00:00,175.76
2021-09-15 17:00:00,196.58
2021-09-15 18:00:00,190.0
2021-09-15 19:00:00,176.78
2021-09-15 20:00:00,162.98
2021-09-15 21:00:00,153.02
2021-09-15 22:00:00,131.45
2021-09-15 23:00:00,129.4
2021-09-16 00:00:00,141.54
2021-09-16 01:00:00,116.77
2021-09-16 02:00:00,115.19
2021-09-16 03:00:00,135.03
2021-09-16 04:00:00,169.72
2021-09-16 05:00:00,194.0
2021-09-16 06:00:00,197.81
2021-09-16 07:00:00,193.91
2021-09-16 08:00:00,186.68
2021-09-16 09:00:00,186.77
2021-09-16 10:00:00,186.17
2021-09-16 11:00:00,186.0
2021-09-16 12:00:00,186.69
2021-09-16 13:00:00,181.45
2021-09-16 14:00:00,175.39
2021-09-16 15:00:00,178.71
2021-09-16 16:00:00,188.11
2021-09-16 17:00:00,197.59
2021-09-16 18:00:00,198.02
2021-09-16 19:00:00,179.78
2021-09-16 20:00:00,170.42
2021-09-16 21:00:00,138.1
2021-09-16 22:00:00,143.73
2021-09-16 23:00:00,131.82
2021-09-17 00:00:00,130.78
2021-09-17 01:00:00,122.39
2021-09-17 02:00:00,125.92
2021-09-17 03:00:00,134.87
2021-09-17 04:00:00,169.27
2021-09-17 05:00:00,181.97
2021-09-17 06:00:00,188.17
2021-09-17 07:00:00,182.86
2021-09-17 08:00:00,175.33
2021-09-17 09:00:00,167.13
2021-09-17 10:00:00,160.3
2021-09-17 11:00:00,140.66
2021-09-17 12:00:00,140.66
2021-09-17 13:00:00,140.66
2021-09-17 14:00:00,140.66
2021-09-17 15:00:00,165.53
2021-09-17 16:00:00,175.0
2021-09-17 17:00:00,181.3
2021-09-17 18:00:00,185.2
2021-09-17 19:00:00,179.04
2021-09-17 20:00:00,171.27
2021-09-17 21:00:00,153.92
2021-09-17 22:00:00,149.59
2021-09-17 23:00:00,130.64
2021-09-18 00:00:00,125.43
2021-09-18 01:00:00,120.62
2021-09-18 02:00:00,115.02
2021-09-18 03:00:00,117.01
2021-09-18 04:00:00,127.06
2021-09-18 05:00:00,149.09
2021-09-18 06:00:00,162.5
2021-09-18 07:00:00,155.09
2021-09-18 08:00:00,132.88
2021-09-18 09:00:00,128.61
2021-09-18 10:00:00,138.72
2021-09-18 11:00:00,140.37
2021-09-18 12:00:00,135.5
2021-09-18 13:00:00,126.0
2021-09-18 14:00:00,125.94
2021-09-18 15:00:00,136.81
2021-09-18 16:00:00,160.0
2021-09-18 17:00:00,179.91
2021-09-18 18:00:00,178.97
2021-09-18 19:00:00,151.32
2021-09-18 20:00:00,131.16
2021-09-18 21:00:00,133.81
2021-09-18 22:00:00,87.95
2021-09-18 23:00:00,83.13
2021-09-19 00:00:00,79.18
2021-09-19 01:00:00,77.23
2021-09-19 02:00:00,72.71
2021-09-19 03:00:00,75.82
2021-09-19 04:00:00,77.73
2021-09-19 05:00:00,78.49
2021-09-19 06:00:00,83.0
2021-09-19 07:00:00,84.05
2021-09-19 08:00:00,80.17
2021-09-19 09:00:00,80.65
2021-09-19 10:00:00,90.18
2021-09-19 11:00:00,79.12
2021-09-19 12:00:00,74.16
2021-09-19 13:00:00,78.1
2021-09-19 14:00:00,83.75
2021-09-19 15:00:00,110.57
2021-09-19 16:00:00,142.28
2021-09-19 17:00:00,167.54
2021-09-19 18:00:00,170.63
2021-09-19 19:00:00,140.91
2021-09-19 20:00:00,135.84
2021-09-19 21:00:00,133.08
2021-09-19 22:00:00,128.21
2021-09-19 23:00:00,117.88
2021-09-20 00:00:00,111.22
2021-09-20 01:00:00,110.77
2021-09-20 02:00:00,105.9
2021-09-20 03:00:00,118.2
2021-09-20 04:00:00,161.33
2021-09-20 05:00:00,179.52
2021-09-20 06:00:00,188.64
2021-09-20 07:00:00,180.0
2021-09-20 08:00:00,172.67
2021-09-20 09:00:00,164.0
2021-09-20 10:00:00,155.0
2021-09-20 11:00:00,149.76
2021-09-20 12:00:00,142.28
2021-09-20 13:00:00,150.16
2021-09-20 14:00:00,161.45
2021-09-20 15:00:00,172.33
2021-09-20 16:00:00,179.98
2021-09-20 17:00:00,183.77
2021-09-20 18:00:00,185.8
2021-09-20 19:00:00,171.15
2021-09-20 20:00:00,154.53
2021-09-20 21:00:00,133.48
2021-09-20 22:00:00,130.12
2021-09-20 23:00:00,128.01
2021-09-21 00:00:00,121.34
2021-09-21 01:00:00,114.94
2021-09-21 02:00:00,119.04
2021-09-21 03:00:00,128.91
2021-09-21 04:00:00,149.19
2021-09-21 05:00:00,184.35
2021-09-21 06:00:00,190.0
2021-09-21 07:00:00,176.92
2021-09-21 08:00:00,160.1
2021-09-21 09:00:00,151.8
2021-09-21 10:00:00,145.06
2021-09-21 11:00:00,132.5
2021-09-21 12:00:00,129.71
2021-09-21 13:00:00,128.53
2021-09-21 14:00:00,132.5
2021-09-21 15:00:00,150.0
2021-09-21 16:00:00,164.5
2021-09-21 17:00:00,187.92
2021-09-21 18:00:00,182.87
2021-09-21 19:00:00,163.08
2021-09-21 20:00:00,141.3
2021-09-21 21:00:00,131.18
2021-09-21 22:00:00,136.35
2021-09-21 23:00:00,102.18
2021-09-22 00:00:00,98.07
2021-09-22 01:00:00,94.6
2021-09-22 02:00:00,100.04
2021-09-22 03:00:00,119.09
2021-09-22 04:00:00,164.04
2021-09-22 05:00:00,195.0
2021-09-22 06:00:00,196.57
2021-09-22 07:00:00,185.26
2021-09-22 08:00:00,170.15
2021-09-22 09:00:00,159.93
2021-09-22 10:00:00,151.0
2021-09-22 11:00:00,139.69
2021-09-22 12:00:00,132.32
2021-09-22 13:00:00,132.33
2021-09-22 14:00:00,139.97
2021-09-22 15:00:00,165.9
2021-09-22 16:00:00,183.79
2021-09-22 17:00:00,195.0
2021-09-22 18:00:00,196.0
2021-09-22 19:00:00,157.65
2021-09-22 20:00:00,139.9
2021-09-22 21:00:00,138.84
2021-09-22 22:00:00,132.07
2021-09-22 23:00:00,100.05
2021-09-23 00:00:00,84.23
2021-09-23 01:00:00,75.32
2021-09-23 02:00:00,70.06
2021-09-23 03:00:00,78.91
2021-09-23 04:00:00,120.02
2021-09-23 05:00:00,171.41
2021-09-23 06:00:00,184.75
2021-09-23 07:00:00,180.8
2021-09-23 08:00:00,164.08
2021-09-23 09:00:00,163.04
2021-09-23 10:00:00,156.22
2021-09-23 11:00:00,152.47
2021-09-23 12:00:00,152.54
2021-09-23 13:00:00,135.49
2021-09-23 14:00:00,134.04
2021-09-23 15:00:00,160.0
2021-09-23 16:00:00,161.6
2021-09-23 17:00:00,187.28
2021-09-23 18:00:00,192.52
2021-09-23 19:00:00,166.19
2021-09-23 20:00:00,164.84
2021-09-23 21:00:00,163.5
2021-09-23 22:00:00,144.54
2021-09-23 23:00:00,134.87
2021-09-24 00:00:00,128.88
2021-09-24 01:00:00,103.92
2021-09-24 02:00:00,91.74
2021-09-24 03:00:00,94.53
2021-09-24 04:00:00,150.1
2021-09-24 05:00:00,178.5
2021-09-24 06:00:00,182.0
2021-09-24 07:00:00,181.79
2021-09-24 08:00:00,147.62
2021-09-24 09:00:00,150.13
2021-09-24 10:00:00,158.37
2021-09-24 11:00:00,140.37
2021-09-24 12:00:00,127.4
2021-09-24 13:00:00,126.38
2021-09-24 14:00:00,117.97
2021-09-24 15:00:00,148.86
2021-09-24 16:00:00,166.3
2021-09-24 17:00:00,182.0
2021-09-24 18:00:00,190.0
2021-09-24 19:00:00,167.05
2021-09-24 20:00:00,163.73
2021-09-24 21:00:00,164.97
2021-09-24 22:00:00,164.62
2021-09-24 23:00:00,142.18
2021-09-25 00:00:00,143.31
2021-09-25 01:00:00,131.4
2021-09-25 02:00:00,119.68
2021-09-25 03:00:00,123.66
2021-09-25 04:00:00,133.28
2021-09-25 05:00:00,138.73
2021-09-25 06:00:00,156.98
2021-09-25 07:00:00,151.59
2021-09-25 08:00:00,139.55
2021-09-25 09:00:00,133.38
2021-09-25 10:00:00,142.39
2021-09-25 11:00:00,130.03
2021-09-25 12:00:00,123.78
2021-09-25 13:00:00,114.96
2021-09-25 14:00:00,125.99
2021-09-25 15:00:00,157.32
2021-09-25 16:00:00,173.07
2021-09-25 17:00:00,185.85
2021-09-25 18:00:00,188.17
2021-09-25 19:00:00,169.9
2021-09-25 20:00:00,164.91
2021-09-25 21:00:00,158.3
2021-09-25 22:00:00,145.28
2021-09-25 23:00:00,124.95
2021-09-26 00:00:00,113.46
2021-09-26 01:00:00,106.11
2021-09-26 02:00:00,105.09
2021-09-26 03:00:00,104.68
2021-09-26 04:00:00,111.96
2021-09-26 05:00:00,113.09
2021-09-26 06:00:00,117.81
2021-09-26 07:00:00,115.34
2021-09-26 08:00:00,112.11
2021-09-26 09:00:00,106.31
2021-09-26 10:00:00,102.98
2021-09-26 11:00:00,93.13
2021-09-26 12:00:00,90.65
2021-09-26 13:00:00,94.79
2021-09-26 14:00:00,112.33
2021-09-26 15:00:00,137.36
2021-09-26 16:00:00,170.8
2021-09-26 17:00:00,185.85
2021-09-26 18:00:00,179.18
2021-09-26 19:00:00,166.52
2021-09-26 20:00:00,163.94
2021-09-26 21:00:00,143.5
2021-09-26 22:00:00,133.27
2021-09-26 23:00:00,112.03
2021-09-27 00:00:00,105.99
2021-09-27 01:00:00,100.0
2021-09-27 02:00:00,102.23
2021-09-27 03:00:00,113.09
2021-09-27 04:00:00,171.78
2021-09-27 05:00:00,184.73
2021-09-27 06:00:00,190.84
2021-09-27 07:00:00,181.0
2021-09-27 08:00:00,172.15
2021-09-27 09:00:00,157.94
2021-09-27 10:00:00,144.97
2021-09-27 11:00:00,137.88
2021-09-27 12:00:00,118.25
2021-09-27 13:00:00,120.85
2021-09-27 14:00:00,142.43
2021-09-27 15:00:00,162.1
2021-09-27 16:00:00,173.1
2021-09-27 17:00:00,185.19
2021-09-27 18:00:00,169.96
2021-09-27 19:00:00,150.0
2021-09-27 20:00:00,137.04
2021-09-27 21:00:00,142.27
2021-09-27 22:00:00,131.27
2021-09-27 23:00:00,122.4
2021-09-28 00:00:00,98.37
2021-09-28 01:00:00,98.1
2021-09-28 02:00:00,105.97
2021-09-28 03:00:00,119.91
2021-09-28 04:00:00,170.52
2021-09-28 05:00:00,190.21
2021-09-28 06:00:00,195.1
2021-09-28 07:00:00,187.94
2021-09-28 08:00:00,174.21
2021-09-28 09:00:00,169.95
2021-09-28 10:00:00,166.06
2021-09-28 11:00:00,162.23
2021-09-28 12:00:00,140.02
2021-09-28 13:00:00,146.8
2021-09-28 14:00:00,165.0
2021-09-28 15:00:00,180.1
2021-09-28 16:00:00,197.69
2021-09-28 17:00:00,237.01
2021-09-28 18:00:00,195.33
2021-09-28 19:00:00,177.13
2021-09-28 20:00:00,164.91
2021-09-28 21:00:00,139.57
2021-09-28 22:00:00,120.55
2021-09-28 23:00:00,110.83
2021-09-29 00:00:00,95.35
2021-09-29 01:00:00,88.53
2021-09-29 02:00:00,87.73
2021-09-29 03:00:00,104.06
2021-09-29 04:00:00,162.68
2021-09-29 05:00:00,194.93
2021-09-29 06:00:00,204.51
2021-09-29 07:00:00,195.28
2021-09-29 08:00:00,183.59
2021-09-29 09:00:00,168.9
2021-09-29 10:00:00,167.04
2021-09-29 11:00:00,143.74
2021-09-29 12:00:00,132.91
2021-09-29 13:00:00,121.33
2021-09-29 14:00:00,132.95
2021-09-29 15:00:00,141.56
2021-09-29 16:00:00,173.23
2021-09-29 17:00:00,188.12
2021-09-29 18:00:00,179.33
2021-09-29 19:00:00,162.8
2021-09-29 20:00:00,173.43
2021-09-29 21:00:00,180.53
2021-09-29 22:00:00,146.23
2021-09-29 23:00:00,145.34
2021-09-30 00:00:00,140.53
2021-09-30 01:00:00,73.94
2021-09-30 02:00:00,82.07
2021-09-30 03:00:00,138.61
2021-09-30 04:00:00,154.66
2021-09-30 05:00:00,203.13
2021-09-30 06:00:00,205.28
2021-09-30 07:00:00,200.1
2021-09-30 08:00:00,184.67
2021-09-30 09:00:00,165.31
2021-09-30 10:00:00,178.93
2021-09-30 11:00:00,165.07
2021-09-30 12:00:00,163.95
2021-09-30 13:00:00,163.71
2021-09-30 14:00:00,167.13
2021-09-30 15:00:00,176.66
2021-09-30 16:00:00,201.03
2021-09-30 17:00:00,219.93
2021-09-30 18:00:00,195.28
2021-09-30 19:00:00,177.82
2021-09-30 20:00:00,170.45
2021-09-30 21:00:00,153.8
2021-09-30 22:00:00,104.6
2021-09-30 23:00:00,78.07
2021-10-01 00:00:00,65.22
2021-10-01 01:00:00,47.94
2021-10-01 02:00:00,54.52
2021-10-01 03:00:00,65.69
2021-10-01 04:00:00,140.6
2021-10-01 05:00:00,188.1
2021-10-01 06:00:00,190.67
2021-10-01 07:00:00,188.59
2021-10-01 08:00:00,182.32
2021-10-01 09:00:00,178.6
2021-10-01 10:00:00,158.23
2021-10-01 11:00:00,143.01
2021-10-01 12:00:00,125.36
2021-10-01 13:00:00,131.27
2021-10-01 14:00:00,152.94
2021-10-01 15:00:00,158.81
2021-10-01 16:00:00,183.27
2021-10-01 17:00:00,194.09
2021-10-01 18:00:00,183.81
2021-10-01 19:00:00,159.37
2021-10-01 20:00:00,158.26
2021-10-01 21:00:00,170.0
2021-10-01 22:00:00,115.02
2021-10-01 23:00:00,105.32
2021-10-02 00:00:00,106.44
2021-10-02 01:00:00,102.27
2021-10-02 02:00:00,104.71
2021-10-02 03:00:00,112.02
2021-10-02 04:00:00,140.0
2021-10-02 05:00:00,156.18
2021-10-02 06:00:00,164.91
2021-10-02 07:00:00,164.92
2021-10-02 08:00:00,135.58
2021-10-02 09:00:00,124.02
2021-10-02 10:00:00,112.19
2021-10-02 11:00:00,86.21
2021-10-02 12:00:00,67.69
2021-10-02 13:00:00,58.38
2021-10-02 14:00:00,54.13
2021-10-02 15:00:00,89.98
2021-10-02 16:00:00,85.9
2021-10-02 17:00:00,115.56
2021-10-02 18:00:00,92.55
2021-10-02 19:00:00,60.47
2021-10-02 20:00:00,39.15
2021-10-02 21:00:00,45.08
2021-10-02 22:00:00,2.41
2021-10-02 23:00:00,0.28
2021-10-03 00:00:00,0.04
2021-10-03 01:00:00,-0.09
2021-10-03 02:00:00,-2.02
2021-10-03 03:00:00,-1.03
2021-10-03 04:00:00,0.06
2021-10-03 05:00:00,22.21
2021-10-03 06:00:00,31.25
2021-10-03 07:00:00,69.01
2021-10-03 08:00:00,61.42
2021-10-03 09:00:00,71.66
2021-10-03 10:00:00,101.0
2021-10-03 11:00:00,84.47
2021-10-03 12:00:00,68.61
2021-10-03 13:00:00,58.11
2021-10-03 14:00:00,63.66
2021-10-03 15:00:00,110.26
2021-10-03 16:00:00,127.59
2021-10-03 17:00:00,153.84
2021-10-03 18:00:00,152.61
2021-10-03 19:00:00,120.08
2021-10-03 20:00:00,119.7
2021-10-03 21:00:00,133.6
2021-10-03 22:00:00,74.2
2021-10-03 23:00:00,71.13
2021-10-04 00:00:00,70.45
2021-10-04 01:00:00,67.34
2021-10-04 02:00:00,67.3
2021-10-04 03:00:00,90.2
2021-10-04 04:00:00,176.7
2021-10-04 05:00:00,217.1
2021-10-04 06:00:00,221.99
2021-10-04 07:00:00,213.6
2021-10-04 08:00:00,198.22
2021-10-04 09:00:00,185.87
2021-10-04 10:00:00,169.42
2021-10-04 11:00:00,163.93
2021-10-04 12:00:00,150.61
2021-10-04 13:00:00,154.98
2021-10-04 14:00:00,160.32
2021-10-04 15:00:00,187.61
2021-10-04 16:00:00,211.63
2021-10-04 17:00:00,230.0
2021-10-04 18:00:00,207.2
2021-10-04 19:00:00,170.6
2021-10-04 20:00:00,159.07
2021-10-04 21:00:00,133.1
2021-10-04 22:00:00,121.65
2021-10-04 23:00:00,112.4
2021-10-05 00:00:00,100.38
2021-10-05 01:00:00,94.58
2021-10-05 02:00:00,94.68
2021-10-05 03:00:00,110.96
2021-10-05 04:00:00,168.12
2021-10-05 05:00:00,217.61
2021-10-05 06:00:00,229.05
2021-10-05 07:00:00,217.54
2021-10-05 08:00:00,204.04
2021-10-05 09:00:00,194.92
2021-10-05 10:00:00,180.71
2021-10-05 11:00:00,162.18
2021-10-05 12:00:00,155.0
2021-10-05 13:00:00,155.31
2021-10-05 14:00:00,159.55
2021-10-05 15:00:00,182.9
2021-10-05 16:00:00,206.98
2021-10-05 17:00:00,217.54
2021-10-05 18:00:00,185.92
2021-10-05 19:00:00,141.03
2021-10-05 20:00:00,122.23
2021-10-05 21:00:00,100.03
2021-10-05 22:00:00,80.99
2021-10-05 23:00:00,74.98
2021-10-06 00:00:00,70.66
2021-10-06 01:00:00,60.41
2021-10-06 02:00:00,60.48
2021-10-06 03:00:00,77.13
2021-10-06 04:00:00,144.99
2021-10-06 05:00:00,220.0
2021-10-06 06:00:00,248.03
2021-10-06 07:00:00,240.12
2021-10-06 08:00:00,212.02
2021-10-06 09:00:00,205.5
2021-10-06 10:00:00,200.0
2021-10-06 11:00:00,193.43
2021-10-06 12:00:00,194.2
2021-10-06 13:00:00,193.2
2021-10-06 14:00:00,197.19
2021-10-06 15:00:00,225.98
2021-10-06 16:00:00,250.52
2021-10-06 17:00:00,290.97
2021-10-06 18:00:00,260.0
2021-10-06 19:00:00,244.98
2021-10-06 20:00:00,220.19
2021-10-06 21:00:00,205.7
2021-10-06 22:00:00,261.0
2021-10-06 23:00:00,252.86
2021-10-07 00:00:00,250.0
2021-10-07 01:00:00,236.86
2021-10-07 02:00:00,241.88
2021-10-07 03:00:00,264.31
2021-10-07 04:00:00,310.05
2021-10-07 05:00:00,356.09
2021-10-07 06:00:00,393.1
2021-10-07 07:00:00,352.55
2021-10-07 08:00:00,300.0
2021-10-07 09:00:00,299.92
2021-10-07 10:00:00,296.41
2021-10-07 11:00:00,287.0
2021-10-07 12:00:00,280.02
2021-10-07 13:00:00,280.0
2021-10-07 14:00:00,298.94
2021-10-07 15:00:00,316.64
2021-10-07 16:00:00,321.07
2021-10-07 17:00:00,372.4
2021-10-07 18:00:00,319.03
2021-10-07 19:00:00,300.0
2021-10-07 20:00:00,298.91
2021-10-07 21:00:00,270.7
2021-10-07 22:00:00,176.61
2021-10-07 23:00:00,167.36
2021-10-08 00:00:00,164.35
2021-10-08 01:00:00,160.08
2021-10-08 02:00:00,162.74
2021-10-08 03:00:00,174.12
2021-10-08 04:00:00,233.46
2021-10-08 05:00:00,269.4
2021-10-08 06:00:00,291.42
2021-10-08 07:00:00,260.0
2021-10-08 08:00:00,230.24
2021-10-08 09:00:00,211.32
2021-10-08 10:00:00,192.6
2021-10-08 11:00:00,169.6
2021-10-08 12:00:00,160.5
2021-10-08 13:00:00,164.72
2021-10-08 14:00:00,192.3
2021-10-08 15:00:00,223.89
2021-10-08 16:00:00,250.0
2021-10-08 17:00:00,269.7
2021-10-08 18:00:00,235.67
2021-10-08 19:00:00,194.21
2021-10-08 20:00:00,181.2
2021-10-08 21:00:00,150.0
2021-10-08 22:00:00,179.09
2021-10-08 23:00:00,174.61
2021-10-09 00:00:00,168.9
2021-10-09 01:00:00,145.22
2021-10-09 02:00:00,140.0
2021-10-09 03:00:00,145.55
2021-10-09 04:00:00,163.01
2021-10-09 05:00:00,200.76
2021-10-09 06:00:00,206.26
2021-10-09 07:00:00,211.96
2021-10-09 08:00:00,200.35
2021-10-09 09:00:00,191.82
2021-10-09 10:00:00,183.17
2021-10-09 11:00:00,157.35
2021-10-09 12:00:00,139.44
2021-10-09 13:00:00,126.77
2021-10-09 14:00:00,137.52
2021-10-09 15:00:00,200.0
2021-10-09 16:00:00,229.2
2021-10-09 17:00:00,252.32
2021-10-09 18:00:00,220.35
2021-10-09 19:00:00,206.62
2021-10-09 20:00:00,206.4
2021-10-09 21:00:00,201.18
2021-10-09 22:00:00,151.96
2021-10-09 23:00:00,132.2
2021-10-10 00:00:00,122.27
2021-10-10 01:00:00,119.41
2021-10-10 02:00:00,118.88
2021-10-10 03:00:00,120.88
2021-10-10 04:00:00,140.5
2021-10-10 05:00:00,163.99
2021-10-10 06:00:00,169.11
2021-10-10 07:00:00,159.99
2021-10-10 08:00:00,150.0
2021-10-10 09:00:00,132.75
2021-10-10 10:00:00,141.48
2021-10-10 11:00:00,95.8
2021-10-10 12:00:00,69.22
2021-10-10 13:00:00,91.29
2021-10-10 14:00:00,124.59
2021-10-10 15:00:00,165.29
2021-10-10 16:00:00,216.06
2021-10-10 17:00:00,240.57
2021-10-10 18:00:00,221.7
2021-10-10 19:00:00,195.0
2021-10-10 20:00:00,179.72
2021-10-10 21:00:00,159.16
2021-10-10 22:00:00,149.14
2021-10-10 23:00:00,141.51
2021-10-11 00:00:00,123.55
2021-10-11 01:00:00,113.68
2021-10-11 02:00:00,118.6
2021-10-11 03:00:00,146.16
2021-10-11 04:00:00,200.0
2021-10-11 05:00:00,252.46
2021-10-11 06:00:00,260.02
2021-10-11 07:00:00,237.02
2021-10-11 08:00:00,213.94
2021-10-11 09:00:00,187.84
2021-10-11 10:00:00,177.27
2021-10-11 11:00:00,175.01
2021-10-11 12:00:00,168.0
2021-10-11 13:00:00,149.8
2021-10-11 14:00:00,145.07
2021-10-11 15:00:00,192.13
2021-10-11 16:00:00,228.11
2021-10-11 17:00:00,240.57
2021-10-11 18:00:00,229.24
2021-10-11 19:00:00,180.28
2021-10-11 20:00:00,185.55
2021-10-11 21:00:00,177.0
2021-10-11 22:00:00,168.5
2021-10-11 23:00:00,162.23
2021-10-12 00:00:00,172.0
2021-10-12 01:00:00,122.05
2021-10-12 02:00:00,101.12
2021-10-12 03:00:00,144.23
2021-10-12 04:00:00,182.9
2021-10-12 05:00:00,228.09
2021-10-12 06:00:00,236.21
2021-10-12 07:00:00,239.71
2021-10-12 08:00:00,220.0
2021-10-12 09:00:00,208.94
2021-10-12 10:00:00,213.1
2021-10-12 11:00:00,197.49
2021-10-12 12:00:00,170.92
2021-10-12 13:00:00,154.0
2021-10-12 14:00:00,149.36
2021-10-12 15:00:00,200.0
2021-10-12 16:00:00,235.44
2021-10-12 17:00:00,248.08
2021-10-12 18:00:00,226.74
2021-10-12 19:00:00,193.2
2021-10-12 20:00:00,187.9
2021-10-12 21:00:00,161.07
2021-10-12 22:00:00,165.01
2021-10-12 23:00:00,152.01
2021-10-13 00:00:00,140.07
2021-10-13 01:00:00,132.43
2021-10-13 02:00:00,135.0
2021-10-13 03:00:00,151.45
2021-10-13 04:00:00,196.17
2021-10-13 05:00:00,229.3
2021-10-13 06:00:00,250.59
2021-10-13 07:00:00,238.97
2021-10-13 08:00:00,211.31
2021-10-13 09:00:00,195.28
2021-10-13 10:00:00,189.75
2021-10-13 11:00:00,168.74
2021-10-13 12:00:00,165.42
2021-10-13 13:00:00,167.6
2021-10-13 14:00:00,189.9
2021-10-13 15:00:00,213.96
2021-10-13 16:00:00,246.99
2021-10-13 17:00:00,287.31
2021-10-13 18:00:00,235.0
2021-10-13 19:00:00,207.29
2021-10-13 20:00:00,200.51
2021-10-13 21:00:00,192.67
2021-10-13 22:00:00,181.65
2021-10-13 23:00:00,177.3
2021-10-14 00:00:00,166.97
2021-10-14 01:00:00,153.97
2021-10-14 02:00:00,127.99
2021-10-14 03:00:00,153.79
2021-10-14 04:00:00,209.0
2021-10-14 05:00:00,235.05
2021-10-14 06:00:00,260.0
2021-10-14 07:00:00,245.0
2021-10-14 08:00:00,222.55
2021-10-14 09:00:00,212.35
2021-10-14 10:00:00,205.74
2021-10-14 11:00:00,198.89
2021-10-14 12:00:00,182.47
2021-10-14 13:00:00,160.6
2021-10-14 14:00:00,173.13
2021-10-14 15:00:00,199.13
2021-10-14 16:00:00,223.61
2021-10-14 17:00:00,243.87
2021-10-14 18:00:00,229.68
2021-10-14 19:00:00,214.64
2021-10-14 20:00:00,206.35
2021-10-14 21:00:00,204.71
2021-10-14 22:00:00,195.61
2021-10-14 23:00:00,182.03
2021-10-15 00:00:00,179.32
2021-10-15 01:00:00,119.03
2021-10-15 02:00:00,139.38
2021-10-15 03:00:00,182.17
2021-10-15 04:00:00,220.62
2021-10-15 05:00:00,250.23
2021-10-15 06:00:00,265.0
2021-10-15 07:00:00,260.0
2021-10-15 08:00:00,246.59
2021-10-15 09:00:00,237.0
2021-10-15 10:00:00,216.73
2021-10-15 11:00:00,207.29
2021-10-15 12:00:00,203.06
2021-10-15 13:00:00,201.06
2021-10-15 14:00:00,209.73
2021-10-15 15:00:00,224.52
2021-10-15 16:00:00,244.12
2021-10-15 17:00:00,273.33
2021-10-15 18:00:00,244.53
2021-10-15 19:00:00,214.84
2021-10-15 20:00:00,207.1
2021-10-15 21:00:00,215.64
2021-10-15 22:00:00,206.57
2021-10-15 23:00:00,183.26
2021-10-16 00:00:00,169.29
2021-10-16 01:00:00,163.48
2021-10-16 02:00:00,146.11
2021-10-16 03:00:00,151.72
2021-10-16 04:00:00,178.01
2021-10-16 05:00:00,189.24
2021-10-16 06:00:00,223.0
2021-10-16 07:00:00,225.69
2021-10-16 08:00:00,201.56
2021-10-16 09:00:00,200.0
2021-10-16 10:00:00,189.11
2021-10-16 11:00:00,172.84
2021-10-16 12:00:00,136.8
2021-10-16 13:00:00,146.8
2021-10-16 14:00:00,145.5
2021-10-16 15:00:00,202.52
2021-10-16 16:00:00,235.09
2021-10-16 17:00:00,253.06
2021-10-16 18:00:00,231.94
2021-10-16 19:00:00,200.34
2021-10-16 20:00:00,203.98
2021-10-16 21:00:00,198.42
2021-10-16 22:00:00,193.9
2021-10-16 23:00:00,174.81
2021-10-17 00:00:00,159.56
2021-10-17 01:00:00,154.15
2021-10-17 02:00:00,117.47
2021-10-17 03:00:00,116.5
2021-10-17 04:00:00,148.8
2021-10-17 05:00:00,155.1
2021-10-17 06:00:00,170.87
2021-10-17 07:00:00,181.64
2021-10-17 08:00:00,174.18
2021-10-17 09:00:00,157.16
2021-10-17 10:00:00,154.02
2021-10-17 11:00:00,129.53
2021-10-17 12:00:00,122.65
2021-10-17 13:00:00,120.0
2021-10-17 14:00:00,132.21
2021-10-17 15:00:00,182.5
2021-10-17 16:00:00,216.0
2021-10-17 17:00:00,238.29
2021-10-17 18:00:00,220.32
2021-10-17 19:00:00,193.81
2021-10-17 20:00:00,178.52
2021-10-17 21:00:00,191.39
2021-10-17 22:00:00,164.26
2021-10-17 23:00:00,155.47
2021-10-18 00:00:00,177.42
2021-10-18 01:00:00,121.11
2021-10-18 02:00:00,123.07
2021-10-18 03:00:00,156.82
2021-10-18 04:00:00,216.6
2021-10-18 05:00:00,258.13
2021-10-18 06:00:00,268.32
2021-10-18 07:00:00,250.5
2021-10-18 08:00:00,216.0
2021-10-18 09:00:00,202.56
2021-10-18 10:00:00,191.34
2021-10-18 11:00:00,185.36
2021-10-18 12:00:00,173.74
2021-10-18 13:00:00,190.98
2021-10-18 14:00:00,208.0
2021-10-18 15:00:00,229.97
2021-10-18 16:00:00,252.97
2021-10-18 17:00:00,262.12
2021-10-18 18:00:00,214.0
2021-10-18 19:00:00,206.0
2021-10-18 20:00:00,181.42
2021-10-18 21:00:00,153.97
2021-10-18 22:00:00,113.47
2021-10-18 23:00:00,106.28
2021-10-19 00:00:00,102.05
2021-10-19 01:00:00,92.12
2021-10-19 02:00:00,97.17
2021-10-19 03:00:00,114.97
2021-10-19 04:00:00,165.1
2021-10-19 05:00:00,215.9
2021-10-19 06:00:00,235.82
2021-10-19 07:00:00,229.09
2021-10-19 08:00:00,214.69
2021-10-19 09:00:00,199.42
2021-10-19 10:00:00,199.64
2021-10-19 11:00:00,188.69
2021-10-19 12:00:00,182.0
2021-10-19 13:00:00,171.6
2021-10-19 14:00:00,172.09
2021-10-19 15:00:00,183.27
2021-10-19 16:00:00,209.19
2021-10-19 17:00:00,235.28
2021-10-19 18:00:00,205.61
2021-10-19 19:00:00,126.27
2021-10-19 20:00:00,109.45
2021-10-19 21:00:00,68.53
2021-10-19 22:00:00,41.06
2021-10-19 23:00:00,10.8
2021-10-20 00:00:00,10.61
2021-10-20 01:00:00,2.55
2021-10-20 02:00:00,0.91
2021-10-20 03:00:00,19.13
2021-10-20 04:00:00,62.95
2021-10-20 05:00:00,151.66
2021-10-20 06:00:00,218.1
2021-10-20 07:00:00,213.23
2021-10-20 08:00:00,172.12
2021-10-20 09:00:00,94.42
2021-10-20 10:00:00,185.92
2021-10-20 11:00:00,148.76
2021-10-20 12:00:00,100.5
2021-10-20 13:00:00,56.76
2021-10-20 14:00:00,61.32
2021-10-20 15:00:00,90.06
2021-10-20 16:00:00,160.74
2021-10-20 17:00:00,228.31
2021-10-20 18:00:00,132.94
2021-10-20 19:00:00,111.0
2021-10-20 20:00:00,95.47
2021-10-20 21:00:00,56.72
2021-10-20 22:00:00,26.38
2021-10-20 23:00:00,4.99
2021-10-21 00:00:00,0.55
2021-10-21 01:00:00,0.04
2021-10-21 02:00:00,0.07
2021-10-21 03:00:00,5.58
2021-10-21 04:00:00,65.95
2021-10-21 05:00:00,171.37
2021-10-21 06:00:00,241.48
2021-10-21 07:00:00,243.13
2021-10-21 08:00:00,217.46
2021-10-21 09:00:00,190.05
2021-10-21 10:00:00,187.9
2021-10-21 11:00:00,174.73
2021-10-21 12:00:00,171.85
2021-10-21 13:00:00,179.9
2021-10-21 14:00:00,180.59
2021-10-21 15:00:00,203.5
2021-10-21 16:00:00,237.89
2021-10-21 17:00:00,272.47
2021-10-21 18:00:00,250.0
2021-10-21 19:00:00,211.51
2021-10-21 20:00:00,209.45
2021-10-21 21:00:00,198.85
2021-10-21 22:00:00,196.51
2021-10-21 23:00:00,184.65
2021-10-22 00:00:00,177.0
2021-10-22 01:00:00,134.76
2021-10-22 02:00:00,138.54
2021-10-22 03:00:00,180.3
2021-10-22 04:00:00,203.89
2021-10-22 05:00:00,252.74
2021-10-22 06:00:00,259.94
2021-10-22 07:00:00,257.48
2021-10-22 08:00:00,248.04
2021-10-22 09:00:00,236.06
2021-10-22 10:00:00,227.13
2021-10-22 11:00:00,188.69
2021-10-22 12:00:00,175.92
2021-10-22 13:00:00,173.27
2021-10-22 14:00:00,180.54
2021-10-22 15:00:00,208.52
2021-10-22 16:00:00,237.39
2021-10-22 17:00:00,257.86
2021-10-22 18:00:00,247.88
2021-10-22 19:00:00,236.01
2021-10-22 20:00:00,218.11
2021-10-22 21:00:00,210.45
2021-10-22 22:00:00,234.45
2021-10-22 23:00:00,228.55
2021-10-23 00:00:00,205.59
2021-10-23 01:00:00,185.38
2021-10-23 02:00:00,190.7
2021-10-23 03:00:00,185.4
2021-10-23 04:00:00,200.01
2021-10-23 05:00:00,230.62
2021-10-23 06:00:00,230.0
2021-10-23 07:00:00,237.58
2021-10-23 08:00:00,227.9
2021-10-23 09:00:00,206.92
2021-10-23 10:00:00,193.25
2021-10-23 11:00:00,190.7
2021-10-23 12:00:00,179.8
2021-10-23 13:00:00,160.07
2021-10-23 14:00:00,180.35
2021-10-23 15:00:00,210.99
2021-10-23 16:00:00,238.22
2021-10-23 17:00:00,256.47
2021-10-23 18:00:00,229.88
2021-10-23 19:00:00,210.0
2021-10-23 20:00:00,202.12
2021-10-23 21:00:00,193.95
2021-10-23 22:00:00,185.74
2021-10-23 23:00:00,183.12
2021-10-24 00:00:00,179.22
2021-10-24 01:00:00,114.59
2021-10-24 02:00:00,93.28
2021-10-24 03:00:00,107.96
2021-10-24 04:00:00,165.83
2021-10-24 05:00:00,194.91
2021-10-24 06:00:00,195.0
2021-10-24 07:00:00,195.31
2021-10-24 08:00:00,194.83
2021-10-24 09:00:00,172.5
2021-10-24 10:00:00,172.89
2021-10-24 11:00:00,104.62
2021-10-24 12:00:00,67.7
2021-10-24 13:00:00,84.61
2021-10-24 14:00:00,140.22
2021-10-24 15:00:00,185.07
2021-10-24 16:00:00,216.7
2021-10-24 17:00:00,242.15
2021-10-24 18:00:00,241.0
2021-10-24 19:00:00,210.5
2021-10-24 20:00:00,204.97
2021-10-24 21:00:00,192.34
2021-10-24 22:00:00,177.5
2021-10-24 23:00:00,170.0
2021-10-25 00:00:00,152.43
2021-10-25 01:00:00,95.75
2021-10-25 02:00:00,93.09
2021-10-25 03:00:00,175.99
2021-10-25 04:00:00,209.59
2021-10-25 05:00:00,242.05
2021-10-25 06:00:00,243.3
2021-10-25 07:00:00,244.4
2021-10-25 08:00:00,232.68
2021-10-25 09:00:00,222.96
2021-10-25 10:00:00,215.0
2021-10-25 11:00:00,203.18
2021-10-25 12:00:00,207.3
2021-10-25 13:00:00,200.91
2021-10-25 14:00:00,216.97
2021-10-25 15:00:00,235.0
2021-10-25 16:00:00,255.1
2021-10-25 17:00:00,262.0
2021-10-25 18:00:00,250.0
2021-10-25 19:00:00,224.23
2021-10-25 20:00:00,219.63
2021-10-25 21:00:00,205.47
2021-10-25 22:00:00,203.4
2021-10-25 23:00:00,192.85
2021-10-26 00:00:00,181.11
2021-10-26 01:00:00,182.3
2021-10-26 02:00:00,181.27
2021-10-26 03:00:00,182.1
2021-10-26 04:00:00,214.5
2021-10-26 05:00:00,235.71
2021-10-26 06:00:00,254.5
2021-10-26 07:00:00,251.16
2021-10-26 08:00:00,245.05
2021-10-26 09:00:00,233.8
2021-10-26 10:00:00,225.68
2021-10-26 11:00:00,200.6
2021-10-26 12:00:00,182.3
2021-10-26 13:00:00,181.26
2021-10-26 14:00:00,190.2
2021-10-26 15:00:00,223.47
2021-10-26 16:00:00,243.0
2021-10-26 17:00:00,266.11
2021-10-26 18:00:00,247.21
2021-10-26 19:00:00,225.29
2021-10-26 20:00:00,221.39
2021-10-26 21:00:00,212.0
2021-10-26 22:00:00,198.5
2021-10-26 23:00:00,178.33
2021-10-27 00:00:00,141.68
2021-10-27 01:00:00,134.95
2021-10-27 02:00:00,147.72
2021-10-27 03:00:00,173.79
2021-10-27 04:00:00,213.2
2021-10-27 05:00:00,251.02
2021-10-27 06:00:00,256.92
2021-10-27 07:00:00,253.66
2021-10-27 08:00:00,235.27
2021-10-27 09:00:00,223.01
2021-10-27 10:00:00,219.7
2021-10-27 11:00:00,197.67
2021-10-27 12:00:00,183.73
2021-10-27 13:00:00,172.34
2021-10-27 14:00:00,175.13
2021-10-27 15:00:00,207.56
2021-10-27 16:00:00,235.27
2021-10-27 17:00:00,263.29
2021-10-27 18:00:00,244.11
2021-10-27 19:00:00,199.16
2021-10-27 20:00:00,203.55
2021-10-27 21:00:00,197.15
2021-10-27 22:00:00,195.0
2021-10-27 23:00:00,177.35
2021-10-28 00:00:00,172.41
2021-10-28 01:00:00,150.21
2021-10-28 02:00:00,152.05
2021-10-28 03:00:00,174.13
2021-10-28 04:00:00,205.01
2021-10-28 05:00:00,237.3
2021-10-28 06:00:00,250.34
2021-10-28 07:00:00,241.4
2021-10-28 08:00:00,222.82
2021-10-28 09:00:00,208.34
2021-10-28 10:00:00,196.89
2021-10-28 11:00:00,185.26
2021-10-28 12:00:00,165.51
2021-10-28 13:00:00,166.75
2021-10-28 14:00:00,173.05
2021-10-28 15:00:00,198.93
2021-10-28 16:00:00,220.69
2021-10-28 17:00:00,242.76
2021-10-28 18:00:00,202.42
2021-10-28 19:00:00,175.0
2021-10-28 20:00:00,162.15
2021-10-28 21:00:00,167.19
2021-10-28 22:00:00,115.47
2021-10-28 23:00:00,104.18
2021-10-29 00:00:00,82.22
2021-10-29 01:00:00,69.41
2021-10-29 02:00:00,75.29
2021-10-29 03:00:00,95.72
2021-10-29 04:00:00,133.6
2021-10-29 05:00:00,191.68
2021-10-29 06:00:00,199.36
2021-10-29 07:00:00,211.13
2021-10-29 08:00:00,202.35
2021-10-29 09:00:00,158.11
2021-10-29 10:00:00,160.64
2021-10-29 11:00:00,139.34
2021-10-29 12:00:00,132.46
2021-10-29 13:00:00,128.02
2021-10-29 14:00:00,137.9
2021-10-29 15:00:00,189.37
2021-10-29 16:00:00,205.62
2021-10-29 17:00:00,216.53
2021-10-29 18:00:00,209.89
2021-10-29 19:00:00,186.56
2021-10-29 20:00:00,160.0
2021-10-29 21:00:00,156.59
2021-10-29 22:00:00,100.0
2021-10-29 23:00:00,90.11
2021-10-30 00:00:00,75.47
2021-10-30 01:00:00,63.97
2021-10-30 02:00:00,58.79
2021-10-30 03:00:00,61.05
2021-10-30 04:00:00,77.36
2021-10-30 05:00:00,92.06
2021-10-30 06:00:00,117.65
2021-10-30 07:00:00,149.89
2021-10-30 08:00:00,155.21
2021-10-30 09:00:00,148.29
2021-10-30 10:00:00,144.99
2021-10-30 11:00:00,129.89
2021-10-30 12:00:00,120.0
2021-10-30 13:00:00,105.76
2021-10-30 14:00:00,133.46
2021-10-30 15:00:00,155.86
2021-10-30 16:00:00,167.92
2021-10-30 17:00:00,186.21
2021-10-30 18:00:00,152.75
2021-10-30 19:00:00,129.85
2021-10-30 20:00:00,142.68
2021-10-30 21:00:00,132.66
2021-10-30 22:00:00,134.48
2021-10-30 23:00:00,88.18
2021-10-31 00:00:00,88.18
2021-10-31 01:00:00,88.18
2021-10-31 02:00:00,57.11
2021-10-31 03:00:00,57.81
2021-10-31 04:00:00,52.94
2021-10-31 05:00:00,53.65
2021-10-31 06:00:00,56.0
2021-10-31 07:00:00,52.79
2021-10-31 08:00:00,71.71
2021-10-31 09:00:00,64.99
2021-10-31 10:00:00,64.91
2021-10-31 11:00:00,61.66
2021-10-31 12:00:00,56.12
2021-10-31 13:00:00,56.15
2021-10-31 14:00:00,55.0
2021-10-31 15:00:00,64.31
2021-10-31 16:00:00,81.7
2021-10-31 17:00:00,91.95
2021-10-31 18:00:00,100.04
2021-10-31 19:00:00,148.0
2021-10-31 20:00:00,130.5
2021-10-31 21:00:00,117.84
2021-10-31 22:00:00,112.9
2021-10-31 23:00:00,78.43
2021-11-01 00:00:00,55.06
2021-11-01 01:00:00,43.92
2021-11-01 02:00:00,22.05
2021-11-01 03:00:00,15.0
2021-11-01 04:00:00,41.09
2021-11-01 05:00:00,58.29
2021-11-01 06:00:00,77.54
2021-11-01 07:00:00,88.81
2021-11-01 08:00:00,85.42
2021-11-01 09:00:00,83.2
2021-11-01 10:00:00,78.31
2021-11-01 11:00:00,78.98
2021-11-01 12:00:00,70.62
2021-11-01 13:00:00,60.34
2021-11-01 14:00:00,72.0
2021-11-01 15:00:00,85.0
2021-11-01 16:00:00,162.99
2021-11-01 17:00:00,183.0
2021-11-01 18:00:00,179.9
2021-11-01 19:00:00,163.08
2021-11-01 20:00:00,151.51
2021-11-01 21:00:00,147.37
2021-11-01 22:00:00,134.9
2021-11-01 23:00:00,145.0
2021-11-02 00:00:00,131.95
2021-11-02 01:00:00,128.92
2021-11-02 02:00:00,111.2
2021-11-02 03:00:00,123.51
2021-11-02 04:00:00,143.01
2021-11-02 05:00:00,182.15
2021-11-02 06:00:00,216.83
2021-11-02 07:00:00,234.98
2021-11-02 08:00:00,228.04
2021-11-02 09:00:00,221.74
2021-11-02 10:00:00,223.21
2021-11-02 11:00:00,215.95
2021-11-02 12:00:00,217.35
2021-11-02 13:00:00,224.91
2021-11-02 14:00:00,230.3
2021-11-02 15:00:00,245.08
2021-11-02 16:00:00,298.97
2021-11-02 17:00:00,312.67
2021-11-02 18:00:00,280.0
2021-11-02 19:00:00,231.0
2021-11-02 20:00:00,201.0
2021-11-02 21:00:00,179.99
2021-11-02 22:00:00,167.0
2021-11-02 23:00:00,146.68
2021-11-03 00:00:00,143.08
2021-11-03 01:00:00,140.25
2021-11-03 02:00:00,130.84
2021-11-03 03:00:00,130.03
2021-11-03 04:00:00,138.7
2021-11-03 05:00:00,163.76
2021-11-03 06:00:00,199.18
2021-11-03 07:00:00,230.09
2021-11-03 08:00:00,219.09
2021-11-03 09:00:00,207.62
2021-11-03 10:00:00,207.05
2021-11-03 11:00:00,194.72
2021-11-03 12:00:00,193.07
2021-11-03 13:00:00,190.92
2021-11-03 14:00:00,204.34
2021-11-03 15:00:00,189.1
2021-11-03 16:00:00,228.92
2021-11-03 17:00:00,274.33
2021-11-03 18:00:00,236.0
2021-11-03 19:00:00,202.95
2021-11-03 20:00:00,183.63
2021-11-03 21:00:00,165.92
2021-11-03 22:00:00,145.07
2021-11-03 23:00:00,165.39
2021-11-04 00:00:00,152.51
2021-11-04 01:00:00,145.87
2021-11-04 02:00:00,143.06
2021-11-04 03:00:00,145.38
2021-11-04 04:00:00,159.61
2021-11-04 05:00:00,183.77
2021-11-04 06:00:00,210.8
2021-11-04 07:00:00,213.77
2021-11-04 08:00:00,203.33
2021-11-04 09:00:00,200.97
2021-11-04 10:00:00,194.63
2021-11-04 11:00:00,186.37
2021-11-04 12:00:00,173.87
2021-11-04 13:00:00,165.57
2021-11-04 14:00:00,163.94
2021-11-04 15:00:00,178.01
2021-11-04 16:00:00,200.93
2021-11-04 17:00:00,201.72
2021-11-04 18:00:00,193.47
2021-11-04 19:00:00,184.21
2021-11-04 20:00:00,179.67
2021-11-04 21:00:00,175.61
2021-11-04 22:00:00,170.02
2021-11-04 23:00:00,163.51
2021-11-05 00:00:00,160.79
2021-11-05 01:00:00,156.05
2021-11-05 02:00:00,146.1
2021-11-05 03:00:00,141.36
2021-11-05 04:00:00,159.32
2021-11-05 05:00:00,181.11
2021-11-05 06:00:00,199.92
2021-11-05 07:00:00,202.98
2021-11-05 08:00:00,207.12
2021-11-05 09:00:00,201.24
2021-11-05 10:00:00,190.84
2021-11-05 11:00:00,192.7
2021-11-05 12:00:00,184.87
2021-11-05 13:00:00,189.77
2021-11-05 14:00:00,196.18
2021-11-05 15:00:00,199.96
2021-11-05 16:00:00,203.14
2021-11-05 17:00:00,235.57
2021-11-05 18:00:00,225.07
2021-11-05 19:00:00,209.14
2021-11-05 20:00:00,198.1
2021-11-05 21:00:00,189.75
2021-11-05 22:00:00,183.5
2021-11-05 23:00:00,184.81
2021-11-06 00:00:00,173.71
2021-11-06 01:00:00,171.42
2021-11-06 02:00:00,160.0
2021-11-06 03:00:00,144.0
2021-11-06 04:00:00,136.28
2021-11-06 05:00:00,146.92
2021-11-06 06:00:00,162.4
2021-11-06 07:00:00,168.67
2021-11-06 08:00:00,176.53
2021-11-06 09:00:00,167.9
2021-11-06 10:00:00,133.69
2021-11-06 11:00:00,165.92
2021-11-06 12:00:00,160.05
2021-11-06 13:00:00,142.14
2021-11-06 14:00:00,146.06
2021-11-06 15:00:00,155.01
2021-11-06 16:00:00,175.53
2021-11-06 17:00:00,209.1
2021-11-06 18:00:00,190.31
2021-11-06 19:00:00,176.55
2021-11-06 20:00:00,173.62
2021-11-06 21:00:00,167.0
2021-11-06 22:00:00,160.73
2021-11-06 23:00:00,137.49
2021-11-07 00:00:00,121.2
2021-11-07 01:00:00,107.14
2021-11-07 02:00:00,78.76
2021-11-07 03:00:00,58.78
2021-11-07 04:00:00,75.75
2021-11-07 05:00:00,86.69
2021-11-07 06:00:00,87.88
2021-11-07 07:00:00,118.94
2021-11-07 08:00:00,130.62
2021-11-07 09:00:00,144.16
2021-11-07 10:00:00,171.64
2021-11-07 11:00:00,160.74
2021-11-07 12:00:00,123.0
2021-11-07 13:00:00,119.89
2021-11-07 14:00:00,121.2
2021-11-07 15:00:00,129.41
2021-11-07 16:00:00,188.58
2021-11-07 17:00:00,198.24
2021-11-07 18:00:00,200.07
2021-11-07 19:00:00,185.51
2021-11-07 20:00:00,184.84
2021-11-07 21:00:00,179.83
2021-11-07 22:00:00,175.98
2021-11-07 23:00:00,172.86
2021-11-08 00:00:00,165.68
2021-11-08 01:00:00,155.75
2021-11-08 02:00:00,139.41
2021-11-08 03:00:00,139.36
2021-11-08 04:00:00,152.55
2021-11-08 05:00:00,207.17
2021-11-08 06:00:00,229.02
2021-11-08 07:00:00,248.05
2021-11-08 08:00:00,242.55
2021-11-08 09:00:00,225.69
2021-11-08 10:00:00,223.13
2021-11-08 11:00:00,213.43
2021-11-08 12:00:00,214.58
2021-11-08 13:00:00,212.96
2021-11-08 14:00:00,220.09
2021-11-08 15:00:00,229.6
2021-11-08 16:00:00,290.36
2021-11-08 17:00:00,299.9
2021-11-08 18:00:00,270.0
2021-11-08 19:00:00,222.2
2021-11-08 20:00:00,205.0
2021-11-08 21:00:00,188.11
2021-11-08 22:00:00,178.15
2021-11-08 23:00:00,153.01
2021-11-09 00:00:00,154.53
2021-11-09 01:00:00,151.01
2021-11-09 02:00:00,145.36
2021-11-09 03:00:00,145.5
2021-11-09 04:00:00,156.79
2021-11-09 05:00:00,190.0
2021-11-09 06:00:00,230.08
2021-11-09 07:00:00,239.03
2021-11-09 08:00:00,215.03
2021-11-09 09:00:00,180.98
2021-11-09 10:00:00,170.01
2021-11-09 11:00:00,169.46
2021-11-09 12:00:00,171.46
2021-11-09 13:00:00,175.52
2021-11-09 14:00:00,191.89
2021-11-09 15:00:00,212.41
2021-11-09 16:00:00,223.67
2021-11-09 17:00:00,255.0
2021-11-09 18:00:00,239.44
2021-11-09 19:00:00,218.4
2021-11-09 20:00:00,197.52
2021-11-09 21:00:00,191.0
2021-11-09 22:00:00,188.19
2021-11-09 23:00:00,187.01
2021-11-10 00:00:00,180.91
2021-11-10 01:00:00,179.5
2021-11-10 02:00:00,171.81
2021-11-10 03:00:00,173.25
2021-11-10 04:00:00,182.6
2021-11-10 05:00:00,221.33
2021-11-10 06:00:00,245.97
2021-11-10 07:00:00,269.68
2021-11-10 08:00:00,274.05
2021-11-10 09:00:00,263.0
2021-11-10 10:00:00,265.51
2021-11-10 11:00:00,252.24
2021-11-10 12:00:00,240.0
2021-11-10 13:00:00,245.52
2021-11-10 14:00:00,240.6
2021-11-10 15:00:00,250.06
2021-11-10 16:00:00,295.0
2021-11-10 17:00:00,302.8
2021-11-10 18:00:00,282.5
2021-11-10 19:00:00,243.77
2021-11-10 20:00:00,221.41
2021-11-10 21:00:00,202.0
2021-11-10 22:00:00,186.97
2021-11-10 23:00:00,168.03
2021-11-11 00:00:00,161.36
2021-11-11 01:00:00,160.0
2021-11-11 02:00:00,152.5
2021-11-11 03:00:00,155.0
2021-11-11 04:00:00,160.09
2021-11-11 05:00:00,170.96
2021-11-11 06:00:00,200.6
2021-11-11 07:00:00,219.94
2021-11-11 08:00:00,215.95
2021-11-11 09:00:00,199.2
2021-11-11 10:00:00,181.3
2021-11-11 11:00:00,176.26
2021-11-11 12:00:00,176.97
2021-11-11 13:00:00,173.57
2021-11-11 14:00:00,174.6
2021-11-11 15:00:00,188.99
2021-11-11 16:00:00,226.03
2021-11-11 17:00:00,252.12
2021-11-11 18:00:00,232.09
2021-11-11 19:00:00,218.0
2021-11-11 20:00:00,201.0
2021-11-11 21:00:00,180.01
2021-11-11 22:00:00,164.79
2021-11-11 23:00:00,167.72
2021-11-12 00:00:00,164.25
2021-11-12 01:00:00,162.16
2021-11-12 02:00:00,153.0
2021-11-12 03:00:00,159.87
2021-11-12 04:00:00,165.5
2021-11-12 05:00:00,185.36
2021-11-12 06:00:00,214.19
2021-11-12 07:00:00,224.31
2021-11-12 08:00:00,216.12
2021-11-12 09:00:00,204.61
2021-11-12 10:00:00,196.54
2021-11-12 11:00:00,191.54
2021-11-12 12:00:00,185.53
2021-11-12 13:00:00,184.86
2021-11-12 14:00:00,181.39
2021-11-12 15:00:00,185.09
2021-11-12 16:00:00,211.2
2021-11-12 17:00:00,215.1
2021-11-12 18:00:00,205.0
2021-11-12 19:00:00,185.68
2021-11-12 20:00:00,179.64
2021-11-12 21:00:00,169.12
2021-11-12 22:00:00,165.0
2021-11-12 23:00:00,187.93
2021-11-13 00:00:00,181.14
2021-11-13 01:00:00,173.46
2021-11-13 02:00:00,127.62
2021-11-13 03:00:00,113.37
2021-11-13 04:00:00,101.97
2021-11-13 05:00:00,140.08
2021-11-13 06:00:00,155.31
2021-11-13 07:00:00,151.2
2021-11-13 08:00:00,161.75
2021-11-13 09:00:00,173.89
2021-11-13 10:00:00,177.47
2021-11-13 11:00:00,177.5
2021-11-13 12:00:00,176.52
2021-11-13 13:00:00,176.52
2021-11-13 14:00:00,176.52
2021-11-13 15:00:00,180.6
2021-11-13 16:00:00,210.0
2021-11-13 17:00:00,220.0
2021-11-13 18:00:00,214.0
2021-11-13 19:00:00,186.83
2021-11-13 20:00:00,171.12
2021-11-13 21:00:00,174.35
2021-11-13 22:00:00,171.14
2021-11-13 23:00:00,184.73
2021-11-14 00:00:00,170.03
2021-11-14 01:00:00,167.24
2021-11-14 02:00:00,155.81
2021-11-14 03:00:00,146.88
2021-11-14 04:00:00,145.0
2021-11-14 05:00:00,155.41
2021-11-14 06:00:00,164.93
2021-11-14 07:00:00,160.54
2021-11-14 08:00:00,170.07
2021-11-14 09:00:00,177.2
2021-11-14 10:00:00,178.93
2021-11-14 11:00:00,184.58
2021-11-14 12:00:00,170.02
2021-11-14 13:00:00,158.0
2021-11-14 14:00:00,160.0
2021-11-14 15:00:00,166.8
2021-11-14 16:00:00,197.94
2021-11-14 17:00:00,204.47
2021-11-14 18:00:00,206.21
2021-11-14 19:00:00,194.08
2021-11-14 20:00:00,175.26
2021-11-14 21:00:00,173.18
2021-11-14 22:00:00,162.0
2021-11-14 23:00:00,165.85
2021-11-15 00:00:00,158.9
2021-11-15 01:00:00,155.81
2021-11-15 02:00:00,151.35
2021-11-15 03:00:00,149.64
2021-11-15 04:00:00,163.92
2021-11-15 05:00:00,191.12
2021-11-15 06:00:00,245.35
2021-11-15 07:00:00,262.18
2021-11-15 08:00:00,265.0
2021-11-15 09:00:00,263.33
2021-11-15 10:00:00,268.9
2021-11-15 11:00:00,260.06
2021-11-15 12:00:00,258.1
2021-11-15 13:00:00,268.17
2021-11-15 14:00:00,265.99
2021-11-15 15:00:00,274.94
2021-11-15 16:00:00,300.01
2021-11-15 17:00:00,300.0
2021-11-15 18:00:00,272.57
2021-11-15 19:00:00,238.76
2021-11-15 20:00:00,217.79
2021-11-15 21:00:00,195.48
2021-11-15 22:00:00,180.31
2021-11-15 23:00:00,182.52
2021-11-16 00:00:00,167.37
2021-11-16 01:00:00,162.84
2021-11-16 02:00:00,160.25
2021-11-16 03:00:00,161.13
2021-11-16 04:00:00,176.1
2021-11-16 05:00:00,210.33
2021-11-16 06:00:00,270.0
2021-11-16 07:00:00,280.06
2021-11-16 08:00:00,280.03
2021-11-16 09:00:00,274.0
2021-11-16 10:00:00,275.67
2021-11-16 11:00:00,263.21
2021-11-16 12:00:00,264.64
2021-11-16 13:00:00,270.78
2021-11-16 14:00:00,274.99
2021-11-16 15:00:00,280.03
2021-11-16 16:00:00,301.0
2021-11-16 17:00:00,296.98
2021-11-16 18:00:00,279.1
2021-11-16 19:00:00,250.0
2021-11-16 20:00:00,220.38
2021-11-16 21:00:00,196.62
2021-11-16 22:00:00,189.0
2021-11-16 23:00:00,194.01
2021-11-17 00:00:00,185.68
2021-11-17 01:00:00,180.0
2021-11-17 02:00:00,164.52
2021-11-17 03:00:00,163.22
2021-11-17 04:00:00,166.73
2021-11-17 05:00:00,188.73
2021-11-17 06:00:00,226.53
2021-11-17 07:00:00,248.92
2021-11-17 08:00:00,238.8
2021-11-17 09:00:00,235.7
2021-11-17 10:00:00,235.7
2021-11-17 11:00:00,229.52
2021-11-17 12:00:00,209.19
2021-11-17 13:00:00,205.95
2021-11-17 14:00:00,210.03
2021-11-17 15:00:00,230.15
2021-11-17 16:00:00,256.23
2021-11-17 17:00:00,255.94
2021-11-17 18:00:00,249.9
2021-11-17 19:00:00,235.0
2021-11-17 20:00:00,220.0
2021-11-17 21:00:00,215.0
2021-11-17 22:00:00,204.75
2021-11-17 23:00:00,221.44
2021-11-18 00:00:00,215.16
2021-11-18 01:00:00,212.26
2021-11-18 02:00:00,190.0
2021-11-18 03:00:00,177.63
2021-11-18 04:00:00,211.39
2021-11-18 05:00:00,224.3
2021-11-18 06:00:00,257.93
2021-11-18 07:00:00,279.61
2021-11-18 08:00:00,260.66
2021-11-18 09:00:00,250.75
2021-11-18 10:00:00,250.75
2021-11-18 11:00:00,239.4
2021-11-18 12:00:00,219.83
2021-11-18 13:00:00,224.34
2021-11-18 14:00:00,232.92
2021-11-18 15:00:00,242.51
2021-11-18 16:00:00,275.7
2021-11-18 17:00:00,285.0
2021-11-18 18:00:00,275.08
2021-11-18 19:00:00,264.44
2021-11-18 20:00:00,250.0
2021-11-18 21:00:00,240.22
2021-11-18 22:00:00,230.16
2021-11-18 23:00:00,220.05
2021-11-19 00:00:00,215.57
2021-11-19 01:00:00,213.26
2021-11-19 02:00:00,198.0
2021-11-19 03:00:00,199.67
2021-11-19 04:00:00,214.33
2021-11-19 05:00:00,239.38
2021-11-19 06:00:00,294.33
2021-11-19 07:00:00,290.04
2021-11-19 08:00:00,277.02
2021-11-19 09:00:00,265.0
2021-11-19 10:00:00,247.0
2021-11-19 11:00:00,231.69
2021-11-19 12:00:00,228.0
2021-11-19 13:00:00,228.0
2021-11-19 14:00:00,239.9
2021-11-19 15:00:00,254.24
2021-11-19 16:00:00,280.88
2021-11-19 17:00:00,284.39
2021-11-19 18:00:00,289.62
2021-11-19 19:00:00,256.16
2021-11-19 20:00:00,231.04
2021-11-19 21:00:00,226.5
2021-11-19 22:00:00,225.79
2021-11-19 23:00:00,229.59
2021-11-20 00:00:00,217.9
2021-11-20 01:00:00,206.4
2021-11-20 02:00:00,191.65
2021-11-20 03:00:00,188.0
2021-11-20 04:00:00,191.24
2021-11-20 05:00:00,216.96
2021-11-20 06:00:00,230.77
2021-11-20 07:00:00,251.08
2021-11-20 08:00:00,238.81
2021-11-20 09:00:00,223.76
2021-11-20 10:00:00,217.9
2021-11-20 11:00:00,224.6
2021-11-20 12:00:00,214.72
2021-11-20 13:00:00,210.8
2021-11-20 14:00:00,218.59
2021-11-20 15:00:00,230.0
2021-11-20 16:00:00,262.57
2021-11-20 17:00:00,290.16
2021-11-20 18:00:00,298.4
2021-11-20 19:00:00,260.0
2021-11-20 20:00:00,249.19
2021-11-20 21:00:00,240.01
2021-11-20 22:00:00,244.0
2021-11-20 23:00:00,269.66
2021-11-21 00:00:00,250.01
2021-11-21 01:00:00,239.32
2021-11-21 02:00:00,225.19
2021-11-21 03:00:00,217.63
2021-11-21 04:00:00,224.24
2021-11-21 05:00:00,218.59
2021-11-21 06:00:00,213.73
2021-11-21 07:00:00,212.07
2021-11-21 08:00:00,223.77
2021-11-21 09:00:00,224.13
2021-11-21 10:00:00,221.63
2021-11-21 11:00:00,222.37
2021-11-21 12:00:00,213.39
2021-11-21 13:00:00,207.92
2021-11-21 14:00:00,207.79
2021-11-21 15:00:00,220.0
2021-11-21 16:00:00,240.0
2021-11-21 17:00:00,253.24
2021-11-21 18:00:00,257.63
2021-11-21 19:00:00,242.5
2021-11-21 20:00:00,220.05
2021-11-21 21:00:00,211.69
2021-11-21 22:00:00,203.54
2021-11-21 23:00:00,196.84
2021-11-22 00:00:00,192.87
2021-11-22 01:00:00,186.31
2021-11-22 02:00:00,175.11
2021-11-22 03:00:00,169.85
2021-11-22 04:00:00,202.7
2021-11-22 05:00:00,240.0
2021-11-22 06:00:00,286.93
2021-11-22 07:00:00,299.9
2021-11-22 08:00:00,296.23
2021-11-22 09:00:00,285.27
2021-11-22 10:00:00,269.74
2021-11-22 11:00:00,259.39
2021-11-22 12:00:00,252.76
2021-11-22 13:00:00,254.92
2021-11-22 14:00:00,275.54
2021-11-22 15:00:00,284.81
2021-11-22 16:00:00,318.87
2021-11-22 17:00:00,312.66
2021-11-22 18:00:00,312.9
2021-11-22 19:00:00,277.65
2021-11-22 20:00:00,240.72
2021-11-22 21:00:00,228.85
2021-11-22 22:00:00,223.42
2021-11-22 23:00:00,215.0
2021-11-23 00:00:00,203.98
2021-11-23 01:00:00,199.0
2021-11-23 02:00:00,193.06
2021-11-23 03:00:00,190.83
2021-11-23 04:00:00,199.8
2021-11-23 05:00:00,237.62
2021-11-23 06:00:00,305.71
2021-11-23 07:00:00,320.0
2021-11-23 08:00:00,312.84
2021-11-23 09:00:00,300.0
2021-11-23 10:00:00,286.83
2021-11-23 11:00:00,278.3
2021-11-23 12:00:00,274.95
2021-11-23 13:00:00,291.85
2021-11-23 14:00:00,300.0
2021-11-23 15:00:00,317.34
2021-11-23 16:00:00,348.21
2021-11-23 17:00:00,342.13
2021-11-23 18:00:00,330.03
2021-11-23 19:00:00,300.0
2021-11-23 20:00:00,265.14
2021-11-23 21:00:00,239.05
2021-11-23 22:00:00,233.42
2021-11-23 23:00:00,215.45
2021-11-24 00:00:00,204.48
2021-11-24 01:00:00,195.29
2021-11-24 02:00:00,189.59
2021-11-24 03:00:00,191.2
2021-11-24 04:00:00,213.14
2021-11-24 05:00:00,251.4
2021-11-24 06:00:00,330.0
2021-11-24 07:00:00,344.98
2021-11-24 08:00:00,330.02
2021-11-24 09:00:00,321.35
2021-11-24 10:00:00,313.05
2021-11-24 11:00:00,299.99
2021-11-24 12:00:00,300.0
2021-11-24 13:00:00,328.0
2021-11-24 14:00:00,342.18
2021-11-24 15:00:00,350.92
2021-11-24 16:00:00,385.0
2021-11-24 17:00:00,411.53
2021-11-24 18:00:00,419.62
2021-11-24 19:00:00,360.94
2021-11-24 20:00:00,297.16
2021-11-24 21:00:00,254.4
2021-11-24 22:00:00,250.0
2021-11-24 23:00:00,227.32
2021-11-25 00:00:00,220.0
2021-11-25 01:00:00,218.61
2021-11-25 02:00:00,210.64
2021-11-25 03:00:00,208.88
2021-11-25 04:00:00,220.96
2021-11-25 05:00:00,291.85
2021-11-25 06:00:00,337.31
2021-11-25 07:00:00,372.64
2021-11-25 08:00:00,371.71
2021-11-25 09:00:00,343.23
2021-11-25 10:00:00,344.23
2021-11-25 11:00:00,330.01
2021-11-25 12:00:00,320.9
2021-11-25 13:00:00,325.91
2021-11-25 14:00:00,323.39
2021-11-25 15:00:00,328.77
2021-11-25 16:00:00,347.16
2021-11-25 17:00:00,375.0
2021-11-25 18:00:00,360.65
2021-11-25 19:00:00,330.0
2021-11-25 20:00:00,285.37
2021-11-25 21:00:00,262.87
2021-11-25 22:00:00,294.04
2021-11-25 23:00:00,252.87
2021-11-26 00:00:00,244.58
2021-11-26 01:00:00,245.82
2021-11-26 02:00:00,220.93
2021-11-26 03:00:00,220.28
2021-11-26 04:00:00,249.48
2021-11-26 05:00:00,261.82
2021-11-26 06:00:00,320.0
2021-11-26 07:00:00,345.0
2021-11-26 08:00:00,346.37
2021-11-26 09:00:00,320.5
2021-11-26 10:00:00,324.65
2021-11-26 11:00:00,307.17
2021-11-26 12:00:00,281.1
2021-11-26 13:00:00,270.0
2021-11-26 14:00:00,272.8
2021-11-26 15:00:00,267.39
2021-11-26 16:00:00,277.73
2021-11-26 17:00:00,289.9
2021-11-26 18:00:00,270.89
2021-11-26 19:00:00,250.0
2021-11-26 20:00:00,241.16
2021-11-26 21:00:00,253.7
2021-11-26 22:00:00,269.66
2021-11-26 23:00:00,223.31
2021-11-27 00:00:00,218.86
2021-11-27 01:00:00,210.36
2021-11-27 02:00:00,193.82
2021-11-27 03:00:00,184.1
2021-11-27 04:00:00,173.86
2021-11-27 05:00:00,175.36
2021-11-27 06:00:00,203.66
2021-11-27 07:00:00,210.0
2021-11-27 08:00:00,223.27
2021-11-27 09:00:00,230.9
2021-11-27 10:00:00,225.54
2021-11-27 11:00:00,223.27
2021-11-27 12:00:00,216.02
2021-11-27 13:00:00,218.9
2021-11-27 14:00:00,225.0
2021-11-27 15:00:00,231.23
2021-11-27 16:00:00,270.8
2021-11-27 17:00:00,277.33
2021-11-27 18:00:00,264.07
2021-11-27 19:00:00,238.43
2021-11-27 20:00:00,223.86
2021-11-27 21:00:00,216.27
2021-11-27 22:00:00,204.0
2021-11-27 23:00:00,210.02
2021-11-28 00:00:00,195.85
2021-11-28 01:00:00,188.12
2021-11-28 02:00:00,181.2
2021-11-28 03:00:00,176.0
2021-11-28 04:00:00,174.5
2021-11-28 05:00:00,181.4
2021-11-28 06:00:00,184.77
2021-11-28 07:00:00,185.99
2021-11-28 08:00:00,199.99
2021-11-28 09:00:00,203.01
2021-11-28 10:00:00,209.76
2021-11-28 11:00:00,210.07
2021-11-28 12:00:00,198.28
2021-11-28 13:00:00,198.34
2021-11-28 14:00:00,205.11
2021-11-28 15:00:00,217.03
2021-11-28 16:00:00,245.13
2021-11-28 17:00:00,247.94
2021-11-28 18:00:00,240.06
2021-11-28 19:00:00,230.49
2021-11-28 20:00:00,214.0
2021-11-28 21:00:00,210.02
2021-11-28 22:00:00,194.06
2021-11-28 23:00:00,199.5
2021-11-29 00:00:00,192.53
2021-11-29 01:00:00,192.78
2021-11-29 02:00:00,185.09
2021-11-29 03:00:00,180.0
2021-11-29 04:00:00,197.97
2021-11-29 05:00:00,267.31
2021-11-29 06:00:00,375.4
2021-11-29 07:00:00,360.0
2021-11-29 08:00:00,361.07
2021-11-29 09:00:00,355.73
2021-11-29 10:00:00,355.1
2021-11-29 11:00:00,346.53
2021-11-29 12:00:00,329.2
2021-11-29 13:00:00,342.77
2021-11-29 14:00:00,352.11
2021-11-29 15:00:00,360.0
2021-11-29 16:00:00,421.87
2021-11-29 17:00:00,410.13
2021-11-29 18:00:00,355.06
2021-11-29 19:00:00,310.16
2021-11-29 20:00:00,270.0
2021-11-29 21:00:00,258.85
2021-11-29 22:00:00,247.69
2021-11-29 23:00:00,255.35
2021-11-30 00:00:00,250.0
2021-11-30 01:00:00,242.76
2021-11-30 02:00:00,225.67
2021-11-30 03:00:00,220.12
2021-11-30 04:00:00,240.46
2021-11-30 05:00:00,272.4
2021-11-30 06:00:00,314.9
2021-11-30 07:00:00,330.05
2021-11-30 08:00:00,320.0
2021-11-30 09:00:00,300.97
2021-11-30 10:00:00,283.41
2021-11-30 11:00:00,270.0
2021-11-30 12:00:00,270.0
2021-11-30 13:00:00,271.02
2021-11-30 14:00:00,272.21
2021-11-30 15:00:00,282.04
2021-11-30 16:00:00,300.0
2021-11-30 17:00:00,309.3
2021-11-30 18:00:00,302.6
2021-11-30 19:00:00,290.01
2021-11-30 20:00:00,245.45
2021-11-30 21:00:00,234.93
2021-11-30 22:00:00,223.99
2021-11-30 23:00:00,209.63
2021-12-01 00:00:00,214.5
2021-12-01 01:00:00,204.31
2021-12-01 02:00:00,149.31
2021-12-01 03:00:00,120.41
2021-12-01 04:00:00,196.89
2021-12-01 05:00:00,244.0
2021-12-01 06:00:00,296.4
2021-12-01 07:00:00,339.08
2021-12-01 08:00:00,350.0
2021-12-01 09:00:00,317.4
2021-12-01 10:00:00,314.24
2021-12-01 11:00:00,317.07
2021-12-01 12:00:00,314.27
2021-12-01 13:00:00,326.0
2021-12-01 14:00:00,333.46
2021-12-01 15:00:00,305.23
2021-12-01 16:00:00,331.17
2021-12-01 17:00:00,334.03
2021-12-01 18:00:00,350.0
2021-12-01 19:00:00,314.47
2021-12-01 20:00:00,284.27
2021-12-01 21:00:00,270.22
2021-12-01 22:00:00,285.92
2021-12-01 23:00:00,241.93
2021-12-02 00:00:00,230.0
2021-12-02 01:00:00,221.55
2021-12-02 02:00:00,190.28
2021-12-02 03:00:00,172.29
2021-12-02 04:00:00,186.69
2021-12-02 05:00:00,241.0
2021-12-02 06:00:00,318.57
2021-12-02 07:00:00,314.94
2021-12-02 08:00:00,304.87
2021-12-02 09:00:00,305.73
2021-12-02 10:00:00,274.01
2021-12-02 11:00:00,253.15
2021-12-02 12:00:00,245.61
2021-12-02 13:00:00,264.19
2021-12-02 14:00:00,304.96
2021-12-02 15:00:00,327.82
2021-12-02 16:00:00,354.98
2021-12-02 17:00:00,350.04
2021-12-02 18:00:00,350.0
2021-12-02 19:00:00,345.02
2021-12-02 20:00:00,305.0
2021-12-02 21:00:00,274.04
2021-12-02 22:00:00,289.7
2021-12-02 23:00:00,287.4
2021-12-03 00:00:00,250.83
2021-12-03 01:00:00,240.36
2021-12-03 02:00:00,233.3
2021-12-03 03:00:00,233.3
2021-12-03 04:00:00,260.71
2021-12-03 05:00:00,311.16
2021-12-03 06:00:00,350.0
2021-12-03 07:00:00,357.47
2021-12-03 08:00:00,363.54
2021-12-03 09:00:00,350.0
2021-12-03 10:00:00,330.66
2021-12-03 11:00:00,322.34
2021-12-03 12:00:00,320.0
2021-12-03 13:00:00,327.06
2021-12-03 14:00:00,330.0
2021-12-03 15:00:00,326.99
2021-12-03 16:00:00,316.69
2021-12-03 17:00:00,325.04
2021-12-03 18:00:00,319.62
2021-12-03 19:00:00,296.34
2021-12-03 20:00:00,263.36
2021-12-03 21:00:00,238.69
2021-12-03 22:00:00,226.39
2021-12-03 23:00:00,240.53
2021-12-04 00:00:00,222.0
2021-12-04 01:00:00,201.5
2021-12-04 02:00:00,185.0
2021-12-04 03:00:00,185.01
2021-12-04 04:00:00,183.79
2021-12-04 05:00:00,187.6
2021-12-04 06:00:00,205.0
2021-12-04 07:00:00,222.79
2021-12-04 08:00:00,235.01
2021-12-04 09:00:00,239.55
2021-12-04 10:00:00,235.01
2021-12-04 11:00:00,237.92
2021-12-04 12:00:00,222.0
2021-12-04 13:00:00,218.73
2021-12-04 14:00:00,210.0
2021-12-04 15:00:00,222.0
2021-12-04 16:00:00,243.05
2021-12-04 17:00:00,250.0
2021-12-04 18:00:00,248.0
2021-12-04 19:00:00,241.93
2021-12-04 20:00:00,248.0
2021-12-04 21:00:00,230.23
2021-12-04 22:00:00,217.45
2021-12-04 23:00:00,200.75
2021-12-05 00:00:00,204.61
2021-12-05 01:00:00,197.94
2021-12-05 02:00:00,163.97
2021-12-05 03:00:00,135.98
2021-12-05 04:00:00,144.38
2021-12-05 05:00:00,186.08
2021-12-05 06:00:00,201.2
2021-12-05 07:00:00,204.61
2021-12-05 08:00:00,231.24
2021-12-05 09:00:00,233.0
2021-12-05 10:00:00,229.86
2021-12-05 11:00:00,235.19
2021-12-05 12:00:00,210.26
2021-12-05 13:00:00,209.0
2021-12-05 14:00:00,211.93
2021-12-05 15:00:00,229.07
2021-12-05 16:00:00,256.91
2021-12-05 17:00:00,284.2
2021-12-05 18:00:00,326.9
2021-12-05 19:00:00,283.18
2021-12-05 20:00:00,251.65
2021-12-05 21:00:00,245.05
2021-12-05 22:00:00,227.1
2021-12-05 23:00:00,204.44
2021-12-06 00:00:00,207.56
2021-12-06 01:00:00,198.22
2021-12-06 02:00:00,187.15
2021-12-06 03:00:00,179.8
2021-12-06 04:00:00,195.23
2021-12-06 05:00:00,266.95
2021-12-06 06:00:00,348.1
2021-12-06 07:00:00,371.54
2021-12-06 08:00:00,363.67
2021-12-06 09:00:00,360.0
2021-12-06 10:00:00,353.01
2021-12-06 11:00:00,331.71
2021-12-06 12:00:00,315.13
2021-12-06 13:00:00,314.93
2021-12-06 14:00:00,315.5
2021-12-06 15:00:00,310.7
2021-12-06 16:00:00,320.29
2021-12-06 17:00:00,334.82
2021-12-06 18:00:00,317.0
2021-12-06 19:00:00,273.61
2021-12-06 20:00:00,250.0
2021-12-06 21:00:00,235.1
2021-12-06 22:00:00,226.05
2021-12-06 23:00:00,204.83
2021-12-07 00:00:00,198.02
2021-12-07 01:00:00,197.88
2021-12-07 02:00:00,197.83
2021-12-07 03:00:00,197.73
2021-12-07 04:00:00,216.9
2021-12-07 05:00:00,259.2
2021-12-07 06:00:00,320.0
2021-12-07 07:00:00,340.0
2021-12-07 08:00:00,320.0
2021-12-07 09:00:00,304.7
2021-12-07 10:00:00,291.75
2021-12-07 11:00:00,283.94
2021-12-07 12:00:00,280.17
2021-12-07 13:00:00,283.81
2021-12-07 14:00:00,268.76
2021-12-07 15:00:00,273.0
2021-12-07 16:00:00,294.62
2021-12-07 17:00:00,292.0
2021-12-07 18:00:00,283.61
2021-12-07 19:00:00,245.46
2021-12-07 20:00:00,223.71
2021-12-07 21:00:00,222.99
2021-12-07 22:00:00,206.58
2021-12-07 23:00:00,214.44
2021-12-08 00:00:00,205.04
2021-12-08 01:00:00,199.0
2021-12-08 02:00:00,184.0
2021-12-08 03:00:00,180.8
2021-12-08 04:00:00,204.05
2021-12-08 05:00:00,224.77
2021-12-08 06:00:00,240.7
2021-12-08 07:00:00,270.92
2021-12-08 08:00:00,270.92
2021-12-08 09:00:00,271.7
2021-12-08 10:00:00,275.0
2021-12-08 11:00:00,279.2
2021-12-08 12:00:00,257.1
2021-12-08 13:00:00,249.02
2021-12-08 14:00:00,255.0
2021-12-08 15:00:00,271.38
2021-12-08 16:00:00,292.0
2021-12-08 17:00:00,307.1
2021-12-08 18:00:00,292.59
2021-12-08 19:00:00,270.0
2021-12-08 20:00:00,250.0
2021-12-08 21:00:00,238.67
2021-12-08 22:00:00,234.8
2021-12-08 23:00:00,227.01
2021-12-09 00:00:00,218.99
2021-12-09 01:00:00,224.91
2021-12-09 02:00:00,215.0
2021-12-09 03:00:00,194.96
2021-12-09 04:00:00,216.01
2021-12-09 05:00:00,251.0
2021-12-09 06:00:00,308.2
2021-12-09 07:00:00,338.29
2021-12-09 08:00:00,346.2
2021-12-09 09:00:00,338.99
2021-12-09 10:00:00,340.0
2021-12-09 11:00:00,335.64
2021-12-09 12:00:00,334.51
2021-12-09 13:00:00,342.19
2021-12-09 14:00:00,343.0
2021-12-09 15:00:00,349.21
2021-12-09 16:00:00,355.69
2021-12-09 17:00:00,345.0
2021-12-09 18:00:00,316.3
2021-12-09 19:00:00,276.69
2021-12-09 20:00:00,239.45
2021-12-09 21:00:00,228.5
2021-12-09 22:00:00,214.27
2021-12-09 23:00:00,220.9
2021-12-10 00:00:00,215.22
2021-12-10 01:00:00,208.8
2021-12-10 02:00:00,147.69
2021-12-10 03:00:00,155.33
2021-12-10 04:00:00,200.02
2021-12-10 05:00:00,238.56
2021-12-10 06:00:00,282.83
2021-12-10 07:00:00,299.64
2021-12-10 08:00:00,290.81
2021-12-10 09:00:00,282.78
2021-12-10 10:00:00,266.49
2021-12-10 11:00:00,250.79
2021-12-10 12:00:00,245.1
2021-12-10 13:00:00,242.85
2021-12-10 14:00:00,254.61
2021-12-10 15:00:00,274.76
2021-12-10 16:00:00,300.04
2021-12-10 17:00:00,304.99
2021-12-10 18:00:00,291.04
2021-12-10 19:00:00,262.16
2021-12-10 20:00:00,243.61
2021-12-10 21:00:00,236.43
2021-12-10 22:00:00,217.0
2021-12-10 23:00:00,221.11
2021-12-11 00:00:00,213.53
2021-12-11 01:00:00,208.03
2021-12-11 02:00:00,206.6
2021-12-11 03:00:00,201.6
2021-12-11 04:00:00,206.7
2021-12-11 05:00:00,220.07
2021-12-11 06:00:00,243.9
2021-12-11 07:00:00,272.32
2021-12-11 08:00:00,294.94
2021-12-11 09:00:00,290.95
2021-12-11 10:00:00,289.42
2021-12-11 11:00:00,287.66
2021-12-11 12:00:00,250.57
2021-12-11 13:00:00,240.77
2021-12-11 14:00:00,247.07
2021-12-11 15:00:00,263.73
2021-12-11 16:00:00,281.59
2021-12-11 17:00:00,292.0
2021-12-11 18:00:00,290.0
2021-12-11 19:00:00,254.09
2021-12-11 20:00:00,243.29
2021-12-11 21:00:00,240.77
2021-12-11 22:00:00,226.46
2021-12-11 23:00:00,247.92
2021-12-12 00:00:00,251.21
2021-12-12 01:00:00,244.78
2021-12-12 02:00:00,229.29
2021-12-12 03:00:00,218.01
2021-12-12 04:00:00,222.7
2021-12-12 05:00:00,232.17
2021-12-12 06:00:00,250.2
2021-12-12 07:00:00,242.34
2021-12-12 08:00:00,257.82
2021-12-12 09:00:00,251.21
2021-12-12 10:00:00,244.4
2021-12-12 11:00:00,254.26
2021-12-12 12:00:00,257.82
2021-12-12 13:00:00,245.09
2021-12-12 14:00:00,235.0
2021-12-12 15:00:00,253.33
2021-12-12 16:00:00,282.0
2021-12-12 17:00:00,295.0
2021-12-12 18:00:00,298.0
2021-12-12 19:00:00,273.7
2021-12-12 20:00:00,240.76
2021-12-12 21:00:00,243.4
2021-12-12 22:00:00,250.08
2021-12-12 23:00:00,231.86
2021-12-13 00:00:00,229.09
2021-12-13 01:00:00,221.5
2021-12-13 02:00:00,219.73
2021-12-13 03:00:00,217.71
2021-12-13 04:00:00,230.11
2021-12-13 05:00:00,269.2
2021-12-13 06:00:00,322.27
2021-12-13 07:00:00,354.94
2021-12-13 08:00:00,350.0
2021-12-13 09:00:00,331.09
2021-12-13 10:00:00,327.1
2021-12-13 11:00:00,319.11
2021-12-13 12:00:00,316.57
2021-12-13 13:00:00,318.48
2021-12-13 14:00:00,323.9
2021-12-13 15:00:00,332.1
2021-12-13 16:00:00,353.73
2021-12-13 17:00:00,382.17
2021-12-13 18:00:00,371.47
2021-12-13 19:00:00,340.0
2021-12-13 20:00:00,300.0
2021-12-13 21:00:00,287.67
2021-12-13 22:00:00,266.81
2021-12-13 23:00:00,290.98
2021-12-14 00:00:00,283.89
2021-12-14 01:00:00,276.8
2021-12-14 02:00:00,254.24
2021-12-14 03:00:00,250.0
2021-12-14 04:00:00,265.45
2021-12-14 05:00:00,304.85
2021-12-14 06:00:00,345.9
2021-12-14 07:00:00,371.85
2021-12-14 08:00:00,364.82
2021-12-14 09:00:00,362.6
2021-12-14 10:00:00,362.63
2021-12-14 11:00:00,354.34
2021-12-14 12:00:00,354.34
2021-12-14 13:00:00,359.09
2021-12-14 14:00:00,367.44
2021-12-14 15:00:00,378.41
2021-12-14 16:00:00,400.0
2021-12-14 17:00:00,393.5
2021-12-14 18:00:00,360.34
2021-12-14 19:00:00,337.89
2021-12-14 20:00:00,299.41
2021-12-14 21:00:00,292.78
2021-12-14 22:00:00,270.99
2021-12-14 23:00:00,295.24
2021-12-15 00:00:00,281.46
2021-12-15 01:00:00,274.59
2021-12-15 02:00:00,262.2
2021-12-15 03:00:00,261.73
2021-12-15 04:00:00,283.53
2021-12-15 05:00:00,332.74
2021-12-15 06:00:00,393.13
2021-12-15 07:00:00,417.26
2021-12-15 08:00:00,402.0
2021-12-15 09:00:00,390.0
2021-12-15 10:00:00,384.57
2021-12-15 11:00:00,365.0
2021-12-15 12:00:00,344.91
2021-12-15 13:00:00,354.0
2021-12-15 14:00:00,349.92
2021-12-15 15:00:00,350.44
2021-12-15 16:00:00,402.0
2021-12-15 17:00:00,410.0
2021-12-15 18:00:00,410.0
2021-12-15 19:00:00,391.57
2021-12-15 20:00:00,350.0
2021-12-15 21:00:00,318.1
2021-12-15 22:00:00,286.36
2021-12-15 23:00:00,291.04
2021-12-16 00:00:00,279.5
2021-12-16 01:00:00,273.79
2021-12-16 02:00:00,260.22
2021-12-16 03:00:00,251.78
2021-12-16 04:00:00,266.49
2021-12-16 05:00:00,321.4
2021-12-16 06:00:00,390.0
2021-12-16 07:00:00,411.12
2021-12-16 08:00:00,416.8
2021-12-16 09:00:00,408.8
2021-12-16 10:00:00,403.54
2021-12-16 11:00:00,395.66
2021-12-16 12:00:00,390.0
2021-12-16 13:00:00,395.24
2021-12-16 14:00:00,399.72
2021-12-16 15:00:00,416.23
2021-12-16 16:00:00,425.0
2021-12-16 17:00:00,417.25
2021-12-16 18:00:00,404.57
2021-12-16 19:00:00,366.13
2021-12-16 20:00:00,320.0
2021-12-16 21:00:00,290.55
2021-12-16 22:00:00,279.37
2021-12-16 23:00:00,289.26
2021-12-17 00:00:00,276.46
2021-12-17 01:00:00,266.64
2021-12-17 02:00:00,255.23
2021-12-17 03:00:00,250.0
2021-12-17 04:00:00,270.09
2021-12-17 05:00:00,303.81
2021-12-17 06:00:00,391.0
2021-12-17 07:00:00,403.92
2021-12-17 08:00:00,403.92
2021-12-17 09:00:00,398.95
2021-12-17 10:00:00,392.46
2021-12-17 11:00:00,376.13
2021-12-17 12:00:00,351.71
2021-12-17 13:00:00,361.51
2021-12-17 14:00:00,392.1
2021-12-17 15:00:00,382.32
2021-12-17 16:00:00,397.3
2021-12-17 17:00:00,394.42
2021-12-17 18:00:00,390.1
2021-12-17 19:00:00,341.98
2021-12-17 20:00:00,307.66
2021-12-17 21:00:00,298.83
2021-12-17 22:00:00,293.88
2021-12-17 23:00:00,310.12
2021-12-18 00:00:00,300.0
2021-12-18 01:00:00,299.03
2021-12-18 02:00:00,270.37
2021-12-18 03:00:00,265.77
2021-12-18 04:00:00,273.24
2021-12-18 05:00:00,278.2
2021-12-18 06:00:00,300.0
2021-12-18 07:00:00,313.08
2021-12-18 08:00:00,335.28
2021-12-18 09:00:00,324.1
2021-12-18 10:00:00,315.07
2021-12-18 11:00:00,311.07
2021-12-18 12:00:00,293.74
2021-12-18 13:00:00,286.8
2021-12-18 14:00:00,301.0
2021-12-18 15:00:00,311.01
2021-12-18 16:00:00,332.53
2021-12-18 17:00:00,380.0
2021-12-18 18:00:00,427.01
2021-12-18 19:00:00,380.0
2021-12-18 20:00:00,326.03
2021-12-18 21:00:00,320.03
2021-12-18 22:00:00,325.75
2021-12-18 23:00:00,335.62
2021-12-19 00:00:00,318.51
2021-12-19 01:00:00,310.0
2021-12-19 02:00:00,276.65
2021-12-19 03:00:00,274.9
2021-12-19 04:00:00,275.55
2021-12-19 05:00:00,305.86
2021-12-19 06:00:00,321.72
2021-12-19 07:00:00,336.43
2021-12-19 08:00:00,360.54
2021-12-19 09:00:00,357.05
2021-12-19 10:00:00,360.3
2021-12-19 11:00:00,398.97
2021-12-19 12:00:00,410.41
2021-12-19 13:00:00,333.6
2021-12-19 14:00:00,323.74
2021-12-19 15:00:00,346.02
2021-12-19 16:00:00,402.0
2021-12-19 17:00:00,420.0
2021-12-19 18:00:00,414.4
2021-12-19 19:00:00,360.04
2021-12-19 20:00:00,343.1
2021-12-19 21:00:00,328.0
2021-12-19 22:00:00,322.42
2021-12-19 23:00:00,319.0
2021-12-20 00:00:00,304.57
2021-12-20 01:00:00,319.05
2021-12-20 02:00:00,272.82
2021-12-20 03:00:00,267.99
2021-12-20 04:00:00,284.12
2021-12-20 05:00:00,312.96
2021-12-20 06:00:00,398.7
2021-12-20 07:00:00,441.9
2021-12-20 08:00:00,443.14
2021-12-20 09:00:00,442.3
2021-12-20 10:00:00,412.92
2021-12-20 11:00:00,416.44
2021-12-20 12:00:00,399.82
2021-12-20 13:00:00,404.92
2021-12-20 14:00:00,428.82
2021-12-20 15:00:00,439.97
2021-12-20 16:00:00,460.08
2021-12-20 17:00:00,465.98
2021-12-20 18:00:00,460.0
2021-12-20 19:00:00,424.0
2021-12-20 20:00:00,375.0
2021-12-20 21:00:00,350.0
2021-12-20 22:00:00,325.35
2021-12-20 23:00:00,330.0
2021-12-21 00:00:00,313.27
2021-12-21 01:00:00,309.41
2021-12-21 02:00:00,305.36
2021-12-21 03:00:00,294.9
2021-12-21 04:00:00,322.48
2021-12-21 05:00:00,399.98
2021-12-21 06:00:00,471.02
2021-12-21 07:00:00,510.02
2021-12-21 08:00:00,513.58
2021-12-21 09:00:00,505.72
2021-12-21 10:00:00,480.0
2021-12-21 11:00:00,460.57
2021-12-21 12:00:00,460.0
2021-12-21 13:00:00,476.21
2021-12-21 14:00:00,505.13
2021-12-21 15:00:00,539.91
2021-12-21 16:00:00,620.0
2021-12-21 17:00:00,600.1
2021-12-21 18:00:00,520.0
2021-12-21 19:00:00,470.59
2021-12-21 20:00:00,415.28
2021-12-21 21:00:00,396.96
2021-12-21 22:00:00,408.65
2021-12-21 23:00:00,382.43
2021-12-22 00:00:00,372.28
2021-12-22 01:00:00,358.61
2021-12-22 02:00:00,336.15
2021-12-22 03:00:00,333.9
2021-12-22 04:00:00,355.0
2021-12-22 05:00:00,423.62
2021-12-22 06:00:00,509.1
2021-12-22 07:00:00,577.87
2021-12-22 08:00:00,555.0
2021-12-22 09:00:00,536.41
2021-12-22 10:00:00,512.51
2021-12-22 11:00:00,531.68
2021-12-22 12:00:00,489.61
2021-12-22 13:00:00,480.57
2021-12-22 14:00:00,506.57
2021-12-22 15:00:00,505.5
2021-12-22 16:00:00,529.2
2021-12-22 17:00:00,510.0
2021-12-22 18:00:00,482.72
2021-12-22 19:00:00,445.9
2021-12-22 20:00:00,392.76
2021-12-22 21:00:00,378.0
2021-12-22 22:00:00,365.17
2021-12-22 23:00:00,404.46
2021-12-23 00:00:00,370.77
2021-12-23 01:00:00,365.37
2021-12-23 02:00:00,348.89
2021-12-23 03:00:00,334.36
2021-12-23 04:00:00,357.83
2021-12-23 05:00:00,401.88
2021-12-23 06:00:00,450.09
2021-12-23 07:00:00,480.0
2021-12-23 08:00:00,455.2
2021-12-23 09:00:00,464.9
2021-12-23 10:00:00,457.05
2021-12-23 11:00:00,460.0
2021-12-23 12:00:00,447.3
2021-12-23 13:00:00,440.0
2021-12-23 14:00:00,409.74
2021-12-23 15:00:00,401.0
2021-12-23 16:00:00,449.01
2021-12-23 17:00:00,459.02
2021-12-23 18:00:00,455.2
2021-12-23 19:00:00,418.25
2021-12-23 20:00:00,400.0
2021-12-23 21:00:00,392.63
2021-12-23 22:00:00,371.6
2021-12-23 23:00:00,343.08
2021-12-24 00:00:00,334.24
2021-12-24 01:00:00,318.02
2021-12-24 02:00:00,275.58
2021-12-24 03:00:00,258.5
2021-12-24 04:00:00,283.34
2021-12-24 05:00:00,295.01
2021-12-24 06:00:00,321.6
2021-12-24 07:00:00,334.24
2021-12-24 08:00:00,356.59
2021-12-24 09:00:00,373.34
2021-12-24 10:00:00,345.9
2021-12-24 11:00:00,354.46
2021-12-24 12:00:00,334.78
2021-12-24 13:00:00,322.74
2021-12-24 14:00:00,307.76
2021-12-24 15:00:00,316.02
2021-12-24 16:00:00,334.24
2021-12-24 17:00:00,335.7
2021-12-24 18:00:00,329.43
2021-12-24 19:00:00,316.84
2021-12-24 20:00:00,307.96
2021-12-24 21:00:00,297.62
2021-12-24 22:00:00,271.63
2021-12-24 23:00:00,245.12
2021-12-25 00:00:00,236.33
2021-12-25 01:00:00,196.29
2021-12-25 02:00:00,162.22
2021-12-25 03:00:00,135.0
2021-12-25 04:00:00,125.31
2021-12-25 05:00:00,128.03
2021-12-25 06:00:00,180.3
2021-12-25 07:00:00,190.0
2021-12-25 08:00:00,217.13
2021-12-25 09:00:00,226.63
2021-12-25 10:00:00,245.04
2021-12-25 11:00:00,254.75
2021-12-25 12:00:00,248.61
2021-12-25 13:00:00,229.32
2021-12-25 14:00:00,226.0
2021-12-25 15:00:00,231.52
2021-12-25 16:00:00,244.81
2021-12-25 17:00:00,255.0
2021-12-25 18:00:00,280.0
2021-12-25 19:00:00,249.55
2021-12-25 20:00:00,233.58
2021-12-25 21:00:00,231.28
2021-12-25 22:00:00,262.86
2021-12-25 23:00:00,186.41
2021-12-26 00:00:00,162.76
2021-12-26 01:00:00,156.7
2021-12-26 02:00:00,133.26
2021-12-26 03:00:00,126.66
2021-12-26 04:00:00,130.24
2021-12-26 05:00:00,132.24
2021-12-26 06:00:00,162.5
2021-12-26 07:00:00,174.39
2021-12-26 08:00:00,185.94
2021-12-26 09:00:00,199.35
2021-12-26 10:00:00,202.81
2021-12-26 11:00:00,199.4
2021-12-26 12:00:00,193.73
2021-12-26 13:00:00,193.3
2021-12-26 14:00:00,193.39
2021-12-26 15:00:00,195.65
2021-12-26 16:00:00,221.23
2021-12-26 17:00:00,258.52
2021-12-26 18:00:00,252.1
2021-12-26 19:00:00,230.76
2021-12-26 20:00:00,197.98
2021-12-26 21:00:00,184.64
2021-12-26 22:00:00,174.96
2021-12-26 23:00:00,147.67
2021-12-27 00:00:00,135.03
2021-12-27 01:00:00,138.33
2021-12-27 02:00:00,97.46
2021-12-27 03:00:00,76.04
2021-12-27 04:00:00,97.53
2021-12-27 05:00:00,137.19
2021-12-27 06:00:00,157.15
2021-12-27 07:00:00,171.47
2021-12-27 08:00:00,204.17
2021-12-27 09:00:00,206.4
2021-12-27 10:00:00,202.62
2021-12-27 11:00:00,210.04
2021-12-27 12:00:00,200.18
2021-12-27 13:00:00,188.43
2021-12-27 14:00:00,186.18
2021-12-27 15:00:00,181.03
2021-12-27 16:00:00,205.0
2021-12-27 17:00:00,207.1
2021-12-27 18:00:00,196.05
2021-12-27 19:00:00,169.42
2021-12-27 20:00:00,133.74
2021-12-27 21:00:00,113.05
2021-12-27 22:00:00,104.7
2021-12-27 23:00:00,64.5
2021-12-28 00:00:00,44.29
2021-12-28 01:00:00,37.28
2021-12-28 02:00:00,20.48
2021-12-28 03:00:00,14.76
2021-12-28 04:00:00,22.43
2021-12-28 05:00:00,65.68
2021-12-28 06:00:00,103.56
2021-12-28 07:00:00,122.61
2021-12-28 08:00:00,143.45
2021-12-28 09:00:00,142.41
2021-12-28 10:00:00,135.71
2021-12-28 11:00:00,127.55
2021-12-28 12:00:00,116.76
2021-12-28 13:00:00,112.54
2021-12-28 14:00:00,104.39
2021-12-28 15:00:00,111.54
2021-12-28 16:00:00,147.35
2021-12-28 17:00:00,150.06
2021-12-28 18:00:00,149.89
2021-12-28 19:00:00,139.09
2021-12-28 20:00:00,125.22
2021-12-28 21:00:00,127.68
2021-12-28 22:00:00,110.08
2021-12-28 23:00:00,112.06
2021-12-29 00:00:00,93.27
2021-12-29 01:00:00,94.37
2021-12-29 02:00:00,90.82
2021-12-29 03:00:00,94.01
2021-12-29 04:00:00,117.63
2021-12-29 05:00:00,139.98
2021-12-29 06:00:00,188.0
2021-12-29 07:00:00,200.0
2021-12-29 08:00:00,203.45
2021-12-29 09:00:00,204.2
2021-12-29 10:00:00,204.38
2021-12-29 11:00:00,205.61
2021-12-29 12:00:00,205.62
2021-12-29 13:00:00,205.7
2021-12-29 14:00:00,200.0
2021-12-29 15:00:00,195.99
2021-12-29 16:00:00,203.44
2021-12-29 17:00:00,183.93
2021-12-29 18:00:00,163.63
2021-12-29 19:00:00,130.06
2021-12-29 20:00:00,108.64
2021-12-29 21:00:00,106.34
2021-12-29 22:00:00,83.35
2021-12-29 23:00:00,73.08
2021-12-30 00:00:00,47.86
2021-12-30 01:00:00,33.12
2021-12-30 02:00:00,25.56
2021-12-30 03:00:00,21.36
2021-12-30 04:00:00,42.01
2021-12-30 05:00:00,49.91
2021-12-30 06:00:00,98.38
2021-12-30 07:00:00,111.27
2021-12-30 08:00:00,122.78
2021-12-30 09:00:00,118.2
2021-12-30 10:00:00,104.54
2021-12-30 11:00:00,130.13
2021-12-30 12:00:00,99.13
2021-12-30 13:00:00,93.52
2021-12-30 14:00:00,108.96
2021-12-30 15:00:00,107.02
2021-12-30 16:00:00,139.45
2021-12-30 17:00:00,216.71
2021-12-30 18:00:00,203.61
2021-12-30 19:00:00,108.1
2021-12-30 20:00:00,163.07
2021-12-30 21:00:00,160.0
2021-12-30 22:00:00,160.1
2021-12-30 23:00:00,120.9
2021-12-31 00:00:00,87.21
2021-12-31 01:00:00,94.48
2021-12-31 02:00:00,39.87
2021-12-31 03:00:00,37.33
2021-12-31 04:00:00,48.88
2021-12-31 05:00:00,73.37
2021-12-31 06:00:00,87.97
2021-12-31 07:00:00,110.38
2021-12-31 08:00:00,141.8
2021-12-31 09:00:00,138.0
2021-12-31 10:00:00,89.01
2021-12-31 11:00:00,124.99
2021-12-31 12:00:00,89.74
2021-12-31 13:00:00,143.0
2021-12-31 14:00:00,141.0
2021-12-31 15:00:00,156.17
2021-12-31 16:00:00,186.03
2021-12-31 17:00:00,193.15
2021-12-31 18:00:00,175.94
2021-12-31 19:00:00,157.92
2021-12-31 20:00:00,175.12
2021-12-31 21:00:00,140.38
2021-12-31 22:00:00,127.81
2021-12-31 23:00:00,89.06
2022-01-01 00:00:00,78.48
2022-01-01 01:00:00,85.16
2022-01-01 02:00:00,50.0
2022-01-01 03:00:00,37.67
2022-01-01 04:00:00,39.7
2022-01-01 05:00:00,40.59
2022-01-01 06:00:00,43.26
2022-01-01 07:00:00,49.66
2022-01-01 08:00:00,70.05
2022-01-01 09:00:00,76.79
2022-01-01 10:00:00,84.1
2022-01-01 11:00:00,94.74
2022-01-01 12:00:00,96.8
2022-01-01 13:00:00,97.17
2022-01-01 14:00:00,98.52
2022-01-01 15:00:00,114.5
2022-01-01 16:00:00,149.97
2022-01-01 17:00:00,146.33
2022-01-01 18:00:00,140.28
2022-01-01 19:00:00,121.88
2022-01-01 20:00:00,102.61
2022-01-01 21:00:00,97.46
2022-01-01 22:00:00,85.16
2022-01-01 23:00:00,57.08
2022-01-02 00:00:00,52.59
2022-01-02 01:00:00,48.97
2022-01-02 02:00:00,34.94
2022-01-02 03:00:00,29.56
2022-01-02 04:00:00,33.97
2022-01-02 05:00:00,34.52
2022-01-02 06:00:00,41.8
2022-01-02 07:00:00,48.95
2022-01-02 08:00:00,60.01
2022-01-02 09:00:00,70.09
2022-01-02 10:00:00,66.26
2022-01-02 11:00:00,64.54
2022-01-02 12:00:00,46.96
2022-01-02 13:00:00,40.01
2022-01-02 14:00:00,39.3
2022-01-02 15:00:00,40.79
2022-01-02 16:00:00,47.91
2022-01-02 17:00:00,65.09
2022-01-02 18:00:00,67.85
2022-01-02 19:00:00,62.22
2022-01-02 20:00:00,46.16
2022-01-02 21:00:00,46.29
2022-01-02 22:00:00,32.93
2022-01-02 23:00:00,2.71
2022-01-03 00:00:00,1.71
2022-01-03 01:00:00,1.24
2022-01-03 02:00:00,0.06
2022-01-03 03:00:00,0.09
2022-01-03 04:00:00,1.44
2022-01-03 05:00:00,41.11
2022-01-03 06:00:00,90.54
2022-01-03 07:00:00,161.79
2022-01-03 08:00:00,180.36
2022-01-03 09:00:00,125.03
2022-01-03 10:00:00,100.74
2022-01-03 11:00:00,96.39
2022-01-03 12:00:00,95.22
2022-01-03 13:00:00,102.67
2022-01-03 14:00:00,112.87
2022-01-03 15:00:00,126.8
2022-01-03 16:00:00,148.49
2022-01-03 17:00:00,175.06
2022-01-03 18:00:00,180.0
2022-01-03 19:00:00,146.43
2022-01-03 20:00:00,105.71
2022-01-03 21:00:00,114.11
2022-01-03 22:00:00,100.36
2022-01-03 23:00:00,125.47
2022-01-04 00:00:00,115.55
2022-01-04 01:00:00,113.29
2022-01-04 02:00:00,105.81
2022-01-04 03:00:00,105.0
2022-01-04 04:00:00,115.11
2022-01-04 05:00:00,156.91
2022-01-04 06:00:00,182.64
2022-01-04 07:00:00,178.91
2022-01-04 08:00:00,190.0
2022-01-04 09:00:00,189.88
2022-01-04 10:00:00,182.42
2022-01-04 11:00:00,182.46
2022-01-04 12:00:00,179.59
2022-01-04 13:00:00,179.0
2022-01-04 14:00:00,180.93
2022-01-04 15:00:00,166.69
2022-01-04 16:00:00,189.88
2022-01-04 17:00:00,184.94
2022-01-04 18:00:00,178.99
2022-01-04 19:00:00,156.12
2022-01-04 20:00:00,148.65
2022-01-04 21:00:00,137.92
2022-01-04 22:00:00,105.0
2022-01-04 23:00:00,120.11
2022-01-05 00:00:00,105.1
2022-01-05 01:00:00,84.5
2022-01-05 02:00:00,75.38
2022-01-05 03:00:00,79.11
2022-01-05 04:00:00,94.79
2022-01-05 05:00:00,169.04
2022-01-05 06:00:00,215.98
2022-01-05 07:00:00,211.13
2022-01-05 08:00:00,226.52
2022-01-05 09:00:00,224.45
2022-01-05 10:00:00,202.8
2022-01-05 11:00:00,205.0
2022-01-05 12:00:00,197.34
2022-01-05 13:00:00,195.6
2022-01-05 14:00:00,200.0
2022-01-05 15:00:00,206.07
2022-01-05 16:00:00,242.1
2022-01-05 17:00:00,265.0
2022-01-05 18:00:00,265.0
2022-01-05 19:00:00,241.93
2022-01-05 20:00:00,218.95
2022-01-05 21:00:00,207.46
2022-01-05 22:00:00,200.0
2022-01-05 23:00:00,207.15
2022-01-06 00:00:00,204.22
2022-01-06 01:00:00,191.82
2022-01-06 02:00:00,180.7
2022-01-06 03:00:00,170.1
2022-01-06 04:00:00,194.38
2022-01-06 05:00:00,204.22
2022-01-06 06:00:00,228.25
2022-01-06 07:00:00,240.98
2022-01-06 08:00:00,257.44
2022-01-06 09:00:00,245.24
2022-01-06 10:00:00,231.9
2022-01-06 11:00:00,226.0
2022-01-06 12:00:00,209.2
2022-01-06 13:00:00,216.06
2022-01-06 14:00:00,230.77
2022-01-06 15:00:00,245.95
2022-01-06 16:00:00,274.11
2022-01-06 17:00:00,273.44
2022-01-06 18:00:00,278.36
2022-01-06 19:00:00,251.71
2022-01-06 20:00:00,229.96
2022-01-06 21:00:00,216.44
2022-01-06 22:00:00,210.0
2022-01-06 23:00:00,213.47
2022-01-07 00:00:00,189.0
2022-01-07 01:00:00,180.0
2022-01-07 02:00:00,164.9
2022-01-07 03:00:00,162.8
2022-01-07 04:00:00,165.0
2022-01-07 05:00:00,165.2
2022-01-07 06:00:00,215.89
2022-01-07 07:00:00,254.19
2022-01-07 08:00:00,257.24
2022-01-07 09:00:00,254.18
2022-01-07 10:00:00,241.22
2022-01-07 11:00:00,240.2
2022-01-07 12:00:00,212.69
2022-01-07 13:00:00,207.05
2022-01-07 14:00:00,210.11
2022-01-07 15:00:00,220.21
2022-01-07 16:00:00,243.84
2022-01-07 17:00:00,260.0
2022-01-07 18:00:00,250.0
2022-01-07 19:00:00,239.09
2022-01-07 20:00:00,213.81
2022-01-07 21:00:00,216.13
2022-01-07 22:00:00,205.74
2022-01-07 23:00:00,184.96
2022-01-08 00:00:00,162.79
2022-01-08 01:00:00,166.0
2022-01-08 02:00:00,161.63
2022-01-08 03:00:00,160.0
2022-01-08 04:00:00,154.3
2022-01-08 05:00:00,166.0
2022-01-08 06:00:00,182.91
2022-01-08 07:00:00,215.89
2022-01-08 08:00:00,231.0
2022-01-08 09:00:00,228.95
2022-01-08 10:00:00,215.39
2022-01-08 11:00:00,206.68
2022-01-08 12:00:00,185.0
2022-01-08 13:00:00,169.52
2022-01-08 14:00:00,162.8
2022-01-08 15:00:00,161.73
2022-01-08 16:00:00,189.9
2022-01-08 17:00:00,189.16
2022-01-08 18:00:00,185.53
2022-01-08 19:00:00,159.47
2022-01-08 20:00:00,126.09
2022-01-08 21:00:00,123.73
2022-01-08 22:00:00,147.94
2022-01-08 23:00:00,109.18
2022-01-09 00:00:00,89.61
2022-01-09 01:00:00,80.24
2022-01-09 02:00:00,55.46
2022-01-09 03:00:00,45.82
2022-01-09 04:00:00,48.5
2022-01-09 05:00:00,74.29
2022-01-09 06:00:00,89.78
2022-01-09 07:00:00,104.79
2022-01-09 08:00:00,147.36
2022-01-09 09:00:00,149.48
2022-01-09 10:00:00,157.71
2022-01-09 11:00:00,167.63
2022-01-09 12:00:00,165.06
2022-01-09 13:00:00,170.09
2022-01-09 14:00:00,189.04
2022-01-09 15:00:00,190.96
2022-01-09 16:00:00,223.3
2022-01-09 17:00:00,243.94
2022-01-09 18:00:00,240.0
2022-01-09 19:00:00,230.82
2022-01-09 20:00:00,214.02
2022-01-09 21:00:00,215.88
2022-01-09 22:00:00,203.8
2022-01-09 23:00:00,196.23
2022-01-10 00:00:00,191.85
2022-01-10 01:00:00,195.91
2022-01-10 02:00:00,186.66
2022-01-10 03:00:00,178.04
2022-01-10 04:00:00,191.65
2022-01-10 05:00:00,237.44
2022-01-10 06:00:00,299.95
2022-01-10 07:00:00,313.92
2022-01-10 08:00:00,315.0
2022-01-10 09:00:00,310.41
2022-01-10 10:00:00,310.41
2022-01-10 11:00:00,310.41
2022-01-10 12:00:00,310.41
2022-01-10 13:00:00,310.41
2022-01-10 14:00:00,310.41
2022-01-10 15:00:00,310.41
2022-01-10 16:00:00,313.79
2022-01-10 17:00:00,310.82
2022-01-10 18:00:00,294.98
2022-01-10 19:00:00,267.45
2022-01-10 20:00:00,242.23
2022-01-10 21:00:00,217.03
2022-01-10 22:00:00,198.93
2022-01-10 23:00:00,210.34
2022-01-11 00:00:00,202.42
2022-01-11 01:00:00,197.6
2022-01-11 02:00:00,193.0
2022-01-11 03:00:00,194.9
2022-01-11 04:00:00,204.45
2022-01-11 05:00:00,230.92
2022-01-11 06:00:00,286.61
2022-01-11 07:00:00,300.02
2022-01-11 08:00:00,297.16
2022-01-11 09:00:00,277.02
2022-01-11 10:00:00,261.69
2022-01-11 11:00:00,249.44
2022-01-11 12:00:00,247.7
2022-01-11 13:00:00,255.01
2022-01-11 14:00:00,277.9
2022-01-11 15:00:00,289.94
2022-01-11 16:00:00,316.4
2022-01-11 17:00:00,315.9
2022-01-11 18:00:00,309.2
2022-01-11 19:00:00,285.33
2022-01-11 20:00:00,245.0
2022-01-11 21:00:00,235.22
2022-01-11 22:00:00,211.84
2022-01-11 23:00:00,196.65
2022-01-12 00:00:00,187.1
2022-01-12 01:00:00,184.27
2022-01-12 02:00:00,179.58
2022-01-12 03:00:00,178.33
2022-01-12 04:00:00,193.5
2022-01-12 05:00:00,236.76
2022-01-12 06:00:00,273.18
2022-01-12 07:00:00,300.1
2022-01-12 08:00:00,300.1
2022-01-12 09:00:00,275.5
2022-01-12 10:00:00,258.65
2022-01-12 11:00:00,245.11
2022-01-12 12:00:00,232.08
2022-01-12 13:00:00,234.77
2022-01-12 14:00:00,240.01
2022-01-12 15:00:00,255.0
2022-01-12 16:00:00,284.82
2022-01-12 17:00:00,285.97
2022-01-12 18:00:00,269.03
2022-01-12 19:00:00,253.1
2022-01-12 20:00:00,222.79
2022-01-12 21:00:00,213.64
2022-01-12 22:00:00,200.22
2022-01-12 23:00:00,190.0
2022-01-13 00:00:00,188.72
2022-01-13 01:00:00,187.87
2022-01-13 02:00:00,182.88
2022-01-13 03:00:00,186.65
2022-01-13 04:00:00,187.42
2022-01-13 05:00:00,195.09
2022-01-13 06:00:00,236.26
2022-01-13 07:00:00,243.53
2022-01-13 08:00:00,257.58
2022-01-13 09:00:00,254.17
2022-01-13 10:00:00,230.0
2022-01-13 11:00:00,223.12
2022-01-13 12:00:00,214.0
2022-01-13 13:00:00,214.88
2022-01-13 14:00:00,221.65
2022-01-13 15:00:00,243.44
2022-01-13 16:00:00,266.3
2022-01-13 17:00:00,274.0
2022-01-13 18:00:00,262.95
2022-01-13 19:00:00,252.46
2022-01-13 20:00:00,230.1
2022-01-13 21:00:00,217.65
2022-01-13 22:00:00,207.99
2022-01-13 23:00:00,205.0
2022-01-14 00:00:00,199.96
2022-01-14 01:00:00,196.42
2022-01-14 02:00:00,192.77
2022-01-14 03:00:00,192.43
2022-01-14 04:00:00,197.6
2022-01-14 05:00:00,218.9
2022-01-14 06:00:00,259.24
2022-01-14 07:00:00,284.66
2022-01-14 08:00:00,292.5
2022-01-14 09:00:00,274.1
2022-01-14 10:00:00,256.54
2022-01-14 11:00:00,243.74
2022-01-14 12:00:00,217.97
2022-01-14 13:00:00,213.01
2022-01-14 14:00:00,220.0
2022-01-14 15:00:00,238.05
2022-01-14 16:00:00,262.0
2022-01-14 17:00:00,280.67
2022-01-14 18:00:00,269.0
2022-01-14 19:00:00,243.07
2022-01-14 20:00:00,225.61
2022-01-14 21:00:00,216.68
2022-01-14 22:00:00,205.96
2022-01-14 23:00:00,222.01
2022-01-15 00:00:00,214.92
2022-01-15 01:00:00,209.61
2022-01-15 02:00:00,196.7
2022-01-15 03:00:00,193.04
2022-01-15 04:00:00,195.05
2022-01-15 05:00:00,200.9
2022-01-15 06:00:00,217.21
2022-01-15 07:00:00,223.76
2022-01-15 08:00:00,230.0
2022-01-15 09:00:00,222.39
2022-01-15 10:00:00,214.92
2022-01-15 11:00:00,208.43
2022-01-15 12:00:00,200.0
2022-01-15 13:00:00,203.09
2022-01-15 14:00:00,213.98
2022-01-15 15:00:00,226.32
2022-01-15 16:00:00,260.0
2022-01-15 17:00:00,267.03
2022-01-15 18:00:00,261.41
2022-01-15 19:00:00,243.62
2022-01-15 20:00:00,227.85
2022-01-15 21:00:00,222.66
2022-01-15 22:00:00,217.0
2022-01-15 23:00:00,225.92
2022-01-16 00:00:00,216.0
2022-01-16 01:00:00,207.62
2022-01-16 02:00:00,197.22
2022-01-16 03:00:00,186.7
2022-01-16 04:00:00,186.6
2022-01-16 05:00:00,198.01
2022-01-16 06:00:00,200.03
2022-01-16 07:00:00,200.0
2022-01-16 08:00:00,204.86
2022-01-16 09:00:00,204.5
2022-01-16 10:00:00,204.43
2022-01-16 11:00:00,205.21
2022-01-16 12:00:00,195.02
2022-01-16 13:00:00,191.9
2022-01-16 14:00:00,196.92
2022-01-16 15:00:00,201.02
2022-01-16 16:00:00,222.87
2022-01-16 17:00:00,257.45
2022-01-16 18:00:00,265.36
2022-01-16 19:00:00,257.13
2022-01-16 20:00:00,241.9
2022-01-16 21:00:00,228.52
2022-01-16 22:00:00,206.0
2022-01-16 23:00:00,252.53
2022-01-17 00:00:00,242.23
2022-01-17 01:00:00,232.25
2022-01-17 02:00:00,215.01
2022-01-17 03:00:00,209.55
2022-01-17 04:00:00,222.78
2022-01-17 05:00:00,249.93
2022-01-17 06:00:00,297.21
2022-01-17 07:00:00,290.0
2022-01-17 08:00:00,306.09
2022-01-17 09:00:00,288.72
2022-01-17 10:00:00,272.94
2022-01-17 11:00:00,279.97
2022-01-17 12:00:00,279.97
2022-01-17 13:00:00,253.64
2022-01-17 14:00:00,256.99
2022-01-17 15:00:00,264.73
2022-01-17 16:00:00,276.49
2022-01-17 17:00:00,299.03
2022-01-17 18:00:00,288.69
2022-01-17 19:00:00,277.01
2022-01-17 20:00:00,257.64
2022-01-17 21:00:00,248.63
2022-01-17 22:00:00,229.6
2022-01-17 23:00:00,213.9
2022-01-18 00:00:00,203.27
2022-01-18 01:00:00,200.48
2022-01-18 02:00:00,194.52
2022-01-18 03:00:00,193.99
2022-01-18 04:00:00,205.0
2022-01-18 05:00:00,229.1
2022-01-18 06:00:00,274.05
2022-01-18 07:00:00,294.4
2022-01-18 08:00:00,290.64
2022-01-18 09:00:00,275.4
2022-01-18 10:00:00,265.1
2022-01-18 11:00:00,250.0
2022-01-18 12:00:00,244.27
2022-01-18 13:00:00,243.02
2022-01-18 14:00:00,249.22
2022-01-18 15:00:00,260.0
2022-01-18 16:00:00,278.0
2022-01-18 17:00:00,294.36
2022-01-18 18:00:00,278.41
2022-01-18 19:00:00,259.29
2022-01-18 20:00:00,240.0
2022-01-18 21:00:00,225.84
2022-01-18 22:00:00,213.54
2022-01-18 23:00:00,211.77
2022-01-19 00:00:00,199.85
2022-01-19 01:00:00,203.69
2022-01-19 02:00:00,193.91
2022-01-19 03:00:00,188.7
2022-01-19 04:00:00,195.36
2022-01-19 05:00:00,222.81
2022-01-19 06:00:00,283.8
2022-01-19 07:00:00,283.8
2022-01-19 08:00:00,283.8
2022-01-19 09:00:00,272.63
2022-01-19 10:00:00,278.02
2022-01-19 11:00:00,256.0
2022-01-19 12:00:00,240.0
2022-01-19 13:00:00,229.39
2022-01-19 14:00:00,235.31
2022-01-19 15:00:00,229.06
2022-01-19 16:00:00,236.0
2022-01-19 17:00:00,282.7
2022-01-19 18:00:00,273.89
2022-01-19 19:00:00,254.21
2022-01-19 20:00:00,222.26
2022-01-19 21:00:00,208.8
2022-01-19 22:00:00,191.09
2022-01-19 23:00:00,194.18
2022-01-20 00:00:00,185.18
2022-01-20 01:00:00,179.53
2022-01-20 02:00:00,171.43
2022-01-20 03:00:00,168.18
2022-01-20 04:00:00,181.5
2022-01-20 05:00:00,212.34
2022-01-20 06:00:00,257.23
2022-01-20 07:00:00,272.9
2022-01-20 08:00:00,281.62
2022-01-20 09:00:00,269.14
2022-01-20 10:00:00,268.78
2022-01-20 11:00:00,262.0
2022-01-20 12:00:00,242.02
2022-01-20 13:00:00,229.0
2022-01-20 14:00:00,219.91
2022-01-20 15:00:00,227.0
2022-01-20 16:00:00,248.51
2022-01-20 17:00:00,265.0
2022-01-20 18:00:00,265.45
2022-01-20 19:00:00,246.1
2022-01-20 20:00:00,220.56
2022-01-20 21:00:00,206.12
2022-01-20 22:00:00,198.75
2022-01-20 23:00:00,197.6
2022-01-21 00:00:00,187.0
2022-01-21 01:00:00,192.99
2022-01-21 02:00:00,186.69
2022-01-21 03:00:00,182.3
2022-01-21 04:00:00,192.17
2022-01-21 05:00:00,211.68
2022-01-21 06:00:00,253.84
2022-01-21 07:00:00,263.75
2022-01-21 08:00:00,261.98
2022-01-21 09:00:00,242.24
2022-01-21 10:00:00,221.87
2022-01-21 11:00:00,213.47
2022-01-21 12:00:00,195.3
2022-01-21 13:00:00,192.48
2022-01-21 14:00:00,190.0
2022-01-21 15:00:00,189.45
2022-01-21 16:00:00,228.63
2022-01-21 17:00:00,266.0
2022-01-21 18:00:00,260.29
2022-01-21 19:00:00,233.1
2022-01-21 20:00:00,221.97
2022-01-21 21:00:00,207.56
2022-01-21 22:00:00,208.29
2022-01-21 23:00:00,198.3
2022-01-22 00:00:00,189.2
2022-01-22 01:00:00,187.21
2022-01-22 02:00:00,178.72
2022-01-22 03:00:00,176.04
2022-01-22 04:00:00,176.35
2022-01-22 05:00:00,187.35
2022-01-22 06:00:00,196.91
2022-01-22 07:00:00,210.0
2022-01-22 08:00:00,215.38
2022-01-22 09:00:00,217.6
2022-01-22 10:00:00,209.66
2022-01-22 11:00:00,201.72
2022-01-22 12:00:00,191.05
2022-01-22 13:00:00,189.99
2022-01-22 14:00:00,196.5
2022-01-22 15:00:00,196.52
2022-01-22 16:00:00,222.31
2022-01-22 17:00:00,240.0
2022-01-22 18:00:00,245.27
2022-01-22 19:00:00,227.75
2022-01-22 20:00:00,211.88
2022-01-22 21:00:00,203.0
2022-01-22 22:00:00,197.0
2022-01-22 23:00:00,197.14
2022-01-23 00:00:00,190.0
2022-01-23 01:00:00,187.98
2022-01-23 02:00:00,179.73
2022-01-23 03:00:00,179.04
2022-01-23 04:00:00,179.49
2022-01-23 05:00:00,179.93
2022-01-23 06:00:00,189.99
2022-01-23 07:00:00,190.0
2022-01-23 08:00:00,195.31
2022-01-23 09:00:00,195.34
2022-01-23 10:00:00,195.87
2022-01-23 11:00:00,195.41
2022-01-23 12:00:00,186.29
2022-01-23 13:00:00,184.49
2022-01-23 14:00:00,190.0
2022-01-23 15:00:00,194.0
2022-01-23 16:00:00,214.95
2022-01-23 17:00:00,239.49
2022-01-23 18:00:00,244.31
2022-01-23 19:00:00,224.96
2022-01-23 20:00:00,204.84
2022-01-23 21:00:00,201.0
2022-01-23 22:00:00,187.68
2022-01-23 23:00:00,190.27
2022-01-24 00:00:00,179.61
2022-01-24 01:00:00,178.3
2022-01-24 02:00:00,177.46
2022-01-24 03:00:00,177.61
2022-01-24 04:00:00,190.0
2022-01-24 05:00:00,224.83
2022-01-24 06:00:00,265.0
2022-01-24 07:00:00,300.02
2022-01-24 08:00:00,299.39
2022-01-24 09:00:00,275.88
2022-01-24 10:00:00,270.0
2022-01-24 11:00:00,245.84
2022-01-24 12:00:00,240.08
2022-01-24 13:00:00,244.0
2022-01-24 14:00:00,256.49
2022-01-24 15:00:00,273.57
2022-01-24 16:00:00,307.38
2022-01-24 17:00:00,341.85
2022-01-24 18:00:00,315.31
2022-01-24 19:00:00,274.98
2022-01-24 20:00:00,250.0
2022-01-24 21:00:00,235.02
2022-01-24 22:00:00,215.02
2022-01-24 23:00:00,220.27
2022-01-25 00:00:00,212.9
2022-01-25 01:00:00,203.75
2022-01-25 02:00:00,196.24
2022-01-25 03:00:00,198.89
2022-01-25 04:00:00,215.01
2022-01-25 05:00:00,268.0
2022-01-25 06:00:00,340.68
2022-01-25 07:00:00,399.06
2022-01-25 08:00:00,399.01
2022-01-25 09:00:00,360.0
2022-01-25 10:00:00,347.4
2022-01-25 11:00:00,327.93
2022-01-25 12:00:00,304.72
2022-01-25 13:00:00,310.0
2022-01-25 14:00:00,313.0
2022-01-25 15:00:00,303.79
2022-01-25 16:00:00,366.43
2022-01-25 17:00:00,399.06
2022-01-25 18:00:00,373.75
2022-01-25 19:00:00,306.79
2022-01-25 20:00:00,262.03
2022-01-25 21:00:00,238.82
2022-01-25 22:00:00,215.0
2022-01-25 23:00:00,244.86
2022-01-26 00:00:00,235.0
2022-01-26 01:00:00,231.86
2022-01-26 02:00:00,228.0
2022-01-26 03:00:00,225.01
2022-01-26 04:00:00,233.16
2022-01-26 05:00:00,264.79
2022-01-26 06:00:00,309.89
2022-01-26 07:00:00,361.92
2022-01-26 08:00:00,344.28
2022-01-26 09:00:00,306.5
2022-01-26 10:00:00,299.36
2022-01-26 11:00:00,285.0
2022-01-26 12:00:00,260.0
2022-01-26 13:00:00,264.5
2022-01-26 14:00:00,259.36
2022-01-26 15:00:00,274.28
2022-01-26 16:00:00,301.48
2022-01-26 17:00:00,343.0
2022-01-26 18:00:00,313.79
2022-01-26 19:00:00,291.63
2022-01-26 20:00:00,251.77
2022-01-26 21:00:00,242.77
2022-01-26 22:00:00,238.7
2022-01-26 23:00:00,238.4
2022-01-27 00:00:00,231.45
2022-01-27 01:00:00,229.0
2022-01-27 02:00:00,223.08
2022-01-27 03:00:00,221.36
2022-01-27 04:00:00,230.0
2022-01-27 05:00:00,260.01
2022-01-27 06:00:00,300.0
2022-01-27 07:00:00,353.56
2022-01-27 08:00:00,327.04
2022-01-27 09:00:00,294.94
2022-01-27 10:00:00,270.78
2022-01-27 11:00:00,260.56
2022-01-27 12:00:00,245.0
2022-01-27 13:00:00,242.93
2022-01-27 14:00:00,238.52
2022-01-27 15:00:00,243.16
2022-01-27 16:00:00,264.78
2022-01-27 17:00:00,321.0
2022-01-27 18:00:00,308.03
2022-01-27 19:00:00,285.11
2022-01-27 20:00:00,285.11
2022-01-27 21:00:00,239.0
2022-01-27 22:00:00,223.62
2022-01-27 23:00:00,232.13
2022-01-28 00:00:00,232.13
2022-01-28 01:00:00,216.95
2022-01-28 02:00:00,217.26
2022-01-28 03:00:00,214.81
2022-01-28 04:00:00,220.73
2022-01-28 05:00:00,253.9
2022-01-28 06:00:00,305.58
2022-01-28 07:00:00,327.68
2022-01-28 08:00:00,327.68
2022-01-28 09:00:00,293.08
2022-01-28 10:00:00,270.0
2022-01-28 11:00:00,256.79
2022-01-28 12:00:00,246.02
2022-01-28 13:00:00,246.02
2022-01-28 14:00:00,246.02
2022-01-28 15:00:00,237.92
2022-01-28 16:00:00,260.0
2022-01-28 17:00:00,266.07
2022-01-28 18:00:00,260.08
2022-01-28 19:00:00,250.0
2022-01-28 20:00:00,238.88
2022-01-28 21:00:00,229.05
2022-01-28 22:00:00,217.99
2022-01-28 23:00:00,228.06
2022-01-29 00:00:00,216.52
2022-01-29 01:00:00,199.56
2022-01-29 02:00:00,204.94
2022-01-29 03:00:00,202.12
2022-01-29 04:00:00,196.98
2022-01-29 05:00:00,208.12
2022-01-29 06:00:00,224.53
2022-01-29 07:00:00,238.74
2022-01-29 08:00:00,235.88
2022-01-29 09:00:00,236.02
2022-01-29 10:00:00,220.87
2022-01-29 11:00:00,217.41
2022-01-29 12:00:00,212.19
2022-01-29 13:00:00,206.99
2022-01-29 14:00:00,181.97
2022-01-29 15:00:00,180.84
2022-01-29 16:00:00,187.57
2022-01-29 17:00:00,247.0
2022-01-29 18:00:00,263.03
2022-01-29 19:00:00,251.14
2022-01-29 20:00:00,232.26
2022-01-29 21:00:00,233.66
2022-01-29 22:00:00,227.12
2022-01-29 23:00:00,227.12
2022-01-30 00:00:00,220.58
2022-01-30 01:00:00,216.0
2022-01-30 02:00:00,207.63
2022-01-30 03:00:00,206.5
2022-01-30 04:00:00,211.34
2022-01-30 05:00:00,214.0
2022-01-30 06:00:00,223.0
2022-01-30 07:00:00,218.0
2022-01-30 08:00:00,229.0
2022-01-30 09:00:00,223.53
2022-01-30 10:00:00,231.2
2022-01-30 11:00:00,234.89
2022-01-30 12:00:00,221.86
2022-01-30 13:00:00,214.01
2022-01-30 14:00:00,209.03
2022-01-30 15:00:00,220.0
2022-01-30 16:00:00,229.0
2022-01-30 17:00:00,261.5
2022-01-30 18:00:00,263.39
2022-01-30 19:00:00,234.05
2022-01-30 20:00:00,224.9
2022-01-30 21:00:00,221.26
2022-01-30 22:00:00,203.38
2022-01-30 23:00:00,208.74
2022-01-31 00:00:00,199.88
2022-01-31 01:00:00,193.43
2022-01-31 02:00:00,152.33
2022-01-31 03:00:00,100.13
2022-01-31 04:00:00,135.4
2022-01-31 05:00:00,193.09
2022-01-31 06:00:00,240.0
2022-01-31 07:00:00,251.24
2022-01-31 08:00:00,251.92
2022-01-31 09:00:00,248.08
2022-01-31 10:00:00,243.21
2022-01-31 11:00:00,237.81
2022-01-31 12:00:00,221.57
2022-01-31 13:00:00,207.22
2022-01-31 14:00:00,193.81
2022-01-31 15:00:00,195.13
2022-01-31 16:00:00,240.67
2022-01-31 17:00:00,253.8
2022-01-31 18:00:00,260.0
2022-01-31 19:00:00,252.22
2022-01-31 20:00:00,223.07
2022-01-31 21:00:00,218.69
2022-01-31 22:00:00,202.01
2022-01-31 23:00:00,208.4
2022-02-01 00:00:00,192.62
2022-02-01 01:00:00,194.16
2022-02-01 02:00:00,186.1
2022-02-01 03:00:00,169.97
2022-02-01 04:00:00,181.0
2022-02-01 05:00:00,213.49
2022-02-01 06:00:00,251.89
2022-02-01 07:00:00,257.15
2022-02-01 08:00:00,246.61
2022-02-01 09:00:00,235.51
2022-02-01 10:00:00,225.66
2022-02-01 11:00:00,232.11
2022-02-01 12:00:00,190.02
2022-02-01 13:00:00,191.09
2022-02-01 14:00:00,171.89
2022-02-01 15:00:00,190.96
2022-02-01 16:00:00,216.88
2022-02-01 17:00:00,245.01
2022-02-01 18:00:00,253.0
2022-02-01 19:00:00,251.87
2022-02-01 20:00:00,215.51
2022-02-01 21:00:00,207.14
2022-02-01 22:00:00,202.3
2022-02-01 23:00:00,184.75
2022-02-02 00:00:00,178.69
2022-02-02 01:00:00,170.1
2022-02-02 02:00:00,168.08
2022-02-02 03:00:00,169.53
2022-02-02 04:00:00,174.97
2022-02-02 05:00:00,182.0
2022-02-02 06:00:00,220.72
2022-02-02 07:00:00,223.5
2022-02-02 08:00:00,229.64
2022-02-02 09:00:00,229.78
2022-02-02 10:00:00,213.94
2022-02-02 11:00:00,207.77
2022-02-02 12:00:00,198.66
2022-02-02 13:00:00,193.94
2022-02-02 14:00:00,193.09
2022-02-02 15:00:00,201.53
2022-02-02 16:00:00,238.01
2022-02-02 17:00:00,266.9
2022-02-02 18:00:00,265.0
2022-02-02 19:00:00,237.0
2022-02-02 20:00:00,203.0
2022-02-02 21:00:00,198.66
2022-02-02 22:00:00,190.1
2022-02-02 23:00:00,188.96
2022-02-03 00:00:00,181.56
2022-02-03 01:00:00,181.56
2022-02-03 02:00:00,170.26
2022-02-03 03:00:00,158.81
2022-02-03 04:00:00,171.84
2022-02-03 05:00:00,193.21
2022-02-03 06:00:00,232.74
2022-02-03 07:00:00,246.0
2022-02-03 08:00:00,231.79
2022-02-03 09:00:00,213.26
2022-02-03 10:00:00,209.0
2022-02-03 11:00:00,199.1
2022-02-03 12:00:00,192.68
2022-02-03 13:00:00,197.25
2022-02-03 14:00:00,207.92
2022-02-03 15:00:00,207.4
2022-02-03 16:00:00,224.15
2022-02-03 17:00:00,237.72
2022-02-03 18:00:00,245.68
2022-02-03 19:00:00,240.0
2022-02-03 20:00:00,212.67
2022-02-03 21:00:00,204.88
2022-02-03 22:00:00,194.74
2022-02-03 23:00:00,189.1
2022-02-04 00:00:00,181.32
2022-02-04 01:00:00,179.34
2022-02-04 02:00:00,167.44
2022-02-04 03:00:00,156.09
2022-02-04 04:00:00,160.92
2022-02-04 05:00:00,174.82
2022-02-04 06:00:00,217.03
2022-02-04 07:00:00,222.31
2022-02-04 08:00:00,227.87
2022-02-04 09:00:00,220.72
2022-02-04 10:00:00,193.8
2022-02-04 11:00:00,190.0
2022-02-04 12:00:00,175.08
2022-02-04 13:00:00,179.95
2022-02-04 14:00:00,174.54
2022-02-04 15:00:00,163.86
2022-02-04 16:00:00,196.31
2022-02-04 17:00:00,218.63
2022-02-04 18:00:00,233.34
2022-02-04 19:00:00,227.66
2022-02-04 20:00:00,185.05
2022-02-04 21:00:00,204.74
2022-02-04 22:00:00,187.49
2022-02-04 23:00:00,214.56
2022-02-05 00:00:00,204.59
2022-02-05 01:00:00,190.2
2022-02-05 02:00:00,187.86
2022-02-05 03:00:00,182.02
2022-02-05 04:00:00,181.42
2022-02-05 05:00:00,190.05
2022-02-05 06:00:00,190.98
2022-02-05 07:00:00,214.04
2022-02-05 08:00:00,210.01
2022-02-05 09:00:00,216.43
2022-02-05 10:00:00,189.95
2022-02-05 11:00:00,190.15
2022-02-05 12:00:00,189.0
2022-02-05 13:00:00,174.9
2022-02-05 14:00:00,170.47
2022-02-05 15:00:00,173.95
2022-02-05 16:00:00,178.28
2022-02-05 17:00:00,223.01
2022-02-05 18:00:00,226.5
2022-02-05 19:00:00,220.38
2022-02-05 20:00:00,178.47
2022-02-05 21:00:00,174.99
2022-02-05 22:00:00,166.44
2022-02-05 23:00:00,166.0
2022-02-06 00:00:00,167.08
2022-02-06 01:00:00,134.0
2022-02-06 02:00:00,77.44
2022-02-06 03:00:00,48.99
2022-02-06 04:00:00,27.2
2022-02-06 05:00:00,71.03
2022-02-06 06:00:00,94.34
2022-02-06 07:00:00,88.68
2022-02-06 08:00:00,162.33
2022-02-06 09:00:00,178.75
2022-02-06 10:00:00,177.51
2022-02-06 11:00:00,179.89
2022-02-06 12:00:00,167.14
2022-02-06 13:00:00,136.4
2022-02-06 14:00:00,124.16
2022-02-06 15:00:00,144.12
2022-02-06 16:00:00,140.44
2022-02-06 17:00:00,194.71
2022-02-06 18:00:00,214.05
2022-02-06 19:00:00,134.4
2022-02-06 20:00:00,140.42
2022-02-06 21:00:00,142.67
2022-02-06 22:00:00,175.38
2022-02-06 23:00:00,173.29
2022-02-07 00:00:00,166.47
2022-02-07 01:00:00,168.74
2022-02-07 02:00:00,154.94
2022-02-07 03:00:00,162.45
2022-02-07 04:00:00,176.0
2022-02-07 05:00:00,205.0
2022-02-07 06:00:00,239.03
2022-02-07 07:00:00,261.17
2022-02-07 08:00:00,256.0
2022-02-07 09:00:00,238.99
2022-02-07 10:00:00,224.28
2022-02-07 11:00:00,213.15
2022-02-07 12:00:00,206.24
2022-02-07 13:00:00,200.16
2022-02-07 14:00:00,186.03
2022-02-07 15:00:00,190.15
2022-02-07 16:00:00,206.36
2022-02-07 17:00:00,235.78
2022-02-07 18:00:00,239.42
2022-02-07 19:00:00,226.8
2022-02-07 20:00:00,210.77
2022-02-07 21:00:00,201.3
2022-02-07 22:00:00,189.55
2022-02-07 23:00:00,184.0
2022-02-08 00:00:00,179.88
2022-02-08 01:00:00,174.68
2022-02-08 02:00:00,170.88
2022-02-08 03:00:00,177.88
2022-02-08 04:00:00,183.62
2022-02-08 05:00:00,190.74
2022-02-08 06:00:00,240.11
2022-02-08 07:00:00,250.0
2022-02-08 08:00:00,233.59
2022-02-08 09:00:00,211.5
2022-02-08 10:00:00,190.1
2022-02-08 11:00:00,185.84
2022-02-08 12:00:00,182.44
2022-02-08 13:00:00,179.41
2022-02-08 14:00:00,178.62
2022-02-08 15:00:00,184.1
2022-02-08 16:00:00,211.47
2022-02-08 17:00:00,240.0
2022-02-08 18:00:00,249.49
2022-02-08 19:00:00,239.01
2022-02-08 20:00:00,214.5
2022-02-08 21:00:00,208.28
2022-02-08 22:00:00,200.57
2022-02-08 23:00:00,195.0
2022-02-09 00:00:00,187.38
2022-02-09 01:00:00,185.0
2022-02-09 02:00:00,183.44
2022-02-09 03:00:00,182.59
2022-02-09 04:00:00,182.65
2022-02-09 05:00:00,200.23
2022-02-09 06:00:00,237.91
2022-02-09 07:00:00,248.83
2022-02-09 08:00:00,235.8
2022-02-09 09:00:00,220.45
2022-02-09 10:00:00,202.96
2022-02-09 11:00:00,192.45
2022-02-09 12:00:00,188.05
2022-02-09 13:00:00,183.44
2022-02-09 14:00:00,188.1
2022-02-09 15:00:00,189.95
2022-02-09 16:00:00,219.0
2022-02-09 17:00:00,249.12
2022-02-09 18:00:00,257.28
2022-02-09 19:00:00,243.95
2022-02-09 20:00:00,224.54
2022-02-09 21:00:00,217.74
2022-02-09 22:00:00,207.0
2022-02-09 23:00:00,200.99
2022-02-10 00:00:00,192.61
2022-02-10 01:00:00,185.1
2022-02-10 02:00:00,172.23
2022-02-10 03:00:00,172.91
2022-02-10 04:00:00,174.88
2022-02-10 05:00:00,203.2
2022-02-10 06:00:00,233.46
2022-02-10 07:00:00,240.32
2022-02-10 08:00:00,230.16
2022-02-10 09:00:00,216.24
2022-02-10 10:00:00,206.55
2022-02-10 11:00:00,193.23
2022-02-10 12:00:00,180.14
2022-02-10 13:00:00,177.45
2022-02-10 14:00:00,184.55
2022-02-10 15:00:00,195.98
2022-02-10 16:00:00,215.77
2022-02-10 17:00:00,238.0
2022-02-10 18:00:00,248.01
2022-02-10 19:00:00,235.01
2022-02-10 20:00:00,215.66
2022-02-10 21:00:00,209.99
2022-02-10 22:00:00,195.71
2022-02-10 23:00:00,196.17
2022-02-11 00:00:00,178.85
2022-02-11 01:00:00,175.05
2022-02-11 02:00:00,167.2
2022-02-11 03:00:00,165.0
2022-02-11 04:00:00,171.3
2022-02-11 05:00:00,196.95
2022-02-11 06:00:00,227.13
2022-02-11 07:00:00,245.39
2022-02-11 08:00:00,242.69
2022-02-11 09:00:00,238.96
2022-02-11 10:00:00,236.96
2022-02-11 11:00:00,219.8
2022-02-11 12:00:00,201.99
2022-02-11 13:00:00,193.11
2022-02-11 14:00:00,172.54
2022-02-11 15:00:00,191.92
2022-02-11 16:00:00,220.57
2022-02-11 17:00:00,243.35
2022-02-11 18:00:00,241.18
2022-02-11 19:00:00,221.31
2022-02-11 20:00:00,216.0
2022-02-11 21:00:00,205.79
2022-02-11 22:00:00,197.89
2022-02-11 23:00:00,195.91
2022-02-12 00:00:00,187.2
2022-02-12 01:00:00,184.89
2022-02-12 02:00:00,170.24
2022-02-12 03:00:00,166.0
2022-02-12 04:00:00,168.38
2022-02-12 05:00:00,184.74
2022-02-12 06:00:00,207.43
2022-02-12 07:00:00,210.89
2022-02-12 08:00:00,211.17
2022-02-12 09:00:00,203.23
2022-02-12 10:00:00,184.74
2022-02-12 11:00:00,179.99
2022-02-12 12:00:00,171.0
2022-02-12 13:00:00,168.39
2022-02-12 14:00:00,166.79
2022-02-12 15:00:00,171.56
2022-02-12 16:00:00,194.89
2022-02-12 17:00:00,212.52
2022-02-12 18:00:00,231.55
2022-02-12 19:00:00,213.0
2022-02-12 20:00:00,202.14
2022-02-12 21:00:00,201.76
2022-02-12 22:00:00,193.94
2022-02-12 23:00:00,196.9
2022-02-13 00:00:00,186.52
2022-02-13 01:00:00,184.3
2022-02-13 02:00:00,162.15
2022-02-13 03:00:00,149.9
2022-02-13 04:00:00,169.4
2022-02-13 05:00:00,170.3
2022-02-13 06:00:00,191.08
2022-02-13 07:00:00,169.5
2022-02-13 08:00:00,169.8
2022-02-13 09:00:00,163.34
2022-02-13 10:00:00,148.3
2022-02-13 11:00:00,148.2
2022-02-13 12:00:00,117.92
2022-02-13 13:00:00,70.0
2022-02-13 14:00:00,93.07
2022-02-13 15:00:00,104.77
2022-02-13 16:00:00,123.9
2022-02-13 17:00:00,164.59
2022-02-13 18:00:00,181.92
2022-02-13 19:00:00,170.6
2022-02-13 20:00:00,122.8
2022-02-13 21:00:00,127.79
2022-02-13 22:00:00,119.27
2022-02-13 23:00:00,153.57
2022-02-14 00:00:00,150.0
2022-02-14 01:00:00,142.49
2022-02-14 02:00:00,107.5
2022-02-14 03:00:00,105.0
2022-02-14 04:00:00,146.96
2022-02-14 05:00:00,170.84
2022-02-14 06:00:00,217.51
2022-02-14 07:00:00,224.59
2022-02-14 08:00:00,228.2
2022-02-14 09:00:00,218.09
2022-02-14 10:00:00,200.42
2022-02-14 11:00:00,210.73
2022-02-14 12:00:00,195.05
2022-02-14 13:00:00,171.53
2022-02-14 14:00:00,156.11
2022-02-14 15:00:00,176.33
2022-02-14 16:00:00,202.33
2022-02-14 17:00:00,223.85
2022-02-14 18:00:00,248.71
2022-02-14 19:00:00,229.02
2022-02-14 20:00:00,218.95
2022-02-14 21:00:00,201.98
2022-02-14 22:00:00,194.81
2022-02-14 23:00:00,198.18
2022-02-15 00:00:00,189.0
2022-02-15 01:00:00,179.7
2022-02-15 02:00:00,173.4
2022-02-15 03:00:00,165.85
2022-02-15 04:00:00,169.3
2022-02-15 05:00:00,204.2
2022-02-15 06:00:00,234.06
2022-02-15 07:00:00,250.79
2022-02-15 08:00:00,240.0
2022-02-15 09:00:00,220.43
2022-02-15 10:00:00,202.38
2022-02-15 11:00:00,183.62
2022-02-15 12:00:00,162.9
2022-02-15 13:00:00,162.68
2022-02-15 14:00:00,162.52
2022-02-15 15:00:00,163.1
2022-02-15 16:00:00,188.87
2022-02-15 17:00:00,205.51
2022-02-15 18:00:00,230.69
2022-02-15 19:00:00,206.37
2022-02-15 20:00:00,200.57
2022-02-15 21:00:00,175.16
2022-02-15 22:00:00,173.4
2022-02-15 23:00:00,156.99
2022-02-16 00:00:00,155.38
2022-02-16 01:00:00,132.78
2022-02-16 02:00:00,117.56
2022-02-16 03:00:00,104.8
2022-02-16 04:00:00,111.58
2022-02-16 05:00:00,142.95
2022-02-16 06:00:00,188.39
2022-02-16 07:00:00,196.78
2022-02-16 08:00:00,186.37
2022-02-16 09:00:00,155.89
2022-02-16 10:00:00,157.41
2022-02-16 11:00:00,165.0
2022-02-16 12:00:00,155.2
2022-02-16 13:00:00,143.25
2022-02-16 14:00:00,138.17
2022-02-16 15:00:00,135.39
2022-02-16 16:00:00,152.58
2022-02-16 17:00:00,174.23
2022-02-16 18:00:00,195.45
2022-02-16 19:00:00,165.05
2022-02-16 20:00:00,150.48
2022-02-16 21:00:00,148.97
2022-02-16 22:00:00,128.39
2022-02-16 23:00:00,75.99
2022-02-17 00:00:00,53.47
2022-02-17 01:00:00,45.53
2022-02-17 02:00:00,18.99
2022-02-17 03:00:00,18.53
2022-02-17 04:00:00,33.02
2022-02-17 05:00:00,116.29
2022-02-17 06:00:00,146.69
2022-02-17 07:00:00,196.99
2022-02-17 08:00:00,192.69
2022-02-17 09:00:00,170.0
2022-02-17 10:00:00,154.99
2022-02-17 11:00:00,145.54
2022-02-17 12:00:00,133.89
2022-02-17 13:00:00,138.88
2022-02-17 14:00:00,131.82
2022-02-17 15:00:00,154.68
2022-02-17 16:00:00,153.19
2022-02-17 17:00:00,191.37
2022-02-17 18:00:00,213.27
2022-02-17 19:00:00,196.54
2022-02-17 20:00:00,177.26
2022-02-17 21:00:00,154.52
2022-02-17 22:00:00,170.75
2022-02-17 23:00:00,173.17
2022-02-18 00:00:00,168.84
2022-02-18 01:00:00,167.29
2022-02-18 02:00:00,156.88
2022-02-18 03:00:00,116.52
2022-02-18 04:00:00,119.09
2022-02-18 05:00:00,140.99
2022-02-18 06:00:00,185.05
2022-02-18 07:00:00,189.28
2022-02-18 08:00:00,173.24
2022-02-18 09:00:00,150.0
2022-02-18 10:00:00,138.0
2022-02-18 11:00:00,139.99
2022-02-18 12:00:00,135.4
2022-02-18 13:00:00,141.07
2022-02-18 14:00:00,144.14
2022-02-18 15:00:00,151.59
2022-02-18 16:00:00,156.84
2022-02-18 17:00:00,190.0
2022-02-18 18:00:00,200.0
2022-02-18 19:00:00,192.2
2022-02-18 20:00:00,178.03
2022-02-18 21:00:00,154.0
2022-02-18 22:00:00,146.86
2022-02-18 23:00:00,88.93
2022-02-19 00:00:00,77.24
2022-02-19 01:00:00,98.06
2022-02-19 02:00:00,77.2
2022-02-19 03:00:00,82.57
2022-02-19 04:00:00,96.6
2022-02-19 05:00:00,111.99
2022-02-19 06:00:00,136.4
2022-02-19 07:00:00,138.97
2022-02-19 08:00:00,169.88
2022-02-19 09:00:00,140.7
2022-02-19 10:00:00,131.78
2022-02-19 11:00:00,120.84
2022-02-19 12:00:00,82.65
2022-02-19 13:00:00,60.97
2022-02-19 14:00:00,76.07
2022-02-19 15:00:00,81.74
2022-02-19 16:00:00,107.45
2022-02-19 17:00:00,152.36
2022-02-19 18:00:00,170.15
2022-02-19 19:00:00,159.01
2022-02-19 20:00:00,141.83
2022-02-19 21:00:00,157.87
2022-02-19 22:00:00,121.43
2022-02-19 23:00:00,104.38
2022-02-20 00:00:00,99.9
2022-02-20 01:00:00,98.67
2022-02-20 02:00:00,90.65
2022-02-20 03:00:00,88.43
2022-02-20 04:00:00,87.17
2022-02-20 05:00:00,80.0
2022-02-20 06:00:00,80.08
2022-02-20 07:00:00,88.28
2022-02-20 08:00:00,95.06
2022-02-20 09:00:00,101.64
2022-02-20 10:00:00,100.15
2022-02-20 11:00:00,99.09
2022-02-20 12:00:00,80.85
2022-02-20 13:00:00,72.2
2022-02-20 14:00:00,57.75
2022-02-20 15:00:00,69.21
2022-02-20 16:00:00,96.78
2022-02-20 17:00:00,136.36
2022-02-20 18:00:00,150.36
2022-02-20 19:00:00,123.88
2022-02-20 20:00:00,105.88
2022-02-20 21:00:00,86.18
2022-02-20 22:00:00,86.18
2022-02-20 23:00:00,123.07
2022-02-21 00:00:00,115.0
2022-02-21 01:00:00,106.1
2022-02-21 02:00:00,59.72
2022-02-21 03:00:00,61.44
2022-02-21 04:00:00,91.91
2022-02-21 05:00:00,139.53
2022-02-21 06:00:00,195.01
2022-02-21 07:00:00,218.02
2022-02-21 08:00:00,216.98
2022-02-21 09:00:00,198.36
2022-02-21 10:00:00,170.11
2022-02-21 11:00:00,161.36
2022-02-21 12:00:00,147.1
2022-02-21 13:00:00,141.6
2022-02-21 14:00:00,125.52
2022-02-21 15:00:00,141.6
2022-02-21 16:00:00,162.14
2022-02-21 17:00:00,192.11
2022-02-21 18:00:00,201.76
2022-02-21 19:00:00,192.0
2022-02-21 20:00:00,177.71
2022-02-21 21:00:00,175.0
2022-02-21 22:00:00,174.99
2022-02-21 23:00:00,176.59
2022-02-22 00:00:00,169.72
2022-02-22 01:00:00,165.3
2022-02-22 02:00:00,163.06
2022-02-22 03:00:00,158.0
2022-02-22 04:00:00,164.39
2022-02-22 05:00:00,190.01
2022-02-22 06:00:00,200.86
2022-02-22 07:00:00,211.59
2022-02-22 08:00:00,199.63
2022-02-22 09:00:00,191.63
2022-02-22 10:00:00,174.38
2022-02-22 11:00:00,171.33
2022-02-22 12:00:00,160.0
2022-02-22 13:00:00,144.82
2022-02-22 14:00:00,140.0
2022-02-22 15:00:00,139.67
2022-02-22 16:00:00,159.64
2022-02-22 17:00:00,182.61
2022-02-22 18:00:00,211.57
2022-02-22 19:00:00,193.66
2022-02-22 20:00:00,173.44
2022-02-22 21:00:00,181.77
2022-02-22 22:00:00,176.4
2022-02-22 23:00:00,178.55
2022-02-23 00:00:00,172.87
2022-02-23 01:00:00,167.5
2022-02-23 02:00:00,163.59
2022-02-23 03:00:00,163.07
2022-02-23 04:00:00,169.55
2022-02-23 05:00:00,201.58
2022-02-23 06:00:00,211.93
2022-02-23 07:00:00,216.82
2022-02-23 08:00:00,214.72
2022-02-23 09:00:00,205.51
2022-02-23 10:00:00,193.5
2022-02-23 11:00:00,183.9
2022-02-23 12:00:00,177.89
2022-02-23 13:00:00,167.38
2022-02-23 14:00:00,161.92
2022-02-23 15:00:00,162.8
2022-02-23 16:00:00,205.72
2022-02-23 17:00:00,230.0
2022-02-23 18:00:00,236.86
2022-02-23 19:00:00,212.24
2022-02-23 20:00:00,178.94
2022-02-23 21:00:00,186.7
2022-02-23 22:00:00,181.55
2022-02-23 23:00:00,184.7
2022-02-24 00:00:00,162.27
2022-02-24 01:00:00,162.82
2022-02-24 02:00:00,162.37
2022-02-24 03:00:00,150.08
2022-02-24 04:00:00,164.94
2022-02-24 05:00:00,170.2
2022-02-24 06:00:00,211.06
2022-02-24 07:00:00,234.49
2022-02-24 08:00:00,220.09
2022-02-24 09:00:00,213.91
2022-02-24 10:00:00,190.69
2022-02-24 11:00:00,195.06
2022-02-24 12:00:00,191.09
2022-02-24 13:00:00,186.35
2022-02-24 14:00:00,163.17
2022-02-24 15:00:00,165.15
2022-02-24 16:00:00,164.46
2022-02-24 17:00:00,203.79
2022-02-24 18:00:00,220.36
2022-02-24 19:00:00,215.74
2022-02-24 20:00:00,200.54
2022-02-24 21:00:00,194.43
2022-02-24 22:00:00,163.71
2022-02-24 23:00:00,230.0
2022-02-25 00:00:00,193.16
2022-02-25 01:00:00,179.7
2022-02-25 02:00:00,159.99
2022-02-25 03:00:00,153.32
2022-02-25 04:00:00,170.0
2022-02-25 05:00:00,203.75
2022-02-25 06:00:00,285.41
2022-02-25 07:00:00,287.05
2022-02-25 08:00:00,294.42
2022-02-25 09:00:00,264.02
2022-02-25 10:00:00,246.14
2022-02-25 11:00:00,252.21
2022-02-25 12:00:00,240.3
2022-02-25 13:00:00,237.5
2022-02-25 14:00:00,232.28
2022-02-25 15:00:00,240.0
2022-02-25 16:00:00,260.68
2022-02-25 17:00:00,298.34
2022-02-25 18:00:00,349.0
2022-02-25 19:00:00,292.32
2022-02-25 20:00:00,278.29
2022-02-25 21:00:00,273.56
2022-02-25 22:00:00,268.99
2022-02-25 23:00:00,285.41
2022-02-26 00:00:00,265.0
2022-02-26 01:00:00,259.73
2022-02-26 02:00:00,246.0
2022-02-26 03:00:00,230.3
2022-02-26 04:00:00,237.17
2022-02-26 05:00:00,249.98
2022-02-26 06:00:00,263.46
2022-02-26 07:00:00,275.57
2022-02-26 08:00:00,267.37
2022-02-26 09:00:00,245.75
2022-02-26 10:00:00,213.02
2022-02-26 11:00:00,196.64
2022-02-26 12:00:00,178.97
2022-02-26 13:00:00,177.04
2022-02-26 14:00:00,197.47
2022-02-26 15:00:00,225.08
2022-02-26 16:00:00,259.9
2022-02-26 17:00:00,299.0
2022-02-26 18:00:00,300.7
2022-02-26 19:00:00,277.91
2022-02-26 20:00:00,235.8
2022-02-26 21:00:00,242.15
2022-02-26 22:00:00,212.09
2022-02-26 23:00:00,195.65
2022-02-27 00:00:00,180.7
2022-02-27 01:00:00,174.44
2022-02-27 02:00:00,172.31
2022-02-27 03:00:00,174.5
2022-02-27 04:00:00,177.1
2022-02-27 05:00:00,186.05
2022-02-27 06:00:00,191.54
2022-02-27 07:00:00,191.54
2022-02-27 08:00:00,196.64
2022-02-27 09:00:00,186.05
2022-02-27 10:00:00,182.07
2022-02-27 11:00:00,186.05
2022-02-27 12:00:00,153.76
2022-02-27 13:00:00,111.68
2022-02-27 14:00:00,151.54
2022-02-27 15:00:00,176.15
2022-02-27 16:00:00,229.9
2022-02-27 17:00:00,275.76
2022-02-27 18:00:00,279.84
2022-02-27 19:00:00,268.39
2022-02-27 20:00:00,225.49
2022-02-27 21:00:00,240.0
2022-02-27 22:00:00,210.12
2022-02-27 23:00:00,204.01
2022-02-28 00:00:00,202.79
2022-02-28 01:00:00,202.68
2022-02-28 02:00:00,196.33
2022-02-28 03:00:00,197.0
2022-02-28 04:00:00,217.0
2022-02-28 05:00:00,284.97
2022-02-28 06:00:00,322.9
2022-02-28 07:00:00,308.9
2022-02-28 08:00:00,278.4
2022-02-28 09:00:00,258.45
2022-02-28 10:00:00,221.3
2022-02-28 11:00:00,224.0
2022-02-28 12:00:00,221.88
2022-02-28 13:00:00,220.0
2022-02-28 14:00:00,218.97
2022-02-28 15:00:00,253.79
2022-02-28 16:00:00,280.56
2022-02-28 17:00:00,300.0
2022-02-28 18:00:00,315.51
2022-02-28 19:00:00,296.08
2022-02-28 20:00:00,271.4
2022-02-28 21:00:00,266.7
2022-02-28 22:00:00,259.25
2022-02-28 23:00:00,259.96
2022-03-01 00:00:00,255.93
2022-03-01 01:00:00,241.01
2022-03-01 02:00:00,224.0
2022-03-01 03:00:00,221.0
2022-03-01 04:00:00,231.31
2022-03-01 05:00:00,268.04
2022-03-01 06:00:00,299.02
2022-03-01 07:00:00,301.4
2022-03-01 08:00:00,294.6
2022-03-01 09:00:00,265.02
2022-03-01 10:00:00,230.0
2022-03-01 11:00:00,225.8
2022-03-01 12:00:00,221.5
2022-03-01 13:00:00,235.02
2022-03-01 14:00:00,261.24
2022-03-01 15:00:00,283.2
2022-03-01 16:00:00,315.87
2022-03-01 17:00:00,362.75
2022-03-01 18:00:00,354.11
2022-03-01 19:00:00,315.87
2022-03-01 20:00:00,286.0
2022-03-01 21:00:00,266.94
2022-03-01 22:00:00,260.79
2022-03-01 23:00:00,251.04
2022-03-02 00:00:00,248.43
2022-03-02 01:00:00,242.06
2022-03-02 02:00:00,233.14
2022-03-02 03:00:00,233.62
2022-03-02 04:00:00,250.0
2022-03-02 05:00:00,278.54
2022-03-02 06:00:00,317.33
2022-03-02 07:00:00,331.95
2022-03-02 08:00:00,298.1
2022-03-02 09:00:00,268.3
2022-03-02 10:00:00,256.41
2022-03-02 11:00:00,246.25
2022-03-02 12:00:00,230.89
2022-03-02 13:00:00,234.93
2022-03-02 14:00:00,245.96
2022-03-02 15:00:00,260.72
2022-03-02 16:00:00,297.62
2022-03-02 17:00:00,361.13
2022-03-02 18:00:00,383.34
2022-03-02 19:00:00,310.66
2022-03-02 20:00:00,279.99
2022-03-02 21:00:00,265.78
2022-03-02 22:00:00,250.25
2022-03-02 23:00:00,331.16
2022-03-03 00:00:00,322.53
2022-03-03 01:00:00,316.0
2022-03-03 02:00:00,307.01
2022-03-03 03:00:00,307.3
2022-03-03 04:00:00,332.27
2022-03-03 05:00:00,370.78
2022-03-03 06:00:00,405.0
2022-03-03 07:00:00,400.0
2022-03-03 08:00:00,363.17
2022-03-03 09:00:00,326.79
2022-03-03 10:00:00,329.03
2022-03-03 11:00:00,329.26
2022-03-03 12:00:00,315.06
2022-03-03 13:00:00,301.15
2022-03-03 14:00:00,319.58
2022-03-03 15:00:00,336.53
2022-03-03 16:00:00,398.53
2022-03-03 17:00:00,410.0
2022-03-03 18:00:00,405.05
2022-03-03 19:00:00,390.0
2022-03-03 20:00:00,350.0
2022-03-03 21:00:00,333.88
2022-03-03 22:00:00,319.9
2022-03-03 23:00:00,351.07
2022-03-04 00:00:00,346.6
2022-03-04 01:00:00,329.4
2022-03-04 02:00:00,304.05
2022-03-04 03:00:00,315.0
2022-03-04 04:00:00,349.07
2022-03-04 05:00:00,398.6
2022-03-04 06:00:00,410.0
2022-03-04 07:00:00,410.05
2022-03-04 08:00:00,385.16
2022-03-04 09:00:00,373.95
2022-03-04 10:00:00,351.1
2022-03-04 11:00:00,343.71
2022-03-04 12:00:00,309.97
2022-03-04 13:00:00,316.3
2022-03-04 14:00:00,331.91
2022-03-04 15:00:00,355.77
2022-03-04 16:00:00,380.94
2022-03-04 17:00:00,410.0
2022-03-04 18:00:00,410.0
2022-03-04 19:00:00,400.08
2022-03-04 20:00:00,390.2
2022-03-04 21:00:00,384.6
2022-03-04 22:00:00,371.33
2022-03-04 23:00:00,376.5
2022-03-05 00:00:00,360.0
2022-03-05 01:00:00,350.0
2022-03-05 02:00:00,330.0
2022-03-05 03:00:00,338.85
2022-03-05 04:00:00,347.04
2022-03-05 05:00:00,369.0
2022-03-05 06:00:00,378.1
2022-03-05 07:00:00,370.53
2022-03-05 08:00:00,369.14
2022-03-05 09:00:00,359.45
2022-03-05 10:00:00,327.33
2022-03-05 11:00:00,326.18
2022-03-05 12:00:00,302.01
2022-03-05 13:00:00,265.53
2022-03-05 14:00:00,301.36
2022-03-05 15:00:00,339.99
2022-03-05 16:00:00,385.63
2022-03-05 17:00:00,405.78
2022-03-05 18:00:00,409.3
2022-03-05 19:00:00,400.0
2022-03-05 20:00:00,377.25
2022-03-05 21:00:00,369.63
2022-03-05 22:00:00,362.4
2022-03-05 23:00:00,390.61
2022-03-06 00:00:00,353.0
2022-03-06 01:00:00,345.16
2022-03-06 02:00:00,334.21
2022-03-06 03:00:00,339.44
2022-03-06 04:00:00,342.09
2022-03-06 05:00:00,350.13
2022-03-06 06:00:00,365.86
2022-03-06 07:00:00,353.0
2022-03-06 08:00:00,390.36
2022-03-06 09:00:00,351.07
2022-03-06 10:00:00,346.25
2022-03-06 11:00:00,350.25
2022-03-06 12:00:00,309.96
2022-03-06 13:00:00,276.81
2022-03-06 14:00:00,293.15
2022-03-06 15:00:00,308.27
2022-03-06 16:00:00,385.16
2022-03-06 17:00:00,435.08
2022-03-06 18:00:00,454.28
2022-03-06 19:00:00,436.35
2022-03-06 20:00:00,412.02
2022-03-06 21:00:00,412.02
2022-03-06 22:00:00,411.65
2022-03-06 23:00:00,377.56
2022-03-07 00:00:00,369.83
2022-03-07 01:00:00,368.94
2022-03-07 02:00:00,359.21
2022-03-07 03:00:00,361.71
2022-03-07 04:00:00,397.23
2022-03-07 05:00:00,465.77
2022-03-07 06:00:00,512.36
2022-03-07 07:00:00,515.01
2022-03-07 08:00:00,483.0
2022-03-07 09:00:00,449.03
2022-03-07 10:00:00,418.17
2022-03-07 11:00:00,413.74
2022-03-07 12:00:00,354.6
2022-03-07 13:00:00,338.65
2022-03-07 14:00:00,352.54
2022-03-07 15:00:00,400.0
2022-03-07 16:00:00,450.0
2022-03-07 17:00:00,484.95
2022-03-07 18:00:00,512.44
2022-03-07 19:00:00,475.0
2022-03-07 20:00:00,439.94
2022-03-07 21:00:00,426.46
2022-03-07 22:00:00,379.02
2022-03-07 23:00:00,450.95
2022-03-08 00:00:00,449.5
2022-03-08 01:00:00,449.5
2022-03-08 02:00:00,424.88
2022-03-08 03:00:00,429.89
2022-03-08 04:00:00,449.6
2022-03-08 05:00:00,582.48
2022-03-08 06:00:00,690.0
2022-03-08 07:00:00,650.0
2022-03-08 08:00:00,601.0
2022-03-08 09:00:00,582.0
2022-03-08 10:00:00,548.09
2022-03-08 11:00:00,515.4
2022-03-08 12:00:00,438.2
2022-03-08 13:00:00,424.8
2022-03-08 14:00:00,418.4
2022-03-08 15:00:00,514.31
2022-03-08 16:00:00,603.08
2022-03-08 17:00:00,674.93
2022-03-08 18:00:00,700.0
2022-03-08 19:00:00,654.91
2022-03-08 20:00:00,580.32
2022-03-08 21:00:00,577.47
2022-03-08 22:00:00,566.06
2022-03-08 23:00:00,468.46
2022-03-09 00:00:00,450.01
2022-03-09 01:00:00,425.0
2022-03-09 02:00:00,420.03
2022-03-09 03:00:00,420.03
2022-03-09 04:00:00,440.0
2022-03-09 05:00:00,523.76
2022-03-09 06:00:00,579.45
2022-03-09 07:00:00,554.76
2022-03-09 08:00:00,504.54
2022-03-09 09:00:00,439.6
2022-03-09 10:00:00,398.12
2022-03-09 11:00:00,359.71
2022-03-09 12:00:00,356.74
2022-03-09 13:00:00,368.98
2022-03-09 14:00:00,393.13
2022-03-09 15:00:00,425.09
2022-03-09 16:00:00,529.43
2022-03-09 17:00:00,574.93
2022-03-09 18:00:00,605.0
2022-03-09 19:00:00,534.65
2022-03-09 20:00:00,448.75
2022-03-09 21:00:00,449.06
2022-03-09 22:00:00,425.89
2022-03-09 23:00:00,372.89
2022-03-10 00:00:00,320.0
2022-03-10 01:00:00,321.59
2022-03-10 02:00:00,310.09
2022-03-10 03:00:00,310.07
2022-03-10 04:00:00,335.01
2022-03-10 05:00:00,414.66
2022-03-10 06:00:00,436.06
2022-03-10 07:00:00,452.69
2022-03-10 08:00:00,422.6
2022-03-10 09:00:00,400.95
2022-03-10 10:00:00,356.35
2022-03-10 11:00:00,361.4
2022-03-10 12:00:00,345.92
2022-03-10 13:00:00,320.93
2022-03-10 14:00:00,320.0
2022-03-10 15:00:00,319.6
2022-03-10 16:00:00,387.01
2022-03-10 17:00:00,415.64
2022-03-10 18:00:00,443.75
2022-03-10 19:00:00,430.01
2022-03-10 20:00:00,373.49
2022-03-10 21:00:00,323.25
2022-03-10 22:00:00,319.5
2022-03-10 23:00:00,270.0
2022-03-11 00:00:00,249.99
2022-03-11 01:00:00,232.68
2022-03-11 02:00:00,193.87
2022-03-11 03:00:00,144.8
2022-03-11 04:00:00,169.96
2022-03-11 05:00:00,288.66
2022-03-11 06:00:00,303.81
2022-03-11 07:00:00,311.53
2022-03-11 08:00:00,309.41
2022-03-11 09:00:00,300.01
2022-03-11 10:00:00,273.94
2022-03-11 11:00:00,277.17
2022-03-11 12:00:00,270.0
2022-03-11 13:00:00,274.4
2022-03-11 14:00:00,271.99
2022-03-11 15:00:00,274.73
2022-03-11 16:00:00,299.99
2022-03-11 17:00:00,310.8
2022-03-11 18:00:00,350.0
2022-03-11 19:00:00,356.97
2022-03-11 20:00:00,279.2
2022-03-11 21:00:00,341.95
2022-03-11 22:00:00,331.79
2022-03-11 23:00:00,290.0
2022-03-12 00:00:00,281.96
2022-03-12 01:00:00,275.2
2022-03-12 02:00:00,244.18
2022-03-12 03:00:00,238.22
2022-03-12 04:00:00,251.88
2022-03-12 05:00:00,249.41
2022-03-12 06:00:00,267.49
2022-03-12 07:00:00,292.38
2022-03-12 08:00:00,294.0
2022-03-12 09:00:00,274.01
2022-03-12 10:00:00,264.62
2022-03-12 11:00:00,258.55
2022-03-12 12:00:00,247.69
2022-03-12 13:00:00,195.15
2022-03-12 14:00:00,196.27
2022-03-12 15:00:00,204.4
2022-03-12 16:00:00,287.3
2022-03-12 17:00:00,323.3
2022-03-12 18:00:00,290.96
2022-03-12 19:00:00,292.91
2022-03-12 20:00:00,282.72
2022-03-12 21:00:00,269.55
2022-03-12 22:00:00,262.77
2022-03-12 23:00:00,214.5
2022-03-13 00:00:00,211.42
2022-03-13 01:00:00,207.0
2022-03-13 02:00:00,189.31
2022-03-13 03:00:00,174.51
2022-03-13 04:00:00,200.0
2022-03-13 05:00:00,213.69
2022-03-13 06:00:00,215.0
2022-03-13 07:00:00,214.9
2022-03-13 08:00:00,250.0
2022-03-13 09:00:00,220.67
2022-03-13 10:00:00,215.0
2022-03-13 11:00:00,270.93
2022-03-13 12:00:00,255.63
2022-03-13 13:00:00,225.18
2022-03-13 14:00:00,223.47
2022-03-13 15:00:00,225.55
2022-03-13 16:00:00,260.01
2022-03-13 17:00:00,290.0
2022-03-13 18:00:00,362.02
2022-03-13 19:00:00,389.9
2022-03-13 20:00:00,351.1
2022-03-13 21:00:00,321.96
2022-03-13 22:00:00,305.91
2022-03-13 23:00:00,291.55
2022-03-14 00:00:00,280.03
2022-03-14 01:00:00,232.24
2022-03-14 02:00:00,224.76
2022-03-14 03:00:00,219.91
2022-03-14 04:00:00,230.06
2022-03-14 05:00:00,329.2
2022-03-14 06:00:00,360.0
2022-03-14 07:00:00,365.62
2022-03-14 08:00:00,335.49
2022-03-14 09:00:00,313.6
2022-03-14 10:00:00,289.15
2022-03-14 11:00:00,293.8
2022-03-14 12:00:00,239.34
2022-03-14 13:00:00,235.36
2022-03-14 14:00:00,271.98
2022-03-14 15:00:00,295.85
2022-03-14 16:00:00,346.5
2022-03-14 17:00:00,390.01
2022-03-14 18:00:00,435.42
2022-03-14 19:00:00,365.26
2022-03-14 20:00:00,322.7
2022-03-14 21:00:00,300.73
2022-03-14 22:00:00,261.86
2022-03-14 23:00:00,248.92
2022-03-15 00:00:00,245.03
2022-03-15 01:00:00,241.79
2022-03-15 02:00:00,240.07
2022-03-15 03:00:00,242.69
2022-03-15 04:00:00,262.4
2022-03-15 05:00:00,314.81
2022-03-15 06:00:00,336.39
2022-03-15 07:00:00,347.43
2022-03-15 08:00:00,320.57
2022-03-15 09:00:00,299.6
2022-03-15 10:00:00,296.17
2022-03-15 11:00:00,279.33
2022-03-15 12:00:00,277.51
2022-03-15 13:00:00,281.7
2022-03-15 14:00:00,286.38
2022-03-15 15:00:00,306.09
2022-03-15 16:00:00,321.46
2022-03-15 17:00:00,360.06
2022-03-15 18:00:00,405.02
2022-03-15 19:00:00,333.67
2022-03-15 20:00:00,304.19
2022-03-15 21:00:00,283.17
2022-03-15 22:00:00,264.11
2022-03-15 23:00:00,253.41
2022-03-16 00:00:00,251.4
2022-03-16 01:00:00,247.5
2022-03-16 02:00:00,240.01
2022-03-16 03:00:00,238.5
2022-03-16 04:00:00,249.72
2022-03-16 05:00:00,296.96
2022-03-16 06:00:00,317.7
2022-03-16 07:00:00,314.0
2022-03-16 08:00:00,295.94
2022-03-16 09:00:00,276.6
2022-03-16 10:00:00,265.36
2022-03-16 11:00:00,270.24
2022-03-16 12:00:00,270.68
2022-03-16 13:00:00,275.08
2022-03-16 14:00:00,273.2
2022-03-16 15:00:00,265.1
2022-03-16 16:00:00,294.92
2022-03-16 17:00:00,319.13
2022-03-16 18:00:00,336.69
2022-03-16 19:00:00,306.25
2022-03-16 20:00:00,280.38
2022-03-16 21:00:00,274.54
2022-03-16 22:00:00,266.59
2022-03-16 23:00:00,246.27
2022-03-17 00:00:00,241.34
2022-03-17 01:00:00,236.9
2022-03-17 02:00:00,223.3
2022-03-17 03:00:00,184.49
2022-03-17 04:00:00,225.31
2022-03-17 05:00:00,239.3
2022-03-17 06:00:00,284.91
2022-03-17 07:00:00,309.23
2022-03-17 08:00:00,305.9
2022-03-17 09:00:00,254.46
2022-03-17 10:00:00,263.28
2022-03-17 11:00:00,255.95
2022-03-17 12:00:00,250.4
2022-03-17 13:00:00,257.51
2022-03-17 14:00:00,246.63
2022-03-17 15:00:00,251.92
2022-03-17 16:00:00,275.52
2022-03-17 17:00:00,309.42
2022-03-17 18:00:00,347.21
2022-03-17 19:00:00,295.92
2022-03-17 20:00:00,259.29
2022-03-17 21:00:00,244.66
2022-03-17 22:00:00,237.2
2022-03-17 23:00:00,203.03
2022-03-18 00:00:00,206.97
2022-03-18 01:00:00,211.9
2022-03-18 02:00:00,206.5
2022-03-18 03:00:00,209.9
2022-03-18 04:00:00,217.06
2022-03-18 05:00:00,262.97
2022-03-18 06:00:00,291.51
2022-03-18 07:00:00,287.81
2022-03-18 08:00:00,255.95
2022-03-18 09:00:00,239.98
2022-03-18 10:00:00,225.0
2022-03-18 11:00:00,224.47
2022-03-18 12:00:00,212.46
2022-03-18 13:00:00,200.78
2022-03-18 14:00:00,208.01
2022-03-18 15:00:00,220.53
2022-03-18 16:00:00,245.54
2022-03-18 17:00:00,275.31
2022-03-18 18:00:00,286.52
2022-03-18 19:00:00,252.9
2022-03-18 20:00:00,216.95
2022-03-18 21:00:00,228.5
2022-03-18 22:00:00,221.27
2022-03-18 23:00:00,224.06
2022-03-19 00:00:00,214.46
2022-03-19 01:00:00,225.0
2022-03-19 02:00:00,197.88
2022-03-19 03:00:00,185.06
2022-03-19 04:00:00,190.8
2022-03-19 05:00:00,214.95
2022-03-19 06:00:00,204.14
2022-03-19 07:00:00,234.64
2022-03-19 08:00:00,237.97
2022-03-19 09:00:00,227.75
2022-03-19 10:00:00,193.49
2022-03-19 11:00:00,192.13
2022-03-19 12:00:00,133.54
2022-03-19 13:00:00,93.7
2022-03-19 14:00:00,116.4
2022-03-19 15:00:00,188.85
2022-03-19 16:00:00,195.13
2022-03-19 17:00:00,221.03
2022-03-19 18:00:00,285.02
2022-03-19 19:00:00,280.46
2022-03-19 20:00:00,249.98
2022-03-19 21:00:00,249.94
2022-03-19 22:00:00,246.42
2022-03-19 23:00:00,215.49
2022-03-20 00:00:00,216.31
2022-03-20 01:00:00,208.69
2022-03-20 02:00:00,199.3
2022-03-20 03:00:00,198.8
2022-03-20 04:00:00,198.9
2022-03-20 05:00:00,206.76
2022-03-20 06:00:00,221.1
2022-03-20 07:00:00,212.94
2022-03-20 08:00:00,210.0
2022-03-20 09:00:00,199.0
2022-03-20 10:00:00,210.0
2022-03-20 11:00:00,215.77
2022-03-20 12:00:00,196.7
2022-03-20 13:00:00,191.14
2022-03-20 14:00:00,194.05
2022-03-20 15:00:00,210.06
2022-03-20 16:00:00,233.08
2022-03-20 17:00:00,215.96
2022-03-20 18:00:00,292.1
2022-03-20 19:00:00,292.92
2022-03-20 20:00:00,248.52
2022-03-20 21:00:00,247.6
2022-03-20 22:00:00,237.11
2022-03-20 23:00:00,233.08
2022-03-21 00:00:00,220.58
2022-03-21 01:00:00,213.59
2022-03-21 02:00:00,200.0
2022-03-21 03:00:00,189.99
2022-03-21 04:00:00,202.99
2022-03-21 05:00:00,264.0
2022-03-21 06:00:00,288.0
2022-03-21 07:00:00,275.49
2022-03-21 08:00:00,255.13
2022-03-21 09:00:00,242.28
2022-03-21 10:00:00,218.69
2022-03-21 11:00:00,222.21
2022-03-21 12:00:00,218.5
2022-03-21 13:00:00,215.85
2022-03-21 14:00:00,216.06
2022-03-21 15:00:00,235.51
2022-03-21 16:00:00,272.47
2022-03-21 17:00:00,309.6
2022-03-21 18:00:00,336.98
2022-03-21 19:00:00,287.57
2022-03-21 20:00:00,258.49
2022-03-21 21:00:00,240.29
2022-03-21 22:00:00,228.88
2022-03-21 23:00:00,223.0
2022-03-22 00:00:00,215.0
2022-03-22 01:00:00,207.0
2022-03-22 02:00:00,206.36
2022-03-22 03:00:00,203.0
2022-03-22 04:00:00,220.92
2022-03-22 05:00:00,273.7
2022-03-22 06:00:00,287.34
2022-03-22 07:00:00,281.1
2022-03-22 08:00:00,246.21
2022-03-22 09:00:00,217.98
2022-03-22 10:00:00,212.63
2022-03-22 11:00:00,214.83
2022-03-22 12:00:00,197.99
2022-03-22 13:00:00,194.75
2022-03-22 14:00:00,199.86
2022-03-22 15:00:00,230.01
2022-03-22 16:00:00,257.12
2022-03-22 17:00:00,301.03
2022-03-22 18:00:00,351.0
2022-03-22 19:00:00,290.84
2022-03-22 20:00:00,256.0
2022-03-22 21:00:00,242.18
2022-03-22 22:00:00,228.49
2022-03-22 23:00:00,219.48
2022-03-23 00:00:00,200.05
2022-03-23 01:00:00,200.62
2022-03-23 02:00:00,198.08
2022-03-23 03:00:00,204.09
2022-03-23 04:00:00,226.15
2022-03-23 05:00:00,275.45
2022-03-23 06:00:00,299.25
2022-03-23 07:00:00,281.36
2022-03-23 08:00:00,251.67
2022-03-23 09:00:00,219.1
2022-03-23 10:00:00,209.77
2022-03-23 11:00:00,204.99
2022-03-23 12:00:00,197.54
2022-03-23 13:00:00,196.8
2022-03-23 14:00:00,202.6
2022-03-23 15:00:00,217.99
2022-03-23 16:00:00,266.05
2022-03-23 17:00:00,312.28
2022-03-23 18:00:00,374.14
2022-03-23 19:00:00,311.03
2022-03-23 20:00:00,270.0
2022-03-23 21:00:00,246.77
2022-03-23 22:00:00,233.32
2022-03-23 23:00:00,220.78
2022-03-24 00:00:00,212.87
2022-03-24 01:00:00,211.78
2022-03-24 02:00:00,211.8
2022-03-24 03:00:00,212.93
2022-03-24 04:00:00,223.32
2022-03-24 05:00:00,282.97
2022-03-24 06:00:00,305.07
2022-03-24 07:00:00,295.26
2022-03-24 08:00:00,258.13
2022-03-24 09:00:00,239.8
2022-03-24 10:00:00,221.99
2022-03-24 11:00:00,213.1
2022-03-24 12:00:00,215.3
2022-03-24 13:00:00,215.36
2022-03-24 14:00:00,212.92
2022-03-24 15:00:00,232.58
2022-03-24 16:00:00,266.99
2022-03-24 17:00:00,310.76
2022-03-24 18:00:00,371.11
2022-03-24 19:00:00,295.4
2022-03-24 20:00:00,256.86
2022-03-24 21:00:00,240.04
2022-03-24 22:00:00,230.0
2022-03-24 23:00:00,262.48
2022-03-25 00:00:00,245.51
2022-03-25 01:00:00,234.29
2022-03-25 02:00:00,230.15
2022-03-25 03:00:00,226.01
2022-03-25 04:00:00,254.91
2022-03-25 05:00:00,315.0
2022-03-25 06:00:00,333.86
2022-03-25 07:00:00,322.05
2022-03-25 08:00:00,297.08
2022-03-25 09:00:00,282.74
2022-03-25 10:00:00,264.99
2022-03-25 11:00:00,253.26
2022-03-25 12:00:00,250.08
2022-03-25 13:00:00,246.38
2022-03-25 14:00:00,232.84
2022-03-25 15:00:00,251.07
2022-03-25 16:00:00,276.28
2022-03-25 17:00:00,300.77
2022-03-25 18:00:00,339.9
2022-03-25 19:00:00,300.0
2022-03-25 20:00:00,281.86
2022-03-25 21:00:00,274.94
2022-03-25 22:00:00,270.47
2022-03-25 23:00:00,266.14
2022-03-26 00:00:00,252.19
2022-03-26 01:00:00,246.75
2022-03-26 02:00:00,224.9
2022-03-26 03:00:00,211.09
2022-03-26 04:00:00,216.18
2022-03-26 05:00:00,235.58
2022-03-26 06:00:00,219.0
2022-03-26 07:00:00,235.58
2022-03-26 08:00:00,232.0
2022-03-26 09:00:00,220.3
2022-03-26 10:00:00,203.24
2022-03-26 11:00:00,205.61
2022-03-26 12:00:00,199.85
2022-03-26 13:00:00,196.61
2022-03-26 14:00:00,198.3
2022-03-26 15:00:00,201.39
2022-03-26 16:00:00,232.42
2022-03-26 17:00:00,262.5
2022-03-26 18:00:00,292.24
2022-03-26 19:00:00,270.1
2022-03-26 20:00:00,244.98
2022-03-26 21:00:00,244.94
2022-03-26 22:00:00,237.75
2022-03-26 23:00:00,235.0
2022-03-27 00:00:00,221.93
2022-03-27 01:00:00,214.02
2022-03-27 02:00:00,212.0
2022-03-27 03:00:00,211.09
2022-03-27 04:00:00,210.31
2022-03-27 05:00:00,214.03
2022-03-27 06:00:00,214.08
2022-03-27 07:00:00,214.07
2022-03-27 08:00:00,205.02
2022-03-27 09:00:00,197.61
2022-03-27 10:00:00,192.08
2022-03-27 11:00:00,157.81
2022-03-27 12:00:00,93.99
2022-03-27 13:00:00,94.99
2022-03-27 14:00:00,141.59
2022-03-27 15:00:00,194.83
2022-03-27 16:00:00,220.0
2022-03-27 17:00:00,262.52
2022-03-27 18:00:00,285.0
2022-03-27 19:00:00,275.12
2022-03-27 20:00:00,264.08
2022-03-27 21:00:00,242.9
2022-03-27 22:00:00,216.79
2022-03-27 23:00:00,206.96
2022-03-28 00:00:00,201.18
2022-03-28 01:00:00,195.75
2022-03-28 02:00:00,195.01
2022-03-28 03:00:00,216.02
2022-03-28 04:00:00,274.95
2022-03-28 05:00:00,325.98
2022-03-28 06:00:00,374.32
2022-03-28 07:00:00,338.15
2022-03-28 08:00:00,280.79
2022-03-28 09:00:00,243.0
2022-03-28 10:00:00,238.89
2022-03-28 11:00:00,219.55
2022-03-28 12:00:00,217.9
2022-03-28 13:00:00,210.1
2022-03-28 14:00:00,208.55
2022-03-28 15:00:00,203.77
2022-03-28 16:00:00,260.31
2022-03-28 17:00:00,304.62
2022-03-28 18:00:00,300.27
2022-03-28 19:00:00,283.0
2022-03-28 20:00:00,256.11
2022-03-28 21:00:00,243.97
2022-03-28 22:00:00,227.31
2022-03-28 23:00:00,219.36
2022-03-29 00:00:00,212.89
2022-03-29 01:00:00,210.0
2022-03-29 02:00:00,212.89
2022-03-29 03:00:00,225.27
2022-03-29 04:00:00,259.1
2022-03-29 05:00:00,295.36
2022-03-29 06:00:00,319.09
2022-03-29 07:00:00,299.9
2022-03-29 08:00:00,298.01
2022-03-29 09:00:00,275.94
2022-03-29 10:00:00,274.02
2022-03-29 11:00:00,257.78
2022-03-29 12:00:00,248.01
2022-03-29 13:00:00,241.11
2022-03-29 14:00:00,236.0
2022-03-29 15:00:00,246.53
2022-03-29 16:00:00,279.06
2022-03-29 17:00:00,302.49
2022-03-29 18:00:00,298.3
2022-03-29 19:00:00,263.45
2022-03-29 20:00:00,272.72
2022-03-29 21:00:00,270.04
2022-03-29 22:00:00,265.14
2022-03-29 23:00:00,249.56
2022-03-30 00:00:00,237.45
2022-03-30 01:00:00,229.08
2022-03-30 02:00:00,232.33
2022-03-30 03:00:00,242.0
2022-03-30 04:00:00,283.0
2022-03-30 05:00:00,313.48
2022-03-30 06:00:00,347.53
2022-03-30 07:00:00,370.1
2022-03-30 08:00:00,377.06
2022-03-30 09:00:00,411.92
2022-03-30 10:00:00,378.52
2022-03-30 11:00:00,342.53
2022-03-30 12:00:00,348.5
2022-03-30 13:00:00,308.22
2022-03-30 14:00:00,271.02
2022-03-30 15:00:00,269.81
2022-03-30 16:00:00,294.7
2022-03-30 17:00:00,309.97
2022-03-30 18:00:00,325.03
2022-03-30 19:00:00,282.69
2022-03-30 20:00:00,272.75
2022-03-30 21:00:00,267.84
2022-03-30 22:00:00,275.67
2022-03-30 23:00:00,258.17
2022-03-31 00:00:00,255.76
2022-03-31 01:00:00,249.0
2022-03-31 02:00:00,243.24
2022-03-31 03:00:00,247.5
2022-03-31 04:00:00,293.73
2022-03-31 05:00:00,323.8
2022-03-31 06:00:00,423.41
2022-03-31 07:00:00,421.0
2022-03-31 08:00:00,324.55
2022-03-31 09:00:00,299.46
2022-03-31 10:00:00,297.99
2022-03-31 11:00:00,294.13
2022-03-31 12:00:00,287.64
2022-03-31 13:00:00,265.58
2022-03-31 14:00:00,244.27
2022-03-31 15:00:00,224.04
2022-03-31 16:00:00,255.29
2022-03-31 17:00:00,300.0
2022-03-31 18:00:00,356.09
2022-03-31 19:00:00,320.8
2022-03-31 20:00:00,289.12
2022-03-31 21:00:00,310.6
2022-03-31 22:00:00,278.29
2022-03-31 23:00:00,254.44
2022-04-01 00:00:00,257.19
2022-04-01 01:00:00,249.69
2022-04-01 02:00:00,248.97
2022-04-01 03:00:00,258.23
2022-04-01 04:00:00,315.7
2022-04-01 05:00:00,421.0
2022-04-01 06:00:00,470.02
2022-04-01 07:00:00,400.0
2022-04-01 08:00:00,348.13
2022-04-01 09:00:00,348.5
2022-04-01 10:00:00,336.56
2022-04-01 11:00:00,323.15
2022-04-01 12:00:00,294.35
2022-04-01 13:00:00,287.5
2022-04-01 14:00:00,282.69
2022-04-01 15:00:00,282.7
2022-04-01 16:00:00,305.82
2022-04-01 17:00:00,335.2
2022-04-01 18:00:00,380.0
2022-04-01 19:00:00,346.58
2022-04-01 20:00:00,315.34
2022-04-01 21:00:00,279.9
2022-04-01 22:00:00,309.0
2022-04-01 23:00:00,295.0
2022-04-02 00:00:00,295.0
2022-04-02 01:00:00,273.94
2022-04-02 02:00:00,262.8
2022-04-02 03:00:00,276.22
2022-04-02 04:00:00,287.9
2022-04-02 05:00:00,279.54
2022-04-02 06:00:00,323.98
2022-04-02 07:00:00,333.99
2022-04-02 08:00:00,333.41
2022-04-02 09:00:00,318.2
2022-04-02 10:00:00,315.6
2022-04-02 11:00:00,296.0
2022-04-02 12:00:00,289.51
2022-04-02 13:00:00,271.08
2022-04-02 14:00:00,263.21
2022-04-02 15:00:00,280.08
2022-04-02 16:00:00,310.62
2022-04-02 17:00:00,335.1
2022-04-02 18:00:00,350.0
2022-04-02 19:00:00,332.3
2022-04-02 20:00:00,324.1
2022-04-02 21:00:00,313.55
2022-04-02 22:00:00,296.01
2022-04-02 23:00:00,283.71
2022-04-03 00:00:00,280.55
2022-04-03 01:00:00,275.4
2022-04-03 02:00:00,257.01
2022-04-03 03:00:00,258.73
2022-04-03 04:00:00,270.6
2022-04-03 05:00:00,275.0
2022-04-03 06:00:00,277.34
2022-04-03 07:00:00,252.01
2022-04-03 08:00:00,237.23
2022-04-03 09:00:00,239.07
2022-04-03 10:00:00,270.22
2022-04-03 11:00:00,285.0
2022-04-03 12:00:00,224.38
2022-04-03 13:00:00,217.84
2022-04-03 14:00:00,228.73
2022-04-03 15:00:00,252.55
2022-04-03 16:00:00,308.9
2022-04-03 17:00:00,367.93
2022-04-03 18:00:00,435.0
2022-04-03 19:00:00,425.76
2022-04-03 20:00:00,475.75
2022-04-03 21:00:00,328.97
2022-04-03 22:00:00,329.09
2022-04-03 23:00:00,310.0
2022-04-04 00:00:00,329.09
2022-04-04 01:00:00,329.07
2022-04-04 02:00:00,328.97
2022-04-04 03:00:00,413.32
2022-04-04 04:00:00,410.13
2022-04-04 05:00:00,2712.99
2022-04-04 06:00:00,2987.78
2022-04-04 07:00:00,478.81
2022-04-04 08:00:00,408.01
2022-04-04 09:00:00,354.15
2022-04-04 10:00:00,326.48
2022-04-04 11:00:00,308.95
2022-04-04 12:00:00,293.59
2022-04-04 13:00:00,286.9
2022-04-04 14:00:00,267.81
2022-04-04 15:00:00,276.98
2022-04-04 16:00:00,319.63
2022-04-04 17:00:00,372.01
2022-04-04 18:00:00,378.9
2022-04-04 19:00:00,345.27
2022-04-04 20:00:00,341.1
2022-04-04 21:00:00,325.33
2022-04-04 22:00:00,292.5
2022-04-04 23:00:00,271.64
2022-04-05 00:00:00,276.94
2022-04-05 01:00:00,269.76
2022-04-05 02:00:00,264.25
2022-04-05 03:00:00,273.31
2022-04-05 04:00:00,316.11
2022-04-05 05:00:00,372.27
2022-04-05 06:00:00,448.9
2022-04-05 07:00:00,414.14
2022-04-05 08:00:00,345.42
2022-04-05 09:00:00,325.22
2022-04-05 10:00:00,334.99
2022-04-05 11:00:00,301.79
2022-04-05 12:00:00,283.67
2022-04-05 13:00:00,279.27
2022-04-05 14:00:00,275.88
2022-04-05 15:00:00,274.27
2022-04-05 16:00:00,285.4
2022-04-05 17:00:00,309.93
2022-04-05 18:00:00,306.68
2022-04-05 19:00:00,300.69
2022-04-05 20:00:00,291.22
2022-04-05 21:00:00,285.0
2022-04-05 22:00:00,278.11
2022-04-05 23:00:00,265.0
2022-04-06 00:00:00,259.5
2022-04-06 01:00:00,252.0
2022-04-06 02:00:00,254.5
2022-04-06 03:00:00,265.27
2022-04-06 04:00:00,290.92
2022-04-06 05:00:00,350.0
2022-04-06 06:00:00,395.15
2022-04-06 07:00:00,340.0
2022-04-06 08:00:00,316.62
2022-04-06 09:00:00,298.75
2022-04-06 10:00:00,291.23
2022-04-06 11:00:00,275.76
2022-04-06 12:00:00,265.15
2022-04-06 13:00:00,253.75
2022-04-06 14:00:00,234.94
2022-04-06 15:00:00,198.94
2022-04-06 16:00:00,203.38
2022-04-06 17:00:00,228.93
2022-04-06 18:00:00,277.47
2022-04-06 19:00:00,277.1
2022-04-06 20:00:00,262.38
2022-04-06 21:00:00,249.59
2022-04-06 22:00:00,249.24
2022-04-06 23:00:00,221.78
2022-04-07 00:00:00,203.77
2022-04-07 01:00:00,172.6
2022-04-07 02:00:00,129.15
2022-04-07 03:00:00,174.37
2022-04-07 04:00:00,224.76
2022-04-07 05:00:00,264.22
2022-04-07 06:00:00,270.0
2022-04-07 07:00:00,268.3
2022-04-07 08:00:00,254.0
2022-04-07 09:00:00,229.14
2022-04-07 10:00:00,230.13
2022-04-07 11:00:00,229.42
2022-04-07 12:00:00,225.15
2022-04-07 13:00:00,172.3
2022-04-07 14:00:00,180.1
2022-04-07 15:00:00,170.7
2022-04-07 16:00:00,192.98
2022-04-07 17:00:00,193.5
2022-04-07 18:00:00,268.3
2022-04-07 19:00:00,266.75
2022-04-07 20:00:00,249.99
2022-04-07 21:00:00,228.38
2022-04-07 22:00:00,218.98
2022-04-07 23:00:00,183.67
2022-04-08 00:00:00,214.51
2022-04-08 01:00:00,213.07
2022-04-08 02:00:00,214.71
2022-04-08 03:00:00,209.41
2022-04-08 04:00:00,248.54
2022-04-08 05:00:00,260.42
2022-04-08 06:00:00,302.05
2022-04-08 07:00:00,333.2
2022-04-08 08:00:00,340.0
2022-04-08 09:00:00,330.0
2022-04-08 10:00:00,284.68
2022-04-08 11:00:00,268.34
2022-04-08 12:00:00,236.8
2022-04-08 13:00:00,210.46
2022-04-08 14:00:00,186.11
2022-04-08 15:00:00,202.31
2022-04-08 16:00:00,229.9
2022-04-08 17:00:00,267.77
2022-04-08 18:00:00,259.04
2022-04-08 19:00:00,252.08
2022-04-08 20:00:00,248.58
2022-04-08 21:00:00,239.91
2022-04-08 22:00:00,244.12
2022-04-08 23:00:00,235.7
2022-04-09 00:00:00,236.91
2022-04-09 01:00:00,232.0
2022-04-09 02:00:00,233.35
2022-04-09 03:00:00,236.91
2022-04-09 04:00:00,236.21
2022-04-09 05:00:00,237.38
2022-04-09 06:00:00,237.18
2022-04-09 07:00:00,263.0
2022-04-09 08:00:00,240.0
2022-04-09 09:00:00,232.25
2022-04-09 10:00:00,234.02
2022-04-09 11:00:00,230.0
2022-04-09 12:00:00,221.01
2022-04-09 13:00:00,186.4
2022-04-09 14:00:00,184.67
2022-04-09 15:00:00,217.1
2022-04-09 16:00:00,238.04
2022-04-09 17:00:00,260.56
2022-04-09 18:00:00,294.88
2022-04-09 19:00:00,294.88
2022-04-09 20:00:00,284.75
2022-04-09 21:00:00,287.84
2022-04-09 22:00:00,282.48
2022-04-09 23:00:00,266.3
2022-04-10 00:00:00,270.93
2022-04-10 01:00:00,256.79
2022-04-10 02:00:00,246.89
2022-04-10 03:00:00,239.91
2022-04-10 04:00:00,250.41
2022-04-10 05:00:00,249.53
2022-04-10 06:00:00,249.53
2022-04-10 07:00:00,228.3
2022-04-10 08:00:00,226.0
2022-04-10 09:00:00,217.43
2022-04-10 10:00:00,220.0
2022-04-10 11:00:00,186.72
2022-04-10 12:00:00,75.09
2022-04-10 13:00:00,38.87
2022-04-10 14:00:00,89.72
2022-04-10 15:00:00,145.24
2022-04-10 16:00:00,219.7
2022-04-10 17:00:00,257.1
2022-04-10 18:00:00,283.12
2022-04-10 19:00:00,260.0
2022-04-10 20:00:00,245.57
2022-04-10 21:00:00,224.3
2022-04-10 22:00:00,233.45
2022-04-10 23:00:00,218.67
2022-04-11 00:00:00,214.97
2022-04-11 01:00:00,200.92
2022-04-11 02:00:00,195.55
2022-04-11 03:00:00,220.56
2022-04-11 04:00:00,264.91
2022-04-11 05:00:00,299.93
2022-04-11 06:00:00,285.03
2022-04-11 07:00:00,255.0
2022-04-11 08:00:00,214.92
2022-04-11 09:00:00,190.71
2022-04-11 10:00:00,187.85
2022-04-11 11:00:00,181.84
2022-04-11 12:00:00,179.98
2022-04-11 13:00:00,179.77
2022-04-11 14:00:00,182.86
2022-04-11 15:00:00,219.39
2022-04-11 16:00:00,263.32
2022-04-11 17:00:00,296.99
2022-04-11 18:00:00,290.37
2022-04-11 19:00:00,267.81
2022-04-11 20:00:00,247.99
2022-04-11 21:00:00,204.4
2022-04-11 22:00:00,220.26
2022-04-11 23:00:00,188.71
2022-04-12 00:00:00,188.15
2022-04-12 01:00:00,183.0
2022-04-12 02:00:00,185.55
2022-04-12 03:00:00,191.53
2022-04-12 04:00:00,229.54
2022-04-12 05:00:00,268.78
2022-04-12 06:00:00,260.33
2022-04-12 07:00:00,252.88
2022-04-12 08:00:00,266.13
2022-04-12 09:00:00,249.53
2022-04-12 10:00:00,246.2
2022-04-12 11:00:00,242.85
2022-04-12 12:00:00,244.81
2022-04-12 13:00:00,241.58
2022-04-12 14:00:00,240.24
2022-04-12 15:00:00,231.32
2022-04-12 16:00:00,258.02
2022-04-12 17:00:00,277.33
2022-04-12 18:00:00,280.04
2022-04-12 19:00:00,282.26
2022-04-12 20:00:00,270.0
2022-04-12 21:00:00,260.0
2022-04-12 22:00:00,242.75
2022-04-12 23:00:00,229.77
2022-04-13 00:00:00,220.0
2022-04-13 01:00:00,201.85
2022-04-13 02:00:00,190.9
2022-04-13 03:00:00,212.32
2022-04-13 04:00:00,248.74
2022-04-13 05:00:00,269.35
2022-04-13 06:00:00,273.83
2022-04-13 07:00:00,254.25
2022-04-13 08:00:00,242.75
2022-04-13 09:00:00,234.99
2022-04-13 10:00:00,227.67
2022-04-13 11:00:00,208.0
2022-04-13 12:00:00,201.18
2022-04-13 13:00:00,196.0
2022-04-13 14:00:00,200.47
2022-04-13 15:00:00,241.25
2022-04-13 16:00:00,266.2
2022-04-13 17:00:00,298.95
2022-04-13 18:00:00,301.63
2022-04-13 19:00:00,269.03
2022-04-13 20:00:00,250.0
2022-04-13 21:00:00,231.94
2022-04-13 22:00:00,232.45
2022-04-13 23:00:00,207.63
2022-04-14 00:00:00,200.14
2022-04-14 01:00:00,198.05
2022-04-14 02:00:00,199.97
2022-04-14 03:00:00,204.46
2022-04-14 04:00:00,254.0
2022-04-14 05:00:00,272.33
2022-04-14 06:00:00,282.11
2022-04-14 07:00:00,252.78
2022-04-14 08:00:00,216.35
2022-04-14 09:00:00,212.54
2022-04-14 10:00:00,202.76
2022-04-14 11:00:00,195.19
2022-04-14 12:00:00,193.64
2022-04-14 13:00:00,191.99
2022-04-14 14:00:00,194.53
2022-04-14 15:00:00,212.8
2022-04-14 16:00:00,244.94
2022-04-14 17:00:00,271.07
2022-04-14 18:00:00,272.31
2022-04-14 19:00:00,265.46
2022-04-14 20:00:00,253.68
2022-04-14 21:00:00,238.98
2022-04-14 22:00:00,214.9
2022-04-14 23:00:00,202.21
2022-04-15 00:00:00,197.03
2022-04-15 01:00:00,193.7
2022-04-15 02:00:00,192.21
2022-04-15 03:00:00,196.86
2022-04-15 04:00:00,205.33
2022-04-15 05:00:00,221.41
2022-04-15 06:00:00,229.31
2022-04-15 07:00:00,228.43
2022-04-15 08:00:00,191.87
2022-04-15 09:00:00,187.81
2022-04-15 10:00:00,188.03
2022-04-15 11:00:00,167.65
2022-04-15 12:00:00,157.38
2022-04-15 13:00:00,151.11
2022-04-15 14:00:00,155.01
2022-04-15 15:00:00,179.32
2022-04-15 16:00:00,196.21
2022-04-15 17:00:00,228.35
2022-04-15 18:00:00,235.99
2022-04-15 19:00:00,235.26
2022-04-15 20:00:00,224.45
2022-04-15 21:00:00,213.81
2022-04-15 22:00:00,191.16
2022-04-15 23:00:00,183.37
2022-04-16 00:00:00,178.09
2022-04-16 01:00:00,174.21
2022-04-16 02:00:00,174.46
2022-04-16 03:00:00,179.87
2022-04-16 04:00:00,188.98
2022-04-16 05:00:00,191.12
2022-04-16 06:00:00,189.6
2022-04-16 07:00:00,172.62
2022-04-16 08:00:00,146.58
2022-04-16 09:00:00,121.99
2022-04-16 10:00:00,99.99
2022-04-16 11:00:00,89.99
2022-04-16 12:00:00,42.97
2022-04-16 13:00:00,40.32
2022-04-16 14:00:00,65.84
2022-04-16 15:00:00,107.71
2022-04-16 16:00:00,171.19
2022-04-16 17:00:00,195.08
2022-04-16 18:00:00,205.81
2022-04-16 19:00:00,194.47
2022-04-16 20:00:00,175.84
2022-04-16 21:00:00,166.88
2022-04-16 22:00:00,160.22
2022-04-16 23:00:00,139.97
2022-04-17 00:00:00,128.46
2022-04-17 01:00:00,123.38
2022-04-17 02:00:00,133.96
2022-04-17 03:00:00,139.96
2022-04-17 04:00:00,146.1
2022-04-17 05:00:00,144.01
2022-04-17 06:00:00,133.55
2022-04-17 07:00:00,100.0
2022-04-17 08:00:00,75.92
2022-04-17 09:00:00,60.14
2022-04-17 10:00:00,50.08
2022-04-17 11:00:00,25.21
2022-04-17 12:00:00,0.0
2022-04-17 13:00:00,0.08
2022-04-17 14:00:00,15.0
2022-04-17 15:00:00,66.2
2022-04-17 16:00:00,158.02
2022-04-17 17:00:00,182.55
2022-04-17 18:00:00,191.54
2022-04-17 19:00:00,189.59
2022-04-17 20:00:00,171.46
2022-04-17 21:00:00,158.07
2022-04-17 22:00:00,95.9
2022-04-17 23:00:00,81.0
2022-04-18 00:00:00,84.0
2022-04-18 01:00:00,81.0
2022-04-18 02:00:00,85.25
2022-04-18 03:00:00,92.31
2022-04-18 04:00:00,100.94
2022-04-18 05:00:00,112.53
2022-04-18 06:00:00,120.57
2022-04-18 07:00:00,121.77
2022-04-18 08:00:00,97.49
2022-04-18 09:00:00,89.89
2022-04-18 10:00:00,95.9
2022-04-18 11:00:00,63.15
2022-04-18 12:00:00,45.0
2022-04-18 13:00:00,60.58
2022-04-18 14:00:00,82.92
2022-04-18 15:00:00,121.25
2022-04-18 16:00:00,189.84
2022-04-18 17:00:00,240.3
2022-04-18 18:00:00,250.73
2022-04-18 19:00:00,229.75
2022-04-18 20:00:00,221.23
2022-04-18 21:00:00,202.0
2022-04-18 22:00:00,205.0
2022-04-18 23:00:00,192.98
2022-04-19 00:00:00,191.14
2022-04-19 01:00:00,190.95
2022-04-19 02:00:00,190.0
2022-04-19 03:00:00,200.61
2022-04-19 04:00:00,251.27
2022-04-19 05:00:00,291.43
2022-04-19 06:00:00,295.43
2022-04-19 07:00:00,255.71
2022-04-19 08:00:00,244.87
2022-04-19 09:00:00,216.25
2022-04-19 10:00:00,214.09
2022-04-19 11:00:00,200.73
2022-04-19 12:00:00,195.01
2022-04-19 13:00:00,196.42
2022-04-19 14:00:00,186.77
2022-04-19 15:00:00,196.74
2022-04-19 16:00:00,224.93
2022-04-19 17:00:00,239.03
2022-04-19 18:00:00,240.01
2022-04-19 19:00:00,223.6
2022-04-19 20:00:00,200.0
2022-04-19 21:00:00,184.2
2022-04-19 22:00:00,191.0
2022-04-19 23:00:00,189.55
2022-04-20 00:00:00,183.1
2022-04-20 01:00:00,183.28
2022-04-20 02:00:00,183.38
2022-04-20 03:00:00,197.96
2022-04-20 04:00:00,227.24
2022-04-20 05:00:00,249.92
2022-04-20 06:00:00,249.9
2022-04-20 07:00:00,209.96
2022-04-20 08:00:00,193.5
2022-04-20 09:00:00,192.99
2022-04-20 10:00:00,200.0
2022-04-20 11:00:00,185.47
2022-04-20 12:00:00,175.6
2022-04-20 13:00:00,176.31
2022-04-20 14:00:00,175.94
2022-04-20 15:00:00,196.15
2022-04-20 16:00:00,222.95
2022-04-20 17:00:00,249.0
2022-04-20 18:00:00,250.0
2022-04-20 19:00:00,239.18
2022-04-20 20:00:00,220.1
2022-04-20 21:00:00,201.97
2022-04-20 22:00:00,188.55
2022-04-20 23:00:00,179.92
2022-04-21 00:00:00,181.08
2022-04-21 01:00:00,178.92
2022-04-21 02:00:00,180.5
2022-04-21 03:00:00,199.92
2022-04-21 04:00:00,229.76
2022-04-21 05:00:00,256.02
2022-04-21 06:00:00,256.25
2022-04-21 07:00:00,232.26
2022-04-21 08:00:00,207.93
2022-04-21 09:00:00,206.44
2022-04-21 10:00:00,199.36
2022-04-21 11:00:00,189.59
2022-04-21 12:00:00,183.04
2022-04-21 13:00:00,173.91
2022-04-21 14:00:00,175.45
2022-04-21 15:00:00,185.41
2022-04-21 16:00:00,204.96
2022-04-21 17:00:00,220.62
2022-04-21 18:00:00,223.61
2022-04-21 19:00:00,220.44
2022-04-21 20:00:00,199.71
2022-04-21 21:00:00,187.81
2022-04-21 22:00:00,216.06
2022-04-21 23:00:00,190.91
2022-04-22 00:00:00,187.01
2022-04-22 01:00:00,179.41
2022-04-22 02:00:00,176.09
2022-04-22 03:00:00,189.58
2022-04-22 04:00:00,218.07
2022-04-22 05:00:00,239.95
2022-04-22 06:00:00,244.1
2022-04-22 07:00:00,221.05
2022-04-22 08:00:00,197.77
2022-04-22 09:00:00,188.98
2022-04-22 10:00:00,201.26
2022-04-22 11:00:00,197.1
2022-04-22 12:00:00,188.14
2022-04-22 13:00:00,183.07
2022-04-22 14:00:00,194.85
2022-04-22 15:00:00,189.96
2022-04-22 16:00:00,206.43
2022-04-22 17:00:00,209.61
2022-04-22 18:00:00,209.97
2022-04-22 19:00:00,213.08
2022-04-22 20:00:00,191.96
2022-04-22 21:00:00,178.04
2022-04-22 22:00:00,180.21
2022-04-22 23:00:00,173.15
2022-04-23 00:00:00,168.03
2022-04-23 01:00:00,142.0
2022-04-23 02:00:00,126.58
2022-04-23 03:00:00,122.45
2022-04-23 04:00:00,135.31
2022-04-23 05:00:00,149.99
2022-04-23 06:00:00,168.64
2022-04-23 07:00:00,211.94
2022-04-23 08:00:00,203.42
2022-04-23 09:00:00,204.43
2022-04-23 10:00:00,216.83
2022-04-23 11:00:00,210.08
2022-04-23 12:00:00,207.06
2022-04-23 13:00:00,165.09
2022-04-23 14:00:00,145.32
2022-04-23 15:00:00,158.46
2022-04-23 16:00:00,170.48
2022-04-23 17:00:00,168.19
2022-04-23 18:00:00,171.83
2022-04-23 19:00:00,173.15
2022-04-23 20:00:00,182.48
2022-04-23 21:00:00,181.44
2022-04-23 22:00:00,144.0
2022-04-23 23:00:00,115.0
2022-04-24 00:00:00,136.36
2022-04-24 01:00:00,108.45
2022-04-24 02:00:00,102.39
2022-04-24 03:00:00,112.99
2022-04-24 04:00:00,130.04
2022-04-24 05:00:00,137.02
2022-04-24 06:00:00,154.0
2022-04-24 07:00:00,188.3
2022-04-24 08:00:00,170.08
2022-04-24 09:00:00,150.36
2022-04-24 10:00:00,153.22
2022-04-24 11:00:00,135.23
2022-04-24 12:00:00,116.95
2022-04-24 13:00:00,108.24
2022-04-24 14:00:00,102.0
2022-04-24 15:00:00,112.99
2022-04-24 16:00:00,165.01
2022-04-24 17:00:00,198.65
2022-04-24 18:00:00,224.95
2022-04-24 19:00:00,217.3
2022-04-24 20:00:00,205.73
2022-04-24 21:00:00,186.99
2022-04-24 22:00:00,184.96
2022-04-24 23:00:00,183.78
2022-04-25 00:00:00,185.63
2022-04-25 01:00:00,186.1
2022-04-25 02:00:00,188.12
2022-04-25 03:00:00,200.06
2022-04-25 04:00:00,237.23
2022-04-25 05:00:00,261.87
2022-04-25 06:00:00,272.47
2022-04-25 07:00:00,249.06
2022-04-25 08:00:00,232.59
2022-04-25 09:00:00,227.97
2022-04-25 10:00:00,211.0
2022-04-25 11:00:00,200.0
2022-04-25 12:00:00,194.9
2022-04-25 13:00:00,191.99
2022-04-25 14:00:00,189.5
2022-04-25 15:00:00,205.93
2022-04-25 16:00:00,243.59
2022-04-25 17:00:00,273.88
2022-04-25 18:00:00,275.71
2022-04-25 19:00:00,264.93
2022-04-25 20:00:00,254.0
2022-04-25 21:00:00,232.61
2022-04-25 22:00:00,237.76
2022-04-25 23:00:00,231.13
2022-04-26 00:00:00,222.62
2022-04-26 01:00:00,211.79
2022-04-26 02:00:00,214.47
2022-04-26 03:00:00,232.95
2022-04-26 04:00:00,251.07
2022-04-26 05:00:00,282.27
2022-04-26 06:00:00,284.52
2022-04-26 07:00:00,265.4
2022-04-26 08:00:00,251.32
2022-04-26 09:00:00,245.24
2022-04-26 10:00:00,242.21
2022-04-26 11:00:00,219.08
2022-04-26 12:00:00,210.91
2022-04-26 13:00:00,210.63
2022-04-26 14:00:00,207.26
2022-04-26 15:00:00,232.75
2022-04-26 16:00:00,254.11
2022-04-26 17:00:00,281.0
2022-04-26 18:00:00,286.76
2022-04-26 19:00:00,270.01
2022-04-26 20:00:00,255.0
2022-04-26 21:00:00,245.51
2022-04-26 22:00:00,206.72
2022-04-26 23:00:00,198.01
2022-04-27 00:00:00,196.36
2022-04-27 01:00:00,194.53
2022-04-27 02:00:00,197.51
2022-04-27 03:00:00,209.94
2022-04-27 04:00:00,242.97
2022-04-27 05:00:00,254.96
2022-04-27 06:00:00,265.98
2022-04-27 07:00:00,252.74
2022-04-27 08:00:00,235.38
2022-04-27 09:00:00,216.74
2022-04-27 10:00:00,207.66
2022-04-27 11:00:00,200.62
2022-04-27 12:00:00,193.22
2022-04-27 13:00:00,190.96
2022-04-27 14:00:00,191.35
2022-04-27 15:00:00,206.49
2022-04-27 16:00:00,239.31
2022-04-27 17:00:00,267.9
2022-04-27 18:00:00,266.33
2022-04-27 19:00:00,254.94
2022-04-27 20:00:00,235.33
2022-04-27 21:00:00,202.57
2022-04-27 22:00:00,214.63
2022-04-27 23:00:00,201.94
2022-04-28 00:00:00,198.0
2022-04-28 01:00:00,201.37
2022-04-28 02:00:00,201.5
2022-04-28 03:00:00,218.35
2022-04-28 04:00:00,255.0
2022-04-28 05:00:00,283.37
2022-04-28 06:00:00,279.29
2022-04-28 07:00:00,251.26
2022-04-28 08:00:00,224.93
2022-04-28 09:00:00,214.7
2022-04-28 10:00:00,208.0
2022-04-28 11:00:00,200.09
2022-04-28 12:00:00,197.05
2022-04-28 13:00:00,196.3
2022-04-28 14:00:00,197.13
2022-04-28 15:00:00,217.63
2022-04-28 16:00:00,255.0
2022-04-28 17:00:00,279.09
2022-04-28 18:00:00,284.91
2022-04-28 19:00:00,268.91
2022-04-28 20:00:00,253.56
2022-04-28 21:00:00,222.78
2022-04-28 22:00:00,206.05
2022-04-28 23:00:00,203.15
2022-04-29 00:00:00,202.52
2022-04-29 01:00:00,203.23
2022-04-29 02:00:00,205.09
2022-04-29 03:00:00,213.86
2022-04-29 04:00:00,255.77
2022-04-29 05:00:00,280.06
2022-04-29 06:00:00,291.22
2022-04-29 07:00:00,256.34
2022-04-29 08:00:00,230.33
2022-04-29 09:00:00,217.4
2022-04-29 10:00:00,208.37
2022-04-29 11:00:00,197.25
2022-04-29 12:00:00,195.24
2022-04-29 13:00:00,195.04
2022-04-29 14:00:00,206.0
2022-04-29 15:00:00,216.3
2022-04-29 16:00:00,246.98
2022-04-29 17:00:00,262.08
2022-04-29 18:00:00,265.87
2022-04-29 19:00:00,254.97
2022-04-29 20:00:00,241.56
2022-04-29 21:00:00,221.46
2022-04-29 22:00:00,204.78
2022-04-29 23:00:00,189.1
2022-04-30 00:00:00,189.91
2022-04-30 01:00:00,187.47
2022-04-30 02:00:00,189.96
2022-04-30 03:00:00,194.81
2022-04-30 04:00:00,201.0
2022-04-30 05:00:00,206.59
2022-04-30 06:00:00,210.01
2022-04-30 07:00:00,205.85
2022-04-30 08:00:00,195.95
2022-04-30 09:00:00,186.58
2022-04-30 10:00:00,180.04
2022-04-30 11:00:00,172.94
2022-04-30 12:00:00,166.35
2022-04-30 13:00:00,159.69
2022-04-30 14:00:00,158.44
2022-04-30 15:00:00,192.02
2022-04-30 16:00:00,226.09
2022-04-30 17:00:00,246.97
2022-04-30 18:00:00,252.64
2022-04-30 19:00:00,247.11
2022-04-30 20:00:00,239.09
2022-04-30 21:00:00,219.0
2022-04-30 22:00:00,206.0
2022-04-30 23:00:00,199.7
2022-05-01 00:00:00,197.56
2022-05-01 01:00:00,192.2
2022-05-01 02:00:00,197.43
2022-05-01 03:00:00,201.32
2022-05-01 04:00:00,195.0
2022-05-01 05:00:00,194.95
2022-05-01 06:00:00,186.94
2022-05-01 07:00:00,182.04
2022-05-01 08:00:00,177.31
2022-05-01 09:00:00,176.5
2022-05-01 10:00:00,174.92
2022-05-01 11:00:00,150.74
2022-05-01 12:00:00,140.4
2022-05-01 13:00:00,138.9
2022-05-01 14:00:00,155.9
2022-05-01 15:00:00,187.04
2022-05-01 16:00:00,215.85
2022-05-01 17:00:00,249.43
2022-05-01 18:00:00,254.94
2022-05-01 19:00:00,243.03
2022-05-01 20:00:00,239.72
2022-05-01 21:00:00,215.97
2022-05-01 22:00:00,206.46
2022-05-01 23:00:00,199.87
2022-05-02 00:00:00,194.69
2022-05-02 01:00:00,193.76
2022-05-02 02:00:00,196.34
2022-05-02 03:00:00,209.96
2022-05-02 04:00:00,248.88
2022-05-02 05:00:00,270.0
2022-05-02 06:00:00,264.57
2022-05-02 07:00:00,238.98
2022-05-02 08:00:00,194.27
2022-05-02 09:00:00,189.97
2022-05-02 10:00:00,196.23
2022-05-02 11:00:00,190.45
2022-05-02 12:00:00,187.65
2022-05-02 13:00:00,185.05
2022-05-02 14:00:00,188.2
2022-05-02 15:00:00,218.72
2022-05-02 16:00:00,240.71
2022-05-02 17:00:00,260.02
2022-05-02 18:00:00,265.41
2022-05-02 19:00:00,253.52
2022-05-02 20:00:00,241.11
2022-05-02 21:00:00,219.92
2022-05-02 22:00:00,184.5
2022-05-02 23:00:00,182.09
2022-05-03 00:00:00,184.08
2022-05-03 01:00:00,185.12
2022-05-03 02:00:00,187.04
2022-05-03 03:00:00,191.19
2022-05-03 04:00:00,236.26
2022-05-03 05:00:00,255.96
2022-05-03 06:00:00,255.96
2022-05-03 07:00:00,232.7
2022-05-03 08:00:00,206.07
2022-05-03 09:00:00,200.24
2022-05-03 10:00:00,197.06
2022-05-03 11:00:00,197.29
2022-05-03 12:00:00,194.89
2022-05-03 13:00:00,195.54
2022-05-03 14:00:00,197.99
2022-05-03 15:00:00,218.99
2022-05-03 16:00:00,249.96
2022-05-03 17:00:00,269.94
2022-05-03 18:00:00,270.23
2022-05-03 19:00:00,261.77
2022-05-03 20:00:00,253.21
2022-05-03 21:00:00,228.94
2022-05-03 22:00:00,206.0
2022-05-03 23:00:00,200.0
2022-05-04 00:00:00,200.34
2022-05-04 01:00:00,201.12
2022-05-04 02:00:00,201.14
2022-05-04 03:00:00,224.32
2022-05-04 04:00:00,256.58
2022-05-04 05:00:00,296.9
2022-05-04 06:00:00,280.1
2022-05-04 07:00:00,255.09
2022-05-04 08:00:00,233.85
2022-05-04 09:00:00,232.82
2022-05-04 10:00:00,223.63
2022-05-04 11:00:00,219.02
2022-05-04 12:00:00,212.2
2022-05-04 13:00:00,201.16
2022-05-04 14:00:00,206.24
2022-05-04 15:00:00,230.1
2022-05-04 16:00:00,249.98
2022-05-04 17:00:00,275.44
2022-05-04 18:00:00,281.49
2022-05-04 19:00:00,263.37
2022-05-04 20:00:00,246.9
2022-05-04 21:00:00,232.47
2022-05-04 22:00:00,225.2
2022-05-04 23:00:00,208.44
2022-05-05 00:00:00,208.12
2022-05-05 01:00:00,205.09
2022-05-05 02:00:00,204.9
2022-05-05 03:00:00,220.77
2022-05-05 04:00:00,254.96
2022-05-05 05:00:00,275.06
2022-05-05 06:00:00,268.02
2022-05-05 07:00:00,252.96
2022-05-05 08:00:00,235.03
2022-05-05 09:00:00,232.09
2022-05-05 10:00:00,225.15
2022-05-05 11:00:00,215.04
2022-05-05 12:00:00,210.9
2022-05-05 13:00:00,206.64
2022-05-05 14:00:00,209.14
2022-05-05 15:00:00,229.0
2022-05-05 16:00:00,246.24
2022-05-05 17:00:00,263.0
2022-05-05 18:00:00,276.61
2022-05-05 19:00:00,259.96
2022-05-05 20:00:00,251.84
2022-05-05 21:00:00,238.52
2022-05-05 22:00:00,220.69
2022-05-05 23:00:00,213.74
2022-05-06 00:00:00,207.56
2022-05-06 01:00:00,204.02
2022-05-06 02:00:00,206.57
2022-05-06 03:00:00,219.07
2022-05-06 04:00:00,255.91
2022-05-06 05:00:00,274.92
2022-05-06 06:00:00,262.97
2022-05-06 07:00:00,236.8
2022-05-06 08:00:00,220.0
2022-05-06 09:00:00,208.13
2022-05-06 10:00:00,207.4
2022-05-06 11:00:00,191.81
2022-05-06 12:00:00,190.01
2022-05-06 13:00:00,187.01
2022-05-06 14:00:00,192.7
2022-05-06 15:00:00,211.59
2022-05-06 16:00:00,239.09
2022-05-06 17:00:00,256.79
2022-05-06 18:00:00,262.69
2022-05-06 19:00:00,255.91
2022-05-06 20:00:00,247.78
2022-05-06 21:00:00,235.46
2022-05-06 22:00:00,225.12
2022-05-06 23:00:00,216.94
2022-05-07 00:00:00,207.36
2022-05-07 01:00:00,200.01
2022-05-07 02:00:00,199.5
2022-05-07 03:00:00,200.1
2022-05-07 04:00:00,201.78
2022-05-07 05:00:00,216.28
2022-05-07 06:00:00,217.04
2022-05-07 07:00:00,208.57
2022-05-07 08:00:00,194.17
2022-05-07 09:00:00,190.67
2022-05-07 10:00:00,186.55
2022-05-07 11:00:00,174.37
2022-05-07 12:00:00,166.7
2022-05-07 13:00:00,159.17
2022-05-07 14:00:00,168.22
2022-05-07 15:00:00,185.3
2022-05-07 16:00:00,201.62
2022-05-07 17:00:00,222.74
2022-05-07 18:00:00,231.57
2022-05-07 19:00:00,229.0
2022-05-07 20:00:00,223.12
2022-05-07 21:00:00,208.38
2022-05-07 22:00:00,208.1
2022-05-07 23:00:00,193.3
2022-05-08 00:00:00,191.92
2022-05-08 01:00:00,186.01
2022-05-08 02:00:00,182.98
2022-05-08 03:00:00,186.06
2022-05-08 04:00:00,184.97
2022-05-08 05:00:00,185.93
2022-05-08 06:00:00,183.62
2022-05-08 07:00:00,163.45
2022-05-08 08:00:00,140.33
2022-05-08 09:00:00,123.17
2022-05-08 10:00:00,128.06
2022-05-08 11:00:00,116.87
2022-05-08 12:00:00,110.68
2022-05-08 13:00:00,93.26
2022-05-08 14:00:00,113.6
2022-05-08 15:00:00,155.8
2022-05-08 16:00:00,196.04
2022-05-08 17:00:00,234.6
2022-05-08 18:00:00,238.99
2022-05-08 19:00:00,238.35
2022-05-08 20:00:00,225.91
2022-05-08 21:00:00,217.9
2022-05-08 22:00:00,209.08
2022-05-08 23:00:00,199.21
2022-05-09 00:00:00,196.07
2022-05-09 01:00:00,191.11
2022-05-09 02:00:00,193.68
2022-05-09 03:00:00,210.72
2022-05-09 04:00:00,240.0
2022-05-09 05:00:00,256.23
2022-05-09 06:00:00,250.04
2022-05-09 07:00:00,219.21
2022-05-09 08:00:00,199.95
2022-05-09 09:00:00,197.6
2022-05-09 10:00:00,200.23
2022-05-09 11:00:00,199.15
2022-05-09 12:00:00,191.92
2022-05-09 13:00:00,183.94
2022-05-09 14:00:00,190.63
2022-05-09 15:00:00,220.93
2022-05-09 16:00:00,247.97
2022-05-09 17:00:00,280.0
2022-05-09 18:00:00,280.0
2022-05-09 19:00:00,250.44
2022-05-09 20:00:00,237.08
2022-05-09 21:00:00,216.72
2022-05-09 22:00:00,216.41
2022-05-09 23:00:00,205.61
2022-05-10 00:00:00,184.72
2022-05-10 01:00:00,169.98
2022-05-10 02:00:00,172.49
2022-05-10 03:00:00,202.35
2022-05-10 04:00:00,224.08
2022-05-10 05:00:00,237.95
2022-05-10 06:00:00,235.0
2022-05-10 07:00:00,220.0
2022-05-10 08:00:00,210.02
2022-05-10 09:00:00,201.5
2022-05-10 10:00:00,195.63
2022-05-10 11:00:00,186.52
2022-05-10 12:00:00,185.0
2022-05-10 13:00:00,176.22
2022-05-10 14:00:00,179.37
2022-05-10 15:00:00,193.58
2022-05-10 16:00:00,209.78
2022-05-10 17:00:00,234.92
2022-05-10 18:00:00,239.95
2022-05-10 19:00:00,236.96
2022-05-10 20:00:00,229.09
2022-05-10 21:00:00,223.91
2022-05-10 22:00:00,207.15
2022-05-10 23:00:00,192.8
2022-05-11 00:00:00,185.5
2022-05-11 01:00:00,179.0
2022-05-11 02:00:00,179.46
2022-05-11 03:00:00,185.72
2022-05-11 04:00:00,216.37
2022-05-11 05:00:00,233.22
2022-05-11 06:00:00,224.0
2022-05-11 07:00:00,200.0
2022-05-11 08:00:00,180.24
2022-05-11 09:00:00,180.03
2022-05-11 10:00:00,177.39
2022-05-11 11:00:00,163.98
2022-05-11 12:00:00,172.63
2022-05-11 13:00:00,154.4
2022-05-11 14:00:00,160.49
2022-05-11 15:00:00,157.37
2022-05-11 16:00:00,184.18
2022-05-11 17:00:00,219.3
2022-05-11 18:00:00,221.93
2022-05-11 19:00:00,220.0
2022-05-11 20:00:00,206.01
2022-05-11 21:00:00,192.93
2022-05-11 22:00:00,166.04
2022-05-11 23:00:00,164.99
2022-05-12 00:00:00,163.98
2022-05-12 01:00:00,161.11
2022-05-12 02:00:00,163.02
2022-05-12 03:00:00,172.42
2022-05-12 04:00:00,211.94
2022-05-12 05:00:00,230.56
2022-05-12 06:00:00,223.46
2022-05-12 07:00:00,210.0
2022-05-12 08:00:00,204.22
2022-05-12 09:00:00,211.3
2022-05-12 10:00:00,198.05
2022-05-12 11:00:00,166.04
2022-05-12 12:00:00,166.75
2022-05-12 13:00:00,163.98
2022-05-12 14:00:00,163.98
2022-05-12 15:00:00,187.26
2022-05-12 16:00:00,233.63
2022-05-12 17:00:00,235.01
2022-05-12 18:00:00,241.77
2022-05-12 19:00:00,233.17
2022-05-12 20:00:00,224.32
2022-05-12 21:00:00,212.97
2022-05-12 22:00:00,210.0
2022-05-12 23:00:00,202.71
2022-05-13 00:00:00,189.0
2022-05-13 01:00:00,174.74
2022-05-13 02:00:00,176.26
2022-05-13 03:00:00,203.2
2022-05-13 04:00:00,226.93
2022-05-13 05:00:00,242.74
2022-05-13 06:00:00,242.29
2022-05-13 07:00:00,225.1
2022-05-13 08:00:00,207.46
2022-05-13 09:00:00,201.1
2022-05-13 10:00:00,195.18
2022-05-13 11:00:00,190.58
2022-05-13 12:00:00,187.46
2022-05-13 13:00:00,165.5
2022-05-13 14:00:00,166.0
2022-05-13 15:00:00,164.99
2022-05-13 16:00:00,195.18
2022-05-13 17:00:00,221.47
2022-05-13 18:00:00,231.09
2022-05-13 19:00:00,229.0
2022-05-13 20:00:00,223.95
2022-05-13 21:00:00,221.95
2022-05-13 22:00:00,202.93
2022-05-13 23:00:00,182.69
2022-05-14 00:00:00,185.04
2022-05-14 01:00:00,196.48
2022-05-14 02:00:00,166.88
2022-05-14 03:00:00,177.71
2022-05-14 04:00:00,184.07
2022-05-14 05:00:00,194.3
2022-05-14 06:00:00,184.94
2022-05-14 07:00:00,160.0
2022-05-14 08:00:00,146.88
2022-05-14 09:00:00,160.77
2022-05-14 10:00:00,159.83
2022-05-14 11:00:00,142.07
2022-05-14 12:00:00,138.5
2022-05-14 13:00:00,136.59
2022-05-14 14:00:00,147.92
2022-05-14 15:00:00,162.02
2022-05-14 16:00:00,206.38
2022-05-14 17:00:00,225.0
2022-05-14 18:00:00,240.04
2022-05-14 19:00:00,241.87
2022-05-14 20:00:00,239.0
2022-05-14 21:00:00,224.15
2022-05-14 22:00:00,214.91
2022-05-14 23:00:00,196.35
2022-05-15 00:00:00,185.43
2022-05-15 01:00:00,174.15
2022-05-15 02:00:00,170.17
2022-05-15 03:00:00,170.25
2022-05-15 04:00:00,162.92
2022-05-15 05:00:00,158.57
2022-05-15 06:00:00,154.98
2022-05-15 07:00:00,110.6
2022-05-15 08:00:00,95.98
2022-05-15 09:00:00,90.0
2022-05-15 10:00:00,75.0
2022-05-15 11:00:00,45.35
2022-05-15 12:00:00,20.15
2022-05-15 13:00:00,39.58
2022-05-15 14:00:00,76.21
2022-05-15 15:00:00,133.33
2022-05-15 16:00:00,188.39
2022-05-15 17:00:00,214.34
2022-05-15 18:00:00,222.48
2022-05-15 19:00:00,226.18
2022-05-15 20:00:00,219.57
2022-05-15 21:00:00,200.5
2022-05-15 22:00:00,180.18
2022-05-15 23:00:00,169.06
2022-05-16 00:00:00,169.13
2022-05-16 01:00:00,169.89
2022-05-16 02:00:00,169.53
2022-05-16 03:00:00,182.04
2022-05-16 04:00:00,229.95
2022-05-16 05:00:00,248.08
2022-05-16 06:00:00,251.09
2022-05-16 07:00:00,231.08
2022-05-16 08:00:00,210.62
2022-05-16 09:00:00,199.68
2022-05-16 10:00:00,185.34
2022-05-16 11:00:00,182.33
2022-05-16 12:00:00,224.84
2022-05-16 13:00:00,225.92
2022-05-16 14:00:00,234.97
2022-05-16 15:00:00,238.64
2022-05-16 16:00:00,245.74
2022-05-16 17:00:00,298.68
2022-05-16 18:00:00,276.95
2022-05-16 19:00:00,259.9
2022-05-16 20:00:00,240.2
2022-05-16 21:00:00,229.74
2022-05-16 22:00:00,203.39
2022-05-16 23:00:00,195.94
2022-05-17 00:00:00,189.1
2022-05-17 01:00:00,185.05
2022-05-17 02:00:00,189.2
2022-05-17 03:00:00,202.24
2022-05-17 04:00:00,236.7
2022-05-17 05:00:00,264.89
2022-05-17 06:00:00,274.17
2022-05-17 07:00:00,247.06
2022-05-17 08:00:00,231.99
2022-05-17 09:00:00,225.36
2022-05-17 10:00:00,213.84
2022-05-17 11:00:00,203.32
2022-05-17 12:00:00,216.55
2022-05-17 13:00:00,200.01
2022-05-17 14:00:00,213.5
2022-05-17 15:00:00,237.78
2022-05-17 16:00:00,251.82
2022-05-17 17:00:00,290.0
2022-05-17 18:00:00,298.21
2022-05-17 19:00:00,265.88
2022-05-17 20:00:00,245.46
2022-05-17 21:00:00,233.95
2022-05-17 22:00:00,206.47
2022-05-17 23:00:00,187.89
2022-05-18 00:00:00,176.23
2022-05-18 01:00:00,170.98
2022-05-18 02:00:00,173.1
2022-05-18 03:00:00,179.61
2022-05-18 04:00:00,219.95
2022-05-18 05:00:00,247.6
2022-05-18 06:00:00,241.29
2022-05-18 07:00:00,222.07
2022-05-18 08:00:00,223.45
2022-05-18 09:00:00,221.32
2022-05-18 10:00:00,187.09
2022-05-18 11:00:00,177.03
2022-05-18 12:00:00,210.4
2022-05-18 13:00:00,185.55
2022-05-18 14:00:00,198.72
2022-05-18 15:00:00,216.84
2022-05-18 16:00:00,241.2
2022-05-18 17:00:00,286.99
2022-05-18 18:00:00,280.0
2022-05-18 19:00:00,245.88
2022-05-18 20:00:00,225.73
2022-05-18 21:00:00,194.47
2022-05-18 22:00:00,196.96
2022-05-18 23:00:00,185.01
2022-05-19 00:00:00,179.94
2022-05-19 01:00:00,176.27
2022-05-19 02:00:00,177.98
2022-05-19 03:00:00,185.06
2022-05-19 04:00:00,222.33
2022-05-19 05:00:00,250.04
2022-05-19 06:00:00,249.31
2022-05-19 07:00:00,229.93
2022-05-19 08:00:00,198.22
2022-05-19 09:00:00,227.83
2022-05-19 10:00:00,182.96
2022-05-19 11:00:00,180.8
2022-05-19 12:00:00,206.05
2022-05-19 13:00:00,185.09
2022-05-19 14:00:00,198.96
2022-05-19 15:00:00,224.02
2022-05-19 16:00:00,232.99
2022-05-19 17:00:00,269.27
2022-05-19 18:00:00,273.4
2022-05-19 19:00:00,253.0
2022-05-19 20:00:00,234.38
2022-05-19 21:00:00,213.31
2022-05-19 22:00:00,211.1
2022-05-19 23:00:00,195.98
2022-05-20 00:00:00,189.56
2022-05-20 01:00:00,188.0
2022-05-20 02:00:00,189.56
2022-05-20 03:00:00,208.62
2022-05-20 04:00:00,226.51
2022-05-20 05:00:00,263.32
2022-05-20 06:00:00,250.0
2022-05-20 07:00:00,224.0
2022-05-20 08:00:00,204.97
2022-05-20 09:00:00,201.6
2022-05-20 10:00:00,197.4
2022-05-20 11:00:00,190.07
2022-05-20 12:00:00,185.33
2022-05-20 13:00:00,189.26
2022-05-20 14:00:00,190.0
2022-05-20 15:00:00,190.0
2022-05-20 16:00:00,214.92
2022-05-20 17:00:00,226.85
2022-05-20 18:00:00,226.87
2022-05-20 19:00:00,218.03
2022-05-20 20:00:00,205.27
2022-05-20 21:00:00,190.17
2022-05-20 22:00:00,174.48
2022-05-20 23:00:00,169.27
2022-05-21 00:00:00,169.26
2022-05-21 01:00:00,163.29
2022-05-21 02:00:00,160.6
2022-05-21 03:00:00,164.94
2022-05-21 04:00:00,161.08
2022-05-21 05:00:00,164.85
2022-05-21 06:00:00,166.54
2022-05-21 07:00:00,172.97
2022-05-21 08:00:00,178.82
2022-05-21 09:00:00,174.89
2022-05-21 10:00:00,170.57
2022-05-21 11:00:00,167.45
2022-05-21 12:00:00,164.67
2022-05-21 13:00:00,161.55
2022-05-21 14:00:00,159.33
2022-05-21 15:00:00,164.84
2022-05-21 16:00:00,171.58
2022-05-21 17:00:00,201.0
2022-05-21 18:00:00,219.32
2022-05-21 19:00:00,228.11
2022-05-21 20:00:00,223.85
2022-05-21 21:00:00,214.18
2022-05-21 22:00:00,186.58
2022-05-21 23:00:00,179.4
2022-05-22 00:00:00,172.5
2022-05-22 01:00:00,170.0
2022-05-22 02:00:00,171.0
2022-05-22 03:00:00,169.91
2022-05-22 04:00:00,166.96
2022-05-22 05:00:00,166.88
2022-05-22 06:00:00,160.0
2022-05-22 07:00:00,149.96
2022-05-22 08:00:00,138.29
2022-05-22 09:00:00,138.25
2022-05-22 10:00:00,140.69
2022-05-22 11:00:00,109.92
2022-05-22 12:00:00,101.4
2022-05-22 13:00:00,103.7
2022-05-22 14:00:00,133.19
2022-05-22 15:00:00,156.62
2022-05-22 16:00:00,195.29
2022-05-22 17:00:00,213.37
2022-05-22 18:00:00,225.55
2022-05-22 19:00:00,227.9
2022-05-22 20:00:00,219.91
2022-05-22 21:00:00,191.24
2022-05-22 22:00:00,175.89
2022-05-22 23:00:00,164.57
2022-05-23 00:00:00,158.75
2022-05-23 01:00:00,155.07
2022-05-23 02:00:00,158.2
2022-05-23 03:00:00,172.54
2022-05-23 04:00:00,202.7
2022-05-23 05:00:00,224.96
2022-05-23 06:00:00,230.02
2022-05-23 07:00:00,220.97
2022-05-23 08:00:00,217.19
2022-05-23 09:00:00,202.68
2022-05-23 10:00:00,188.88
2022-05-23 11:00:00,187.91
2022-05-23 12:00:00,177.0
2022-05-23 13:00:00,177.68
2022-05-23 14:00:00,177.07
2022-05-23 15:00:00,201.58
2022-05-23 16:00:00,214.03
2022-05-23 17:00:00,214.94
2022-05-23 18:00:00,210.07
2022-05-23 19:00:00,190.0
2022-05-23 20:00:00,182.06
2022-05-23 21:00:00,180.18
2022-05-23 22:00:00,173.0
2022-05-23 23:00:00,165.76
2022-05-24 00:00:00,154.45
2022-05-24 01:00:00,144.88
2022-05-24 02:00:00,137.04
2022-05-24 03:00:00,155.95
2022-05-24 04:00:00,188.91
2022-05-24 05:00:00,210.29
2022-05-24 06:00:00,212.0
2022-05-24 07:00:00,193.0
2022-05-24 08:00:00,180.18
2022-05-24 09:00:00,169.47
2022-05-24 10:00:00,201.33
2022-05-24 11:00:00,188.25
2022-05-24 12:00:00,175.4
2022-05-24 13:00:00,160.94
2022-05-24 14:00:00,162.47
2022-05-24 15:00:00,169.72
2022-05-24 16:00:00,198.38
2022-05-24 17:00:00,212.98
2022-05-24 18:00:00,219.99
2022-05-24 19:00:00,220.3
2022-05-24 20:00:00,211.91
2022-05-24 21:00:00,189.64
2022-05-24 22:00:00,190.73
2022-05-24 23:00:00,180.06
2022-05-25 00:00:00,170.51
2022-05-25 01:00:00,167.92
2022-05-25 02:00:00,169.9
2022-05-25 03:00:00,178.14
2022-05-25 04:00:00,211.11
2022-05-25 05:00:00,230.0
2022-05-25 06:00:00,237.03
2022-05-25 07:00:00,235.44
2022-05-25 08:00:00,197.38
2022-05-25 09:00:00,201.1
2022-05-25 10:00:00,182.9
2022-05-25 11:00:00,182.81
2022-05-25 12:00:00,191.08
2022-05-25 13:00:00,162.31
2022-05-25 14:00:00,164.75
2022-05-25 15:00:00,168.25
2022-05-25 16:00:00,166.32
2022-05-25 17:00:00,185.0
2022-05-25 18:00:00,208.46
2022-05-25 19:00:00,214.0
2022-05-25 20:00:00,204.61
2022-05-25 21:00:00,187.4
2022-05-25 22:00:00,164.3
2022-05-25 23:00:00,171.5
2022-05-26 00:00:00,160.01
2022-05-26 01:00:00,131.07
2022-05-26 02:00:00,145.32
2022-05-26 03:00:00,149.28
2022-05-26 04:00:00,141.53
2022-05-26 05:00:00,147.3
2022-05-26 06:00:00,189.88
2022-05-26 07:00:00,163.44
2022-05-26 08:00:00,162.48
2022-05-26 09:00:00,163.06
2022-05-26 10:00:00,163.79
2022-05-26 11:00:00,155.0
2022-05-26 12:00:00,154.99
2022-05-26 13:00:00,152.5
2022-05-26 14:00:00,154.38
2022-05-26 15:00:00,161.07
2022-05-26 16:00:00,162.08
2022-05-26 17:00:00,194.85
2022-05-26 18:00:00,199.8
2022-05-26 19:00:00,180.09
2022-05-26 20:00:00,207.16
2022-05-26 21:00:00,209.55
2022-05-26 22:00:00,175.01
2022-05-26 23:00:00,150.2
2022-05-27 00:00:00,146.49
2022-05-27 01:00:00,106.85
2022-05-27 02:00:00,146.04
2022-05-27 03:00:00,147.54
2022-05-27 04:00:00,160.05
2022-05-27 05:00:00,155.72
2022-05-27 06:00:00,195.94
2022-05-27 07:00:00,185.28
2022-05-27 08:00:00,166.1
2022-05-27 09:00:00,168.92
2022-05-27 10:00:00,164.23
2022-05-27 11:00:00,163.29
2022-05-27 12:00:00,159.33
2022-05-27 13:00:00,150.0
2022-05-27 14:00:00,147.54
2022-05-27 15:00:00,146.54
2022-05-27 16:00:00,147.54
2022-05-27 17:00:00,168.5
2022-05-27 18:00:00,186.01
2022-05-27 19:00:00,178.99
2022-05-27 20:00:00,203.29
2022-05-27 21:00:00,189.0
2022-05-27 22:00:00,169.11
2022-05-27 23:00:00,151.53
2022-05-28 00:00:00,158.68
2022-05-28 01:00:00,148.5
2022-05-28 02:00:00,151.0
2022-05-28 03:00:00,153.75
2022-05-28 04:00:00,150.67
2022-05-28 05:00:00,155.12
2022-05-28 06:00:00,155.04
2022-05-28 07:00:00,152.67
2022-05-28 08:00:00,144.56
2022-05-28 09:00:00,145.01
2022-05-28 10:00:00,148.5
2022-05-28 11:00:00,144.0
2022-05-28 12:00:00,141.7
2022-05-28 13:00:00,138.46
2022-05-28 14:00:00,110.8
2022-05-28 15:00:00,126.62
2022-05-28 16:00:00,143.5
2022-05-28 17:00:00,161.65
2022-05-28 18:00:00,161.3
2022-05-28 19:00:00,164.37
2022-05-28 20:00:00,176.86
2022-05-28 21:00:00,174.52
2022-05-28 22:00:00,179.13
2022-05-28 23:00:00,159.96
2022-05-29 00:00:00,154.3
2022-05-29 01:00:00,146.81
2022-05-29 02:00:00,140.04
2022-05-29 03:00:00,141.32
2022-05-29 04:00:00,135.75
2022-05-29 05:00:00,138.37
2022-05-29 06:00:00,140.15
2022-05-29 07:00:00,140.08
2022-05-29 08:00:00,140.0
2022-05-29 09:00:00,145.06
2022-05-29 10:00:00,141.0
2022-05-29 11:00:00,133.49
2022-05-29 12:00:00,123.78
2022-05-29 13:00:00,121.59
2022-05-29 14:00:00,120.0
2022-05-29 15:00:00,150.0
2022-05-29 16:00:00,179.56
2022-05-29 17:00:00,201.38
2022-05-29 18:00:00,214.94
2022-05-29 19:00:00,224.97
2022-05-29 20:00:00,225.0
2022-05-29 21:00:00,214.96
2022-05-29 22:00:00,203.9
2022-05-29 23:00:00,194.72
2022-05-30 00:00:00,192.65
2022-05-30 01:00:00,184.5
2022-05-30 02:00:00,182.92
2022-05-30 03:00:00,195.74
2022-05-30 04:00:00,230.68
2022-05-30 05:00:00,257.95
2022-05-30 06:00:00,260.27
2022-05-30 07:00:00,232.92
2022-05-30 08:00:00,230.0
2022-05-30 09:00:00,229.77
2022-05-30 10:00:00,215.0
2022-05-30 11:00:00,207.5
2022-05-30 12:00:00,201.28
2022-05-30 13:00:00,202.29
2022-05-30 14:00:00,210.9
2022-05-30 15:00:00,225.7
2022-05-30 16:00:00,241.36
2022-05-30 17:00:00,291.14
2022-05-30 18:00:00,295.0
2022-05-30 19:00:00,266.46
2022-05-30 20:00:00,243.68
2022-05-30 21:00:00,227.5
2022-05-30 22:00:00,200.91
2022-05-30 23:00:00,183.0
2022-05-31 00:00:00,179.62
2022-05-31 01:00:00,177.02
2022-05-31 02:00:00,180.01
2022-05-31 03:00:00,195.99
2022-05-31 04:00:00,228.68
2022-05-31 05:00:00,247.77
2022-05-31 06:00:00,243.14
2022-05-31 07:00:00,225.9
2022-05-31 08:00:00,210.12
2022-05-31 09:00:00,206.11
2022-05-31 10:00:00,193.09
2022-05-31 11:00:00,184.07
2022-05-31 12:00:00,190.14
2022-05-31 13:00:00,182.08
2022-05-31 14:00:00,182.38
2022-05-31 15:00:00,200.0
2022-05-31 16:00:00,234.97
2022-05-31 17:00:00,249.8
2022-05-31 18:00:00,254.67
2022-05-31 19:00:00,247.51
2022-05-31 20:00:00,240.01
2022-05-31 21:00:00,227.98
2022-05-31 22:00:00,220.0
2022-05-31 23:00:00,207.45
2022-06-01 00:00:00,199.09
2022-06-01 01:00:00,182.53
2022-06-01 02:00:00,182.28
2022-06-01 03:00:00,198.95
2022-06-01 04:00:00,230.0
2022-06-01 05:00:00,249.68
2022-06-01 06:00:00,246.36
2022-06-01 07:00:00,228.82
2022-06-01 08:00:00,211.8
2022-06-01 09:00:00,206.6
2022-06-01 10:00:00,202.37
2022-06-01 11:00:00,199.66
2022-06-01 12:00:00,194.82
2022-06-01 13:00:00,180.04
2022-06-01 14:00:00,181.6
2022-06-01 15:00:00,199.71
2022-06-01 16:00:00,229.92
2022-06-01 17:00:00,251.98
2022-06-01 18:00:00,257.71
2022-06-01 19:00:00,262.6
2022-06-01 20:00:00,250.0
2022-06-01 21:00:00,230.33
2022-06-01 22:00:00,191.0
2022-06-01 23:00:00,175.04
2022-06-02 00:00:00,169.33
2022-06-02 01:00:00,161.96
2022-06-02 02:00:00,165.05
2022-06-02 03:00:00,171.7
2022-06-02 04:00:00,209.65
2022-06-02 05:00:00,223.1
2022-06-02 06:00:00,218.13
2022-06-02 07:00:00,193.25
2022-06-02 08:00:00,180.18
2022-06-02 09:00:00,179.94
2022-06-02 10:00:00,179.93
2022-06-02 11:00:00,174.91
2022-06-02 12:00:00,169.43
2022-06-02 13:00:00,171.85
2022-06-02 14:00:00,176.23
2022-06-02 15:00:00,181.06
2022-06-02 16:00:00,217.65
2022-06-02 17:00:00,230.65
2022-06-02 18:00:00,238.97
2022-06-02 19:00:00,228.94
2022-06-02 20:00:00,222.22
2022-06-02 21:00:00,213.56
2022-06-02 22:00:00,177.61
2022-06-02 23:00:00,163.13
2022-06-03 00:00:00,157.41
2022-06-03 01:00:00,159.62
2022-06-03 02:00:00,161.7
2022-06-03 03:00:00,169.94
2022-06-03 04:00:00,209.83
2022-06-03 05:00:00,225.11
2022-06-03 06:00:00,238.02
2022-06-03 07:00:00,230.0
2022-06-03 08:00:00,220.0
2022-06-03 09:00:00,217.8
2022-06-03 10:00:00,192.52
2022-06-03 11:00:00,180.19
2022-06-03 12:00:00,172.5
2022-06-03 13:00:00,172.44
2022-06-03 14:00:00,176.0
2022-06-03 15:00:00,196.77
2022-06-03 16:00:00,207.53
2022-06-03 17:00:00,211.19
2022-06-03 18:00:00,221.83
2022-06-03 19:00:00,229.96
2022-06-03 20:00:00,240.0
2022-06-03 21:00:00,237.91
2022-06-03 22:00:00,175.81
2022-06-03 23:00:00,167.97
2022-06-04 00:00:00,166.92
2022-06-04 01:00:00,157.05
2022-06-04 02:00:00,155.5
2022-06-04 03:00:00,156.01
2022-06-04 04:00:00,159.8
2022-06-04 05:00:00,169.86
2022-06-04 06:00:00,180.0
2022-06-04 07:00:00,178.5
2022-06-04 08:00:00,165.96
2022-06-04 09:00:00,168.68
2022-06-04 10:00:00,182.33
2022-06-04 11:00:00,168.03
2022-06-04 12:00:00,170.0
2022-06-04 13:00:00,158.2
2022-06-04 14:00:00,155.6
2022-06-04 15:00:00,160.9
2022-06-04 16:00:00,177.4
2022-06-04 17:00:00,197.71
2022-06-04 18:00:00,209.24
2022-06-04 19:00:00,198.98
2022-06-04 20:00:00,199.06
2022-06-04 21:00:00,196.7
2022-06-04 22:00:00,172.05
2022-06-04 23:00:00,174.7
2022-06-05 00:00:00,171.31
2022-06-05 01:00:00,141.79
2022-06-05 02:00:00,164.07
2022-06-05 03:00:00,128.7
2022-06-05 04:00:00,127.27
2022-06-05 05:00:00,133.65
2022-06-05 06:00:00,136.28
2022-06-05 07:00:00,142.65
2022-06-05 08:00:00,141.36
2022-06-05 09:00:00,143.62
2022-06-05 10:00:00,166.0
2022-06-05 11:00:00,162.22
2022-06-05 12:00:00,126.71
2022-06-05 13:00:00,121.95
2022-06-05 14:00:00,132.03
2022-06-05 15:00:00,150.02
2022-06-05 16:00:00,163.03
2022-06-05 17:00:00,168.8
2022-06-05 18:00:00,169.44
2022-06-05 19:00:00,166.36
2022-06-05 20:00:00,169.22
2022-06-05 21:00:00,214.32
2022-06-05 22:00:00,167.98
2022-06-05 23:00:00,154.19
2022-06-06 00:00:00,142.08
2022-06-06 01:00:00,89.33
2022-06-06 02:00:00,85.05
2022-06-06 03:00:00,88.08
2022-06-06 04:00:00,90.06
2022-06-06 05:00:00,122.52
2022-06-06 06:00:00,84.05
2022-06-06 07:00:00,147.01
2022-06-06 08:00:00,149.53
2022-06-06 09:00:00,145.09
2022-06-06 10:00:00,175.09
2022-06-06 11:00:00,150.09
2022-06-06 12:00:00,175.75
2022-06-06 13:00:00,171.25
2022-06-06 14:00:00,169.0
2022-06-06 15:00:00,168.05
2022-06-06 16:00:00,169.55
2022-06-06 17:00:00,200.0
2022-06-06 18:00:00,214.97
2022-06-06 19:00:00,214.04
2022-06-06 20:00:00,217.42
2022-06-06 21:00:00,189.7
2022-06-06 22:00:00,177.33
2022-06-06 23:00:00,158.69
2022-06-07 00:00:00,150.61
2022-06-07 01:00:00,145.72
2022-06-07 02:00:00,146.88
2022-06-07 03:00:00,155.45
2022-06-07 04:00:00,175.7
2022-06-07 05:00:00,216.93
2022-06-07 06:00:00,220.12
2022-06-07 07:00:00,210.99
2022-06-07 08:00:00,196.95
2022-06-07 09:00:00,196.65
2022-06-07 10:00:00,195.96
2022-06-07 11:00:00,185.0
2022-06-07 12:00:00,173.8
2022-06-07 13:00:00,164.99
2022-06-07 14:00:00,164.07
2022-06-07 15:00:00,173.1
2022-06-07 16:00:00,200.0
2022-06-07 17:00:00,218.04
2022-06-07 18:00:00,227.46
2022-06-07 19:00:00,228.81
2022-06-07 20:00:00,220.26
2022-06-07 21:00:00,210.97
2022-06-07 22:00:00,185.05
2022-06-07 23:00:00,168.95
2022-06-08 00:00:00,165.1
2022-06-08 01:00:00,162.96
2022-06-08 02:00:00,164.92
2022-06-08 03:00:00,175.0
2022-06-08 04:00:00,197.42
2022-06-08 05:00:00,213.93
2022-06-08 06:00:00,215.01
2022-06-08 07:00:00,205.29
2022-06-08 08:00:00,191.0
2022-06-08 09:00:00,191.1
2022-06-08 10:00:00,181.26
2022-06-08 11:00:00,177.51
2022-06-08 12:00:00,191.62
2022-06-08 13:00:00,194.53
2022-06-08 14:00:00,191.72
2022-06-08 15:00:00,187.48
2022-06-08 16:00:00,198.25
2022-06-08 17:00:00,211.5
2022-06-08 18:00:00,212.36
2022-06-08 19:00:00,211.98
2022-06-08 20:00:00,211.0
2022-06-08 21:00:00,198.89
2022-06-08 22:00:00,189.01
2022-06-08 23:00:00,170.63
2022-06-09 00:00:00,165.0
2022-06-09 01:00:00,162.72
2022-06-09 02:00:00,159.16
2022-06-09 03:00:00,161.63
2022-06-09 04:00:00,196.6
2022-06-09 05:00:00,215.41
2022-06-09 06:00:00,215.71
2022-06-09 07:00:00,205.77
2022-06-09 08:00:00,207.24
2022-06-09 09:00:00,203.8
2022-06-09 10:00:00,183.18
2022-06-09 11:00:00,174.0
2022-06-09 12:00:00,161.93
2022-06-09 13:00:00,158.5
2022-06-09 14:00:00,155.9
2022-06-09 15:00:00,170.09
2022-06-09 16:00:00,180.21
2022-06-09 17:00:00,195.72
2022-06-09 18:00:00,200.97
2022-06-09 19:00:00,210.24
2022-06-09 20:00:00,209.09
2022-06-09 21:00:00,192.07
2022-06-09 22:00:00,196.58
2022-06-09 23:00:00,176.7
2022-06-10 00:00:00,169.4
2022-06-10 01:00:00,168.92
2022-06-10 02:00:00,163.84
2022-06-10 03:00:00,179.14
2022-06-10 04:00:00,207.91
2022-06-10 05:00:00,213.76
2022-06-10 06:00:00,212.84
2022-06-10 07:00:00,200.0
2022-06-10 08:00:00,185.85
2022-06-10 09:00:00,192.0
2022-06-10 10:00:00,196.48
2022-06-10 11:00:00,190.92
2022-06-10 12:00:00,182.03
2022-06-10 13:00:00,171.8
2022-06-10 14:00:00,171.8
2022-06-10 15:00:00,196.33
2022-06-10 16:00:00,205.0
2022-06-10 17:00:00,217.97
2022-06-10 18:00:00,220.46
2022-06-10 19:00:00,216.9
2022-06-10 20:00:00,215.48
2022-06-10 21:00:00,205.07
2022-06-10 22:00:00,207.5
2022-06-10 23:00:00,202.43
2022-06-11 00:00:00,195.3
2022-06-11 01:00:00,167.03
2022-06-11 02:00:00,167.45
2022-06-11 03:00:00,168.03
2022-06-11 04:00:00,161.37
2022-06-11 05:00:00,191.77
2022-06-11 06:00:00,184.83
2022-06-11 07:00:00,172.25
2022-06-11 08:00:00,177.55
2022-06-11 09:00:00,180.0
2022-06-11 10:00:00,168.48
2022-06-11 11:00:00,165.16
2022-06-11 12:00:00,164.22
2022-06-11 13:00:00,159.0
2022-06-11 14:00:00,166.0
2022-06-11 15:00:00,180.8
2022-06-11 16:00:00,173.47
2022-06-11 17:00:00,196.39
2022-06-11 18:00:00,210.05
2022-06-11 19:00:00,211.06
2022-06-11 20:00:00,207.92
2022-06-11 21:00:00,199.0
2022-06-11 22:00:00,195.0
2022-06-11 23:00:00,184.24
2022-06-12 00:00:00,175.01
2022-06-12 01:00:00,167.0
2022-06-12 02:00:00,167.0
2022-06-12 03:00:00,169.82
2022-06-12 04:00:00,167.87
2022-06-12 05:00:00,138.53
2022-06-12 06:00:00,134.71
2022-06-12 07:00:00,80.83
2022-06-12 08:00:00,74.37
2022-06-12 09:00:00,101.83
2022-06-12 10:00:00,145.44
2022-06-12 11:00:00,119.67
2022-06-12 12:00:00,95.8
2022-06-12 13:00:00,60.63
2022-06-12 14:00:00,65.34
2022-06-12 15:00:00,146.5
2022-06-12 16:00:00,161.0
2022-06-12 17:00:00,185.31
2022-06-12 18:00:00,205.98
2022-06-12 19:00:00,210.98
2022-06-12 20:00:00,210.0
2022-06-12 21:00:00,204.2
2022-06-12 22:00:00,186.84
2022-06-12 23:00:00,177.47
2022-06-13 00:00:00,158.45
2022-06-13 01:00:00,149.92
2022-06-13 02:00:00,146.92
2022-06-13 03:00:00,169.27
2022-06-13 04:00:00,200.03
2022-06-13 05:00:00,210.98
2022-06-13 06:00:00,219.0
2022-06-13 07:00:00,209.41
2022-06-13 08:00:00,204.75
2022-06-13 09:00:00,203.7
2022-06-13 10:00:00,203.76
2022-06-13 11:00:00,204.02
2022-06-13 12:00:00,206.47
2022-06-13 13:00:00,206.47
2022-06-13 14:00:00,206.67
2022-06-13 15:00:00,200.23
2022-06-13 16:00:00,231.05
2022-06-13 17:00:00,250.0
2022-06-13 18:00:00,238.15
2022-06-13 19:00:00,238.4
2022-06-13 20:00:00,236.12
2022-06-13 21:00:00,223.13
2022-06-13 22:00:00,202.45
2022-06-13 23:00:00,168.86
2022-06-14 00:00:00,179.29
2022-06-14 01:00:00,161.43
2022-06-14 02:00:00,172.16
2022-06-14 03:00:00,171.73
2022-06-14 04:00:00,215.22
2022-06-14 05:00:00,227.88
2022-06-14 06:00:00,229.51
2022-06-14 07:00:00,222.47
2022-06-14 08:00:00,216.97
2022-06-14 09:00:00,207.88
2022-06-14 10:00:00,201.45
2022-06-14 11:00:00,201.32
2022-06-14 12:00:00,209.09
2022-06-14 13:00:00,201.45
2022-06-14 14:00:00,204.23
2022-06-14 15:00:00,213.34
2022-06-14 16:00:00,230.97
2022-06-14 17:00:00,266.26
2022-06-14 18:00:00,272.84
2022-06-14 19:00:00,243.67
2022-06-14 20:00:00,234.9
2022-06-14 21:00:00,219.25
2022-06-14 22:00:00,197.96
2022-06-14 23:00:00,183.5
2022-06-15 00:00:00,177.67
2022-06-15 01:00:00,173.02
2022-06-15 02:00:00,173.18
2022-06-15 03:00:00,182.23
2022-06-15 04:00:00,219.12
2022-06-15 05:00:00,246.95
2022-06-15 06:00:00,255.17
2022-06-15 07:00:00,262.68
2022-06-15 08:00:00,245.62
2022-06-15 09:00:00,250.0
2022-06-15 10:00:00,228.82
2022-06-15 11:00:00,229.74
2022-06-15 12:00:00,242.78
2022-06-15 13:00:00,235.35
2022-06-15 14:00:00,236.75
2022-06-15 15:00:00,233.79
2022-06-15 16:00:00,264.66
2022-06-15 17:00:00,304.56
2022-06-15 18:00:00,307.48
2022-06-15 19:00:00,258.25
2022-06-15 20:00:00,249.55
2022-06-15 21:00:00,239.3
2022-06-15 22:00:00,256.07
2022-06-15 23:00:00,244.72
2022-06-16 00:00:00,225.22
2022-06-16 01:00:00,219.02
2022-06-16 02:00:00,206.46
2022-06-16 03:00:00,213.74
2022-06-16 04:00:00,247.0
2022-06-16 05:00:00,259.78
2022-06-16 06:00:00,306.49
2022-06-16 07:00:00,300.0
2022-06-16 08:00:00,260.39
2022-06-16 09:00:00,268.47
2022-06-16 10:00:00,258.7
2022-06-16 11:00:00,258.38
2022-06-16 12:00:00,262.82
2022-06-16 13:00:00,291.84
2022-06-16 14:00:00,280.0
2022-06-16 15:00:00,311.0
2022-06-16 16:00:00,325.0
2022-06-16 17:00:00,345.0
2022-06-16 18:00:00,330.0
2022-06-16 19:00:00,311.38
2022-06-16 20:00:00,285.0
2022-06-16 21:00:00,282.0
2022-06-16 22:00:00,302.42
2022-06-16 23:00:00,283.96
2022-06-17 00:00:00,262.84
2022-06-17 01:00:00,211.64
2022-06-17 02:00:00,206.86
2022-06-17 03:00:00,239.91
2022-06-17 04:00:00,292.34
2022-06-17 05:00:00,323.31
2022-06-17 06:00:00,325.7
2022-06-17 07:00:00,299.07
2022-06-17 08:00:00,307.85
2022-06-17 09:00:00,316.72
2022-06-17 10:00:00,321.71
2022-06-17 11:00:00,309.91
2022-06-17 12:00:00,311.94
2022-06-17 13:00:00,297.51
2022-06-17 14:00:00,285.75
2022-06-17 15:00:00,303.07
2022-06-17 16:00:00,339.73
2022-06-17 17:00:00,368.06
2022-06-17 18:00:00,360.0
2022-06-17 19:00:00,323.96
2022-06-17 20:00:00,360.0
2022-06-17 21:00:00,330.73
2022-06-17 22:00:00,330.0
2022-06-17 23:00:00,312.78
2022-06-18 00:00:00,304.94
2022-06-18 01:00:00,269.47
2022-06-18 02:00:00,269.46
2022-06-18 03:00:00,270.85
2022-06-18 04:00:00,269.24
2022-06-18 05:00:00,285.81
2022-06-18 06:00:00,279.25
2022-06-18 07:00:00,269.55
2022-06-18 08:00:00,277.51
2022-06-18 09:00:00,269.99
2022-06-18 10:00:00,268.44
2022-06-18 11:00:00,244.0
2022-06-18 12:00:00,228.64
2022-06-18 13:00:00,237.65
2022-06-18 14:00:00,264.84
2022-06-18 15:00:00,286.99
2022-06-18 16:00:00,264.61
2022-06-18 17:00:00,328.01
2022-06-18 18:00:00,330.47
2022-06-18 19:00:00,319.21
2022-06-18 20:00:00,285.08
2022-06-18 21:00:00,256.91
2022-06-18 22:00:00,207.07
2022-06-18 23:00:00,190.0
2022-06-19 00:00:00,165.52
2022-06-19 01:00:00,139.8
2022-06-19 02:00:00,120.6
2022-06-19 03:00:00,112.7
2022-06-19 04:00:00,112.7
2022-06-19 05:00:00,119.31
2022-06-19 06:00:00,107.18
2022-06-19 07:00:00,95.5
2022-06-19 08:00:00,94.15
2022-06-19 09:00:00,112.47
2022-06-19 10:00:00,133.73
2022-06-19 11:00:00,104.31
2022-06-19 12:00:00,105.92
2022-06-19 13:00:00,109.49
2022-06-19 14:00:00,107.45
2022-06-19 15:00:00,160.37
2022-06-19 16:00:00,240.42
2022-06-19 17:00:00,265.87
2022-06-19 18:00:00,283.41
2022-06-19 19:00:00,294.29
2022-06-19 20:00:00,306.93
2022-06-19 21:00:00,281.1
2022-06-19 22:00:00,240.22
2022-06-19 23:00:00,220.39
2022-06-20 00:00:00,218.9
2022-06-20 01:00:00,220.1
2022-06-20 02:00:00,213.2
2022-06-20 03:00:00,263.27
2022-06-20 04:00:00,301.67
2022-06-20 05:00:00,366.31
2022-06-20 06:00:00,429.19
2022-06-20 07:00:00,331.24
2022-06-20 08:00:00,329.91
2022-06-20 09:00:00,338.73
2022-06-20 10:00:00,325.0
2022-06-20 11:00:00,308.5
2022-06-20 12:00:00,341.19
2022-06-20 13:00:00,319.71
2022-06-20 14:00:00,317.1
2022-06-20 15:00:00,305.15
2022-06-20 16:00:00,314.44
2022-06-20 17:00:00,333.99
2022-06-20 18:00:00,324.61
2022-06-20 19:00:00,319.27
2022-06-20 20:00:00,311.19
2022-06-20 21:00:00,301.6
2022-06-20 22:00:00,279.3
2022-06-20 23:00:00,264.7
2022-06-21 00:00:00,239.49
2022-06-21 01:00:00,228.1
2022-06-21 02:00:00,223.11
2022-06-21 03:00:00,233.35
2022-06-21 04:00:00,297.61
2022-06-21 05:00:00,338.9
2022-06-21 06:00:00,368.04
2022-06-21 07:00:00,388.0
2022-06-21 08:00:00,390.0
2022-06-21 09:00:00,373.21
2022-06-21 10:00:00,398.62
2022-06-21 11:00:00,396.0
2022-06-21 12:00:00,418.75
2022-06-21 13:00:00,418.63
2022-06-21 14:00:00,409.92
2022-06-21 15:00:00,412.76
2022-06-21 16:00:00,400.0
2022-06-21 17:00:00,450.0
2022-06-21 18:00:00,457.82
2022-06-21 19:00:00,410.0
2022-06-21 20:00:00,373.0
2022-06-21 21:00:00,327.34
2022-06-21 22:00:00,300.0
2022-06-21 23:00:00,290.01
2022-06-22 00:00:00,275.6
2022-06-22 01:00:00,251.38
2022-06-22 02:00:00,255.02
2022-06-22 03:00:00,283.44
2022-06-22 04:00:00,330.53
2022-06-22 05:00:00,426.78
2022-06-22 06:00:00,467.5
2022-06-22 07:00:00,447.92
2022-06-22 08:00:00,437.42
2022-06-22 09:00:00,454.97
2022-06-22 10:00:00,406.78
2022-06-22 11:00:00,403.52
2022-06-22 12:00:00,440.08
2022-06-22 13:00:00,421.15
2022-06-22 14:00:00,410.64
2022-06-22 15:00:00,405.81
2022-06-22 16:00:00,412.02
2022-06-22 17:00:00,450.1
2022-06-22 18:00:00,441.5
2022-06-22 19:00:00,399.3
2022-06-22 20:00:00,390.0
2022-06-22 21:00:00,394.0
2022-06-22 22:00:00,297.07
2022-06-22 23:00:00,288.7
2022-06-23 00:00:00,278.47
2022-06-23 01:00:00,245.82
2022-06-23 02:00:00,255.08
2022-06-23 03:00:00,279.68
2022-06-23 04:00:00,336.1
2022-06-23 05:00:00,371.13
2022-06-23 06:00:00,380.57
2022-06-23 07:00:00,382.91
2022-06-23 08:00:00,363.95
2022-06-23 09:00:00,374.97
2022-06-23 10:00:00,363.96
2022-06-23 11:00:00,375.32
2022-06-23 12:00:00,376.08
2022-06-23 13:00:00,357.87
2022-06-23 14:00:00,351.91
2022-06-23 15:00:00,375.67
2022-06-23 16:00:00,383.55
2022-06-23 17:00:00,430.0
2022-06-23 18:00:00,413.99
2022-06-23 19:00:00,373.22
2022-06-23 20:00:00,405.52
2022-06-23 21:00:00,400.0
2022-06-23 22:00:00,315.5
2022-06-23 23:00:00,300.42
2022-06-24 00:00:00,271.2
2022-06-24 01:00:00,241.81
2022-06-24 02:00:00,250.95
2022-06-24 03:00:00,257.41
2022-06-24 04:00:00,303.21
2022-06-24 05:00:00,335.39
2022-06-24 06:00:00,346.32
2022-06-24 07:00:00,345.08
2022-06-24 08:00:00,338.9
2022-06-24 09:00:00,323.46
2022-06-24 10:00:00,321.83
2022-06-24 11:00:00,311.65
2022-06-24 12:00:00,292.08
2022-06-24 13:00:00,250.73
2022-06-24 14:00:00,251.33
2022-06-24 15:00:00,296.41
2022-06-24 16:00:00,322.0
2022-06-24 17:00:00,329.94
2022-06-24 18:00:00,335.2
2022-06-24 19:00:00,330.92
2022-06-24 20:00:00,320.0
2022-06-24 21:00:00,270.6
2022-06-24 22:00:00,262.27
2022-06-24 23:00:00,237.4
2022-06-25 00:00:00,214.91
2022-06-25 01:00:00,217.08
2022-06-25 02:00:00,203.88
2022-06-25 03:00:00,209.06
2022-06-25 04:00:00,226.73
2022-06-25 05:00:00,261.09
2022-06-25 06:00:00,269.03
2022-06-25 07:00:00,241.81
2022-06-25 08:00:00,251.74
2022-06-25 09:00:00,236.01
2022-06-25 10:00:00,239.56
2022-06-25 11:00:00,241.09
2022-06-25 12:00:00,257.07
2022-06-25 13:00:00,255.35
2022-06-25 14:00:00,254.71
2022-06-25 15:00:00,269.07
2022-06-25 16:00:00,271.57
2022-06-25 17:00:00,314.1
2022-06-25 18:00:00,327.17
2022-06-25 19:00:00,322.68
2022-06-25 20:00:00,324.02
2022-06-25 21:00:00,294.94
2022-06-25 22:00:00,288.91
2022-06-25 23:00:00,261.33
2022-06-26 00:00:00,232.25
2022-06-26 01:00:00,209.85
2022-06-26 02:00:00,199.2
2022-06-26 03:00:00,182.63
2022-06-26 04:00:00,176.47
2022-06-26 05:00:00,189.92
2022-06-26 06:00:00,204.17
2022-06-26 07:00:00,242.2
2022-06-26 08:00:00,235.64
2022-06-26 09:00:00,242.89
2022-06-26 10:00:00,266.5
2022-06-26 11:00:00,233.68
2022-06-26 12:00:00,223.57
2022-06-26 13:00:00,197.33
2022-06-26 14:00:00,197.22
2022-06-26 15:00:00,247.43
2022-06-26 16:00:00,296.14
2022-06-26 17:00:00,325.03
2022-06-26 18:00:00,334.48
2022-06-26 19:00:00,337.63
2022-06-26 20:00:00,336.82
2022-06-26 21:00:00,316.27
2022-06-26 22:00:00,296.25
2022-06-26 23:00:00,268.15
2022-06-27 00:00:00,272.27
2022-06-27 01:00:00,260.27
2022-06-27 02:00:00,258.92
2022-06-27 03:00:00,270.16
2022-06-27 04:00:00,330.89
2022-06-27 05:00:00,357.94
2022-06-27 06:00:00,371.07
2022-06-27 07:00:00,348.38
2022-06-27 08:00:00,332.54
2022-06-27 09:00:00,333.99
2022-06-27 10:00:00,343.73
2022-06-27 11:00:00,344.57
2022-06-27 12:00:00,355.0
2022-06-27 13:00:00,347.51
2022-06-27 14:00:00,337.4
2022-06-27 15:00:00,337.64
2022-06-27 16:00:00,363.02
2022-06-27 17:00:00,398.59
2022-06-27 18:00:00,391.18
2022-06-27 19:00:00,375.64
2022-06-27 20:00:00,372.17
2022-06-27 21:00:00,354.81
2022-06-27 22:00:00,317.05
2022-06-27 23:00:00,301.3
2022-06-28 00:00:00,298.46
2022-06-28 01:00:00,261.0
2022-06-28 02:00:00,269.93
2022-06-28 03:00:00,282.41
2022-06-28 04:00:00,348.95
2022-06-28 05:00:00,379.91
2022-06-28 06:00:00,388.74
2022-06-28 07:00:00,371.2
2022-06-28 08:00:00,355.4
2022-06-28 09:00:00,375.02
2022-06-28 10:00:00,416.06
2022-06-28 11:00:00,420.9
2022-06-28 12:00:00,408.7
2022-06-28 13:00:00,363.32
2022-06-28 14:00:00,361.68
2022-06-28 15:00:00,367.03
2022-06-28 16:00:00,410.89
2022-06-28 17:00:00,470.9
2022-06-28 18:00:00,453.14
2022-06-28 19:00:00,410.92
2022-06-28 20:00:00,396.38
2022-06-28 21:00:00,364.38
2022-06-28 22:00:00,322.23
2022-06-28 23:00:00,302.5
2022-06-29 00:00:00,285.34
2022-06-29 01:00:00,278.82
2022-06-29 02:00:00,278.54
2022-06-29 03:00:00,280.52
2022-06-29 04:00:00,315.73
2022-06-29 05:00:00,350.85
2022-06-29 06:00:00,367.11
2022-06-29 07:00:00,358.76
2022-06-29 08:00:00,349.06
2022-06-29 09:00:00,355.2
2022-06-29 10:00:00,331.96
2022-06-29 11:00:00,322.3
2022-06-29 12:00:00,325.0
2022-06-29 13:00:00,332.98
2022-06-29 14:00:00,333.43
2022-06-29 15:00:00,352.91
2022-06-29 16:00:00,369.95
2022-06-29 17:00:00,390.9
2022-06-29 18:00:00,390.0
2022-06-29 19:00:00,366.9
2022-06-29 20:00:00,353.74
2022-06-29 21:00:00,331.04
2022-06-29 22:00:00,325.0
2022-06-29 23:00:00,311.32
2022-06-30 00:00:00,298.03
2022-06-30 01:00:00,283.14
2022-06-30 02:00:00,271.79
2022-06-30 03:00:00,285.28
2022-06-30 04:00:00,339.77
2022-06-30 05:00:00,369.89
2022-06-30 06:00:00,379.63
2022-06-30 07:00:00,365.73
2022-06-30 08:00:00,356.3
2022-06-30 09:00:00,358.64
2022-06-30 10:00:00,358.19
2022-06-30 11:00:00,405.0
2022-06-30 12:00:00,415.38
2022-06-30 13:00:00,375.1
2022-06-30 14:00:00,366.35
2022-06-30 15:00:00,372.44
2022-06-30 16:00:00,409.41
2022-06-30 17:00:00,479.0
2022-06-30 18:00:00,450.0
2022-06-30 19:00:00,394.21
2022-06-30 20:00:00,367.95
2022-06-30 21:00:00,351.96
2022-06-30 22:00:00,354.99
2022-06-30 23:00:00,311.96
2022-07-01 00:00:00,306.24
2022-07-01 01:00:00,266.32
2022-07-01 02:00:00,265.65
2022-07-01 03:00:00,282.13
2022-07-01 04:00:00,355.19
2022-07-01 05:00:00,378.85
2022-07-01 06:00:00,385.19
2022-07-01 07:00:00,378.0
2022-07-01 08:00:00,399.31
2022-07-01 09:00:00,379.68
2022-07-01 10:00:00,363.78
2022-07-01 11:00:00,352.78
2022-07-01 12:00:00,353.28
2022-07-01 13:00:00,313.79
2022-07-01 14:00:00,291.77
2022-07-01 15:00:00,298.76
2022-07-01 16:00:00,322.06
2022-07-01 17:00:00,348.08
2022-07-01 18:00:00,361.26
2022-07-01 19:00:00,401.65
2022-07-01 20:00:00,385.0
2022-07-01 21:00:00,380.0
2022-07-01 22:00:00,285.72
2022-07-01 23:00:00,255.0
2022-07-02 00:00:00,237.2
2022-07-02 01:00:00,230.71
2022-07-02 02:00:00,222.31
2022-07-02 03:00:00,214.2
2022-07-02 04:00:00,233.84
2022-07-02 05:00:00,244.56
2022-07-02 06:00:00,232.39
2022-07-02 07:00:00,264.64
2022-07-02 08:00:00,274.0
2022-07-02 09:00:00,240.38
2022-07-02 10:00:00,273.27
2022-07-02 11:00:00,235.29
2022-07-02 12:00:00,253.15
2022-07-02 13:00:00,213.71
2022-07-02 14:00:00,210.59
2022-07-02 15:00:00,240.43
2022-07-02 16:00:00,285.03
2022-07-02 17:00:00,350.0
2022-07-02 18:00:00,362.85
2022-07-02 19:00:00,359.96
2022-07-02 20:00:00,353.44
2022-07-02 21:00:00,302.17
2022-07-02 22:00:00,270.08
2022-07-02 23:00:00,244.9
2022-07-03 00:00:00,199.08
2022-07-03 01:00:00,195.6
2022-07-03 02:00:00,185.6
2022-07-03 03:00:00,182.71
2022-07-03 04:00:00,176.71
2022-07-03 05:00:00,192.31
2022-07-03 06:00:00,185.07
2022-07-03 07:00:00,170.26
2022-07-03 08:00:00,128.2
2022-07-03 09:00:00,146.77
2022-07-03 10:00:00,205.66
2022-07-03 11:00:00,127.25
2022-07-03 12:00:00,122.94
2022-07-03 13:00:00,142.23
2022-07-03 14:00:00,123.8
2022-07-03 15:00:00,212.21
2022-07-03 16:00:00,272.77
2022-07-03 17:00:00,327.0
2022-07-03 18:00:00,340.1
2022-07-03 19:00:00,348.43
2022-07-03 20:00:00,348.45
2022-07-03 21:00:00,333.06
2022-07-03 22:00:00,319.65
2022-07-03 23:00:00,277.83
2022-07-04 00:00:00,265.04
2022-07-04 01:00:00,254.35
2022-07-04 02:00:00,258.08
2022-07-04 03:00:00,302.44
2022-07-04 04:00:00,361.88
2022-07-04 05:00:00,376.0
2022-07-04 06:00:00,385.17
2022-07-04 07:00:00,366.0
2022-07-04 08:00:00,370.52
2022-07-04 09:00:00,388.11
2022-07-04 10:00:00,401.9
2022-07-04 11:00:00,406.58
2022-07-04 12:00:00,431.8
2022-07-04 13:00:00,461.74
2022-07-04 14:00:00,391.31
2022-07-04 15:00:00,434.0
2022-07-04 16:00:00,406.88
2022-07-04 17:00:00,413.76
2022-07-04 18:00:00,406.71
2022-07-04 19:00:00,389.4
2022-07-04 20:00:00,398.1
2022-07-04 21:00:00,399.7
2022-07-04 22:00:00,359.96
2022-07-04 23:00:00,319.62
2022-07-05 00:00:00,309.73
2022-07-05 01:00:00,301.7
2022-07-05 02:00:00,300.16
2022-07-05 03:00:00,324.82
2022-07-05 04:00:00,380.47
2022-07-05 05:00:00,412.59
2022-07-05 06:00:00,429.91
2022-07-05 07:00:00,450.0
2022-07-05 08:00:00,433.02
2022-07-05 09:00:00,394.52
2022-07-05 10:00:00,388.85
2022-07-05 11:00:00,385.06
2022-07-05 12:00:00,386.2
2022-07-05 13:00:00,381.71
2022-07-05 14:00:00,364.89
2022-07-05 15:00:00,337.67
2022-07-05 16:00:00,362.65
2022-07-05 17:00:00,390.62
2022-07-05 18:00:00,389.6
2022-07-05 19:00:00,370.84
2022-07-05 20:00:00,381.78
2022-07-05 21:00:00,362.08
2022-07-05 22:00:00,351.39
2022-07-05 23:00:00,314.2
2022-07-06 00:00:00,309.33
2022-07-06 01:00:00,280.29
2022-07-06 02:00:00,299.42
2022-07-06 03:00:00,322.79
2022-07-06 04:00:00,389.83
2022-07-06 05:00:00,413.89
2022-07-06 06:00:00,421.5
2022-07-06 07:00:00,409.52
2022-07-06 08:00:00,394.26
2022-07-06 09:00:00,431.72
2022-07-06 10:00:00,423.08
2022-07-06 11:00:00,422.58
2022-07-06 12:00:00,435.41
2022-07-06 13:00:00,438.85
2022-07-06 14:00:00,386.9
2022-07-06 15:00:00,391.18
2022-07-06 16:00:00,404.02
2022-07-06 17:00:00,414.41
2022-07-06 18:00:00,419.09
2022-07-06 19:00:00,393.81
2022-07-06 20:00:00,433.59
2022-07-06 21:00:00,427.42
2022-07-06 22:00:00,430.16
2022-07-06 23:00:00,378.09
2022-07-07 00:00:00,371.59
2022-07-07 01:00:00,302.81
2022-07-07 02:00:00,293.93
2022-07-07 03:00:00,303.08
2022-07-07 04:00:00,350.8
2022-07-07 05:00:00,396.45
2022-07-07 06:00:00,424.03
2022-07-07 07:00:00,414.81
2022-07-07 08:00:00,396.87
2022-07-07 09:00:00,396.74
2022-07-07 10:00:00,391.54
2022-07-07 11:00:00,390.0
2022-07-07 12:00:00,394.89
2022-07-07 13:00:00,376.12
2022-07-07 14:00:00,330.38
2022-07-07 15:00:00,358.43
2022-07-07 16:00:00,418.94
2022-07-07 17:00:00,413.65
2022-07-07 18:00:00,403.61
2022-07-07 19:00:00,406.18
2022-07-07 20:00:00,414.0
2022-07-07 21:00:00,405.91
2022-07-07 22:00:00,408.79
2022-07-07 23:00:00,363.55
2022-07-08 00:00:00,363.75
2022-07-08 01:00:00,321.44
2022-07-08 02:00:00,298.82
2022-07-08 03:00:00,341.75
2022-07-08 04:00:00,412.36
2022-07-08 05:00:00,480.0
2022-07-08 06:00:00,458.52
2022-07-08 07:00:00,464.81
2022-07-08 08:00:00,431.44
2022-07-08 09:00:00,430.06
2022-07-08 10:00:00,417.64
2022-07-08 11:00:00,416.76
2022-07-08 12:00:00,435.42
2022-07-08 13:00:00,393.22
2022-07-08 14:00:00,379.93
2022-07-08 15:00:00,365.9
2022-07-08 16:00:00,440.96
2022-07-08 17:00:00,458.39
2022-07-08 18:00:00,461.38
2022-07-08 19:00:00,441.77
2022-07-08 20:00:00,446.86
2022-07-08 21:00:00,429.19
2022-07-08 22:00:00,350.0
2022-07-08 23:00:00,300.55
2022-07-09 00:00:00,375.76
2022-07-09 01:00:00,361.51
2022-07-09 02:00:00,340.5
2022-07-09 03:00:00,353.05
2022-07-09 04:00:00,254.13
2022-07-09 05:00:00,306.96
2022-07-09 06:00:00,259.17
2022-07-09 07:00:00,381.69
2022-07-09 08:00:00,347.96
2022-07-09 09:00:00,316.8
2022-07-09 10:00:00,352.9
2022-07-09 11:00:00,312.1
2022-07-09 12:00:00,300.0
2022-07-09 13:00:00,302.88
2022-07-09 14:00:00,311.62
2022-07-09 15:00:00,355.98
2022-07-09 16:00:00,282.38
2022-07-09 17:00:00,373.7
2022-07-09 18:00:00,358.86
2022-07-09 19:00:00,322.1
2022-07-09 20:00:00,392.71
2022-07-09 21:00:00,376.85
2022-07-09 22:00:00,299.89
2022-07-09 23:00:00,251.07
2022-07-10 00:00:00,254.1
2022-07-10 01:00:00,176.5
2022-07-10 02:00:00,176.47
2022-07-10 03:00:00,162.06
2022-07-10 04:00:00,172.95
2022-07-10 05:00:00,185.49
2022-07-10 06:00:00,154.73
2022-07-10 07:00:00,151.82
2022-07-10 08:00:00,159.17
2022-07-10 09:00:00,166.61
2022-07-10 10:00:00,176.67
2022-07-10 11:00:00,148.92
2022-07-10 12:00:00,130.96
2022-07-10 13:00:00,136.99
2022-07-10 14:00:00,151.58
2022-07-10 15:00:00,192.8
2022-07-10 16:00:00,305.65
2022-07-10 17:00:00,322.13
2022-07-10 18:00:00,369.9
2022-07-10 19:00:00,378.07
2022-07-10 20:00:00,390.45
2022-07-10 21:00:00,371.26
2022-07-10 22:00:00,320.08
2022-07-10 23:00:00,277.98
2022-07-11 00:00:00,275.74
2022-07-11 01:00:00,269.06
2022-07-11 02:00:00,271.92
2022-07-11 03:00:00,298.0
2022-07-11 04:00:00,395.95
2022-07-11 05:00:00,415.08
2022-07-11 06:00:00,433.97
2022-07-11 07:00:00,416.32
2022-07-11 08:00:00,404.95
2022-07-11 09:00:00,396.9
2022-07-11 10:00:00,401.04
2022-07-11 11:00:00,375.05
2022-07-11 12:00:00,393.23
2022-07-11 13:00:00,402.02
2022-07-11 14:00:00,373.58
2022-07-11 15:00:00,417.69
2022-07-11 16:00:00,430.69
2022-07-11 17:00:00,458.03
2022-07-11 18:00:00,469.9
2022-07-11 19:00:00,452.12
2022-07-11 20:00:00,450.05
2022-07-11 21:00:00,419.15
2022-07-11 22:00:00,395.49
2022-07-11 23:00:00,349.57
2022-07-12 00:00:00,330.04
2022-07-12 01:00:00,331.5
2022-07-12 02:00:00,334.34
2022-07-12 03:00:00,362.1
2022-07-12 04:00:00,419.64
2022-07-12 05:00:00,453.66
2022-07-12 06:00:00,448.9
2022-07-12 07:00:00,456.54
2022-07-12 08:00:00,456.54
2022-07-12 09:00:00,434.48
2022-07-12 10:00:00,456.54
2022-07-12 11:00:00,463.0
2022-07-12 12:00:00,430.87
2022-07-12 13:00:00,429.2
2022-07-12 14:00:00,459.3
2022-07-12 15:00:00,423.57
2022-07-12 16:00:00,485.5
2022-07-12 17:00:00,513.59
2022-07-12 18:00:00,509.0
2022-07-12 19:00:00,480.0
2022-07-12 20:00:00,500.0
2022-07-12 21:00:00,454.85
2022-07-12 22:00:00,416.05
2022-07-12 23:00:00,365.61
2022-07-13 00:00:00,351.15
2022-07-13 01:00:00,355.79
2022-07-13 02:00:00,325.04
2022-07-13 03:00:00,332.22
2022-07-13 04:00:00,411.97
2022-07-13 05:00:00,435.0
2022-07-13 06:00:00,466.67
2022-07-13 07:00:00,495.0
2022-07-13 08:00:00,490.0
2022-07-13 09:00:00,495.0
2022-07-13 10:00:00,445.38
2022-07-13 11:00:00,447.7
2022-07-13 12:00:00,495.0
2022-07-13 13:00:00,476.92
2022-07-13 14:00:00,489.0
2022-07-13 15:00:00,485.72
2022-07-13 16:00:00,529.0
2022-07-13 17:00:00,508.39
2022-07-13 18:00:00,486.55
2022-07-13 19:00:00,480.06
2022-07-13 20:00:00,481.78
2022-07-13 21:00:00,461.92
2022-07-13 22:00:00,425.91
2022-07-13 23:00:00,378.06
2022-07-14 00:00:00,345.47
2022-07-14 01:00:00,334.1
2022-07-14 02:00:00,335.01
2022-07-14 03:00:00,371.63
2022-07-14 04:00:00,421.32
2022-07-14 05:00:00,433.31
2022-07-14 06:00:00,434.07
2022-07-14 07:00:00,419.94
2022-07-14 08:00:00,379.9
2022-07-14 09:00:00,389.71
2022-07-14 10:00:00,422.4
2022-07-14 11:00:00,385.88
2022-07-14 12:00:00,332.6
2022-07-14 13:00:00,288.67
2022-07-14 14:00:00,297.56
2022-07-14 15:00:00,356.42
2022-07-14 16:00:00,403.64
2022-07-14 17:00:00,425.14
2022-07-14 18:00:00,438.43
2022-07-14 19:00:00,436.13
2022-07-14 20:00:00,426.03
2022-07-14 21:00:00,400.04
2022-07-14 22:00:00,350.0
2022-07-14 23:00:00,320.07
2022-07-15 00:00:00,308.18
2022-07-15 01:00:00,305.01
2022-07-15 02:00:00,307.55
2022-07-15 03:00:00,330.0
2022-07-15 04:00:00,404.9
2022-07-15 05:00:00,429.92
2022-07-15 06:00:00,418.8
2022-07-15 07:00:00,425.05
2022-07-15 08:00:00,433.21
2022-07-15 09:00:00,433.21
2022-07-15 10:00:00,428.48
2022-07-15 11:00:00,428.48
2022-07-15 12:00:00,444.45
2022-07-15 13:00:00,433.55
2022-07-15 14:00:00,379.05
2022-07-15 15:00:00,391.55
2022-07-15 16:00:00,410.0
2022-07-15 17:00:00,425.05
2022-07-15 18:00:00,433.17
2022-07-15 19:00:00,434.03
2022-07-15 20:00:00,432.89
2022-07-15 21:00:00,433.21
2022-07-15 22:00:00,384.91
2022-07-15 23:00:00,349.96
2022-07-16 00:00:00,336.48
2022-07-16 01:00:00,353.67
2022-07-16 02:00:00,331.32
2022-07-16 03:00:00,312.28
2022-07-16 04:00:00,332.98
2022-07-16 05:00:00,333.37
2022-07-16 06:00:00,300.78
2022-07-16 07:00:00,312.78
2022-07-16 08:00:00,282.74
2022-07-16 09:00:00,314.5
2022-07-16 10:00:00,336.82
2022-07-16 11:00:00,277.8
2022-07-16 12:00:00,274.39
2022-07-16 13:00:00,261.1
2022-07-16 14:00:00,270.11
2022-07-16 15:00:00,215.9
2022-07-16 16:00:00,349.84
2022-07-16 17:00:00,378.91
2022-07-16 18:00:00,341.56
2022-07-16 19:00:00,345.59
2022-07-16 20:00:00,357.55
2022-07-16 21:00:00,331.77
2022-07-16 22:00:00,290.06
2022-07-16 23:00:00,240.8
2022-07-17 00:00:00,198.77
2022-07-17 01:00:00,190.63
2022-07-17 02:00:00,191.51
2022-07-17 03:00:00,195.28
2022-07-17 04:00:00,201.72
2022-07-17 05:00:00,191.9
2022-07-17 06:00:00,189.51
2022-07-17 07:00:00,179.62
2022-07-17 08:00:00,147.72
2022-07-17 09:00:00,145.08
2022-07-17 10:00:00,150.3
2022-07-17 11:00:00,115.69
2022-07-17 12:00:00,109.89
2022-07-17 13:00:00,100.71
2022-07-17 14:00:00,132.35
2022-07-17 15:00:00,219.89
2022-07-17 16:00:00,344.42
2022-07-17 17:00:00,444.99
2022-07-17 18:00:00,456.91
2022-07-17 19:00:00,434.95
2022-07-17 20:00:00,464.99
2022-07-17 21:00:00,419.45
2022-07-17 22:00:00,389.77
2022-07-17 23:00:00,328.49
2022-07-18 00:00:00,299.23
2022-07-18 01:00:00,282.44
2022-07-18 02:00:00,286.03
2022-07-18 03:00:00,306.53
2022-07-18 04:00:00,392.99
2022-07-18 05:00:00,424.94
2022-07-18 06:00:00,481.09
2022-07-18 07:00:00,449.71
2022-07-18 08:00:00,506.3
2022-07-18 09:00:00,544.6
2022-07-18 10:00:00,560.1
2022-07-18 11:00:00,550.0
2022-07-18 12:00:00,570.0
2022-07-18 13:00:00,625.42
2022-07-18 14:00:00,541.7
2022-07-18 15:00:00,550.0
2022-07-18 16:00:00,606.13
2022-07-18 17:00:00,686.53
2022-07-18 18:00:00,681.99
2022-07-18 19:00:00,600.0
2022-07-18 20:00:00,530.13
2022-07-18 21:00:00,469.86
2022-07-18 22:00:00,402.46
2022-07-18 23:00:00,368.99
2022-07-19 00:00:00,341.09
2022-07-19 01:00:00,325.24
2022-07-19 02:00:00,318.72
2022-07-19 03:00:00,350.98
2022-07-19 04:00:00,440.0
2022-07-19 05:00:00,488.94
2022-07-19 06:00:00,543.57
2022-07-19 07:00:00,544.02
2022-07-19 08:00:00,552.67
2022-07-19 09:00:00,600.03
2022-07-19 10:00:00,570.0
2022-07-19 11:00:00,570.0
2022-07-19 12:00:00,615.51
2022-07-19 13:00:00,600.0
2022-07-19 14:00:00,554.89
2022-07-19 15:00:00,602.41
2022-07-19 16:00:00,650.0
2022-07-19 17:00:00,650.0
2022-07-19 18:00:00,650.0
2022-07-19 19:00:00,578.1
2022-07-19 20:00:00,576.29
2022-07-19 21:00:00,617.18
2022-07-19 22:00:00,409.99
2022-07-19 23:00:00,385.67
2022-07-20 00:00:00,383.39
2022-07-20 01:00:00,370.13
2022-07-20 02:00:00,314.99
2022-07-20 03:00:00,376.18
2022-07-20 04:00:00,434.99
2022-07-20 05:00:00,550.0
2022-07-20 06:00:00,809.11
2022-07-20 07:00:00,820.87
2022-07-20 08:00:00,730.02
2022-07-20 09:00:00,710.0
2022-07-20 10:00:00,708.91
2022-07-20 11:00:00,704.6
2022-07-20 12:00:00,704.6
2022-07-20 13:00:00,662.92
2022-07-20 14:00:00,644.39
2022-07-20 15:00:00,614.15
2022-07-20 16:00:00,631.14
2022-07-20 17:00:00,651.0
2022-07-20 18:00:00,650.0
2022-07-20 19:00:00,634.34
2022-07-20 20:00:00,620.0
2022-07-20 21:00:00,620.0
2022-07-20 22:00:00,484.89
2022-07-20 23:00:00,406.69
2022-07-21 00:00:00,385.07
2022-07-21 01:00:00,345.07
2022-07-21 02:00:00,350.66
2022-07-21 03:00:00,367.74
2022-07-21 04:00:00,448.76
2022-07-21 05:00:00,546.94
2022-07-21 06:00:00,598.04
2022-07-21 07:00:00,689.0
2022-07-21 08:00:00,590.6
2022-07-21 09:00:00,510.21
2022-07-21 10:00:00,590.24
2022-07-21 11:00:00,518.39
2022-07-21 12:00:00,583.97
2022-07-21 13:00:00,693.86
2022-07-21 14:00:00,693.34
2022-07-21 15:00:00,619.87
2022-07-21 16:00:00,617.43
2022-07-21 17:00:00,651.0
2022-07-21 18:00:00,650.0
2022-07-21 19:00:00,630.74
2022-07-21 20:00:00,650.0
2022-07-21 21:00:00,706.1
2022-07-21 22:00:00,429.99
2022-07-21 23:00:00,371.12
2022-07-22 00:00:00,356.16
2022-07-22 01:00:00,337.33
2022-07-22 02:00:00,331.01
2022-07-22 03:00:00,356.16
2022-07-22 04:00:00,415.31
2022-07-22 05:00:00,484.04
2022-07-22 06:00:00,504.81
2022-07-22 07:00:00,506.37
2022-07-22 08:00:00,409.82
2022-07-22 09:00:00,398.39
2022-07-22 10:00:00,448.67
2022-07-22 11:00:00,652.0
2022-07-22 12:00:00,720.52
2022-07-22 13:00:00,653.23
2022-07-22 14:00:00,552.06
2022-07-22 15:00:00,554.8
2022-07-22 16:00:00,504.28
2022-07-22 17:00:00,602.2
2022-07-22 18:00:00,587.5
2022-07-22 19:00:00,636.51
2022-07-22 20:00:00,550.0
2022-07-22 21:00:00,494.5
2022-07-22 22:00:00,392.9
2022-07-22 23:00:00,344.67
2022-07-23 00:00:00,351.99
2022-07-23 01:00:00,337.01
2022-07-23 02:00:00,332.04
2022-07-23 03:00:00,331.27
2022-07-23 04:00:00,337.03
2022-07-23 05:00:00,333.12
2022-07-23 06:00:00,343.78
2022-07-23 07:00:00,352.52
2022-07-23 08:00:00,347.64
2022-07-23 09:00:00,333.9
2022-07-23 10:00:00,373.18
2022-07-23 11:00:00,304.37
2022-07-23 12:00:00,245.14
2022-07-23 13:00:00,244.3
2022-07-23 14:00:00,274.16
2022-07-23 15:00:00,317.38
2022-07-23 16:00:00,357.21
2022-07-23 17:00:00,381.26
2022-07-23 18:00:00,435.43
2022-07-23 19:00:00,415.58
2022-07-23 20:00:00,432.19
2022-07-23 21:00:00,441.61
2022-07-23 22:00:00,393.26
2022-07-23 23:00:00,379.24
2022-07-24 00:00:00,355.06
2022-07-24 01:00:00,331.0
2022-07-24 02:00:00,316.18
2022-07-24 03:00:00,302.82
2022-07-24 04:00:00,272.76
2022-07-24 05:00:00,260.93
2022-07-24 06:00:00,225.08
2022-07-24 07:00:00,269.07
2022-07-24 08:00:00,275.51
2022-07-24 09:00:00,245.99
2022-07-24 10:00:00,330.08
2022-07-24 11:00:00,295.88
2022-07-24 12:00:00,245.96
2022-07-24 13:00:00,258.67
2022-07-24 14:00:00,271.96
2022-07-24 15:00:00,282.96
2022-07-24 16:00:00,372.94
2022-07-24 17:00:00,432.82
2022-07-24 18:00:00,508.13
2022-07-24 19:00:00,484.18
2022-07-24 20:00:00,490.96
2022-07-24 21:00:00,417.71
2022-07-24 22:00:00,346.4
2022-07-24 23:00:00,276.76
2022-07-25 00:00:00,287.83
2022-07-25 01:00:00,266.03
2022-07-25 02:00:00,261.71
2022-07-25 03:00:00,286.29
2022-07-25 04:00:00,375.08
2022-07-25 05:00:00,410.14
2022-07-25 06:00:00,414.29
2022-07-25 07:00:00,390.07
2022-07-25 08:00:00,399.68
2022-07-25 09:00:00,412.58
2022-07-25 10:00:00,377.55
2022-07-25 11:00:00,414.52
2022-07-25 12:00:00,382.81
2022-07-25 13:00:00,351.11
2022-07-25 14:00:00,366.01
2022-07-25 15:00:00,375.47
2022-07-25 16:00:00,424.38
2022-07-25 17:00:00,432.3
2022-07-25 18:00:00,430.74
2022-07-25 19:00:00,424.62
2022-07-25 20:00:00,430.77
2022-07-25 21:00:00,415.94
2022-07-25 22:00:00,401.9
2022-07-25 23:00:00,371.02
2022-07-26 00:00:00,368.6
2022-07-26 01:00:00,364.07
2022-07-26 02:00:00,345.27
2022-07-26 03:00:00,371.02
2022-07-26 04:00:00,430.01
2022-07-26 05:00:00,555.0
2022-07-26 06:00:00,650.0
2022-07-26 07:00:00,650.0
2022-07-26 08:00:00,604.06
2022-07-26 09:00:00,650.0
2022-07-26 10:00:00,650.0
2022-07-26 11:00:00,482.64
2022-07-26 12:00:00,651.0
2022-07-26 13:00:00,650.0
2022-07-26 14:00:00,512.29
2022-07-26 15:00:00,511.63
2022-07-26 16:00:00,650.0
2022-07-26 17:00:00,651.0
2022-07-26 18:00:00,614.73
2022-07-26 19:00:00,546.18
2022-07-26 20:00:00,527.29
2022-07-26 21:00:00,566.36
2022-07-26 22:00:00,442.42
2022-07-26 23:00:00,411.02
2022-07-27 00:00:00,403.87
2022-07-27 01:00:00,381.12
2022-07-27 02:00:00,378.13
2022-07-27 03:00:00,405.61
2022-07-27 04:00:00,460.0
2022-07-27 05:00:00,503.41
2022-07-27 06:00:00,633.7
2022-07-27 07:00:00,613.53
2022-07-27 08:00:00,600.03
2022-07-27 09:00:00,643.02
2022-07-27 10:00:00,528.52
2022-07-27 11:00:00,500.0
2022-07-27 12:00:00,538.54
2022-07-27 13:00:00,520.07
2022-07-27 14:00:00,498.47
2022-07-27 15:00:00,534.43
2022-07-27 16:00:00,650.0
2022-07-27 17:00:00,670.15
2022-07-27 18:00:00,650.0
2022-07-27 19:00:00,645.0
2022-07-27 20:00:00,599.28
2022-07-27 21:00:00,500.47
2022-07-27 22:00:00,437.79
2022-07-27 23:00:00,400.91
2022-07-28 00:00:00,399.97
2022-07-28 01:00:00,399.08
2022-07-28 02:00:00,399.97
2022-07-28 03:00:00,400.04
2022-07-28 04:00:00,501.17
2022-07-28 05:00:00,555.0
2022-07-28 06:00:00,587.17
2022-07-28 07:00:00,611.13
2022-07-28 08:00:00,532.73
2022-07-28 09:00:00,518.53
2022-07-28 10:00:00,575.21
2022-07-28 11:00:00,585.12
2022-07-28 12:00:00,554.57
2022-07-28 13:00:00,551.98
2022-07-28 14:00:00,522.71
2022-07-28 15:00:00,559.8
2022-07-28 16:00:00,650.0
2022-07-28 17:00:00,650.0
2022-07-28 18:00:00,650.0
2022-07-28 19:00:00,625.49
2022-07-28 20:00:00,592.51
2022-07-28 21:00:00,571.51
2022-07-28 22:00:00,486.07
2022-07-28 23:00:00,431.78
2022-07-29 00:00:00,400.51
2022-07-29 01:00:00,388.51
2022-07-29 02:00:00,374.83
2022-07-29 03:00:00,416.46
2022-07-29 04:00:00,463.16
2022-07-29 05:00:00,516.92
2022-07-29 06:00:00,533.53
2022-07-29 07:00:00,545.3
2022-07-29 08:00:00,530.23
2022-07-29 09:00:00,565.44
2022-07-29 10:00:00,567.92
2022-07-29 11:00:00,529.73
2022-07-29 12:00:00,553.26
2022-07-29 13:00:00,490.13
2022-07-29 14:00:00,524.53
2022-07-29 15:00:00,508.11
2022-07-29 16:00:00,528.27
2022-07-29 17:00:00,577.49
2022-07-29 18:00:00,508.71
2022-07-29 19:00:00,514.37
2022-07-29 20:00:00,525.73
2022-07-29 21:00:00,506.8
2022-07-29 22:00:00,425.0
2022-07-29 23:00:00,404.3
2022-07-30 00:00:00,405.0
2022-07-30 01:00:00,395.85
2022-07-30 02:00:00,377.06
2022-07-30 03:00:00,383.98
2022-07-30 04:00:00,406.78
2022-07-30 05:00:00,423.02
2022-07-30 06:00:00,412.72
2022-07-30 07:00:00,392.77
2022-07-30 08:00:00,365.58
2022-07-30 09:00:00,333.56
2022-07-30 10:00:00,357.96
2022-07-30 11:00:00,339.55
2022-07-30 12:00:00,317.43
2022-07-30 13:00:00,308.35
2022-07-30 14:00:00,331.35
2022-07-30 15:00:00,412.37
2022-07-30 16:00:00,427.28
2022-07-30 17:00:00,455.07
2022-07-30 18:00:00,469.3
2022-07-30 19:00:00,466.69
2022-07-30 20:00:00,479.81
2022-07-30 21:00:00,449.93
2022-07-30 22:00:00,382.79
2022-07-30 23:00:00,339.88
2022-07-31 00:00:00,300.1
2022-07-31 01:00:00,293.05
2022-07-31 02:00:00,271.3
2022-07-31 03:00:00,268.92
2022-07-31 04:00:00,261.03
2022-07-31 05:00:00,264.8
2022-07-31 06:00:00,300.01
2022-07-31 07:00:00,286.37
2022-07-31 08:00:00,261.1
2022-07-31 09:00:00,255.76
2022-07-31 10:00:00,263.08
2022-07-31 11:00:00,219.08
2022-07-31 12:00:00,208.74
2022-07-31 13:00:00,226.08
2022-07-31 14:00:00,252.07
2022-07-31 15:00:00,316.01
2022-07-31 16:00:00,394.79
2022-07-31 17:00:00,449.55
2022-07-31 18:00:00,452.95
2022-07-31 19:00:00,466.34
2022-07-31 20:00:00,483.93
2022-07-31 21:00:00,450.5
2022-07-31 22:00:00,385.06
2022-07-31 23:00:00,344.06
2022-08-01 00:00:00,338.81
2022-08-01 01:00:00,320.86
2022-08-01 02:00:00,329.72
2022-08-01 03:00:00,380.0
2022-08-01 04:00:00,429.66
2022-08-01 05:00:00,467.91
2022-08-01 06:00:00,474.9
2022-08-01 07:00:00,470.52
2022-08-01 08:00:00,456.95
2022-08-01 09:00:00,451.47
2022-08-01 10:00:00,439.3
2022-08-01 11:00:00,434.91
2022-08-01 12:00:00,448.64
2022-08-01 13:00:00,457.3
2022-08-01 14:00:00,457.3
2022-08-01 15:00:00,480.3
2022-08-01 16:00:00,504.0
2022-08-01 17:00:00,592.03
2022-08-01 18:00:00,592.0
2022-08-01 19:00:00,582.0
2022-08-01 20:00:00,544.14
2022-08-01 21:00:00,532.84
2022-08-01 22:00:00,440.98
2022-08-01 23:00:00,390.1
2022-08-02 00:00:00,382.1
2022-08-02 01:00:00,359.89
2022-08-02 02:00:00,352.69
2022-08-02 03:00:00,393.03
2022-08-02 04:00:00,457.04
2022-08-02 05:00:00,479.9
2022-08-02 06:00:00,478.9
2022-08-02 07:00:00,464.16
2022-08-02 08:00:00,446.55
2022-08-02 09:00:00,446.55
2022-08-02 10:00:00,441.99
2022-08-02 11:00:00,427.67
2022-08-02 12:00:00,457.46
2022-08-02 13:00:00,449.62
2022-08-02 14:00:00,436.25
2022-08-02 15:00:00,482.52
2022-08-02 16:00:00,575.4
2022-08-02 17:00:00,650.0
2022-08-02 18:00:00,650.0
2022-08-02 19:00:00,615.97
2022-08-02 20:00:00,558.53
2022-08-02 21:00:00,481.96
2022-08-02 22:00:00,487.65
2022-08-02 23:00:00,434.94
2022-08-03 00:00:00,427.98
2022-08-03 01:00:00,326.3
2022-08-03 02:00:00,329.96
2022-08-03 03:00:00,390.77
2022-08-03 04:00:00,455.07
2022-08-03 05:00:00,495.16
2022-08-03 06:00:00,559.58
2022-08-03 07:00:00,502.1
2022-08-03 08:00:00,486.34
2022-08-03 09:00:00,497.13
2022-08-03 10:00:00,499.08
2022-08-03 11:00:00,502.9
2022-08-03 12:00:00,504.63
2022-08-03 13:00:00,500.51
2022-08-03 14:00:00,543.17
2022-08-03 15:00:00,581.8
2022-08-03 16:00:00,650.0
2022-08-03 17:00:00,650.0
2022-08-03 18:00:00,650.0
2022-08-03 19:00:00,640.0
2022-08-03 20:00:00,570.03
2022-08-03 21:00:00,518.44
2022-08-03 22:00:00,450.3
2022-08-03 23:00:00,414.26
2022-08-04 00:00:00,375.07
2022-08-04 01:00:00,348.49
2022-08-04 02:00:00,345.3
2022-08-04 03:00:00,375.07
2022-08-04 04:00:00,452.27
2022-08-04 05:00:00,480.1
2022-08-04 06:00:00,501.76
2022-08-04 07:00:00,516.94
2022-08-04 08:00:00,499.5
2022-08-04 09:00:00,502.52
2022-08-04 10:00:00,519.58
2022-08-04 11:00:00,524.34
2022-08-04 12:00:00,524.34
2022-08-04 13:00:00,519.48
2022-08-04 14:00:00,456.03
2022-08-04 15:00:00,522.7
2022-08-04 16:00:00,552.83
2022-08-04 17:00:00,536.73
2022-08-04 18:00:00,508.63
2022-08-04 19:00:00,533.68
2022-08-04 20:00:00,546.85
2022-08-04 21:00:00,570.0
2022-08-04 22:00:00,409.31
2022-08-04 23:00:00,358.18
2022-08-05 00:00:00,337.64
2022-08-05 01:00:00,339.17
2022-08-05 02:00:00,338.52
2022-08-05 03:00:00,390.05
2022-08-05 04:00:00,449.91
2022-08-05 05:00:00,468.0
2022-08-05 06:00:00,483.91
2022-08-05 07:00:00,470.13
2022-08-05 08:00:00,437.01
2022-08-05 09:00:00,443.86
2022-08-05 10:00:00,469.99
2022-08-05 11:00:00,382.66
2022-08-05 12:00:00,470.11
2022-08-05 13:00:00,402.42
2022-08-05 14:00:00,328.95
2022-08-05 15:00:00,393.23
2022-08-05 16:00:00,385.0
2022-08-05 17:00:00,430.2
2022-08-05 18:00:00,429.67
2022-08-05 19:00:00,429.67
2022-08-05 20:00:00,429.67
2022-08-05 21:00:00,429.67
2022-08-05 22:00:00,361.76
2022-08-05 23:00:00,315.05
2022-08-06 00:00:00,308.59
2022-08-06 01:00:00,276.45
2022-08-06 02:00:00,267.76
2022-08-06 03:00:00,275.5
2022-08-06 04:00:00,290.83
2022-08-06 05:00:00,315.03
2022-08-06 06:00:00,309.56
2022-08-06 07:00:00,274.03
2022-08-06 08:00:00,256.57
2022-08-06 09:00:00,221.58
2022-08-06 10:00:00,222.78
2022-08-06 11:00:00,165.98
2022-08-06 12:00:00,153.25
2022-08-06 13:00:00,155.08
2022-08-06 14:00:00,195.17
2022-08-06 15:00:00,246.43
2022-08-06 16:00:00,319.79
2022-08-06 17:00:00,373.64
2022-08-06 18:00:00,397.44
2022-08-06 19:00:00,381.35
2022-08-06 20:00:00,369.08
2022-08-06 21:00:00,324.98
2022-08-06 22:00:00,277.89
2022-08-06 23:00:00,232.85
2022-08-07 00:00:00,218.28
2022-08-07 01:00:00,206.4
2022-08-07 02:00:00,200.47
2022-08-07 03:00:00,205.23
2022-08-07 04:00:00,205.0
2022-08-07 05:00:00,206.29
2022-08-07 06:00:00,162.27
2022-08-07 07:00:00,142.7
2022-08-07 08:00:00,100.0
2022-08-07 09:00:00,87.69
2022-08-07 10:00:00,86.82
2022-08-07 11:00:00,79.01
2022-08-07 12:00:00,76.57
2022-08-07 13:00:00,86.4
2022-08-07 14:00:00,102.8
2022-08-07 15:00:00,199.42
2022-08-07 16:00:00,301.67
2022-08-07 17:00:00,393.3
2022-08-07 18:00:00,421.99
2022-08-07 19:00:00,419.92
2022-08-07 20:00:00,401.86
2022-08-07 21:00:00,359.42
2022-08-07 22:00:00,310.08
2022-08-07 23:00:00,271.57
2022-08-08 00:00:00,272.22
2022-08-08 01:00:00,278.32
2022-08-08 02:00:00,272.8
2022-08-08 03:00:00,310.38
2022-08-08 04:00:00,363.41
2022-08-08 05:00:00,410.0
2022-08-08 06:00:00,414.68
2022-08-08 07:00:00,414.68
2022-08-08 08:00:00,339.44
2022-08-08 09:00:00,318.11
2022-08-08 10:00:00,311.55
2022-08-08 11:00:00,304.09
2022-08-08 12:00:00,308.07
2022-08-08 13:00:00,310.3
2022-08-08 14:00:00,329.86
2022-08-08 15:00:00,406.02
2022-08-08 16:00:00,439.82
2022-08-08 17:00:00,495.9
2022-08-08 18:00:00,493.77
2022-08-08 19:00:00,455.0
2022-08-08 20:00:00,429.15
2022-08-08 21:00:00,391.2
2022-08-08 22:00:00,330.76
2022-08-08 23:00:00,298.92
2022-08-09 00:00:00,298.95
2022-08-09 01:00:00,289.2
2022-08-09 02:00:00,295.75
2022-08-09 03:00:00,320.01
2022-08-09 04:00:00,382.92
2022-08-09 05:00:00,414.98
2022-08-09 06:00:00,426.22
2022-08-09 07:00:00,383.99
2022-08-09 08:00:00,310.09
2022-08-09 09:00:00,282.84
2022-08-09 10:00:00,296.27
2022-08-09 11:00:00,277.1
2022-08-09 12:00:00,284.29
2022-08-09 13:00:00,273.31
2022-08-09 14:00:00,290.39
2022-08-09 15:00:00,351.7
2022-08-09 16:00:00,419.39
2022-08-09 17:00:00,469.8
2022-08-09 18:00:00,469.72
2022-08-09 19:00:00,428.67
2022-08-09 20:00:00,406.45
2022-08-09 21:00:00,343.31
2022-08-09 22:00:00,297.01
2022-08-09 23:00:00,286.98
2022-08-10 00:00:00,298.71
2022-08-10 01:00:00,285.6
2022-08-10 02:00:00,283.33
2022-08-10 03:00:00,294.79
2022-08-10 04:00:00,316.93
2022-08-10 05:00:00,378.0
2022-08-10 06:00:00,395.51
2022-08-10 07:00:00,356.26
2022-08-10 08:00:00,302.9
2022-08-10 09:00:00,294.64
2022-08-10 10:00:00,284.62
2022-08-10 11:00:00,279.44
2022-08-10 12:00:00,273.81
2022-08-10 13:00:00,285.01
2022-08-10 14:00:00,303.1
2022-08-10 15:00:00,353.0
2022-08-10 16:00:00,409.93
2022-08-10 17:00:00,449.0
2022-08-10 18:00:00,454.73
2022-08-10 19:00:00,420.0
2022-08-10 20:00:00,406.84
2022-08-10 21:00:00,355.01
2022-08-10 22:00:00,309.92
2022-08-10 23:00:00,300.03
2022-08-11 00:00:00,310.0
2022-08-11 01:00:00,306.3
2022-08-11 02:00:00,312.0
2022-08-11 03:00:00,347.06
2022-08-11 04:00:00,399.15
2022-08-11 05:00:00,419.97
2022-08-11 06:00:00,414.9
2022-08-11 07:00:00,397.16
2022-08-11 08:00:00,355.1
2022-08-11 09:00:00,356.06
2022-08-11 10:00:00,321.78
2022-08-11 11:00:00,315.67
2022-08-11 12:00:00,317.67
2022-08-11 13:00:00,328.65
2022-08-11 14:00:00,341.26
2022-08-11 15:00:00,401.31
2022-08-11 16:00:00,450.0
2022-08-11 17:00:00,539.9
2022-08-11 18:00:00,534.75
2022-08-11 19:00:00,446.0
2022-08-11 20:00:00,414.99
2022-08-11 21:00:00,390.0
2022-08-11 22:00:00,422.1
2022-08-11 23:00:00,405.0
2022-08-12 00:00:00,395.68
2022-08-12 01:00:00,391.95
2022-08-12 02:00:00,402.53
2022-08-12 03:00:00,407.99
2022-08-12 04:00:00,469.14
2022-08-12 05:00:00,513.31
2022-08-12 06:00:00,508.0
2022-08-12 07:00:00,472.56
2022-08-12 08:00:00,419.9
2022-08-12 09:00:00,426.98
2022-08-12 10:00:00,428.02
2022-08-12 11:00:00,380.57
2022-08-12 12:00:00,379.99
2022-08-12 13:00:00,387.64
2022-08-12 14:00:00,400.85
2022-08-12 15:00:00,449.07
2022-08-12 16:00:00,489.99
2022-08-12 17:00:00,560.0
2022-08-12 18:00:00,565.4
2022-08-12 19:00:00,507.78
2022-08-12 20:00:00,469.47
2022-08-12 21:00:00,424.02
2022-08-12 22:00:00,427.23
2022-08-12 23:00:00,400.71
2022-08-13 00:00:00,387.87
2022-08-13 01:00:00,374.09
2022-08-13 02:00:00,375.79
2022-08-13 03:00:00,382.76
2022-08-13 04:00:00,379.9
2022-08-13 05:00:00,388.74
2022-08-13 06:00:00,399.9
2022-08-13 07:00:00,374.5
2022-08-13 08:00:00,338.2
2022-08-13 09:00:00,328.56
2022-08-13 10:00:00,343.2
2022-08-13 11:00:00,349.38
2022-08-13 12:00:00,339.72
2022-08-13 13:00:00,334.16
2022-08-13 14:00:00,347.7
2022-08-13 15:00:00,412.3
2022-08-13 16:00:00,466.2
2022-08-13 17:00:00,503.26
2022-08-13 18:00:00,504.7
2022-08-13 19:00:00,479.94
2022-08-13 20:00:00,461.91
2022-08-13 21:00:00,425.89
2022-08-13 22:00:00,416.3
2022-08-13 23:00:00,397.2
2022-08-14 00:00:00,377.9
2022-08-14 01:00:00,354.0
2022-08-14 02:00:00,350.06
2022-08-14 03:00:00,351.01
2022-08-14 04:00:00,352.77
2022-08-14 05:00:00,350.05
2022-08-14 06:00:00,355.17
2022-08-14 07:00:00,339.94
2022-08-14 08:00:00,309.0
2022-08-14 09:00:00,319.0
2022-08-14 10:00:00,325.15
2022-08-14 11:00:00,292.99
2022-08-14 12:00:00,276.93
2022-08-14 13:00:00,262.1
2022-08-14 14:00:00,318.46
2022-08-14 15:00:00,352.07
2022-08-14 16:00:00,415.9
2022-08-14 17:00:00,454.91
2022-08-14 18:00:00,459.96
2022-08-14 19:00:00,462.6
2022-08-14 20:00:00,455.42
2022-08-14 21:00:00,431.57
2022-08-14 22:00:00,375.03
2022-08-14 23:00:00,361.09
2022-08-15 00:00:00,360.64
2022-08-15 01:00:00,350.0
2022-08-15 02:00:00,352.99
2022-08-15 03:00:00,363.58
2022-08-15 04:00:00,361.43
2022-08-15 05:00:00,412.98
2022-08-15 06:00:00,456.41
2022-08-15 07:00:00,452.8
2022-08-15 08:00:00,431.41
2022-08-15 09:00:00,407.06
2022-08-15 10:00:00,402.31
2022-08-15 11:00:00,392.13
2022-08-15 12:00:00,392.77
2022-08-15 13:00:00,380.09
2022-08-15 14:00:00,400.05
2022-08-15 15:00:00,448.84
2022-08-15 16:00:00,495.0
2022-08-15 17:00:00,520.01
2022-08-15 18:00:00,555.72
2022-08-15 19:00:00,536.69
2022-08-15 20:00:00,507.0
2022-08-15 21:00:00,475.42
2022-08-15 22:00:00,465.26
2022-08-15 23:00:00,430.65
2022-08-16 00:00:00,430.94
2022-08-16 01:00:00,386.38
2022-08-16 02:00:00,396.67
2022-08-16 03:00:00,440.99
2022-08-16 04:00:00,490.0
2022-08-16 05:00:00,512.31
2022-08-16 06:00:00,514.9
2022-08-16 07:00:00,497.3
2022-08-16 08:00:00,472.02
2022-08-16 09:00:00,465.26
2022-08-16 10:00:00,462.28
2022-08-16 11:00:00,470.31
2022-08-16 12:00:00,475.97
2022-08-16 13:00:00,477.29
2022-08-16 14:00:00,455.49
2022-08-16 15:00:00,506.91
2022-08-16 16:00:00,600.05
2022-08-16 17:00:00,664.89
2022-08-16 18:00:00,662.05
2022-08-16 19:00:00,648.38
2022-08-16 20:00:00,580.0
2022-08-16 21:00:00,513.28
2022-08-16 22:00:00,523.94
2022-08-16 23:00:00,483.88
2022-08-17 00:00:00,472.13
2022-08-17 01:00:00,449.22
2022-08-17 02:00:00,438.95
2022-08-17 03:00:00,469.89
2022-08-17 04:00:00,528.22
2022-08-17 05:00:00,596.01
2022-08-17 06:00:00,616.33
2022-08-17 07:00:00,575.1
2022-08-17 08:00:00,549.97
2022-08-17 09:00:00,526.89
2022-08-17 10:00:00,535.38
2022-08-17 11:00:00,524.2
2022-08-17 12:00:00,522.14
2022-08-17 13:00:00,520.16
2022-08-17 14:00:00,541.6
2022-08-17 15:00:00,593.3
2022-08-17 16:00:00,676.04
2022-08-17 17:00:00,747.93
2022-08-17 18:00:00,681.0
2022-08-17 19:00:00,629.09
2022-08-17 20:00:00,552.03
2022-08-17 21:00:00,514.99
2022-08-17 22:00:00,523.92
2022-08-17 23:00:00,479.9
2022-08-18 00:00:00,480.0
2022-08-18 01:00:00,461.66
2022-08-18 02:00:00,458.45
2022-08-18 03:00:00,472.08
2022-08-18 04:00:00,550.0
2022-08-18 05:00:00,598.9
2022-08-18 06:00:00,614.5
2022-08-18 07:00:00,613.59
2022-08-18 08:00:00,587.69
2022-08-18 09:00:00,572.64
2022-08-18 10:00:00,583.08
2022-08-18 11:00:00,539.78
2022-08-18 12:00:00,535.0
2022-08-18 13:00:00,535.36
2022-08-18 14:00:00,538.22
2022-08-18 15:00:00,561.07
2022-08-18 16:00:00,604.25
2022-08-18 17:00:00,650.0
2022-08-18 18:00:00,645.37
2022-08-18 19:00:00,600.06
2022-08-18 20:00:00,556.54
2022-08-18 21:00:00,524.93
2022-08-18 22:00:00,510.09
2022-08-18 23:00:00,467.63
2022-08-19 00:00:00,450.1
2022-08-19 01:00:00,429.24
2022-08-19 02:00:00,439.39
2022-08-19 03:00:00,469.62
2022-08-19 04:00:00,521.93
2022-08-19 05:00:00,571.14
2022-08-19 06:00:00,581.2
2022-08-19 07:00:00,550.31
2022-08-19 08:00:00,528.04
2022-08-19 09:00:00,517.42
2022-08-19 10:00:00,501.72
2022-08-19 11:00:00,490.84
2022-08-19 12:00:00,474.3
2022-08-19 13:00:00,455.51
2022-08-19 14:00:00,490.86
2022-08-19 15:00:00,517.42
2022-08-19 16:00:00,545.56
2022-08-19 17:00:00,568.99
2022-08-19 18:00:00,569.4
2022-08-19 19:00:00,550.0
2022-08-19 20:00:00,530.58
2022-08-19 21:00:00,504.93
2022-08-19 22:00:00,512.09
2022-08-19 23:00:00,500.05
2022-08-20 00:00:00,480.09
2022-08-20 01:00:00,460.04
2022-08-20 02:00:00,452.61
2022-08-20 03:00:00,452.15
2022-08-20 04:00:00,471.69
2022-08-20 05:00:00,475.03
2022-08-20 06:00:00,484.93
2022-08-20 07:00:00,480.02
2022-08-20 08:00:00,464.5
2022-08-20 09:00:00,443.19
2022-08-20 10:00:00,451.75
2022-08-20 11:00:00,389.09
2022-08-20 12:00:00,371.08
2022-08-20 13:00:00,345.47
2022-08-20 14:00:00,387.34
2022-08-20 15:00:00,402.56
2022-08-20 16:00:00,475.06
2022-08-20 17:00:00,529.91
2022-08-20 18:00:00,541.88
2022-08-20 19:00:00,539.97
2022-08-20 20:00:00,506.78
2022-08-20 21:00:00,500.15
2022-08-20 22:00:00,430.27
2022-08-20 23:00:00,381.0
2022-08-21 00:00:00,374.94
2022-08-21 01:00:00,344.27
2022-08-21 02:00:00,323.0
2022-08-21 03:00:00,324.07
2022-08-21 04:00:00,365.99
2022-08-21 05:00:00,348.35
2022-08-21 06:00:00,332.0
2022-08-21 07:00:00,317.26
2022-08-21 08:00:00,254.52
2022-08-21 09:00:00,301.71
2022-08-21 10:00:00,344.37
2022-08-21 11:00:00,255.22
2022-08-21 12:00:00,245.0
2022-08-21 13:00:00,255.22
2022-08-21 14:00:00,325.66
2022-08-21 15:00:00,455.0
2022-08-21 16:00:00,530.0
2022-08-21 17:00:00,592.0
2022-08-21 18:00:00,644.92
2022-08-21 19:00:00,619.5
2022-08-21 20:00:00,613.4
2022-08-21 21:00:00,579.09
2022-08-21 22:00:00,504.25
2022-08-21 23:00:00,477.42
2022-08-22 00:00:00,467.5
2022-08-22 01:00:00,447.59
2022-08-22 02:00:00,450.02
2022-08-22 03:00:00,497.08
2022-08-22 04:00:00,561.53
2022-08-22 05:00:00,599.9
2022-08-22 06:00:00,610.0
2022-08-22 07:00:00,595.59
2022-08-22 08:00:00,583.46
2022-08-22 09:00:00,567.5
2022-08-22 10:00:00,627.81
2022-08-22 11:00:00,564.33
2022-08-22 12:00:00,567.62
2022-08-22 13:00:00,577.2
2022-08-22 14:00:00,586.67
2022-08-22 15:00:00,613.55
2022-08-22 16:00:00,640.0
2022-08-22 17:00:00,722.79
2022-08-22 18:00:00,679.97
2022-08-22 19:00:00,636.52
2022-08-22 20:00:00,588.86
2022-08-22 21:00:00,545.0
2022-08-22 22:00:00,550.0
2022-08-22 23:00:00,504.73
2022-08-23 00:00:00,507.0
2022-08-23 01:00:00,500.57
2022-08-23 02:00:00,503.32
2022-08-23 03:00:00,531.02
2022-08-23 04:00:00,627.95
2022-08-23 05:00:00,668.21
2022-08-23 06:00:00,680.0
2022-08-23 07:00:00,640.1
2022-08-23 08:00:00,614.01
2022-08-23 09:00:00,593.34
2022-08-23 10:00:00,577.87
2022-08-23 11:00:00,568.42
2022-08-23 12:00:00,558.17
2022-08-23 13:00:00,574.77
2022-08-23 14:00:00,604.43
2022-08-23 15:00:00,648.15
2022-08-23 16:00:00,713.65
2022-08-23 17:00:00,794.95
2022-08-23 18:00:00,771.0
2022-08-23 19:00:00,708.83
2022-08-23 20:00:00,644.0
2022-08-23 21:00:00,599.99
2022-08-23 22:00:00,581.8
2022-08-23 23:00:00,550.0
2022-08-24 00:00:00,550.19
2022-08-24 01:00:00,535.98
2022-08-24 02:00:00,539.01
2022-08-24 03:00:00,574.18
2022-08-24 04:00:00,648.0
2022-08-24 05:00:00,683.25
2022-08-24 06:00:00,694.26
2022-08-24 07:00:00,649.92
2022-08-24 08:00:00,679.59
2022-08-24 09:00:00,661.62
2022-08-24 10:00:00,612.12
2022-08-24 11:00:00,611.58
2022-08-24 12:00:00,621.25
2022-08-24 13:00:00,616.22
2022-08-24 14:00:00,631.09
2022-08-24 15:00:00,672.33
2022-08-24 16:00:00,750.0
2022-08-24 17:00:00,850.0
2022-08-24 18:00:00,783.56
2022-08-24 19:00:00,724.78
2022-08-24 20:00:00,659.37
2022-08-24 21:00:00,612.79
2022-08-24 22:00:00,553.56
2022-08-24 23:00:00,522.92
2022-08-25 00:00:00,520.07
2022-08-25 01:00:00,513.06
2022-08-25 02:00:00,518.6
2022-08-25 03:00:00,530.07
2022-08-25 04:00:00,606.14
2022-08-25 05:00:00,667.71
2022-08-25 06:00:00,689.59
2022-08-25 07:00:00,641.77
2022-08-25 08:00:00,610.55
2022-08-25 09:00:00,618.09
2022-08-25 10:00:00,653.15
2022-08-25 11:00:00,611.58
2022-08-25 12:00:00,664.03
2022-08-25 13:00:00,630.59
2022-08-25 14:00:00,645.35
2022-08-25 15:00:00,686.8
2022-08-25 16:00:00,714.23
2022-08-25 17:00:00,766.79
2022-08-25 18:00:00,760.0
2022-08-25 19:00:00,710.0
2022-08-25 20:00:00,673.4
2022-08-25 21:00:00,626.73
2022-08-25 22:00:00,607.15
2022-08-25 23:00:00,580.07
2022-08-26 00:00:00,572.53
2022-08-26 01:00:00,571.04
2022-08-26 02:00:00,569.21
2022-08-26 03:00:00,598.99
2022-08-26 04:00:00,750.0
2022-08-26 05:00:00,769.23
2022-08-26 06:00:00,802.99
2022-08-26 07:00:00,781.62
2022-08-26 08:00:00,763.2
2022-08-26 09:00:00,750.03
2022-08-26 10:00:00,721.56
2022-08-26 11:00:00,714.81
2022-08-26 12:00:00,701.18
2022-08-26 13:00:00,686.87
2022-08-26 14:00:00,714.2
2022-08-26 15:00:00,750.07
2022-08-26 16:00:00,770.0
2022-08-26 17:00:00,780.65
2022-08-26 18:00:00,778.61
2022-08-26 19:00:00,770.0
2022-08-26 20:00:00,747.74
2022-08-26 21:00:00,700.0
2022-08-26 22:00:00,685.14
2022-08-26 23:00:00,644.2
2022-08-27 00:00:00,636.8
2022-08-27 01:00:00,587.9
2022-08-27 02:00:00,563.47
2022-08-27 03:00:00,573.1
2022-08-27 04:00:00,580.9
2022-08-27 05:00:00,636.0
2022-08-27 06:00:00,682.59
2022-08-27 07:00:00,685.95
2022-08-27 08:00:00,660.75
2022-08-27 09:00:00,643.46
2022-08-27 10:00:00,630.04
2022-08-27 11:00:00,592.0
2022-08-27 12:00:00,548.66
2022-08-27 13:00:00,530.19
2022-08-27 14:00:00,531.09
2022-08-27 15:00:00,588.34
2022-08-27 16:00:00,694.66
2022-08-27 17:00:00,722.04
2022-08-27 18:00:00,713.32
2022-08-27 19:00:00,668.78
2022-08-27 20:00:00,659.94
2022-08-27 21:00:00,583.57
2022-08-27 22:00:00,585.03
2022-08-27 23:00:00,491.4
2022-08-28 00:00:00,467.7
2022-08-28 01:00:00,430.0
2022-08-28 02:00:00,425.97
2022-08-28 03:00:00,409.92
2022-08-28 04:00:00,427.29
2022-08-28 05:00:00,441.91
2022-08-28 06:00:00,467.45
2022-08-28 07:00:00,437.62
2022-08-28 08:00:00,404.07
2022-08-28 09:00:00,440.64
2022-08-28 10:00:00,478.02
2022-08-28 11:00:00,375.7
2022-08-28 12:00:00,405.3
2022-08-28 13:00:00,419.14
2022-08-28 14:00:00,431.93
2022-08-28 15:00:00,372.2
2022-08-28 16:00:00,585.9
2022-08-28 17:00:00,685.65
2022-08-28 18:00:00,702.95
2022-08-28 19:00:00,648.2
2022-08-28 20:00:00,606.7
2022-08-28 21:00:00,590.03
2022-08-28 22:00:00,590.85
2022-08-28 23:00:00,544.14
2022-08-29 00:00:00,523.3
2022-08-29 01:00:00,521.6
2022-08-29 02:00:00,516.62
2022-08-29 03:00:00,585.98
2022-08-29 04:00:00,707.08
2022-08-29 05:00:00,769.92
2022-08-29 06:00:00,796.82
2022-08-29 07:00:00,847.68
2022-08-29 08:00:00,722.55
2022-08-29 09:00:00,785.47
2022-08-29 10:00:00,800.0
2022-08-29 11:00:00,765.4
2022-08-29 12:00:00,810.7
2022-08-29 13:00:00,809.3
2022-08-29 14:00:00,792.96
2022-08-29 15:00:00,817.61
2022-08-29 16:00:00,851.81
2022-08-29 17:00:00,871.0
2022-08-29 18:00:00,860.89
2022-08-29 19:00:00,800.0
2022-08-29 20:00:00,762.49
2022-08-29 21:00:00,753.09
2022-08-29 22:00:00,617.49
2022-08-29 23:00:00,595.07
2022-08-30 00:00:00,585.01
2022-08-30 01:00:00,584.96
2022-08-30 02:00:00,571.94
2022-08-30 03:00:00,612.55
2022-08-30 04:00:00,758.51
2022-08-30 05:00:00,778.06
2022-08-30 06:00:00,791.31
2022-08-30 07:00:00,766.0
2022-08-30 08:00:00,753.98
2022-08-30 09:00:00,757.54
2022-08-30 10:00:00,776.33
2022-08-30 11:00:00,737.0
2022-08-30 12:00:00,770.02
2022-08-30 13:00:00,790.27
2022-08-30 14:00:00,805.11
2022-08-30 15:00:00,786.68
2022-08-30 16:00:00,807.2
2022-08-30 17:00:00,859.45
2022-08-30 18:00:00,870.0
2022-08-30 19:00:00,1021.73
2022-08-30 20:00:00,755.0
2022-08-30 21:00:00,701.03
2022-08-30 22:00:00,576.02
2022-08-30 23:00:00,547.24
2022-08-31 00:00:00,547.24
2022-08-31 01:00:00,543.76
2022-08-31 02:00:00,541.83
2022-08-31 03:00:00,547.97
2022-08-31 04:00:00,649.99
2022-08-31 05:00:00,707.89
2022-08-31 06:00:00,720.14
2022-08-31 07:00:00,684.55
2022-08-31 08:00:00,645.6
2022-08-31 09:00:00,699.06
2022-08-31 10:00:00,669.38
2022-08-31 11:00:00,696.5
2022-08-31 12:00:00,713.2
2022-08-31 13:00:00,659.61
2022-08-31 14:00:00,645.9
2022-08-31 15:00:00,674.9
2022-08-31 16:00:00,693.08
2022-08-31 17:00:00,743.53
2022-08-31 18:00:00,759.99
2022-08-31 19:00:00,706.07
2022-08-31 20:00:00,667.21
2022-08-31 21:00:00,601.9
2022-08-31 22:00:00,571.39
2022-08-31 23:00:00,532.14
2022-09-01 00:00:00,535.86
2022-09-01 01:00:00,514.95
2022-09-01 02:00:00,494.61
2022-09-01 03:00:00,532.8
2022-09-01 04:00:00,646.44
2022-09-01 05:00:00,690.38
2022-09-01 06:00:00,719.2
2022-09-01 07:00:00,654.68
2022-09-01 08:00:00,624.42
2022-09-01 09:00:00,615.16
2022-09-01 10:00:00,680.0
2022-09-01 11:00:00,633.62
2022-09-01 12:00:00,647.98
2022-09-01 13:00:00,635.07
2022-09-01 14:00:00,618.23
2022-09-01 15:00:00,680.71
2022-09-01 16:00:00,759.75
2022-09-01 17:00:00,800.0
2022-09-01 18:00:00,775.75
2022-09-01 19:00:00,675.38
2022-09-01 20:00:00,614.3
2022-09-01 21:00:00,602.27
2022-09-01 22:00:00,456.05
2022-09-01 23:00:00,418.74
2022-09-02 00:00:00,395.35
2022-09-02 01:00:00,362.68
2022-09-02 02:00:00,391.73
2022-09-02 03:00:00,445.42
2022-09-02 04:00:00,532.06
2022-09-02 05:00:00,566.1
2022-09-02 06:00:00,582.77
2022-09-02 07:00:00,562.0
2022-09-02 08:00:00,529.52
2022-09-02 09:00:00,544.57
2022-09-02 10:00:00,558.84
2022-09-02 11:00:00,532.06
2022-09-02 12:00:00,541.68
2022-09-02 13:00:00,449.98
2022-09-02 14:00:00,474.87
2022-09-02 15:00:00,521.69
2022-09-02 16:00:00,563.43
2022-09-02 17:00:00,640.26
2022-09-02 18:00:00,627.36
2022-09-02 19:00:00,613.44
2022-09-02 20:00:00,557.83
2022-09-02 21:00:00,532.06
2022-09-02 22:00:00,579.54
2022-09-02 23:00:00,435.01
2022-09-03 00:00:00,395.42
2022-09-03 01:00:00,250.15
2022-09-03 02:00:00,266.48
2022-09-03 03:00:00,291.67
2022-09-03 04:00:00,275.0
2022-09-03 05:00:00,370.08
2022-09-03 06:00:00,403.11
2022-09-03 07:00:00,470.51
2022-09-03 08:00:00,462.65
2022-09-03 09:00:00,450.19
2022-09-03 10:00:00,451.77
2022-09-03 11:00:00,415.07
2022-09-03 12:00:00,398.84
2022-09-03 13:00:00,380.93
2022-09-03 14:00:00,310.37
2022-09-03 15:00:00,411.43
2022-09-03 16:00:00,453.63
2022-09-03 17:00:00,530.0
2022-09-03 18:00:00,575.66
2022-09-03 19:00:00,476.65
2022-09-03 20:00:00,476.65
2022-09-03 21:00:00,468.17
2022-09-03 22:00:00,430.39
2022-09-03 23:00:00,296.57
2022-09-04 00:00:00,286.73
2022-09-04 01:00:00,209.34
2022-09-04 02:00:00,223.93
2022-09-04 03:00:00,330.44
2022-09-04 04:00:00,211.07
2022-09-04 05:00:00,226.39
2022-09-04 06:00:00,209.95
2022-09-04 07:00:00,253.86
2022-09-04 08:00:00,170.97
2022-09-04 09:00:00,233.74
2022-09-04 10:00:00,369.32
2022-09-04 11:00:00,290.09
2022-09-04 12:00:00,320.99
2022-09-04 13:00:00,346.87
2022-09-04 14:00:00,236.37
2022-09-04 15:00:00,375.0
2022-09-04 16:00:00,455.47
2022-09-04 17:00:00,509.93
2022-09-04 18:00:00,509.93
2022-09-04 19:00:00,445.0
2022-09-04 20:00:00,409.67
2022-09-04 21:00:00,393.61
2022-09-04 22:00:00,271.98
2022-09-04 23:00:00,220.0
2022-09-05 00:00:00,213.08
2022-09-05 01:00:00,222.83
2022-09-05 02:00:00,239.33
2022-09-05 03:00:00,367.52
2022-09-05 04:00:00,459.9
2022-09-05 05:00:00,506.5
2022-09-05 06:00:00,519.93
2022-09-05 07:00:00,482.64
2022-09-05 08:00:00,467.91
2022-09-05 09:00:00,475.88
2022-09-05 10:00:00,457.98
2022-09-05 11:00:00,449.16
2022-09-05 12:00:00,455.57
2022-09-05 13:00:00,424.25
2022-09-05 14:00:00,466.03
2022-09-05 15:00:00,516.48
2022-09-05 16:00:00,571.1
2022-09-05 17:00:00,622.75
2022-09-05 18:00:00,575.66
2022-09-05 19:00:00,520.2
2022-09-05 20:00:00,493.7
2022-09-05 21:00:00,459.28
2022-09-05 22:00:00,522.18
2022-09-05 23:00:00,479.5
2022-09-06 00:00:00,461.15
2022-09-06 01:00:00,450.5
2022-09-06 02:00:00,348.95
2022-09-06 03:00:00,415.18
2022-09-06 04:00:00,551.4
2022-09-06 05:00:00,566.28
2022-09-06 06:00:00,571.14
2022-09-06 07:00:00,566.28
2022-09-06 08:00:00,539.95
2022-09-06 09:00:00,546.75
2022-09-06 10:00:00,531.86
2022-09-06 11:00:00,526.5
2022-09-06 12:00:00,476.12
2022-09-06 13:00:00,501.95
2022-09-06 14:00:00,505.09
2022-09-06 15:00:00,537.74
2022-09-06 16:00:00,575.8
2022-09-06 17:00:00,640.72
2022-09-06 18:00:00,597.03
2022-09-06 19:00:00,581.87
2022-09-06 20:00:00,546.19
2022-09-06 21:00:00,535.57
2022-09-06 22:00:00,415.26
2022-09-06 23:00:00,385.97
2022-09-07 00:00:00,372.85
2022-09-07 01:00:00,367.19
2022-09-07 02:00:00,389.85
2022-09-07 03:00:00,396.74
2022-09-07 04:00:00,484.68
2022-09-07 05:00:00,519.9
2022-09-07 06:00:00,524.77
2022-09-07 07:00:00,500.72
2022-09-07 08:00:00,450.65
2022-09-07 09:00:00,447.03
2022-09-07 10:00:00,450.22
2022-09-07 11:00:00,439.32
2022-09-07 12:00:00,446.76
2022-09-07 13:00:00,422.7
2022-09-07 14:00:00,450.76
2022-09-07 15:00:00,522.14
2022-09-07 16:00:00,570.53
2022-09-07 17:00:00,626.03
2022-09-07 18:00:00,599.98
2022-09-07 19:00:00,546.27
2022-09-07 20:00:00,486.22
2022-09-07 21:00:00,438.55
2022-09-07 22:00:00,441.37
2022-09-07 23:00:00,407.43
2022-09-08 00:00:00,400.07
2022-09-08 01:00:00,381.39
2022-09-08 02:00:00,379.05
2022-09-08 03:00:00,404.13
2022-09-08 04:00:00,500.55
2022-09-08 05:00:00,520.0
2022-09-08 06:00:00,524.06
2022-09-08 07:00:00,509.8
2022-09-08 08:00:00,483.12
2022-09-08 09:00:00,460.75
2022-09-08 10:00:00,440.07
2022-09-08 11:00:00,404.62
2022-09-08 12:00:00,403.22
2022-09-08 13:00:00,400.1
2022-09-08 14:00:00,411.29
2022-09-08 15:00:00,450.68
2022-09-08 16:00:00,504.91
2022-09-08 17:00:00,558.16
2022-09-08 18:00:00,535.93
2022-09-08 19:00:00,497.0
2022-09-08 20:00:00,429.88
2022-09-08 21:00:00,433.49
2022-09-08 22:00:00,300.01
2022-09-08 23:00:00,238.2
2022-09-09 00:00:00,208.0
2022-09-09 01:00:00,195.43
2022-09-09 02:00:00,226.87
2022-09-09 03:00:00,278.7
2022-09-09 04:00:00,375.58
2022-09-09 05:00:00,433.85
2022-09-09 06:00:00,436.1
2022-09-09 07:00:00,403.03
2022-09-09 08:00:00,353.27
2022-09-09 09:00:00,330.59
2022-09-09 10:00:00,343.32
2022-09-09 11:00:00,297.85
2022-09-09 12:00:00,298.8
2022-09-09 13:00:00,297.56
2022-09-09 14:00:00,369.07
2022-09-09 15:00:00,392.28
2022-09-09 16:00:00,435.31
2022-09-09 17:00:00,467.95
2022-09-09 18:00:00,465.0
2022-09-09 19:00:00,419.95
2022-09-09 20:00:00,398.29
2022-09-09 21:00:00,375.44
2022-09-09 22:00:00,400.85
2022-09-09 23:00:00,359.09
2022-09-10 00:00:00,352.09
2022-09-10 01:00:00,348.07
2022-09-10 02:00:00,348.09
2022-09-10 03:00:00,356.04
2022-09-10 04:00:00,381.3
2022-09-10 05:00:00,411.07
2022-09-10 06:00:00,427.72
2022-09-10 07:00:00,429.18
2022-09-10 08:00:00,419.9
2022-09-10 09:00:00,418.36
2022-09-10 10:00:00,399.98
2022-09-10 11:00:00,355.0
2022-09-10 12:00:00,348.99
2022-09-10 13:00:00,353.39
2022-09-10 14:00:00,371.98
2022-09-10 15:00:00,436.24
2022-09-10 16:00:00,469.52
2022-09-10 17:00:00,491.86
2022-09-10 18:00:00,483.98
2022-09-10 19:00:00,459.95
2022-09-10 20:00:00,443.97
2022-09-10 21:00:00,437.01
2022-09-10 22:00:00,421.45
2022-09-10 23:00:00,385.07
2022-09-11 00:00:00,385.06
2022-09-11 01:00:00,369.22
2022-09-11 02:00:00,358.54
2022-09-11 03:00:00,369.02
2022-09-11 04:00:00,379.02
2022-09-11 05:00:00,385.01
2022-09-11 06:00:00,402.13
2022-09-11 07:00:00,402.13
2022-09-11 08:00:00,388.5
2022-09-11 09:00:00,380.04
2022-09-11 10:00:00,360.0
2022-09-11 11:00:00,295.0
2022-09-11 12:00:00,251.8
2022-09-11 13:00:00,297.0
2022-09-11 14:00:00,343.1
2022-09-11 15:00:00,404.32
2022-09-11 16:00:00,459.99
2022-09-11 17:00:00,505.94
2022-09-11 18:00:00,517.2
2022-09-11 19:00:00,484.94
2022-09-11 20:00:00,437.99
2022-09-11 21:00:00,400.0
2022-09-11 22:00:00,347.09
2022-09-11 23:00:00,353.96
2022-09-12 00:00:00,353.49
2022-09-12 01:00:00,349.9
2022-09-12 02:00:00,353.39
2022-09-12 03:00:00,389.05
2022-09-12 04:00:00,458.88
2022-09-12 05:00:00,501.88
2022-09-12 06:00:00,487.58
2022-09-12 07:00:00,455.93
2022-09-12 08:00:00,405.02
2022-09-12 09:00:00,411.57
2022-09-12 10:00:00,383.34
2022-09-12 11:00:00,377.37
2022-09-12 12:00:00,370.08
2022-09-12 13:00:00,394.55
2022-09-12 14:00:00,403.27
2022-09-12 15:00:00,471.71
2022-09-12 16:00:00,515.0
2022-09-12 17:00:00,540.64
2022-09-12 18:00:00,516.14
2022-09-12 19:00:00,444.39
2022-09-12 20:00:00,369.69
2022-09-12 21:00:00,351.25
2022-09-12 22:00:00,345.06
2022-09-12 23:00:00,314.47
2022-09-13 00:00:00,320.49
2022-09-13 01:00:00,313.38
2022-09-13 02:00:00,325.64
2022-09-13 03:00:00,342.07
2022-09-13 04:00:00,429.24
2022-09-13 05:00:00,481.13
2022-09-13 06:00:00,501.54
2022-09-13 07:00:00,471.42
2022-09-13 08:00:00,447.31
2022-09-13 09:00:00,429.93
2022-09-13 10:00:00,508.33
2022-09-13 11:00:00,441.98
2022-09-13 12:00:00,444.23
2022-09-13 13:00:00,454.39
2022-09-13 14:00:00,493.07
2022-09-13 15:00:00,570.32
2022-09-13 16:00:00,526.5
2022-09-13 17:00:00,613.0
2022-09-13 18:00:00,569.81
2022-09-13 19:00:00,459.13
2022-09-13 20:00:00,437.97
2022-09-13 21:00:00,420.71
2022-09-13 22:00:00,345.08
2022-09-13 23:00:00,352.87
2022-09-14 00:00:00,343.78
2022-09-14 01:00:00,335.64
2022-09-14 02:00:00,351.31
2022-09-14 03:00:00,370.2
2022-09-14 04:00:00,449.07
2022-09-14 05:00:00,505.0
2022-09-14 06:00:00,554.44
2022-09-14 07:00:00,554.38
2022-09-14 08:00:00,505.76
2022-09-14 09:00:00,505.51
2022-09-14 10:00:00,481.73
2022-09-14 11:00:00,454.24
2022-09-14 12:00:00,501.68
2022-09-14 13:00:00,500.04
2022-09-14 14:00:00,469.31
2022-09-14 15:00:00,505.0
2022-09-14 16:00:00,536.61
2022-09-14 17:00:00,625.28
2022-09-14 18:00:00,539.8
2022-09-14 19:00:00,460.34
2022-09-14 20:00:00,421.59
2022-09-14 21:00:00,404.37
2022-09-14 22:00:00,391.63
2022-09-14 23:00:00,338.77
2022-09-15 00:00:00,317.25
2022-09-15 01:00:00,301.87
2022-09-15 02:00:00,318.52
2022-09-15 03:00:00,366.51
2022-09-15 04:00:00,450.0
2022-09-15 05:00:00,479.4
2022-09-15 06:00:00,500.1
2022-09-15 07:00:00,478.43
2022-09-15 08:00:00,489.72
2022-09-15 09:00:00,493.55
2022-09-15 10:00:00,483.59
2022-09-15 11:00:00,467.95
2022-09-15 12:00:00,465.05
2022-09-15 13:00:00,465.05
2022-09-15 14:00:00,477.55
2022-09-15 15:00:00,481.59
2022-09-15 16:00:00,457.8
2022-09-15 17:00:00,495.66
2022-09-15 18:00:00,475.05
2022-09-15 19:00:00,461.17
2022-09-15 20:00:00,439.9
2022-09-15 21:00:00,381.21
2022-09-15 22:00:00,434.05
2022-09-15 23:00:00,448.3
2022-09-16 00:00:00,417.76
2022-09-16 01:00:00,361.03
2022-09-16 02:00:00,360.41
2022-09-16 03:00:00,271.1
2022-09-16 04:00:00,362.72
2022-09-16 05:00:00,478.98
2022-09-16 06:00:00,528.89
2022-09-16 07:00:00,525.89
2022-09-16 08:00:00,483.72
2022-09-16 09:00:00,475.01
2022-09-16 10:00:00,465.95
2022-09-16 11:00:00,407.94
2022-09-16 12:00:00,391.96
2022-09-16 13:00:00,306.05
2022-09-16 14:00:00,229.47
2022-09-16 15:00:00,362.42
2022-09-16 16:00:00,386.62
2022-09-16 17:00:00,404.94
2022-09-16 18:00:00,405.01
2022-09-16 19:00:00,378.99
2022-09-16 20:00:00,302.09
2022-09-16 21:00:00,386.61
2022-09-16 22:00:00,235.17
2022-09-16 23:00:00,236.33
2022-09-17 00:00:00,224.99
2022-09-17 01:00:00,192.05
2022-09-17 02:00:00,163.02
2022-09-17 03:00:00,162.05
2022-09-17 04:00:00,202.35
2022-09-17 05:00:00,292.07
2022-09-17 06:00:00,238.04
2022-09-17 07:00:00,288.62
2022-09-17 08:00:00,170.81
2022-09-17 09:00:00,208.68
2022-09-17 10:00:00,259.51
2022-09-17 11:00:00,288.17
2022-09-17 12:00:00,157.89
2022-09-17 13:00:00,155.84
2022-09-17 14:00:00,122.72
2022-09-17 15:00:00,237.07
2022-09-17 16:00:00,224.47
2022-09-17 17:00:00,315.69
2022-09-17 18:00:00,342.94
2022-09-17 19:00:00,259.41
2022-09-17 20:00:00,228.06
2022-09-17 21:00:00,214.66
2022-09-17 22:00:00,269.93
2022-09-17 23:00:00,239.07
2022-09-18 00:00:00,253.81
2022-09-18 01:00:00,199.85
2022-09-18 02:00:00,138.53
2022-09-18 03:00:00,187.91
2022-09-18 04:00:00,197.14
2022-09-18 05:00:00,157.46
2022-09-18 06:00:00,187.51
2022-09-18 07:00:00,241.81
2022-09-18 08:00:00,226.8
2022-09-18 09:00:00,162.56
2022-09-18 10:00:00,141.28
2022-09-18 11:00:00,85.7
2022-09-18 12:00:00,84.92
2022-09-18 13:00:00,61.01
2022-09-18 14:00:00,84.58
2022-09-18 15:00:00,158.58
2022-09-18 16:00:00,241.2
2022-09-18 17:00:00,295.25
2022-09-18 18:00:00,345.1
2022-09-18 19:00:00,289.55
2022-09-18 20:00:00,295.27
2022-09-18 21:00:00,253.97
2022-09-18 22:00:00,180.97
2022-09-18 23:00:00,157.0
2022-09-19 00:00:00,222.96
2022-09-19 01:00:00,196.9
2022-09-19 02:00:00,160.02
2022-09-19 03:00:00,212.1
2022-09-19 04:00:00,348.6
2022-09-19 05:00:00,402.0
2022-09-19 06:00:00,415.38
2022-09-19 07:00:00,367.92
2022-09-19 08:00:00,328.36
2022-09-19 09:00:00,355.16
2022-09-19 10:00:00,336.74
2022-09-19 11:00:00,326.5
2022-09-19 12:00:00,331.59
2022-09-19 13:00:00,329.16
2022-09-19 14:00:00,270.3
2022-09-19 15:00:00,350.0
2022-09-19 16:00:00,407.43
2022-09-19 17:00:00,442.05
2022-09-19 18:00:00,420.05
2022-09-19 19:00:00,375.0
2022-09-19 20:00:00,342.68
2022-09-19 21:00:00,296.69
2022-09-19 22:00:00,261.77
2022-09-19 23:00:00,260.1
2022-09-20 00:00:00,281.59
2022-09-20 01:00:00,262.47
2022-09-20 02:00:00,260.1
2022-09-20 03:00:00,278.3
2022-09-20 04:00:00,375.0
2022-09-20 05:00:00,433.0
2022-09-20 06:00:00,464.9
2022-09-20 07:00:00,457.98
2022-09-20 08:00:00,387.2
2022-09-20 09:00:00,372.88
2022-09-20 10:00:00,346.63
2022-09-20 11:00:00,346.56
2022-09-20 12:00:00,346.56
2022-09-20 13:00:00,346.56
2022-09-20 14:00:00,371.83
2022-09-20 15:00:00,414.99
2022-09-20 16:00:00,469.05
2022-09-20 17:00:00,580.61
2022-09-20 18:00:00,567.73
2022-09-20 19:00:00,429.9
2022-09-20 20:00:00,388.2
2022-09-20 21:00:00,360.0
2022-09-20 22:00:00,310.3
2022-09-20 23:00:00,299.58
2022-09-21 00:00:00,299.54
2022-09-21 01:00:00,299.58
2022-09-21 02:00:00,297.28
2022-09-21 03:00:00,332.18
2022-09-21 04:00:00,403.24
2022-09-21 05:00:00,534.75
2022-09-21 06:00:00,515.85
2022-09-21 07:00:00,424.84
2022-09-21 08:00:00,375.88
2022-09-21 09:00:00,358.99
2022-09-21 10:00:00,356.99
2022-09-21 11:00:00,319.86
2022-09-21 12:00:00,300.14
2022-09-21 13:00:00,318.15
2022-09-21 14:00:00,350.11
2022-09-21 15:00:00,389.45
2022-09-21 16:00:00,470.0
2022-09-21 17:00:00,574.51
2022-09-21 18:00:00,490.53
2022-09-21 19:00:00,403.66
2022-09-21 20:00:00,370.0
2022-09-21 21:00:00,349.39
2022-09-21 22:00:00,373.07
2022-09-21 23:00:00,339.41
2022-09-22 00:00:00,330.08
2022-09-22 01:00:00,310.94
2022-09-22 02:00:00,322.2
2022-09-22 03:00:00,360.0
2022-09-22 04:00:00,435.1
2022-09-22 05:00:00,536.03
2022-09-22 06:00:00,511.74
2022-09-22 07:00:00,448.37
2022-09-22 08:00:00,392.44
2022-09-22 09:00:00,410.0
2022-09-22 10:00:00,355.17
2022-09-22 11:00:00,357.66
2022-09-22 12:00:00,368.35
2022-09-22 13:00:00,354.32
2022-09-22 14:00:00,379.84
2022-09-22 15:00:00,437.74
2022-09-22 16:00:00,489.09
2022-09-22 17:00:00,600.0
2022-09-22 18:00:00,510.0
2022-09-22 19:00:00,418.38
2022-09-22 20:00:00,396.34
2022-09-22 21:00:00,378.69
2022-09-22 22:00:00,352.56
2022-09-22 23:00:00,332.87
2022-09-23 00:00:00,312.58
2022-09-23 01:00:00,300.48
2022-09-23 02:00:00,303.12
2022-09-23 03:00:00,324.57
2022-09-23 04:00:00,410.66
2022-09-23 05:00:00,462.75
2022-09-23 06:00:00,473.61
2022-09-23 07:00:00,467.5
2022-09-23 08:00:00,406.83
2022-09-23 09:00:00,401.99
2022-09-23 10:00:00,400.07
2022-09-23 11:00:00,397.28
2022-09-23 12:00:00,397.28
2022-09-23 13:00:00,406.12
2022-09-23 14:00:00,411.23
2022-09-23 15:00:00,422.09
2022-09-23 16:00:00,460.13
2022-09-23 17:00:00,485.37
2022-09-23 18:00:00,450.76
2022-09-23 19:00:00,406.61
2022-09-23 20:00:00,396.02
2022-09-23 21:00:00,397.19
2022-09-23 22:00:00,377.94
2022-09-23 23:00:00,344.12
2022-09-24 00:00:00,312.03
2022-09-24 01:00:00,307.23
2022-09-24 02:00:00,306.29
2022-09-24 03:00:00,317.26
2022-09-24 04:00:00,347.99
2022-09-24 05:00:00,373.81
2022-09-24 06:00:00,371.99
2022-09-24 07:00:00,375.5
2022-09-24 08:00:00,369.93
2022-09-24 09:00:00,363.49
2022-09-24 10:00:00,347.96
2022-09-24 11:00:00,298.29
2022-09-24 12:00:00,299.0
2022-09-24 13:00:00,317.11
2022-09-24 14:00:00,357.0
2022-09-24 15:00:00,374.54
2022-09-24 16:00:00,410.63
2022-09-24 17:00:00,440.78
2022-09-24 18:00:00,413.39
2022-09-24 19:00:00,372.96
2022-09-24 20:00:00,362.73
2022-09-24 21:00:00,314.97
2022-09-24 22:00:00,268.66
2022-09-24 23:00:00,230.0
2022-09-25 00:00:00,215.24
2022-09-25 01:00:00,215.16
2022-09-25 02:00:00,194.4
2022-09-25 03:00:00,197.6
2022-09-25 04:00:00,228.14
2022-09-25 05:00:00,239.9
2022-09-25 06:00:00,278.74
2022-09-25 07:00:00,291.6
2022-09-25 08:00:00,261.38
2022-09-25 09:00:00,258.68
2022-09-25 10:00:00,250.16
2022-09-25 11:00:00,226.11
2022-09-25 12:00:00,205.13
2022-09-25 13:00:00,209.59
2022-09-25 14:00:00,250.39
2022-09-25 15:00:00,328.13
2022-09-25 16:00:00,380.09
2022-09-25 17:00:00,412.26
2022-09-25 18:00:00,394.11
2022-09-25 19:00:00,369.97
2022-09-25 20:00:00,348.17
2022-09-25 21:00:00,294.43
2022-09-25 22:00:00,248.77
2022-09-25 23:00:00,179.85
2022-09-26 00:00:00,161.92
2022-09-26 01:00:00,131.81
2022-09-26 02:00:00,126.43
2022-09-26 03:00:00,173.2
2022-09-26 04:00:00,327.95
2022-09-26 05:00:00,393.43
2022-09-26 06:00:00,398.3
2022-09-26 07:00:00,336.54
2022-09-26 08:00:00,315.64
2022-09-26 09:00:00,301.7
2022-09-26 10:00:00,268.96
2022-09-26 11:00:00,192.76
2022-09-26 12:00:00,227.07
2022-09-26 13:00:00,207.67
2022-09-26 14:00:00,218.23
2022-09-26 15:00:00,315.21
2022-09-26 16:00:00,390.82
2022-09-26 17:00:00,422.6
2022-09-26 18:00:00,396.58
2022-09-26 19:00:00,329.7
2022-09-26 20:00:00,325.89
2022-09-26 21:00:00,263.91
2022-09-26 22:00:00,190.95
2022-09-26 23:00:00,180.24
2022-09-27 00:00:00,169.8
2022-09-27 01:00:00,151.3
2022-09-27 02:00:00,167.35
2022-09-27 03:00:00,222.81
2022-09-27 04:00:00,379.28
2022-09-27 05:00:00,430.24
2022-09-27 06:00:00,503.47
2022-09-27 07:00:00,680.0
2022-09-27 08:00:00,558.0
2022-09-27 09:00:00,520.0
2022-09-27 10:00:00,386.47
2022-09-27 11:00:00,349.57
2022-09-27 12:00:00,300.55
2022-09-27 13:00:00,297.93
2022-09-27 14:00:00,316.88
2022-09-27 15:00:00,365.66
2022-09-27 16:00:00,389.26
2022-09-27 17:00:00,432.27
2022-09-27 18:00:00,408.23
2022-09-27 19:00:00,351.43
2022-09-27 20:00:00,333.69
2022-09-27 21:00:00,319.71
2022-09-27 22:00:00,306.42
2022-09-27 23:00:00,275.78
2022-09-28 00:00:00,245.94
2022-09-28 01:00:00,242.98
2022-09-28 02:00:00,273.77
2022-09-28 03:00:00,307.13
2022-09-28 04:00:00,383.17
2022-09-28 05:00:00,472.63
2022-09-28 06:00:00,500.38
2022-09-28 07:00:00,453.1
2022-09-28 08:00:00,434.76
2022-09-28 09:00:00,406.74
2022-09-28 10:00:00,383.62
2022-09-28 11:00:00,369.95
2022-09-28 12:00:00,369.95
2022-09-28 13:00:00,366.91
2022-09-28 14:00:00,384.98
2022-09-28 15:00:00,435.59
2022-09-28 16:00:00,510.0
2022-09-28 17:00:00,640.42
2022-09-28 18:00:00,510.0
2022-09-28 19:00:00,419.99
2022-09-28 20:00:00,372.61
2022-09-28 21:00:00,361.8
2022-09-28 22:00:00,351.45
2022-09-28 23:00:00,336.51
2022-09-29 00:00:00,326.14
2022-09-29 01:00:00,315.19
2022-09-29 02:00:00,320.0
2022-09-29 03:00:00,345.53
2022-09-29 04:00:00,440.07
2022-09-29 05:00:00,569.93
2022-09-29 06:00:00,585.0
2022-09-29 07:00:00,674.4
2022-09-29 08:00:00,584.6
2022-09-29 09:00:00,558.86
2022-09-29 10:00:00,535.36
2022-09-29 11:00:00,503.77
2022-09-29 12:00:00,509.0
2022-09-29 13:00:00,484.0
2022-09-29 14:00:00,426.8
2022-09-29 15:00:00,426.8
2022-09-29 16:00:00,426.8
2022-09-29 17:00:00,605.0
2022-09-29 18:00:00,520.0
2022-09-29 19:00:00,424.99
2022-09-29 20:00:00,397.03
2022-09-29 21:00:00,374.46
2022-09-29 22:00:00,349.44
2022-09-29 23:00:00,336.1
2022-09-30 00:00:00,325.03
2022-09-30 01:00:00,322.42
2022-09-30 02:00:00,324.8
2022-09-30 03:00:00,348.44
2022-09-30 04:00:00,429.99
2022-09-30 05:00:00,524.0
2022-09-30 06:00:00,559.91
2022-09-30 07:00:00,551.71
2022-09-30 08:00:00,421.25
2022-09-30 09:00:00,411.7
2022-09-30 10:00:00,415.44
2022-09-30 11:00:00,286.02
2022-09-30 12:00:00,263.46
2022-09-30 13:00:00,267.38
2022-09-30 14:00:00,244.96
2022-09-30 15:00:00,298.85
2022-09-30 16:00:00,357.41
2022-09-30 17:00:00,382.39
2022-09-30 18:00:00,328.49
2022-09-30 19:00:00,221.09
2022-09-30 20:00:00,201.33
2022-09-30 21:00:00,155.72
2022-09-30 22:00:00,167.0
2022-09-30 23:00:00,103.8
2022-10-01 00:00:00,90.56
2022-10-01 01:00:00,77.64
2022-10-01 02:00:00,50.25
2022-10-01 03:00:00,71.99
2022-10-01 04:00:00,90.56
2022-10-01 05:00:00,98.37
2022-10-01 06:00:00,128.3
2022-10-01 07:00:00,135.99
2022-10-01 08:00:00,127.71
2022-10-01 09:00:00,121.58
2022-10-01 10:00:00,100.15
2022-10-01 11:00:00,85.11
2022-10-01 12:00:00,72.72
2022-10-01 13:00:00,74.87
2022-10-01 14:00:00,81.57
2022-10-01 15:00:00,137.8
2022-10-01 16:00:00,195.05
2022-10-01 17:00:00,226.62
2022-10-01 18:00:00,218.65
2022-10-01 19:00:00,188.89
2022-10-01 20:00:00,170.25
2022-10-01 21:00:00,147.71
2022-10-01 22:00:00,185.04
2022-10-01 23:00:00,135.25
2022-10-02 00:00:00,159.94
2022-10-02 01:00:00,99.18
2022-10-02 02:00:00,125.31
2022-10-02 03:00:00,150.2
2022-10-02 04:00:00,177.7
2022-10-02 05:00:00,248.66
2022-10-02 06:00:00,154.07
2022-10-02 07:00:00,152.54
2022-10-02 08:00:00,124.83
2022-10-02 09:00:00,138.98
2022-10-02 10:00:00,138.67
2022-10-02 11:00:00,99.05
2022-10-02 12:00:00,88.0
2022-10-02 13:00:00,96.08
2022-10-02 14:00:00,160.04
2022-10-02 15:00:00,206.23
2022-10-02 16:00:00,288.16
2022-10-02 17:00:00,425.18
2022-10-02 18:00:00,415.88
2022-10-02 19:00:00,339.19
2022-10-02 20:00:00,327.16
2022-10-02 21:00:00,275.14
2022-10-02 22:00:00,209.93
2022-10-02 23:00:00,187.0
2022-10-03 00:00:00,230.0
2022-10-03 01:00:00,190.28
2022-10-03 02:00:00,194.29
2022-10-03 03:00:00,197.7
2022-10-03 04:00:00,360.29
2022-10-03 05:00:00,311.22
2022-10-03 06:00:00,397.36
2022-10-03 07:00:00,360.02
2022-10-03 08:00:00,276.15
2022-10-03 09:00:00,287.01
2022-10-03 10:00:00,306.02
2022-10-03 11:00:00,210.06
2022-10-03 12:00:00,288.37
2022-10-03 13:00:00,177.89
2022-10-03 14:00:00,218.95
2022-10-03 15:00:00,329.76
2022-10-03 16:00:00,391.11
2022-10-03 17:00:00,473.04
2022-10-03 18:00:00,379.85
2022-10-03 19:00:00,321.3
2022-10-03 20:00:00,318.42
2022-10-03 21:00:00,288.98
2022-10-03 22:00:00,239.08
2022-10-03 23:00:00,200.97
2022-10-04 00:00:00,218.6
2022-10-04 01:00:00,169.1
2022-10-04 02:00:00,187.69
2022-10-04 03:00:00,196.92
2022-10-04 04:00:00,329.97
2022-10-04 05:00:00,427.5
2022-10-04 06:00:00,497.39
2022-10-04 07:00:00,441.8
2022-10-04 08:00:00,343.2
2022-10-04 09:00:00,289.98
2022-10-04 10:00:00,270.19
2022-10-04 11:00:00,161.38
2022-10-04 12:00:00,223.09
2022-10-04 13:00:00,228.11
2022-10-04 14:00:00,216.89
2022-10-04 15:00:00,355.44
2022-10-04 16:00:00,381.05
2022-10-04 17:00:00,600.0
2022-10-04 18:00:00,374.67
2022-10-04 19:00:00,277.21
2022-10-04 20:00:00,233.13
2022-10-04 21:00:00,254.95
2022-10-04 22:00:00,217.75
2022-10-04 23:00:00,273.96
2022-10-05 00:00:00,201.17
2022-10-05 01:00:00,145.5
2022-10-05 02:00:00,128.5
2022-10-05 03:00:00,150.12
2022-10-05 04:00:00,201.46
2022-10-05 05:00:00,246.27
2022-10-05 06:00:00,267.84
2022-10-05 07:00:00,274.23
2022-10-05 08:00:00,179.2
2022-10-05 09:00:00,205.66
2022-10-05 10:00:00,210.16
2022-10-05 11:00:00,192.9
2022-10-05 12:00:00,215.97
2022-10-05 13:00:00,197.5
2022-10-05 14:00:00,170.23
2022-10-05 15:00:00,220.09
2022-10-05 16:00:00,232.42
2022-10-05 17:00:00,336.11
2022-10-05 18:00:00,283.96
2022-10-05 19:00:00,252.08
2022-10-05 20:00:00,248.84
2022-10-05 21:00:00,271.95
2022-10-05 22:00:00,203.6
2022-10-05 23:00:00,193.35
2022-10-06 00:00:00,187.12
2022-10-06 01:00:00,174.26
2022-10-06 02:00:00,183.5
2022-10-06 03:00:00,201.0
2022-10-06 04:00:00,253.83
2022-10-06 05:00:00,340.0
2022-10-06 06:00:00,400.0
2022-10-06 07:00:00,380.0
2022-10-06 08:00:00,261.78
2022-10-06 09:00:00,226.03
2022-10-06 10:00:00,252.93
2022-10-06 11:00:00,201.0
2022-10-06 12:00:00,201.91
2022-10-06 13:00:00,207.24
2022-10-06 14:00:00,223.9
2022-10-06 15:00:00,269.48
2022-10-06 16:00:00,351.0
2022-10-06 17:00:00,424.3
2022-10-06 18:00:00,349.99
2022-10-06 19:00:00,232.3
2022-10-06 20:00:00,220.76
2022-10-06 21:00:00,203.6
2022-10-06 22:00:00,228.22
2022-10-06 23:00:00,226.0
2022-10-07 00:00:00,182.01
2022-10-07 01:00:00,197.11
2022-10-07 02:00:00,151.0
2022-10-07 03:00:00,214.91
2022-10-07 04:00:00,274.28
2022-10-07 05:00:00,379.41
2022-10-07 06:00:00,386.61
2022-10-07 07:00:00,350.17
2022-10-07 08:00:00,281.43
2022-10-07 09:00:00,270.22
2022-10-07 10:00:00,255.89
2022-10-07 11:00:00,241.07
2022-10-07 12:00:00,253.86
2022-10-07 13:00:00,262.4
2022-10-07 14:00:00,266.83
2022-10-07 15:00:00,295.35
2022-10-07 16:00:00,297.21
2022-10-07 17:00:00,436.59
2022-10-07 18:00:00,303.03
2022-10-07 19:00:00,274.28
2022-10-07 20:00:00,267.99
2022-10-07 21:00:00,230.58
2022-10-07 22:00:00,187.85
2022-10-07 23:00:00,158.03
2022-10-08 00:00:00,143.08
2022-10-08 01:00:00,144.68
2022-10-08 02:00:00,147.49
2022-10-08 03:00:00,148.08
2022-10-08 04:00:00,209.38
2022-10-08 05:00:00,188.8
2022-10-08 06:00:00,181.45
2022-10-08 07:00:00,268.38
2022-10-08 08:00:00,232.98
2022-10-08 09:00:00,266.03
2022-10-08 10:00:00,273.84
2022-10-08 11:00:00,240.66
2022-10-08 12:00:00,203.38
2022-10-08 13:00:00,143.42
2022-10-08 14:00:00,165.23
2022-10-08 15:00:00,178.19
2022-10-08 16:00:00,254.01
2022-10-08 17:00:00,339.69
2022-10-08 18:00:00,296.08
2022-10-08 19:00:00,255.05
2022-10-08 20:00:00,278.05
2022-10-08 21:00:00,261.11
2022-10-08 22:00:00,216.13
2022-10-08 23:00:00,195.02
2022-10-09 00:00:00,190.83
2022-10-09 01:00:00,162.1
2022-10-09 02:00:00,141.95
2022-10-09 03:00:00,147.12
2022-10-09 04:00:00,153.0
2022-10-09 05:00:00,195.68
2022-10-09 06:00:00,196.7
2022-10-09 07:00:00,150.85
2022-10-09 08:00:00,116.0
2022-10-09 09:00:00,89.63
2022-10-09 10:00:00,138.78
2022-10-09 11:00:00,78.94
2022-10-09 12:00:00,75.48
2022-10-09 13:00:00,84.02
2022-10-09 14:00:00,135.39
2022-10-09 15:00:00,196.83
2022-10-09 16:00:00,277.9
2022-10-09 17:00:00,285.14
2022-10-09 18:00:00,230.51
2022-10-09 19:00:00,214.83
2022-10-09 20:00:00,190.0
2022-10-09 21:00:00,180.14
2022-10-09 22:00:00,194.71
2022-10-09 23:00:00,176.97
2022-10-10 00:00:00,148.3
2022-10-10 01:00:00,133.97
2022-10-10 02:00:00,102.84
2022-10-10 03:00:00,141.4
2022-10-10 04:00:00,198.7
2022-10-10 05:00:00,227.26
2022-10-10 06:00:00,267.35
2022-10-10 07:00:00,290.12
2022-10-10 08:00:00,247.14
2022-10-10 09:00:00,235.81
2022-10-10 10:00:00,286.5
2022-10-10 11:00:00,231.08
2022-10-10 12:00:00,156.77
2022-10-10 13:00:00,166.99
2022-10-10 14:00:00,169.1
2022-10-10 15:00:00,215.91
2022-10-10 16:00:00,255.22
2022-10-10 17:00:00,298.03
2022-10-10 18:00:00,270.0
2022-10-10 19:00:00,220.0
2022-10-10 20:00:00,200.05
2022-10-10 21:00:00,159.34
2022-10-10 22:00:00,182.04
2022-10-10 23:00:00,174.3
2022-10-11 00:00:00,174.3
2022-10-11 01:00:00,171.54
2022-10-11 02:00:00,170.8
2022-10-11 03:00:00,174.21
2022-10-11 04:00:00,262.6
2022-10-11 05:00:00,320.95
2022-10-11 06:00:00,351.03
2022-10-11 07:00:00,302.44
2022-10-11 08:00:00,272.41
2022-10-11 09:00:00,259.01
2022-10-11 10:00:00,247.63
2022-10-11 11:00:00,225.03
2022-10-11 12:00:00,217.66
2022-10-11 13:00:00,235.84
2022-10-11 14:00:00,260.64
2022-10-11 15:00:00,323.9
2022-10-11 16:00:00,443.96
2022-10-11 17:00:00,485.57
2022-10-11 18:00:00,402.94
2022-10-11 19:00:00,295.02
2022-10-11 20:00:00,262.03
2022-10-11 21:00:00,258.54
2022-10-11 22:00:00,236.57
2022-10-11 23:00:00,222.21
2022-10-12 00:00:00,208.41
2022-10-12 01:00:00,198.99
2022-10-12 02:00:00,219.9
2022-10-12 03:00:00,238.34
2022-10-12 04:00:00,302.77
2022-10-12 05:00:00,472.08
2022-10-12 06:00:00,483.88
2022-10-12 07:00:00,348.15
2022-10-12 08:00:00,283.71
2022-10-12 09:00:00,269.03
2022-10-12 10:00:00,244.37
2022-10-12 11:00:00,236.0
2022-10-12 12:00:00,226.63
2022-10-12 13:00:00,225.84
2022-10-12 14:00:00,241.62
2022-10-12 15:00:00,295.09
2022-10-12 16:00:00,378.4
2022-10-12 17:00:00,479.97
2022-10-12 18:00:00,341.0
2022-10-12 19:00:00,273.02
2022-10-12 20:00:00,244.37
2022-10-12 21:00:00,228.57
2022-10-12 22:00:00,218.66
2022-10-12 23:00:00,210.0
2022-10-13 00:00:00,193.8
2022-10-13 01:00:00,182.96
2022-10-13 02:00:00,195.02
2022-10-13 03:00:00,218.46
2022-10-13 04:00:00,259.97
2022-10-13 05:00:00,302.44
2022-10-13 06:00:00,335.08
2022-10-13 07:00:00,301.56
2022-10-13 08:00:00,297.91
2022-10-13 09:00:00,277.7
2022-10-13 10:00:00,262.7
2022-10-13 11:00:00,254.99
2022-10-13 12:00:00,255.0
2022-10-13 13:00:00,263.58
2022-10-13 14:00:00,269.54
2022-10-13 15:00:00,293.89
2022-10-13 16:00:00,319.96
2022-10-13 17:00:00,346.8
2022-10-13 18:00:00,290.1
2022-10-13 19:00:00,252.68
2022-10-13 20:00:00,227.17
2022-10-13 21:00:00,207.68
2022-10-13 22:00:00,231.32
2022-10-13 23:00:00,219.6
2022-10-14 00:00:00,212.12
2022-10-14 01:00:00,211.62
2022-10-14 02:00:00,218.92
2022-10-14 03:00:00,229.49
2022-10-14 04:00:00,272.25
2022-10-14 05:00:00,350.0
2022-10-14 06:00:00,412.65
2022-10-14 07:00:00,327.39
2022-10-14 08:00:00,297.26
2022-10-14 09:00:00,282.41
2022-10-14 10:00:00,262.01
2022-10-14 11:00:00,238.37
2022-10-14 12:00:00,221.42
2022-10-14 13:00:00,242.69
2022-10-14 14:00:00,258.6
2022-10-14 15:00:00,274.0
2022-10-14 16:00:00,290.0
2022-10-14 17:00:00,301.12
2022-10-14 18:00:00,266.99
2022-10-14 19:00:00,217.94
2022-10-14 20:00:00,220.03
2022-10-14 21:00:00,193.0
2022-10-14 22:00:00,191.76
2022-10-14 23:00:00,174.0
2022-10-15 00:00:00,163.8
2022-10-15 01:00:00,144.74
2022-10-15 02:00:00,139.9
2022-10-15 03:00:00,133.36
2022-10-15 04:00:00,147.49
2022-10-15 05:00:00,161.17
2022-10-15 06:00:00,187.02
2022-10-15 07:00:00,199.33
2022-10-15 08:00:00,185.09
2022-10-15 09:00:00,160.0
2022-10-15 10:00:00,144.91
2022-10-15 11:00:00,136.57
2022-10-15 12:00:00,118.54
2022-10-15 13:00:00,120.0
2022-10-15 14:00:00,136.07
2022-10-15 15:00:00,172.0
2022-10-15 16:00:00,193.08
2022-10-15 17:00:00,205.89
2022-10-15 18:00:00,167.76
2022-10-15 19:00:00,154.99
2022-10-15 20:00:00,145.21
2022-10-15 21:00:00,137.35
2022-10-15 22:00:00,129.08
2022-10-15 23:00:00,114.63
2022-10-16 00:00:00,112.57
2022-10-16 01:00:00,69.86
2022-10-16 02:00:00,80.0
2022-10-16 03:00:00,79.72
2022-10-16 04:00:00,89.53
2022-10-16 05:00:00,86.09
2022-10-16 06:00:00,107.95
2022-10-16 07:00:00,125.0
2022-10-16 08:00:00,114.73
2022-10-16 09:00:00,127.83
2022-10-16 10:00:00,138.77
2022-10-16 11:00:00,128.77
2022-10-16 12:00:00,126.32
2022-10-16 13:00:00,100.56
2022-10-16 14:00:00,86.78
2022-10-16 15:00:00,167.3
2022-10-16 16:00:00,198.73
2022-10-16 17:00:00,225.84
2022-10-16 18:00:00,178.02
2022-10-16 19:00:00,144.96
2022-10-16 20:00:00,140.04
2022-10-16 21:00:00,134.55
2022-10-16 22:00:00,128.31
2022-10-16 23:00:00,114.41
2022-10-17 00:00:00,105.65
2022-10-17 01:00:00,89.64
2022-10-17 02:00:00,89.64
2022-10-17 03:00:00,113.25
2022-10-17 04:00:00,139.42
2022-10-17 05:00:00,177.89
2022-10-17 06:00:00,202.21
2022-10-17 07:00:00,193.66
2022-10-17 08:00:00,205.83
2022-10-17 09:00:00,195.08
2022-10-17 10:00:00,190.12
2022-10-17 11:00:00,174.99
2022-10-17 12:00:00,181.4
2022-10-17 13:00:00,168.32
2022-10-17 14:00:00,172.55
2022-10-17 15:00:00,224.42
2022-10-17 16:00:00,267.87
2022-10-17 17:00:00,281.15
2022-10-17 18:00:00,231.96
2022-10-17 19:00:00,192.4
2022-10-17 20:00:00,196.06
2022-10-17 21:00:00,147.0
2022-10-17 22:00:00,141.64
2022-10-17 23:00:00,135.71
2022-10-18 00:00:00,140.35
2022-10-18 01:00:00,139.95
2022-10-18 02:00:00,147.25
2022-10-18 03:00:00,148.58
2022-10-18 04:00:00,211.07
2022-10-18 05:00:00,268.67
2022-10-18 06:00:00,286.82
2022-10-18 07:00:00,259.04
2022-10-18 08:00:00,203.5
2022-10-18 09:00:00,183.32
2022-10-18 10:00:00,167.21
2022-10-18 11:00:00,162.0
2022-10-18 12:00:00,177.76
2022-10-18 13:00:00,180.32
2022-10-18 14:00:00,203.65
2022-10-18 15:00:00,220.62
2022-10-18 16:00:00,249.77
2022-10-18 17:00:00,259.95
2022-10-18 18:00:00,210.84
2022-10-18 19:00:00,170.49
2022-10-18 20:00:00,162.21
2022-10-18 21:00:00,156.12
2022-10-18 22:00:00,130.99
2022-10-18 23:00:00,125.18
2022-10-19 00:00:00,121.42
2022-10-19 01:00:00,123.73
2022-10-19 02:00:00,128.28
2022-10-19 03:00:00,142.03
2022-10-19 04:00:00,159.77
2022-10-19 05:00:00,228.27
2022-10-19 06:00:00,232.85
2022-10-19 07:00:00,195.11
2022-10-19 08:00:00,166.41
2022-10-19 09:00:00,157.32
2022-10-19 10:00:00,149.45
2022-10-19 11:00:00,130.22
2022-10-19 12:00:00,142.4
2022-10-19 13:00:00,131.5
2022-10-19 14:00:00,153.05
2022-10-19 15:00:00,190.38
2022-10-19 16:00:00,220.1
2022-10-19 17:00:00,212.62
2022-10-19 18:00:00,161.83
2022-10-19 19:00:00,141.73
2022-10-19 20:00:00,140.66
2022-10-19 21:00:00,130.85
2022-10-19 22:00:00,107.61
2022-10-19 23:00:00,88.27
2022-10-20 00:00:00,77.39
2022-10-20 01:00:00,69.94
2022-10-20 02:00:00,66.74
2022-10-20 03:00:00,97.0
2022-10-20 04:00:00,132.8
2022-10-20 05:00:00,168.05
2022-10-20 06:00:00,195.95
2022-10-20 07:00:00,167.65
2022-10-20 08:00:00,168.2
2022-10-20 09:00:00,167.43
2022-10-20 10:00:00,160.42
2022-10-20 11:00:00,143.82
2022-10-20 12:00:00,141.05
2022-10-20 13:00:00,163.15
2022-10-20 14:00:00,155.06
2022-10-20 15:00:00,180.07
2022-10-20 16:00:00,188.25
2022-10-20 17:00:00,197.01
2022-10-20 18:00:00,172.53
2022-10-20 19:00:00,146.6
2022-10-20 20:00:00,137.1
2022-10-20 21:00:00,129.36
2022-10-20 22:00:00,131.99
2022-10-20 23:00:00,118.62
2022-10-21 00:00:00,113.36
2022-10-21 01:00:00,111.01
2022-10-21 02:00:00,84.92
2022-10-21 03:00:00,84.98
2022-10-21 04:00:00,151.94
2022-10-21 05:00:00,187.81
2022-10-21 06:00:00,203.6
2022-10-21 07:00:00,200.59
2022-10-21 08:00:00,182.1
2022-10-21 09:00:00,177.86
2022-10-21 10:00:00,162.82
2022-10-21 11:00:00,166.35
2022-10-21 12:00:00,166.28
2022-10-21 13:00:00,156.03
2022-10-21 14:00:00,153.32
2022-10-21 15:00:00,197.18
2022-10-21 16:00:00,206.63
2022-10-21 17:00:00,203.05
2022-10-21 18:00:00,172.76
2022-10-21 19:00:00,161.58
2022-10-21 20:00:00,156.87
2022-10-21 21:00:00,143.4
2022-10-21 22:00:00,143.43
2022-10-21 23:00:00,125.47
2022-10-22 00:00:00,113.94
2022-10-22 01:00:00,115.0
2022-10-22 02:00:00,106.0
2022-10-22 03:00:00,103.22
2022-10-22 04:00:00,120.0
2022-10-22 05:00:00,118.81
2022-10-22 06:00:00,127.28
2022-10-22 07:00:00,145.3
2022-10-22 08:00:00,139.63
2022-10-22 09:00:00,129.38
2022-10-22 10:00:00,125.88
2022-10-22 11:00:00,117.74
2022-10-22 12:00:00,110.2
2022-10-22 13:00:00,109.26
2022-10-22 14:00:00,99.25
2022-10-22 15:00:00,126.09
2022-10-22 16:00:00,179.13
2022-10-22 17:00:00,183.41
2022-10-22 18:00:00,164.64
2022-10-22 19:00:00,143.0
2022-10-22 20:00:00,137.01
2022-10-22 21:00:00,132.42
2022-10-22 22:00:00,110.66
2022-10-22 23:00:00,99.15
2022-10-23 00:00:00,93.54
2022-10-23 01:00:00,90.0
2022-10-23 02:00:00,72.41
2022-10-23 03:00:00,70.85
2022-10-23 04:00:00,64.29
2022-10-23 05:00:00,104.29
2022-10-23 06:00:00,72.52
2022-10-23 07:00:00,103.63
2022-10-23 08:00:00,96.0
2022-10-23 09:00:00,93.23
2022-10-23 10:00:00,83.47
2022-10-23 11:00:00,76.17
2022-10-23 12:00:00,78.31
2022-10-23 13:00:00,72.93
2022-10-23 14:00:00,86.44
2022-10-23 15:00:00,59.3
2022-10-23 16:00:00,88.0
2022-10-23 17:00:00,121.99
2022-10-23 18:00:00,106.81
2022-10-23 19:00:00,91.82
2022-10-23 20:00:00,84.71
2022-10-23 21:00:00,76.35
2022-10-23 22:00:00,56.21
2022-10-23 23:00:00,53.27
2022-10-24 00:00:00,41.98
2022-10-24 01:00:00,29.85
2022-10-24 02:00:00,41.83
2022-10-24 03:00:00,54.59
2022-10-24 04:00:00,68.29
2022-10-24 05:00:00,103.69
2022-10-24 06:00:00,122.1
2022-10-24 07:00:00,108.91
2022-10-24 08:00:00,114.32
2022-10-24 09:00:00,112.39
2022-10-24 10:00:00,78.38
2022-10-24 11:00:00,67.82
2022-10-24 12:00:00,68.19
2022-10-24 13:00:00,86.83
2022-10-24 14:00:00,96.5
2022-10-24 15:00:00,109.98
2022-10-24 16:00:00,136.46
2022-10-24 17:00:00,150.16
2022-10-24 18:00:00,116.95
2022-10-24 19:00:00,95.74
2022-10-24 20:00:00,96.31
2022-10-24 21:00:00,89.45
2022-10-24 22:00:00,77.48
2022-10-24 23:00:00,58.19
2022-10-25 00:00:00,62.45
2022-10-25 01:00:00,61.15
2022-10-25 02:00:00,74.52
2022-10-25 03:00:00,78.6
2022-10-25 04:00:00,88.9
2022-10-25 05:00:00,118.65
2022-10-25 06:00:00,141.11
2022-10-25 07:00:00,130.37
2022-10-25 08:00:00,110.16
2022-10-25 09:00:00,108.18
2022-10-25 10:00:00,101.55
2022-10-25 11:00:00,88.65
2022-10-25 12:00:00,88.88
2022-10-25 13:00:00,102.0
2022-10-25 14:00:00,115.6
2022-10-25 15:00:00,153.02
2022-10-25 16:00:00,182.09
2022-10-25 17:00:00,189.17
2022-10-25 18:00:00,153.32
2022-10-25 19:00:00,127.7
2022-10-25 20:00:00,117.45
2022-10-25 21:00:00,112.33
2022-10-25 22:00:00,94.63
2022-10-25 23:00:00,88.8
2022-10-26 00:00:00,85.9
2022-10-26 01:00:00,80.4
2022-10-26 02:00:00,81.55
2022-10-26 03:00:00,88.6
2022-10-26 04:00:00,94.26
2022-10-26 05:00:00,135.89
2022-10-26 06:00:00,145.02
2022-10-26 07:00:00,135.0
2022-10-26 08:00:00,128.87
2022-10-26 09:00:00,112.8
2022-10-26 10:00:00,105.16
2022-10-26 11:00:00,94.26
2022-10-26 12:00:00,94.9
2022-10-26 13:00:00,93.83
2022-10-26 14:00:00,99.39
2022-10-26 15:00:00,119.13
2022-10-26 16:00:00,173.32
2022-10-26 17:00:00,170.02
2022-10-26 18:00:00,138.02
2022-10-26 19:00:00,111.97
2022-10-26 20:00:00,99.1
2022-10-26 21:00:00,90.1
2022-10-26 22:00:00,96.63
2022-10-26 23:00:00,97.52
2022-10-27 00:00:00,97.92
2022-10-27 01:00:00,91.72
2022-10-27 02:00:00,90.0
2022-10-27 03:00:00,95.0
2022-10-27 04:00:00,110.0
2022-10-27 05:00:00,135.0
2022-10-27 06:00:00,172.32
2022-10-27 07:00:00,143.38
2022-10-27 08:00:00,128.92
2022-10-27 09:00:00,118.81
2022-10-27 10:00:00,104.67
2022-10-27 11:00:00,100.65
2022-10-27 12:00:00,106.68
2022-10-27 13:00:00,120.06
2022-10-27 14:00:00,139.73
2022-10-27 15:00:00,154.23
2022-10-27 16:00:00,169.54
2022-10-27 17:00:00,152.92
2022-10-27 18:00:00,138.3
2022-10-27 19:00:00,130.58
2022-10-27 20:00:00,124.36
2022-10-27 21:00:00,101.1
2022-10-27 22:00:00,90.31
2022-10-27 23:00:00,89.64
2022-10-28 00:00:00,88.02
2022-10-28 01:00:00,88.02
2022-10-28 02:00:00,88.6
2022-10-28 03:00:00,90.1
2022-10-28 04:00:00,111.33
2022-10-28 05:00:00,127.59
2022-10-28 06:00:00,134.76
2022-10-28 07:00:00,123.79
2022-10-28 08:00:00,119.6
2022-10-28 09:00:00,114.94
2022-10-28 10:00:00,106.13
2022-10-28 11:00:00,101.03
2022-10-28 12:00:00,100.5
2022-10-28 13:00:00,93.66
2022-10-28 14:00:00,105.25
2022-10-28 15:00:00,124.35
2022-10-28 16:00:00,133.31
2022-10-28 17:00:00,135.31
2022-10-28 18:00:00,123.31
2022-10-28 19:00:00,115.04
2022-10-28 20:00:00,105.82
2022-10-28 21:00:00,94.38
2022-10-28 22:00:00,93.85
2022-10-28 23:00:00,92.77
2022-10-29 00:00:00,90.41
2022-10-29 01:00:00,87.98
2022-10-29 02:00:00,87.0
2022-10-29 03:00:00,86.57
2022-10-29 04:00:00,89.33
2022-10-29 05:00:00,101.96
2022-10-29 06:00:00,115.04
2022-10-29 07:00:00,109.0
2022-10-29 08:00:00,95.48
2022-10-29 09:00:00,87.0
2022-10-29 10:00:00,84.0
2022-10-29 11:00:00,80.9
2022-10-29 12:00:00,83.6
2022-10-29 13:00:00,88.17
2022-10-29 14:00:00,90.55
2022-10-29 15:00:00,105.78
2022-10-29 16:00:00,131.31
2022-10-29 17:00:00,133.41
2022-10-29 18:00:00,120.08
2022-10-29 19:00:00,109.9
2022-10-29 20:00:00,103.8
2022-10-29 21:00:00,97.49
2022-10-29 22:00:00,103.2
2022-10-29 23:00:00,100.55
2022-10-30 00:00:00,100.25
2022-10-30 01:00:00,100.15
2022-10-30 02:00:00,98.41
2022-10-30 03:00:00,98.5
2022-10-30 04:00:00,98.98
2022-10-30 05:00:00,100.55
2022-10-30 06:00:00,110.27
2022-10-30 07:00:00,114.0
2022-10-30 08:00:00,104.38
2022-10-30 09:00:00,97.81
2022-10-30 10:00:00,100.03
2022-10-30 11:00:00,100.0
2022-10-30 12:00:00,100.0
2022-10-30 13:00:00,109.43
2022-10-30 14:00:00,124.61
2022-10-30 15:00:00,140.2
2022-10-30 16:00:00,156.0
2022-10-30 17:00:00,170.38
2022-10-30 18:00:00,165.0
2022-10-30 19:00:00,147.52
2022-10-30 20:00:00,139.08
2022-10-30 21:00:00,127.0
2022-10-30 22:00:00,109.26
2022-10-30 23:00:00,136.77
2022-10-31 00:00:00,119.09
2022-10-31 01:00:00,116.32
2022-10-31 02:00:00,114.6
2022-10-31 03:00:00,115.07
2022-10-31 04:00:00,124.17
2022-10-31 05:00:00,145.96
2022-10-31 06:00:00,166.56
2022-10-31 07:00:00,168.0
2022-10-31 08:00:00,153.3
2022-10-31 09:00:00,143.35
2022-10-31 10:00:00,141.95
2022-10-31 11:00:00,141.96
2022-10-31 12:00:00,145.96
2022-10-31 13:00:00,155.0
2022-10-31 14:00:00,169.15
2022-10-31 15:00:00,166.78
2022-10-31 16:00:00,180.0
2022-10-31 17:00:00,183.26
2022-10-31 18:00:00,168.22
2022-10-31 19:00:00,147.3
2022-10-31 20:00:00,136.78
2022-10-31 21:00:00,120.85
2022-10-31 22:00:00,101.3
2022-10-31 23:00:00,95.34
2022-11-01 00:00:00,78.12
2022-11-01 01:00:00,71.83
2022-11-01 02:00:00,55.24
2022-11-01 03:00:00,56.04
2022-11-01 04:00:00,56.95
2022-11-01 05:00:00,79.47
2022-11-01 06:00:00,84.03
2022-11-01 07:00:00,93.7
2022-11-01 08:00:00,95.92
2022-11-01 09:00:00,89.74
2022-11-01 10:00:00,82.0
2022-11-01 11:00:00,85.91
2022-11-01 12:00:00,80.88
2022-11-01 13:00:00,81.1
2022-11-01 14:00:00,85.0
2022-11-01 15:00:00,96.39
2022-11-01 16:00:00,121.73
2022-11-01 17:00:00,133.79
2022-11-01 18:00:00,134.54
2022-11-01 19:00:00,103.51
2022-11-01 20:00:00,90.87
2022-11-01 21:00:00,99.58
2022-11-01 22:00:00,118.33
2022-11-01 23:00:00,84.45
2022-11-02 00:00:00,94.73
2022-11-02 01:00:00,95.3
2022-11-02 02:00:00,67.16
2022-11-02 03:00:00,63.8
2022-11-02 04:00:00,102.09
2022-11-02 05:00:00,116.47
2022-11-02 06:00:00,139.55
2022-11-02 07:00:00,152.29
2022-11-02 08:00:00,129.0
2022-11-02 09:00:00,115.3
2022-11-02 10:00:00,106.3
2022-11-02 11:00:00,105.33
2022-11-02 12:00:00,103.54
2022-11-02 13:00:00,107.74
2022-11-02 14:00:00,107.28
2022-11-02 15:00:00,125.72
2022-11-02 16:00:00,166.29
2022-11-02 17:00:00,180.0
2022-11-02 18:00:00,177.65
2022-11-02 19:00:00,131.38
2022-11-02 20:00:00,119.13
2022-11-02 21:00:00,113.1
2022-11-02 22:00:00,107.0
2022-11-02 23:00:00,120.0
2022-11-03 00:00:00,104.11
2022-11-03 01:00:00,98.7
2022-11-03 02:00:00,91.96
2022-11-03 03:00:00,74.33
2022-11-03 04:00:00,92.52
2022-11-03 05:00:00,97.56
2022-11-03 06:00:00,110.81
2022-11-03 07:00:00,130.0
2022-11-03 08:00:00,120.46
2022-11-03 09:00:00,109.41
2022-11-03 10:00:00,112.1
2022-11-03 11:00:00,125.5
2022-11-03 12:00:00,129.07
2022-11-03 13:00:00,133.3
2022-11-03 14:00:00,139.44
2022-11-03 15:00:00,139.22
2022-11-03 16:00:00,144.11
2022-11-03 17:00:00,173.52
2022-11-03 18:00:00,155.33
2022-11-03 19:00:00,137.41
2022-11-03 20:00:00,132.2
2022-11-03 21:00:00,128.49
2022-11-03 22:00:00,113.72
2022-11-03 23:00:00,151.15
2022-11-04 00:00:00,147.25
2022-11-04 01:00:00,146.15
2022-11-04 02:00:00,135.3
2022-11-04 03:00:00,122.13
2022-11-04 04:00:00,135.27
2022-11-04 05:00:00,174.79
2022-11-04 06:00:00,206.05
2022-11-04 07:00:00,215.15
2022-11-04 08:00:00,209.9
2022-11-04 09:00:00,204.96
2022-11-04 10:00:00,197.35
2022-11-04 11:00:00,194.79
2022-11-04 12:00:00,189.01
2022-11-04 13:00:00,191.94
2022-11-04 14:00:00,205.17
2022-11-04 15:00:00,207.98
2022-11-04 16:00:00,239.99
2022-11-04 17:00:00,240.55
2022-11-04 18:00:00,217.74
2022-11-04 19:00:00,195.58
2022-11-04 20:00:00,187.0
2022-11-04 21:00:00,179.8
2022-11-04 22:00:00,172.85
2022-11-04 23:00:00,150.59
2022-11-05 00:00:00,158.94
2022-11-05 01:00:00,138.99
2022-11-05 02:00:00,130.65
2022-11-05 03:00:00,130.65
2022-11-05 04:00:00,135.0
2022-11-05 05:00:00,147.4
2022-11-05 06:00:00,142.2
2022-11-05 07:00:00,142.82
2022-11-05 08:00:00,144.35
2022-11-05 09:00:00,137.12
2022-11-05 10:00:00,128.4
2022-11-05 11:00:00,125.56
2022-11-05 12:00:00,115.12
2022-11-05 13:00:00,126.88
2022-11-05 14:00:00,138.03
2022-11-05 15:00:00,151.24
2022-11-05 16:00:00,166.93
2022-11-05 17:00:00,170.0
2022-11-05 18:00:00,163.29
2022-11-05 19:00:00,149.99
2022-11-05 20:00:00,148.49
2022-11-05 21:00:00,129.0
2022-11-05 22:00:00,114.72
2022-11-05 23:00:00,138.34
2022-11-06 00:00:00,130.36
2022-11-06 01:00:00,110.94
2022-11-06 02:00:00,96.09
2022-11-06 03:00:00,85.7
2022-11-06 04:00:00,96.09
2022-11-06 05:00:00,96.11
2022-11-06 06:00:00,102.04
2022-11-06 07:00:00,98.87
2022-11-06 08:00:00,92.61
2022-11-06 09:00:00,90.93
2022-11-06 10:00:00,94.24
2022-11-06 11:00:00,92.1
2022-11-06 12:00:00,95.16
2022-11-06 13:00:00,96.4
2022-11-06 14:00:00,97.38
2022-11-06 15:00:00,103.99
2022-11-06 16:00:00,134.08
2022-11-06 17:00:00,155.61
2022-11-06 18:00:00,144.59
2022-11-06 19:00:00,116.62
2022-11-06 20:00:00,106.5
2022-11-06 21:00:00,123.2
2022-11-06 22:00:00,86.6
2022-11-06 23:00:00,142.95
2022-11-07 00:00:00,103.8
2022-11-07 01:00:00,103.2
2022-11-07 02:00:00,102.65
2022-11-07 03:00:00,100.89
2022-11-07 04:00:00,105.09
2022-11-07 05:00:00,131.34
2022-11-07 06:00:00,154.31
2022-11-07 07:00:00,159.93
2022-11-07 08:00:00,146.2
2022-11-07 09:00:00,103.8
2022-11-07 10:00:00,102.65
2022-11-07 11:00:00,100.32
2022-11-07 12:00:00,97.68
2022-11-07 13:00:00,98.87
2022-11-07 14:00:00,151.61
2022-11-07 15:00:00,115.0
2022-11-07 16:00:00,165.3
2022-11-07 17:00:00,167.64
2022-11-07 18:00:00,163.45
2022-11-07 19:00:00,149.54
2022-11-07 20:00:00,125.53
2022-11-07 21:00:00,103.61
2022-11-07 22:00:00,102.0
2022-11-07 23:00:00,96.03
2022-11-08 00:00:00,88.01
2022-11-08 01:00:00,85.76
2022-11-08 02:00:00,79.76
2022-11-08 03:00:00,72.25
2022-11-08 04:00:00,88.01
2022-11-08 05:00:00,96.1
2022-11-08 06:00:00,132.61
2022-11-08 07:00:00,138.16
2022-11-08 08:00:00,120.81
2022-11-08 09:00:00,113.87
2022-11-08 10:00:00,99.5
2022-11-08 11:00:00,96.58
2022-11-08 12:00:00,98.0
2022-11-08 13:00:00,100.75
2022-11-08 14:00:00,125.97
2022-11-08 15:00:00,131.28
2022-11-08 16:00:00,145.0
2022-11-08 17:00:00,159.69
2022-11-08 18:00:00,158.9
2022-11-08 19:00:00,147.78
2022-11-08 20:00:00,119.17
2022-11-08 21:00:00,129.22
2022-11-08 22:00:00,112.26
2022-11-08 23:00:00,107.35
2022-11-09 00:00:00,101.75
2022-11-09 01:00:00,100.41
2022-11-09 02:00:00,97.27
2022-11-09 03:00:00,97.27
2022-11-09 04:00:00,100.0
2022-11-09 05:00:00,124.06
2022-11-09 06:00:00,153.89
2022-11-09 07:00:00,165.58
2022-11-09 08:00:00,152.83
2022-11-09 09:00:00,135.17
2022-11-09 10:00:00,130.71
2022-11-09 11:00:00,126.82
2022-11-09 12:00:00,123.64
2022-11-09 13:00:00,145.6
2022-11-09 14:00:00,155.67
2022-11-09 15:00:00,159.25
2022-11-09 16:00:00,195.87
2022-11-09 17:00:00,205.29
2022-11-09 18:00:00,190.0
2022-11-09 19:00:00,160.39
2022-11-09 20:00:00,148.51
2022-11-09 21:00:00,131.27
2022-11-09 22:00:00,124.96
2022-11-09 23:00:00,119.28
2022-11-10 00:00:00,114.52
2022-11-10 01:00:00,109.91
2022-11-10 02:00:00,106.61
2022-11-10 03:00:00,105.63
2022-11-10 04:00:00,118.37
2022-11-10 05:00:00,159.49
2022-11-10 06:00:00,190.18
2022-11-10 07:00:00,208.09
2022-11-10 08:00:00,206.04
2022-11-10 09:00:00,167.65
2022-11-10 10:00:00,185.92
2022-11-10 11:00:00,115.8
2022-11-10 12:00:00,113.75
2022-11-10 13:00:00,143.82
2022-11-10 14:00:00,161.33
2022-11-10 15:00:00,197.19
2022-11-10 16:00:00,213.53
2022-11-10 17:00:00,206.89
2022-11-10 18:00:00,199.39
2022-11-10 19:00:00,190.38
2022-11-10 20:00:00,167.9
2022-11-10 21:00:00,139.92
2022-11-10 22:00:00,134.14
2022-11-10 23:00:00,139.05
2022-11-11 00:00:00,135.29
2022-11-11 01:00:00,126.06
2022-11-11 02:00:00,109.23
2022-11-11 03:00:00,104.0
2022-11-11 04:00:00,108.74
2022-11-11 05:00:00,117.0
2022-11-11 06:00:00,139.39
2022-11-11 07:00:00,152.99
2022-11-11 08:00:00,127.47
2022-11-11 09:00:00,113.3
2022-11-11 10:00:00,125.56
2022-11-11 11:00:00,124.93
2022-11-11 12:00:00,114.22
2022-11-11 13:00:00,134.74
2022-11-11 14:00:00,164.36
2022-11-11 15:00:00,151.34
2022-11-11 16:00:00,197.22
2022-11-11 17:00:00,208.22
2022-11-11 18:00:00,180.11
2022-11-11 19:00:00,158.85
2022-11-11 20:00:00,136.09
2022-11-11 21:00:00,132.41
2022-11-11 22:00:00,122.79
2022-11-11 23:00:00,138.86
2022-11-12 00:00:00,134.21
2022-11-12 01:00:00,130.01
2022-11-12 02:00:00,126.8
2022-11-12 03:00:00,129.44
2022-11-12 04:00:00,129.68
2022-11-12 05:00:00,158.0
2022-11-12 06:00:00,172.29
2022-11-12 07:00:00,165.05
2022-11-12 08:00:00,165.94
2022-11-12 09:00:00,139.26
2022-11-12 10:00:00,130.89
2022-11-12 11:00:00,134.48
2022-11-12 12:00:00,137.45
2022-11-12 13:00:00,145.28
2022-11-12 14:00:00,108.69
2022-11-12 15:00:00,119.01
2022-11-12 16:00:00,220.0
2022-11-12 17:00:00,238.0
2022-11-12 18:00:00,199.71
2022-11-12 19:00:00,177.44
2022-11-12 20:00:00,162.18
2022-11-12 21:00:00,155.88
2022-11-12 22:00:00,158.69
2022-11-12 23:00:00,168.8
2022-11-13 00:00:00,152.21
2022-11-13 01:00:00,143.0
2022-11-13 02:00:00,127.0
2022-11-13 03:00:00,134.07
2022-11-13 04:00:00,135.29
2022-11-13 05:00:00,135.29
2022-11-13 06:00:00,150.75
2022-11-13 07:00:00,155.96
2022-11-13 08:00:00,133.35
2022-11-13 09:00:00,123.66
2022-11-13 10:00:00,138.7
2022-11-13 11:00:00,135.0
2022-11-13 12:00:00,127.2
2022-11-13 13:00:00,139.47
2022-11-13 14:00:00,143.42
2022-11-13 15:00:00,152.39
2022-11-13 16:00:00,192.56
2022-11-13 17:00:00,198.31
2022-11-13 18:00:00,170.23
2022-11-13 19:00:00,158.26
2022-11-13 20:00:00,150.8
2022-11-13 21:00:00,155.57
2022-11-13 22:00:00,136.87
2022-11-13 23:00:00,157.96
2022-11-14 00:00:00,140.93
2022-11-14 01:00:00,127.66
2022-11-14 02:00:00,124.52
2022-11-14 03:00:00,115.99
2022-11-14 04:00:00,144.92
2022-11-14 05:00:00,176.84
2022-11-14 06:00:00,241.31
2022-11-14 07:00:00,251.6
2022-11-14 08:00:00,246.1
2022-11-14 09:00:00,234.91
2022-11-14 10:00:00,230.08
2022-11-14 11:00:00,203.07
2022-11-14 12:00:00,196.21
2022-11-14 13:00:00,207.32
2022-11-14 14:00:00,213.23
2022-11-14 15:00:00,214.74
2022-11-14 16:00:00,256.25
2022-11-14 17:00:00,255.08
2022-11-14 18:00:00,239.19
2022-11-14 19:00:00,225.02
2022-11-14 20:00:00,168.45
2022-11-14 21:00:00,158.98
2022-11-14 22:00:00,154.37
2022-11-14 23:00:00,144.85
2022-11-15 00:00:00,136.36
2022-11-15 01:00:00,136.0
2022-11-15 02:00:00,118.79
2022-11-15 03:00:00,119.2
2022-11-15 04:00:00,138.26
2022-11-15 05:00:00,165.83
2022-11-15 06:00:00,213.32
2022-11-15 07:00:00,229.26
2022-11-15 08:00:00,215.53
2022-11-15 09:00:00,203.26
2022-11-15 10:00:00,202.4
2022-11-15 11:00:00,193.46
2022-11-15 12:00:00,207.61
2022-11-15 13:00:00,224.13
2022-11-15 14:00:00,224.08
2022-11-15 15:00:00,218.61
2022-11-15 16:00:00,224.43
2022-11-15 17:00:00,219.36
2022-11-15 18:00:00,231.63
2022-11-15 19:00:00,186.85
2022-11-15 20:00:00,174.27
2022-11-15 21:00:00,154.75
2022-11-15 22:00:00,141.24
2022-11-15 23:00:00,113.41
2022-11-16 00:00:00,103.26
2022-11-16 01:00:00,114.5
2022-11-16 02:00:00,96.1
2022-11-16 03:00:00,86.48
2022-11-16 04:00:00,106.34
2022-11-16 05:00:00,160.4
2022-11-16 06:00:00,220.53
2022-11-16 07:00:00,258.65
2022-11-16 08:00:00,228.89
2022-11-16 09:00:00,210.25
2022-11-16 10:00:00,202.52
2022-11-16 11:00:00,201.74
2022-11-16 12:00:00,194.22
2022-11-16 13:00:00,209.54
2022-11-16 14:00:00,229.44
2022-11-16 15:00:00,244.85
2022-11-16 16:00:00,261.15
2022-11-16 17:00:00,240.81
2022-11-16 18:00:00,217.86
2022-11-16 19:00:00,172.62
2022-11-16 20:00:00,134.13
2022-11-16 21:00:00,110.28
2022-11-16 22:00:00,86.02
2022-11-16 23:00:00,99.57
2022-11-17 00:00:00,75.77
2022-11-17 01:00:00,77.04
2022-11-17 02:00:00,37.06
2022-11-17 03:00:00,47.95
2022-11-17 04:00:00,69.98
2022-11-17 05:00:00,143.59
2022-11-17 06:00:00,135.7
2022-11-17 07:00:00,161.77
2022-11-17 08:00:00,189.32
2022-11-17 09:00:00,188.06
2022-11-17 10:00:00,173.59
2022-11-17 11:00:00,161.55
2022-11-17 12:00:00,156.91
2022-11-17 13:00:00,178.74
2022-11-17 14:00:00,179.2
2022-11-17 15:00:00,184.58
2022-11-17 16:00:00,254.37
2022-11-17 17:00:00,264.7
2022-11-17 18:00:00,285.1
2022-11-17 19:00:00,215.29
2022-11-17 20:00:00,156.36
2022-11-17 21:00:00,181.27
2022-11-17 22:00:00,203.01
2022-11-17 23:00:00,214.21
2022-11-18 00:00:00,171.81
2022-11-18 01:00:00,142.46
2022-11-18 02:00:00,121.08
2022-11-18 03:00:00,128.06
2022-11-18 04:00:00,155.79
2022-11-18 05:00:00,209.47
2022-11-18 06:00:00,285.0
2022-11-18 07:00:00,288.26
2022-11-18 08:00:00,262.79
2022-11-18 09:00:00,252.9
2022-11-18 10:00:00,249.92
2022-11-18 11:00:00,241.36
2022-11-18 12:00:00,235.51
2022-11-18 13:00:00,259.52
2022-11-18 14:00:00,277.67
2022-11-18 15:00:00,287.73
2022-11-18 16:00:00,303.27
2022-11-18 17:00:00,310.23
2022-11-18 18:00:00,325.54
2022-11-18 19:00:00,281.4
2022-11-18 20:00:00,261.0
2022-11-18 21:00:00,239.99
2022-11-18 22:00:00,239.1
2022-11-18 23:00:00,195.0
2022-11-19 00:00:00,209.91
2022-11-19 01:00:00,195.08
2022-11-19 02:00:00,168.0
2022-11-19 03:00:00,144.06
2022-11-19 04:00:00,150.02
2022-11-19 05:00:00,149.93
2022-11-19 06:00:00,211.32
2022-11-19 07:00:00,205.7
2022-11-19 08:00:00,215.07
2022-11-19 09:00:00,242.73
2022-11-19 10:00:00,205.05
2022-11-19 11:00:00,188.6
2022-11-19 12:00:00,192.8
2022-11-19 13:00:00,213.34
2022-11-19 14:00:00,227.11
2022-11-19 15:00:00,243.39
2022-11-19 16:00:00,281.98
2022-11-19 17:00:00,287.29
2022-11-19 18:00:00,260.7
2022-11-19 19:00:00,240.0
2022-11-19 20:00:00,232.0
2022-11-19 21:00:00,218.94
2022-11-19 22:00:00,205.01
2022-11-19 23:00:00,204.12
2022-11-20 00:00:00,193.1
2022-11-20 01:00:00,189.66
2022-11-20 02:00:00,181.46
2022-11-20 03:00:00,170.66
2022-11-20 04:00:00,175.88
2022-11-20 05:00:00,180.08
2022-11-20 06:00:00,194.19
2022-11-20 07:00:00,200.03
2022-11-20 08:00:00,215.03
2022-11-20 09:00:00,212.03
2022-11-20 10:00:00,217.99
2022-11-20 11:00:00,210.05
2022-11-20 12:00:00,198.85
2022-11-20 13:00:00,205.15
2022-11-20 14:00:00,224.6
2022-11-20 15:00:00,241.95
2022-11-20 16:00:00,267.37
2022-11-20 17:00:00,273.0
2022-11-20 18:00:00,266.44
2022-11-20 19:00:00,244.9
2022-11-20 20:00:00,215.1
2022-11-20 21:00:00,212.03
2022-11-20 22:00:00,172.21
2022-11-20 23:00:00,141.21
2022-11-21 00:00:00,143.87
2022-11-21 01:00:00,153.83
2022-11-21 02:00:00,148.58
2022-11-21 03:00:00,159.57
2022-11-21 04:00:00,168.48
2022-11-21 05:00:00,268.52
2022-11-21 06:00:00,295.72
2022-11-21 07:00:00,324.05
2022-11-21 08:00:00,302.72
2022-11-21 09:00:00,287.52
2022-11-21 10:00:00,288.87
2022-11-21 11:00:00,274.4
2022-11-21 12:00:00,276.12
2022-11-21 13:00:00,291.69
2022-11-21 14:00:00,303.2
2022-11-21 15:00:00,300.83
2022-11-21 16:00:00,321.15
2022-11-21 17:00:00,315.41
2022-11-21 18:00:00,285.08
2022-11-21 19:00:00,253.01
2022-11-21 20:00:00,220.0
2022-11-21 21:00:00,199.93
2022-11-21 22:00:00,156.01
2022-11-21 23:00:00,122.28
2022-11-22 00:00:00,115.77
2022-11-22 01:00:00,99.97
2022-11-22 02:00:00,82.3
2022-11-22 03:00:00,88.42
2022-11-22 04:00:00,105.74
2022-11-22 05:00:00,163.01
2022-11-22 06:00:00,233.87
2022-11-22 07:00:00,250.29
2022-11-22 08:00:00,237.99
2022-11-22 09:00:00,242.2
2022-11-22 10:00:00,244.8
2022-11-22 11:00:00,246.08
2022-11-22 12:00:00,252.39
2022-11-22 13:00:00,258.96
2022-11-22 14:00:00,260.06
2022-11-22 15:00:00,255.9
2022-11-22 16:00:00,284.96
2022-11-22 17:00:00,294.9
2022-11-22 18:00:00,286.61
2022-11-22 19:00:00,254.04
2022-11-22 20:00:00,243.66
2022-11-22 21:00:00,219.44
2022-11-22 22:00:00,194.12
2022-11-22 23:00:00,175.04
2022-11-23 00:00:00,162.9
2022-11-23 01:00:00,135.02
2022-11-23 02:00:00,124.45
2022-11-23 03:00:00,127.95
2022-11-23 04:00:00,167.65
2022-11-23 05:00:00,209.29
2022-11-23 06:00:00,258.46
2022-11-23 07:00:00,268.55
2022-11-23 08:00:00,231.19
2022-11-23 09:00:00,201.97
2022-11-23 10:00:00,186.16
2022-11-23 11:00:00,184.48
2022-11-23 12:00:00,174.47
2022-11-23 13:00:00,186.74
2022-11-23 14:00:00,190.97
2022-11-23 15:00:00,212.0
2022-11-23 16:00:00,226.84
2022-11-23 17:00:00,226.94
2022-11-23 18:00:00,227.69
2022-11-23 19:00:00,173.16
2022-11-23 20:00:00,158.69
2022-11-23 21:00:00,148.55
2022-11-23 22:00:00,125.34
2022-11-23 23:00:00,143.14
2022-11-24 00:00:00,121.29
2022-11-24 01:00:00,116.1
2022-11-24 02:00:00,112.02
2022-11-24 03:00:00,115.3
2022-11-24 04:00:00,155.38
2022-11-24 05:00:00,214.89
2022-11-24 06:00:00,294.56
2022-11-24 07:00:00,316.63
2022-11-24 08:00:00,294.94
2022-11-24 09:00:00,295.02
2022-11-24 10:00:00,289.9
2022-11-24 11:00:00,271.52
2022-11-24 12:00:00,269.56
2022-11-24 13:00:00,269.54
2022-11-24 14:00:00,300.97
2022-11-24 15:00:00,301.04
2022-11-24 16:00:00,323.4
2022-11-24 17:00:00,300.6
2022-11-24 18:00:00,286.12
2022-11-24 19:00:00,261.56
2022-11-24 20:00:00,229.94
2022-11-24 21:00:00,217.1
2022-11-24 22:00:00,190.96
2022-11-24 23:00:00,187.67
2022-11-25 00:00:00,175.19
2022-11-25 01:00:00,163.07
2022-11-25 02:00:00,151.82
2022-11-25 03:00:00,157.88
2022-11-25 04:00:00,183.53
2022-11-25 05:00:00,238.42
2022-11-25 06:00:00,302.5
2022-11-25 07:00:00,325.06
2022-11-25 08:00:00,308.02
2022-11-25 09:00:00,281.42
2022-11-25 10:00:00,272.58
2022-11-25 11:00:00,264.1
2022-11-25 12:00:00,273.55
2022-11-25 13:00:00,290.12
2022-11-25 14:00:00,310.42
2022-11-25 15:00:00,327.36
2022-11-25 16:00:00,349.9
2022-11-25 17:00:00,337.95
2022-11-25 18:00:00,324.42
2022-11-25 19:00:00,277.23
2022-11-25 20:00:00,266.32
2022-11-25 21:00:00,269.92
2022-11-25 22:00:00,226.03
2022-11-25 23:00:00,212.77
2022-11-26 00:00:00,210.7
2022-11-26 01:00:00,222.8
2022-11-26 02:00:00,200.0
2022-11-26 03:00:00,197.99
2022-11-26 04:00:00,211.94
2022-11-26 05:00:00,214.94
2022-11-26 06:00:00,228.07
2022-11-26 07:00:00,264.96
2022-11-26 08:00:00,279.86
2022-11-26 09:00:00,257.83
2022-11-26 10:00:00,253.42
2022-11-26 11:00:00,249.99
2022-11-26 12:00:00,237.75
2022-11-26 13:00:00,257.61
2022-11-26 14:00:00,264.02
2022-11-26 15:00:00,288.2
2022-11-26 16:00:00,315.92
2022-11-26 17:00:00,306.1
2022-11-26 18:00:00,270.08
2022-11-26 19:00:00,232.22
2022-11-26 20:00:00,213.37
2022-11-26 21:00:00,200.0
2022-11-26 22:00:00,173.69
2022-11-26 23:00:00,144.88
2022-11-27 00:00:00,135.0
2022-11-27 01:00:00,122.01
2022-11-27 02:00:00,99.4
2022-11-27 03:00:00,99.4
2022-11-27 04:00:00,105.64
2022-11-27 05:00:00,129.06
2022-11-27 06:00:00,138.66
2022-11-27 07:00:00,144.22
2022-11-27 08:00:00,159.13
2022-11-27 09:00:00,173.27
2022-11-27 10:00:00,195.3
2022-11-27 11:00:00,193.24
2022-11-27 12:00:00,191.7
2022-11-27 13:00:00,198.01
2022-11-27 14:00:00,201.16
2022-11-27 15:00:00,200.33
2022-11-27 16:00:00,221.89
2022-11-27 17:00:00,250.53
2022-11-27 18:00:00,232.61
2022-11-27 19:00:00,202.56
2022-11-27 20:00:00,197.19
2022-11-27 21:00:00,199.78
2022-11-27 22:00:00,214.43
2022-11-27 23:00:00,248.98
2022-11-28 00:00:00,165.43
2022-11-28 01:00:00,203.85
2022-11-28 02:00:00,172.16
2022-11-28 03:00:00,164.78
2022-11-28 04:00:00,198.17
2022-11-28 05:00:00,267.36
2022-11-28 06:00:00,335.89
2022-11-28 07:00:00,365.15
2022-11-28 08:00:00,367.7
2022-11-28 09:00:00,370.0
2022-11-28 10:00:00,365.91
2022-11-28 11:00:00,360.1
2022-11-28 12:00:00,367.2
2022-11-28 13:00:00,383.91
2022-11-28 14:00:00,397.91
2022-11-28 15:00:00,393.24
2022-11-28 16:00:00,415.58
2022-11-28 17:00:00,415.7
2022-11-28 18:00:00,428.45
2022-11-28 19:00:00,375.0
2022-11-28 20:00:00,312.0
2022-11-28 21:00:00,294.98
2022-11-28 22:00:00,282.9
2022-11-28 23:00:00,271.7
2022-11-29 00:00:00,267.9
2022-11-29 01:00:00,255.38
2022-11-29 02:00:00,226.38
2022-11-29 03:00:00,235.32
2022-11-29 04:00:00,271.44
2022-11-29 05:00:00,295.71
2022-11-29 06:00:00,396.22
2022-11-29 07:00:00,444.92
2022-11-29 08:00:00,445.32
2022-11-29 09:00:00,445.91
2022-11-29 10:00:00,435.6
2022-11-29 11:00:00,418.05
2022-11-29 12:00:00,424.26
2022-11-29 13:00:00,446.38
2022-11-29 14:00:00,450.7
2022-11-29 15:00:00,460.04
2022-11-29 16:00:00,501.1
2022-11-29 17:00:00,486.86
2022-11-29 18:00:00,463.82
2022-11-29 19:00:00,400.0
2022-11-29 20:00:00,334.9
2022-11-29 21:00:00,297.66
2022-11-29 22:00:00,282.27
2022-11-29 23:00:00,297.41
2022-11-30 00:00:00,285.08
2022-11-30 01:00:00,276.11
2022-11-30 02:00:00,260.55
2022-11-30 03:00:00,267.63
2022-11-30 04:00:00,290.0
2022-11-30 05:00:00,330.9
2022-11-30 06:00:00,434.43
2022-11-30 07:00:00,478.1
2022-11-30 08:00:00,478.6
2022-11-30 09:00:00,474.71
2022-11-30 10:00:00,482.52
2022-11-30 11:00:00,449.99
2022-11-30 12:00:00,450.47
2022-11-30 13:00:00,464.24
2022-11-30 14:00:00,458.76
2022-11-30 15:00:00,478.4
2022-11-30 16:00:00,503.55
2022-11-30 17:00:00,495.2
2022-11-30 18:00:00,465.14
2022-11-30 19:00:00,422.61
2022-11-30 20:00:00,344.0
2022-11-30 21:00:00,316.78
2022-11-30 22:00:00,309.36
2022-11-30 23:00:00,292.01
2022-12-01 00:00:00,290.79
2022-12-01 01:00:00,283.65
2022-12-01 02:00:00,273.3
2022-12-01 03:00:00,270.74
2022-12-01 04:00:00,283.31
2022-12-01 05:00:00,341.33
2022-12-01 06:00:00,440.5
2022-12-01 07:00:00,459.89
2022-12-01 08:00:00,457.65
2022-12-01 09:00:00,441.57
2022-12-01 10:00:00,437.93
2022-12-01 11:00:00,427.31
2022-12-01 12:00:00,437.37
2022-12-01 13:00:00,451.52
2022-12-01 14:00:00,457.71
2022-12-01 15:00:00,456.93
2022-12-01 16:00:00,484.07
2022-12-01 17:00:00,469.79
2022-12-01 18:00:00,457.89
2022-12-01 19:00:00,427.77
2022-12-01 20:00:00,379.49
2022-12-01 21:00:00,340.3
2022-12-01 22:00:00,321.0
2022-12-01 23:00:00,334.26
2022-12-02 00:00:00,324.08
2022-12-02 01:00:00,310.5
2022-12-02 02:00:00,298.53
2022-12-02 03:00:00,300.72
2022-12-02 04:00:00,317.62
2022-12-02 05:00:00,366.02
2022-12-02 06:00:00,434.72
2022-12-02 07:00:00,450.15
2022-12-02 08:00:00,460.7
2022-12-02 09:00:00,437.44
2022-12-02 10:00:00,431.9
2022-12-02 11:00:00,420.14
2022-12-02 12:00:00,395.15
2022-12-02 13:00:00,429.61
2022-12-02 14:00:00,440.67
2022-12-02 15:00:00,419.13
2022-12-02 16:00:00,406.23
2022-12-02 17:00:00,409.26
2022-12-02 18:00:00,403.8
2022-12-02 19:00:00,410.6
2022-12-02 20:00:00,347.96
2022-12-02 21:00:00,353.45
2022-12-02 22:00:00,334.0
2022-12-02 23:00:00,311.24
2022-12-03 00:00:00,277.92
2022-12-03 01:00:00,287.47
2022-12-03 02:00:00,253.54
2022-12-03 03:00:00,238.67
2022-12-03 04:00:00,251.81
2022-12-03 05:00:00,272.1
2022-12-03 06:00:00,315.39
2022-12-03 07:00:00,325.44
2022-12-03 08:00:00,349.95
2022-12-03 09:00:00,331.0
2022-12-03 10:00:00,330.07
2022-12-03 11:00:00,322.77
2022-12-03 12:00:00,316.06
2022-12-03 13:00:00,315.91
2022-12-03 14:00:00,315.91
2022-12-03 15:00:00,331.0
2022-12-03 16:00:00,358.73
2022-12-03 17:00:00,355.4
2022-12-03 18:00:00,331.0
2022-12-03 19:00:00,310.48
2022-12-03 20:00:00,289.9
2022-12-03 21:00:00,299.0
2022-12-03 22:00:00,297.1
2022-12-03 23:00:00,302.08
2022-12-04 00:00:00,293.86
2022-12-04 01:00:00,287.55
2022-12-04 02:00:00,257.0
2022-12-04 03:00:00,235.98
2022-12-04 04:00:00,230.51
2022-12-04 05:00:00,237.0
2022-12-04 06:00:00,289.0
2022-12-04 07:00:00,289.0
2022-12-04 08:00:00,300.0
2022-12-04 09:00:00,306.64
2022-12-04 10:00:00,318.31
2022-12-04 11:00:00,318.48
2022-12-04 12:00:00,306.33
2022-12-04 13:00:00,306.21
2022-12-04 14:00:00,308.24
2022-12-04 15:00:00,325.06
2022-12-04 16:00:00,370.1
2022-12-04 17:00:00,400.0
2022-12-04 18:00:00,392.4
2022-12-04 19:00:00,375.0
2022-12-04 20:00:00,313.23
2022-12-04 21:00:00,308.32
2022-12-04 22:00:00,302.3
2022-12-04 23:00:00,293.51
2022-12-05 00:00:00,295.01
2022-12-05 01:00:00,295.8
2022-12-05 02:00:00,268.6
2022-12-05 03:00:00,290.0
2022-12-05 04:00:00,290.9
2022-12-05 05:00:00,329.72
2022-12-05 06:00:00,392.96
2022-12-05 07:00:00,439.6
2022-12-05 08:00:00,426.18
2022-12-05 09:00:00,414.71
2022-12-05 10:00:00,433.5
2022-12-05 11:00:00,404.91
2022-12-05 12:00:00,392.96
2022-12-05 13:00:00,413.46
2022-12-05 14:00:00,429.91
2022-12-05 15:00:00,430.67
2022-12-05 16:00:00,444.98
2022-12-05 17:00:00,455.21
2022-12-05 18:00:00,452.19
2022-12-05 19:00:00,393.73
2022-12-05 20:00:00,333.11
2022-12-05 21:00:00,324.56
2022-12-05 22:00:00,310.62
2022-12-05 23:00:00,319.86
2022-12-06 00:00:00,318.59
2022-12-06 01:00:00,310.89
2022-12-06 02:00:00,300.95
2022-12-06 03:00:00,287.38
2022-12-06 04:00:00,309.23
2022-12-06 05:00:00,366.52
2022-12-06 06:00:00,465.15
2022-12-06 07:00:00,541.27
2022-12-06 08:00:00,520.62
2022-12-06 09:00:00,489.47
2022-12-06 10:00:00,497.15
2022-12-06 11:00:00,463.06
2022-12-06 12:00:00,448.75
2022-12-06 13:00:00,458.3
2022-12-06 14:00:00,482.44
2022-12-06 15:00:00,490.74
2022-12-06 16:00:00,479.4
2022-12-06 17:00:00,490.79
2022-12-06 18:00:00,486.29
2022-12-06 19:00:00,448.54
2022-12-06 20:00:00,349.66
2022-12-06 21:00:00,348.61
2022-12-06 22:00:00,369.0
2022-12-06 23:00:00,350.38
2022-12-07 00:00:00,352.98
2022-12-07 01:00:00,373.14
2022-12-07 02:00:00,328.64
2022-12-07 03:00:00,288.03
2022-12-07 04:00:00,338.88
2022-12-07 05:00:00,461.16
2022-12-07 06:00:00,472.37
2022-12-07 07:00:00,532.0
2022-12-07 08:00:00,498.57
2022-12-07 09:00:00,453.96
2022-12-07 10:00:00,439.18
2022-12-07 11:00:00,417.98
2022-12-07 12:00:00,397.74
2022-12-07 13:00:00,413.88
2022-12-07 14:00:00,436.74
2022-12-07 15:00:00,454.07
2022-12-07 16:00:00,545.05
2022-12-07 17:00:00,544.37
2022-12-07 18:00:00,567.8
2022-12-07 19:00:00,453.98
2022-12-07 20:00:00,395.4
2022-12-07 21:00:00,399.0
2022-12-07 22:00:00,394.55
2022-12-07 23:00:00,357.39
2022-12-08 00:00:00,331.11
2022-12-08 01:00:00,322.35
2022-12-08 02:00:00,304.66
2022-12-08 03:00:00,296.35
2022-12-08 04:00:00,304.8
2022-12-08 05:00:00,372.84
2022-12-08 06:00:00,478.03
2022-12-08 07:00:00,472.72
2022-12-08 08:00:00,482.1
2022-12-08 09:00:00,475.59
2022-12-08 10:00:00,463.53
2022-12-08 11:00:00,445.2
2022-12-08 12:00:00,445.06
2022-12-08 13:00:00,453.83
2022-12-08 14:00:00,456.99
2022-12-08 15:00:00,462.92
2022-12-08 16:00:00,498.21
2022-12-08 17:00:00,508.91
2022-12-08 18:00:00,504.34
2022-12-08 19:00:00,462.52
2022-12-08 20:00:00,386.54
2022-12-08 21:00:00,376.13
2022-12-08 22:00:00,354.55
2022-12-08 23:00:00,362.64
2022-12-09 00:00:00,334.86
2022-12-09 01:00:00,318.48
2022-12-09 02:00:00,314.69
2022-12-09 03:00:00,309.28
2022-12-09 04:00:00,321.19
2022-12-09 05:00:00,377.71
2022-12-09 06:00:00,463.66
2022-12-09 07:00:00,548.86
2022-12-09 08:00:00,521.72
2022-12-09 09:00:00,520.67
2022-12-09 10:00:00,524.42
2022-12-09 11:00:00,481.1
2022-12-09 12:00:00,470.0
2022-12-09 13:00:00,476.44
2022-12-09 14:00:00,507.56
2022-12-09 15:00:00,557.98
2022-12-09 16:00:00,507.91
2022-12-09 17:00:00,524.07
2022-12-09 18:00:00,561.9
2022-12-09 19:00:00,502.07
2022-12-09 20:00:00,419.2
2022-12-09 21:00:00,448.37
2022-12-09 22:00:00,381.55
2022-12-09 23:00:00,336.74
2022-12-10 00:00:00,338.87
2022-12-10 01:00:00,331.36
2022-12-10 02:00:00,309.1
2022-12-10 03:00:00,293.35
2022-12-10 04:00:00,304.99
2022-12-10 05:00:00,309.36
2022-12-10 06:00:00,336.37
2022-12-10 07:00:00,350.0
2022-12-10 08:00:00,396.61
2022-12-10 09:00:00,419.33
2022-12-10 10:00:00,412.38
2022-12-10 11:00:00,398.1
2022-12-10 12:00:00,375.9
2022-12-10 13:00:00,377.07
2022-12-10 14:00:00,393.5
2022-12-10 15:00:00,420.59
2022-12-10 16:00:00,449.92
2022-12-10 17:00:00,442.7
2022-12-10 18:00:00,451.1
2022-12-10 19:00:00,379.66
2022-12-10 20:00:00,348.25
2022-12-10 21:00:00,354.68
2022-12-10 22:00:00,354.92
2022-12-10 23:00:00,310.47
2022-12-11 00:00:00,304.83
2022-12-11 01:00:00,298.7
2022-12-11 02:00:00,284.08
2022-12-11 03:00:00,279.9
2022-12-11 04:00:00,277.66
2022-12-11 05:00:00,286.55
2022-12-11 06:00:00,303.65
2022-12-11 07:00:00,305.55
2022-12-11 08:00:00,322.05
2022-12-11 09:00:00,334.17
2022-12-11 10:00:00,344.14
2022-12-11 11:00:00,348.45
2022-12-11 12:00:00,324.74
2022-12-11 13:00:00,328.21
2022-12-11 14:00:00,336.51
2022-12-11 15:00:00,361.6
2022-12-11 16:00:00,413.94
2022-12-11 17:00:00,435.64
2022-12-11 18:00:00,415.95
2022-12-11 19:00:00,387.12
2022-12-11 20:00:00,335.35
2022-12-11 21:00:00,336.9
2022-12-11 22:00:00,316.8
2022-12-11 23:00:00,318.45
2022-12-12 00:00:00,305.83
2022-12-12 01:00:00,308.93
2022-12-12 02:00:00,297.12
2022-12-12 03:00:00,303.49
2022-12-12 04:00:00,319.38
2022-12-12 05:00:00,392.24
2022-12-12 06:00:00,505.0
2022-12-12 07:00:00,658.6
2022-12-12 08:00:00,753.0
2022-12-12 09:00:00,510.16
2022-12-12 10:00:00,497.62
2022-12-12 11:00:00,494.79
2022-12-12 12:00:00,510.52
2022-12-12 13:00:00,514.37
2022-12-12 14:00:00,535.78
2022-12-12 15:00:00,558.04
2022-12-12 16:00:00,603.29
2022-12-12 17:00:00,620.33
2022-12-12 18:00:00,549.6
2022-12-12 19:00:00,491.82
2022-12-12 20:00:00,408.9
2022-12-12 21:00:00,369.62
2022-12-12 22:00:00,344.87
2022-12-12 23:00:00,313.13
2022-12-13 00:00:00,308.26
2022-12-13 01:00:00,295.35
2022-12-13 02:00:00,284.66
2022-12-13 03:00:00,287.42
2022-12-13 04:00:00,316.07
2022-12-13 05:00:00,368.9
2022-12-13 06:00:00,499.7
2022-12-13 07:00:00,571.76
2022-12-13 08:00:00,553.29
2022-12-13 09:00:00,550.1
2022-12-13 10:00:00,552.55
2022-12-13 11:00:00,501.52
2022-12-13 12:00:00,506.03
2022-12-13 13:00:00,552.71
2022-12-13 14:00:00,570.25
2022-12-13 15:00:00,590.0
2022-12-13 16:00:00,665.01
2022-12-13 17:00:00,628.82
2022-12-13 18:00:00,541.99
2022-12-13 19:00:00,499.74
2022-12-13 20:00:00,413.0
2022-12-13 21:00:00,371.78
2022-12-13 22:00:00,381.0
2022-12-13 23:00:00,346.85
2022-12-14 00:00:00,321.0
2022-12-14 01:00:00,324.94
2022-12-14 02:00:00,289.36
2022-12-14 03:00:00,292.79
2022-12-14 04:00:00,312.14
2022-12-14 05:00:00,368.82
2022-12-14 06:00:00,494.97
2022-12-14 07:00:00,539.99
2022-12-14 08:00:00,569.72
2022-12-14 09:00:00,565.18
2022-12-14 10:00:00,568.01
2022-12-14 11:00:00,511.08
2022-12-14 12:00:00,501.34
2022-12-14 13:00:00,514.95
2022-12-14 14:00:00,528.53
2022-12-14 15:00:00,545.0
2022-12-14 16:00:00,590.0
2022-12-14 17:00:00,557.0
2022-12-14 18:00:00,520.57
2022-12-14 19:00:00,487.9
2022-12-14 20:00:00,396.67
2022-12-14 21:00:00,351.72
2022-12-14 22:00:00,336.28
2022-12-14 23:00:00,305.83
2022-12-15 00:00:00,295.7
2022-12-15 01:00:00,289.35
2022-12-15 02:00:00,271.39
2022-12-15 03:00:00,274.14
2022-12-15 04:00:00,292.14
2022-12-15 05:00:00,346.39
2022-12-15 06:00:00,460.59
2022-12-15 07:00:00,490.03
2022-12-15 08:00:00,489.66
2022-12-15 09:00:00,474.55
2022-12-15 10:00:00,467.94
2022-12-15 11:00:00,433.51
2022-12-15 12:00:00,426.68
2022-12-15 13:00:00,455.05
2022-12-15 14:00:00,469.93
2022-12-15 15:00:00,485.03
2022-12-15 16:00:00,500.0
2022-12-15 17:00:00,499.91
2022-12-15 18:00:00,485.53
2022-12-15 19:00:00,439.9
2022-12-15 20:00:00,367.72
2022-12-15 21:00:00,365.76
2022-12-15 22:00:00,314.0
2022-12-15 23:00:00,296.3
2022-12-16 00:00:00,287.69
2022-12-16 01:00:00,280.0
2022-12-16 02:00:00,269.83
2022-12-16 03:00:00,277.87
2022-12-16 04:00:00,290.0
2022-12-16 05:00:00,337.6
2022-12-16 06:00:00,454.07
2022-12-16 07:00:00,543.49
2022-12-16 08:00:00,561.08
2022-12-16 09:00:00,543.23
2022-12-16 10:00:00,537.39
2022-12-16 11:00:00,481.35
2022-12-16 12:00:00,456.87
2022-12-16 13:00:00,461.5
2022-12-16 14:00:00,465.14
2022-12-16 15:00:00,478.55
2022-12-16 16:00:00,505.0
2022-12-16 17:00:00,489.99
2022-12-16 18:00:00,467.78
2022-12-16 19:00:00,408.77
2022-12-16 20:00:00,339.57
2022-12-16 21:00:00,317.04
2022-12-16 22:00:00,305.4
2022-12-16 23:00:00,290.24
2022-12-17 00:00:00,272.07
2022-12-17 01:00:00,267.74
2022-12-17 02:00:00,253.32
2022-12-17 03:00:00,245.47
2022-12-17 04:00:00,240.0
2022-12-17 05:00:00,244.54
2022-12-17 06:00:00,266.59
2022-12-17 07:00:00,291.49
2022-12-17 08:00:00,299.81
2022-12-17 09:00:00,302.13
2022-12-17 10:00:00,291.44
2022-12-17 11:00:00,270.07
2022-12-17 12:00:00,259.15
2022-12-17 13:00:00,268.99
2022-12-17 14:00:00,283.5
2022-12-17 15:00:00,305.13
2022-12-17 16:00:00,335.42
2022-12-17 17:00:00,335.42
2022-12-17 18:00:00,330.0
2022-12-17 19:00:00,291.09
2022-12-17 20:00:00,261.69
2022-12-17 21:00:00,280.0
2022-12-17 22:00:00,273.86
2022-12-17 23:00:00,260.6
2022-12-18 00:00:00,264.0
2022-12-18 01:00:00,260.5
2022-12-18 02:00:00,258.3
2022-12-18 03:00:00,219.0
2022-12-18 04:00:00,196.56
2022-12-18 05:00:00,183.41
2022-12-18 06:00:00,229.23
2022-12-18 07:00:00,222.94
2022-12-18 08:00:00,255.8
2022-12-18 09:00:00,226.51
2022-12-18 10:00:00,255.0
2022-12-18 11:00:00,280.39
2022-12-18 12:00:00,224.43
2022-12-18 13:00:00,229.5
2022-12-18 14:00:00,239.86
2022-12-18 15:00:00,238.2
2022-12-18 16:00:00,254.92
2022-12-18 17:00:00,252.0
2022-12-18 18:00:00,215.4
2022-12-18 19:00:00,294.05
2022-12-18 20:00:00,163.08
2022-12-18 21:00:00,190.7
2022-12-18 22:00:00,118.06
2022-12-18 23:00:00,123.57
2022-12-19 00:00:00,108.64
2022-12-19 01:00:00,94.83
2022-12-19 02:00:00,77.24
2022-12-19 03:00:00,77.47
2022-12-19 04:00:00,109.11
2022-12-19 05:00:00,177.01
2022-12-19 06:00:00,240.03
2022-12-19 07:00:00,250.33
2022-12-19 08:00:00,250.46
2022-12-19 09:00:00,248.85
2022-12-19 10:00:00,247.05
2022-12-19 11:00:00,248.7
2022-12-19 12:00:00,245.8
2022-12-19 13:00:00,249.43
2022-12-19 14:00:00,251.72
2022-12-19 15:00:00,252.15
2022-12-19 16:00:00,253.43
2022-12-19 17:00:00,260.14
2022-12-19 18:00:00,254.67
2022-12-19 19:00:00,218.73
2022-12-19 20:00:00,193.68
2022-12-19 21:00:00,166.33
2022-12-19 22:00:00,207.23
2022-12-19 23:00:00,108.19
2022-12-20 00:00:00,92.41
2022-12-20 01:00:00,92.45
2022-12-20 02:00:00,76.35
2022-12-20 03:00:00,81.94
2022-12-20 04:00:00,100.96
2022-12-20 05:00:00,154.66
2022-12-20 06:00:00,203.4
2022-12-20 07:00:00,225.55
2022-12-20 08:00:00,237.6
2022-12-20 09:00:00,228.4
2022-12-20 10:00:00,233.0
2022-12-20 11:00:00,224.21
2022-12-20 12:00:00,218.11
2022-12-20 13:00:00,233.42
2022-12-20 14:00:00,235.24
2022-12-20 15:00:00,234.02
2022-12-20 16:00:00,278.59
2022-12-20 17:00:00,310.14
2022-12-20 18:00:00,289.24
2022-12-20 19:00:00,275.77
2022-12-20 20:00:00,229.49
2022-12-20 21:00:00,233.11
2022-12-20 22:00:00,226.9
2022-12-20 23:00:00,186.78
2022-12-21 00:00:00,178.85
2022-12-21 01:00:00,179.25
2022-12-21 02:00:00,167.93
2022-12-21 03:00:00,168.96
2022-12-21 04:00:00,180.0
2022-12-21 05:00:00,218.89
2022-12-21 06:00:00,253.73
2022-12-21 07:00:00,273.0
2022-12-21 08:00:00,269.82
2022-12-21 09:00:00,251.71
2022-12-21 10:00:00,248.24
2022-12-21 11:00:00,239.07
2022-12-21 12:00:00,233.54
2022-12-21 13:00:00,241.71
2022-12-21 14:00:00,230.2
2022-12-21 15:00:00,227.44
2022-12-21 16:00:00,246.67
2022-12-21 17:00:00,235.9
2022-12-21 18:00:00,226.28
2022-12-21 19:00:00,215.86
2022-12-21 20:00:00,194.9
2022-12-21 21:00:00,188.24
2022-12-21 22:00:00,162.21
2022-12-21 23:00:00,158.85
2022-12-22 00:00:00,144.97
2022-12-22 01:00:00,139.84
2022-12-22 02:00:00,129.45
2022-12-22 03:00:00,106.32
2022-12-22 04:00:00,155.92
2022-12-22 05:00:00,183.86
2022-12-22 06:00:00,224.72
2022-12-22 07:00:00,224.4
2022-12-22 08:00:00,225.62
2022-12-22 09:00:00,226.69
2022-12-22 10:00:00,224.76
2022-12-22 11:00:00,224.55
2022-12-22 12:00:00,217.32
2022-12-22 13:00:00,213.78
2022-12-22 14:00:00,213.42
2022-12-22 15:00:00,216.32
2022-12-22 16:00:00,236.11
2022-12-22 17:00:00,232.0
2022-12-22 18:00:00,221.89
2022-12-22 19:00:00,211.7
2022-12-22 20:00:00,188.86
2022-12-22 21:00:00,178.24
2022-12-22 22:00:00,173.14
2022-12-22 23:00:00,148.72
2022-12-23 00:00:00,148.72
2022-12-23 01:00:00,146.39
2022-12-23 02:00:00,137.87
2022-12-23 03:00:00,141.0
2022-12-23 04:00:00,148.55
2022-12-23 05:00:00,169.45
2022-12-23 06:00:00,189.19
2022-12-23 07:00:00,217.0
2022-12-23 08:00:00,222.2
2022-12-23 09:00:00,225.09
2022-12-23 10:00:00,184.95
2022-12-23 11:00:00,191.33
2022-12-23 12:00:00,149.1
2022-12-23 13:00:00,165.96
2022-12-23 14:00:00,149.7
2022-12-23 15:00:00,152.66
2022-12-23 16:00:00,212.01
2022-12-23 17:00:00,209.93
2022-12-23 18:00:00,198.44
2022-12-23 19:00:00,181.34
2022-12-23 20:00:00,152.11
2022-12-23 21:00:00,148.74
2022-12-23 22:00:00,119.9
2022-12-23 23:00:00,81.2
2022-12-24 00:00:00,50.4
2022-12-24 01:00:00,50.0
2022-12-24 02:00:00,32.52
2022-12-24 03:00:00,36.0
2022-12-24 04:00:00,48.48
2022-12-24 05:00:00,57.53
2022-12-24 06:00:00,98.2
2022-12-24 07:00:00,122.2
2022-12-24 08:00:00,145.87
2022-12-24 09:00:00,144.57
2022-12-24 10:00:00,142.78
2022-12-24 11:00:00,138.8
2022-12-24 12:00:00,142.48
2022-12-24 13:00:00,151.03
2022-12-24 14:00:00,160.08
2022-12-24 15:00:00,163.05
2022-12-24 16:00:00,169.51
2022-12-24 17:00:00,157.84
2022-12-24 18:00:00,145.05
2022-12-24 19:00:00,129.67
2022-12-24 20:00:00,120.0
2022-12-24 21:00:00,116.7
2022-12-24 22:00:00,110.78
2022-12-24 23:00:00,120.28
2022-12-25 00:00:00,112.11
2022-12-25 01:00:00,106.65
2022-12-25 02:00:00,90.84
2022-12-25 03:00:00,85.7
2022-12-25 04:00:00,85.65
2022-12-25 05:00:00,85.64
2022-12-25 06:00:00,92.7
2022-12-25 07:00:00,110.1
2022-12-25 08:00:00,113.28
2022-12-25 09:00:00,122.34
2022-12-25 10:00:00,121.63
2022-12-25 11:00:00,101.62
2022-12-25 12:00:00,95.6
2022-12-25 13:00:00,93.58
2022-12-25 14:00:00,110.08
2022-12-25 15:00:00,114.58
2022-12-25 16:00:00,137.12
2022-12-25 17:00:00,132.56
2022-12-25 18:00:00,121.5
2022-12-25 19:00:00,123.34
2022-12-25 20:00:00,110.72
2022-12-25 21:00:00,103.56
2022-12-25 22:00:00,100.0
2022-12-25 23:00:00,50.3
2022-12-26 00:00:00,36.98
2022-12-26 01:00:00,30.2
2022-12-26 02:00:00,21.3
2022-12-26 03:00:00,17.9
2022-12-26 04:00:00,16.33
2022-12-26 05:00:00,18.11
2022-12-26 06:00:00,23.29
2022-12-26 07:00:00,38.68
2022-12-26 08:00:00,53.57
2022-12-26 09:00:00,59.3
2022-12-26 10:00:00,59.0
2022-12-26 11:00:00,54.9
2022-12-26 12:00:00,55.19
2022-12-26 13:00:00,58.6
2022-12-26 14:00:00,60.78
2022-12-26 15:00:00,80.0
2022-12-26 16:00:00,126.0
2022-12-26 17:00:00,167.11
2022-12-26 18:00:00,189.26
2022-12-26 19:00:00,150.0
2022-12-26 20:00:00,139.98
2022-12-26 21:00:00,154.86
2022-12-26 22:00:00,132.56
2022-12-26 23:00:00,84.2
2022-12-27 00:00:00,91.0
2022-12-27 01:00:00,80.02
2022-12-27 02:00:00,62.09
2022-12-27 03:00:00,63.2
2022-12-27 04:00:00,85.0
2022-12-27 05:00:00,98.71
2022-12-27 06:00:00,122.04
2022-12-27 07:00:00,152.26
2022-12-27 08:00:00,156.32
2022-12-27 09:00:00,139.27
2022-12-27 10:00:00,143.03
2022-12-27 11:00:00,147.57
2022-12-27 12:00:00,126.42
2022-12-27 13:00:00,139.08
2022-12-27 14:00:00,143.32
2022-12-27 15:00:00,147.58
2022-12-27 16:00:00,158.69
2022-12-27 17:00:00,164.69
2022-12-27 18:00:00,159.66
2022-12-27 19:00:00,147.56
2022-12-27 20:00:00,128.8
2022-12-27 21:00:00,107.84
2022-12-27 22:00:00,98.71
2022-12-27 23:00:00,40.28
2022-12-28 00:00:00,33.13
2022-12-28 01:00:00,11.2
2022-12-28 02:00:00,0.1
2022-12-28 03:00:00,1.26
2022-12-28 04:00:00,3.12
2022-12-28 05:00:00,21.78
2022-12-28 06:00:00,45.8
2022-12-28 07:00:00,66.61
2022-12-28 08:00:00,78.5
2022-12-28 09:00:00,81.49
2022-12-28 10:00:00,71.2
2022-12-28 11:00:00,57.87
2022-12-28 12:00:00,60.01
2022-12-28 13:00:00,73.73
2022-12-28 14:00:00,59.47
2022-12-28 15:00:00,73.21
2022-12-28 16:00:00,99.97
2022-12-28 17:00:00,96.95
2022-12-28 18:00:00,79.74
2022-12-28 19:00:00,66.23
2022-12-28 20:00:00,52.85
2022-12-28 21:00:00,40.07
2022-12-28 22:00:00,22.32
2022-12-28 23:00:00,0.13
2022-12-29 00:00:00,0.01
2022-12-29 01:00:00,-0.05
2022-12-29 02:00:00,-1.44
2022-12-29 03:00:00,-1.18
2022-12-29 04:00:00,-0.04
2022-12-29 05:00:00,1.07
2022-12-29 06:00:00,4.88
2022-12-29 07:00:00,21.97
2022-12-29 08:00:00,36.0
2022-12-29 09:00:00,42.27
2022-12-29 10:00:00,44.57
2022-12-29 11:00:00,49.02
2022-12-29 12:00:00,38.77
2022-12-29 13:00:00,44.82
2022-12-29 14:00:00,51.12
2022-12-29 15:00:00,54.7
2022-12-29 16:00:00,60.67
2022-12-29 17:00:00,72.28
2022-12-29 18:00:00,68.39
2022-12-29 19:00:00,54.18
2022-12-29 20:00:00,47.42
2022-12-29 21:00:00,41.15
2022-12-29 22:00:00,25.91
2022-12-29 23:00:00,38.97
2022-12-30 00:00:00,5.09
2022-12-30 01:00:00,3.09
2022-12-30 02:00:00,0.65
2022-12-30 03:00:00,0.57
2022-12-30 04:00:00,4.88
2022-12-30 05:00:00,10.93
2022-12-30 06:00:00,23.89
2022-12-30 07:00:00,27.74
2022-12-30 08:00:00,30.95
2022-12-30 09:00:00,28.64
2022-12-30 10:00:00,27.34
2022-12-30 11:00:00,20.84
2022-12-30 12:00:00,22.83
2022-12-30 13:00:00,28.58
2022-12-30 14:00:00,31.6
2022-12-30 15:00:00,26.0
2022-12-30 16:00:00,34.27
2022-12-30 17:00:00,27.44
2022-12-30 18:00:00,21.78
2022-12-30 19:00:00,15.0
2022-12-30 20:00:00,4.12
2022-12-30 21:00:00,4.11
2022-12-30 22:00:00,4.11
2022-12-30 23:00:00,1.06
2022-12-31 00:00:00,0.13
2022-12-31 01:00:00,0.06
2022-12-31 02:00:00,0.0
2022-12-31 03:00:00,0.0
2022-12-31 04:00:00,0.0
2022-12-31 05:00:00,0.01
2022-12-31 06:00:00,0.11
2022-12-31 07:00:00,1.0
2022-12-31 08:00:00,1.0
2022-12-31 09:00:00,0.4
2022-12-31 10:00:00,0.57
2022-12-31 11:00:00,0.2
2022-12-31 12:00:00,0.16
2022-12-31 13:00:00,2.72
2022-12-31 14:00:00,13.42
2022-12-31 15:00:00,12.78
2022-12-31 16:00:00,19.58
2022-12-31 17:00:00,20.47
2022-12-31 18:00:00,18.11
2022-12-31 19:00:00,7.6
2022-12-31 20:00:00,3.69
2022-12-31 21:00:00,1.88
2022-12-31 22:00:00,0.1
2022-12-31 23:00:00,0.0
2023-01-01 00:00:00,-0.1
2023-01-01 01:00:00,-1.33
2023-01-01 02:00:00,-4.08
2023-01-01 03:00:00,-4.16
2023-01-01 04:00:00,-3.58
2023-01-01 05:00:00,-4.37
2023-01-01 06:00:00,-0.12
2023-01-01 07:00:00,-0.06
2023-01-01 08:00:00,0.0
2023-01-01 09:00:00,0.0
2023-01-01 10:00:00,0.0
2023-01-01 11:00:00,0.0
2023-01-01 12:00:00,0.1
2023-01-01 13:00:00,1.5
2023-01-01 14:00:00,23.5
2023-01-01 15:00:00,36.54
2023-01-01 16:00:00,46.03
2023-01-01 17:00:00,44.43
2023-01-01 18:00:00,54.95
2023-01-01 19:00:00,47.38
2023-01-01 20:00:00,40.24
2023-01-01 21:00:00,45.96
2023-01-01 22:00:00,35.0
2023-01-01 23:00:00,61.38
2023-01-02 00:00:00,52.68
2023-01-02 01:00:00,52.93
2023-01-02 02:00:00,42.75
2023-01-02 03:00:00,50.08
2023-01-02 04:00:00,67.91
2023-01-02 05:00:00,105.08
2023-01-02 06:00:00,140.64
2023-01-02 07:00:00,149.8
2023-01-02 08:00:00,154.66
2023-01-02 09:00:00,145.61
2023-01-02 10:00:00,143.35
2023-01-02 11:00:00,144.38
2023-01-02 12:00:00,143.76
2023-01-02 13:00:00,148.2
2023-01-02 14:00:00,155.34
2023-01-02 15:00:00,163.17
2023-01-02 16:00:00,173.8
2023-01-02 17:00:00,174.74
2023-01-02 18:00:00,165.76
2023-01-02 19:00:00,153.0
2023-01-02 20:00:00,141.67
2023-01-02 21:00:00,134.91
2023-01-02 22:00:00,124.22
2023-01-02 23:00:00,130.01
2023-01-03 00:00:00,120.0
2023-01-03 01:00:00,118.76
2023-01-03 02:00:00,115.0
2023-01-03 03:00:00,113.63
2023-01-03 04:00:00,116.27
2023-01-03 05:00:00,138.92
2023-01-03 06:00:00,159.92
2023-01-03 07:00:00,169.17
2023-01-03 08:00:00,171.18
2023-01-03 09:00:00,168.57
2023-01-03 10:00:00,169.49
2023-01-03 11:00:00,164.5
2023-01-03 12:00:00,160.91
2023-01-03 13:00:00,163.06
2023-01-03 14:00:00,166.46
2023-01-03 15:00:00,166.88
2023-01-03 16:00:00,171.23
2023-01-03 17:00:00,169.01
2023-01-03 18:00:00,160.99
2023-01-03 19:00:00,149.62
2023-01-03 20:00:00,131.5
2023-01-03 21:00:00,115.1
2023-01-03 22:00:00,95.02
2023-01-03 23:00:00,82.03
2023-01-04 00:00:00,72.22
2023-01-04 01:00:00,43.91
2023-01-04 02:00:00,16.28
2023-01-04 03:00:00,8.56
2023-01-04 04:00:00,20.98
2023-01-04 05:00:00,72.45
2023-01-04 06:00:00,105.1
2023-01-04 07:00:00,134.16
2023-01-04 08:00:00,129.3
2023-01-04 09:00:00,120.7
2023-01-04 10:00:00,96.77
2023-01-04 11:00:00,105.03
2023-01-04 12:00:00,106.0
2023-01-04 13:00:00,105.07
2023-01-04 14:00:00,103.9
2023-01-04 15:00:00,107.98
2023-01-04 16:00:00,129.82
2023-01-04 17:00:00,167.29
2023-01-04 18:00:00,160.6
2023-01-04 19:00:00,132.1
2023-01-04 20:00:00,110.82
2023-01-04 21:00:00,109.89
2023-01-04 22:00:00,104.75
2023-01-04 23:00:00,64.89
2023-01-05 00:00:00,58.57
2023-01-05 01:00:00,68.07
2023-01-05 02:00:00,27.68
2023-01-05 03:00:00,37.33
2023-01-05 04:00:00,65.1
2023-01-05 05:00:00,95.05
2023-01-05 06:00:00,137.96
2023-01-05 07:00:00,137.99
2023-01-05 08:00:00,142.99
2023-01-05 09:00:00,145.7
2023-01-05 10:00:00,145.8
2023-01-05 11:00:00,142.35
2023-01-05 12:00:00,143.32
2023-01-05 13:00:00,151.03
2023-01-05 14:00:00,159.48
2023-01-05 15:00:00,172.73
2023-01-05 16:00:00,183.9
2023-01-05 17:00:00,194.67
2023-01-05 18:00:00,177.98
2023-01-05 19:00:00,163.99
2023-01-05 20:00:00,152.0
2023-01-05 21:00:00,144.64
2023-01-05 22:00:00,127.0
2023-01-05 23:00:00,107.21
2023-01-06 00:00:00,101.1
2023-01-06 01:00:00,96.73
2023-01-06 02:00:00,81.37
2023-01-06 03:00:00,75.75
2023-01-06 04:00:00,81.0
2023-01-06 05:00:00,97.45
2023-01-06 06:00:00,107.82
2023-01-06 07:00:00,122.8
2023-01-06 08:00:00,138.27
2023-01-06 09:00:00,139.97
2023-01-06 10:00:00,131.72
2023-01-06 11:00:00,122.22
2023-01-06 12:00:00,116.09
2023-01-06 13:00:00,129.22
2023-01-06 14:00:00,137.2
2023-01-06 15:00:00,140.75
2023-01-06 16:00:00,155.93
2023-01-06 17:00:00,163.5
2023-01-06 18:00:00,146.74
2023-01-06 19:00:00,139.4
2023-01-06 20:00:00,132.0
2023-01-06 21:00:00,129.94
2023-01-06 22:00:00,121.38
2023-01-06 23:00:00,97.53
2023-01-07 00:00:00,98.19
2023-01-07 01:00:00,94.91
2023-01-07 02:00:00,78.04
2023-01-07 03:00:00,74.46
2023-01-07 04:00:00,65.13
2023-01-07 05:00:00,71.75
2023-01-07 06:00:00,89.37
2023-01-07 07:00:00,110.9
2023-01-07 08:00:00,113.96
2023-01-07 09:00:00,100.0
2023-01-07 10:00:00,88.32
2023-01-07 11:00:00,87.9
2023-01-07 12:00:00,68.84
2023-01-07 13:00:00,91.21
2023-01-07 14:00:00,82.96
2023-01-07 15:00:00,85.07
2023-01-07 16:00:00,100.48
2023-01-07 17:00:00,103.82
2023-01-07 18:00:00,98.93
2023-01-07 19:00:00,90.98
2023-01-07 20:00:00,64.88
2023-01-07 21:00:00,53.27
2023-01-07 22:00:00,40.25
2023-01-07 23:00:00,13.21
2023-01-08 00:00:00,10.44
2023-01-08 01:00:00,10.26
2023-01-08 02:00:00,4.16
2023-01-08 03:00:00,4.16
2023-01-08 04:00:00,4.16
2023-01-08 05:00:00,10.63
2023-01-08 06:00:00,16.47
2023-01-08 07:00:00,51.04
2023-01-08 08:00:00,83.31
2023-01-08 09:00:00,93.99
2023-01-08 10:00:00,103.87
2023-01-08 11:00:00,101.69
2023-01-08 12:00:00,99.0
2023-01-08 13:00:00,104.29
2023-01-08 14:00:00,97.89
2023-01-08 15:00:00,96.2
2023-01-08 16:00:00,115.64
2023-01-08 17:00:00,122.61
2023-01-08 18:00:00,109.66
2023-01-08 19:00:00,104.68
2023-01-08 20:00:00,98.87
2023-01-08 21:00:00,99.35
2023-01-08 22:00:00,81.27
2023-01-08 23:00:00,75.13
2023-01-09 00:00:00,64.38
2023-01-09 01:00:00,60.28
2023-01-09 02:00:00,39.41
2023-01-09 03:00:00,35.94
2023-01-09 04:00:00,43.99
2023-01-09 05:00:00,85.26
2023-01-09 06:00:00,160.32
2023-01-09 07:00:00,180.0
2023-01-09 08:00:00,177.27
2023-01-09 09:00:00,159.56
2023-01-09 10:00:00,161.21
2023-01-09 11:00:00,140.56
2023-01-09 12:00:00,135.87
2023-01-09 13:00:00,136.58
2023-01-09 14:00:00,148.5
2023-01-09 15:00:00,161.21
2023-01-09 16:00:00,173.89
2023-01-09 17:00:00,182.18
2023-01-09 18:00:00,171.62
2023-01-09 19:00:00,161.21
2023-01-09 20:00:00,139.16
2023-01-09 21:00:00,132.0
2023-01-09 22:00:00,108.31
2023-01-09 23:00:00,105.98
2023-01-10 00:00:00,96.79
2023-01-10 01:00:00,95.31
2023-01-10 02:00:00,90.19
2023-01-10 03:00:00,95.6
2023-01-10 04:00:00,108.6
2023-01-10 05:00:00,138.84
2023-01-10 06:00:00,157.2
2023-01-10 07:00:00,181.67
2023-01-10 08:00:00,177.94
2023-01-10 09:00:00,158.58
2023-01-10 10:00:00,148.51
2023-01-10 11:00:00,143.13
2023-01-10 12:00:00,143.63
2023-01-10 13:00:00,146.48
2023-01-10 14:00:00,147.5
2023-01-10 15:00:00,143.16
2023-01-10 16:00:00,149.02
2023-01-10 17:00:00,144.74
2023-01-10 18:00:00,141.07
2023-01-10 19:00:00,124.84
2023-01-10 20:00:00,101.9
2023-01-10 21:00:00,85.85
2023-01-10 22:00:00,47.37
2023-01-10 23:00:00,7.41
2023-01-11 00:00:00,0.89
2023-01-11 01:00:00,1.15
2023-01-11 02:00:00,0.08
2023-01-11 03:00:00,0.08
2023-01-11 04:00:00,5.53
2023-01-11 05:00:00,64.37
2023-01-11 06:00:00,99.99
2023-01-11 07:00:00,142.35
2023-01-11 08:00:00,145.72
2023-01-11 09:00:00,135.46
2023-01-11 10:00:00,132.59
2023-01-11 11:00:00,121.71
2023-01-11 12:00:00,111.17
2023-01-11 13:00:00,116.81
2023-01-11 14:00:00,118.92
2023-01-11 15:00:00,122.49
2023-01-11 16:00:00,135.19
2023-01-11 17:00:00,134.95
2023-01-11 18:00:00,131.96
2023-01-11 19:00:00,119.26
2023-01-11 20:00:00,96.53
2023-01-11 21:00:00,94.22
2023-01-11 22:00:00,70.75
2023-01-11 23:00:00,37.79
2023-01-12 00:00:00,13.19
2023-01-12 01:00:00,10.0
2023-01-12 02:00:00,6.27
2023-01-12 03:00:00,7.6
2023-01-12 04:00:00,30.02
2023-01-12 05:00:00,91.12
2023-01-12 06:00:00,118.91
2023-01-12 07:00:00,120.99
2023-01-12 08:00:00,120.0
2023-01-12 09:00:00,120.0
2023-01-12 10:00:00,120.0
2023-01-12 11:00:00,91.28
2023-01-12 12:00:00,92.4
2023-01-12 13:00:00,100.68
2023-01-12 14:00:00,102.43
2023-01-12 15:00:00,102.3
2023-01-12 16:00:00,120.63
2023-01-12 17:00:00,132.89
2023-01-12 18:00:00,117.34
2023-01-12 19:00:00,115.71
2023-01-12 20:00:00,89.09
2023-01-12 21:00:00,76.8
2023-01-12 22:00:00,46.89
2023-01-12 23:00:00,36.58
2023-01-13 00:00:00,22.21
2023-01-13 01:00:00,15.39
2023-01-13 02:00:00,5.03
2023-01-13 03:00:00,5.98
2023-01-13 04:00:00,28.91
2023-01-13 05:00:00,58.92
2023-01-13 06:00:00,92.58
2023-01-13 07:00:00,111.33
2023-01-13 08:00:00,106.03
2023-01-13 09:00:00,98.74
2023-01-13 10:00:00,91.17
2023-01-13 11:00:00,82.89
2023-01-13 12:00:00,76.14
2023-01-13 13:00:00,77.96
2023-01-13 14:00:00,84.33
2023-01-13 15:00:00,90.14
2023-01-13 16:00:00,113.13
2023-01-13 17:00:00,128.08
2023-01-13 18:00:00,125.04
2023-01-13 19:00:00,119.07
2023-01-13 20:00:00,107.51
2023-01-13 21:00:00,110.37
2023-01-13 22:00:00,103.94
2023-01-13 23:00:00,80.0
2023-01-14 00:00:00,73.5
2023-01-14 01:00:00,65.91
2023-01-14 02:00:00,49.95
2023-01-14 03:00:00,45.37
2023-01-14 04:00:00,45.0
2023-01-14 05:00:00,48.23
2023-01-14 06:00:00,59.39
2023-01-14 07:00:00,60.65
2023-01-14 08:00:00,68.71
2023-01-14 09:00:00,63.99
2023-01-14 10:00:00,69.55
2023-01-14 11:00:00,67.64
2023-01-14 12:00:00,46.9
2023-01-14 13:00:00,47.13
2023-01-14 14:00:00,37.86
2023-01-14 15:00:00,42.97
2023-01-14 16:00:00,56.46
2023-01-14 17:00:00,64.5
2023-01-14 18:00:00,69.78
2023-01-14 19:00:00,54.52
2023-01-14 20:00:00,45.0
2023-01-14 21:00:00,44.2
2023-01-14 22:00:00,35.0
2023-01-14 23:00:00,25.0
2023-01-15 00:00:00,17.08
2023-01-15 01:00:00,13.94
2023-01-15 02:00:00,4.16
2023-01-15 03:00:00,3.1
2023-01-15 04:00:00,4.16
2023-01-15 05:00:00,4.16
2023-01-15 06:00:00,5.0
2023-01-15 07:00:00,16.18
2023-01-15 08:00:00,26.73
2023-01-15 09:00:00,31.49
2023-01-15 10:00:00,39.77
2023-01-15 11:00:00,39.41
2023-01-15 12:00:00,28.63
2023-01-15 13:00:00,34.02
2023-01-15 14:00:00,36.96
2023-01-15 15:00:00,22.91
2023-01-15 16:00:00,53.93
2023-01-15 17:00:00,77.91
2023-01-15 18:00:00,80.1
2023-01-15 19:00:00,69.82
2023-01-15 20:00:00,63.26
2023-01-15 21:00:00,73.12
2023-01-15 22:00:00,66.33
2023-01-15 23:00:00,60.01
2023-01-16 00:00:00,60.01
2023-01-16 01:00:00,62.72
2023-01-16 02:00:00,56.1
2023-01-16 03:00:00,63.3
2023-01-16 04:00:00,87.0
2023-01-16 05:00:00,154.63
2023-01-16 06:00:00,175.11
2023-01-16 07:00:00,185.99
2023-01-16 08:00:00,170.0
2023-01-16 09:00:00,166.29
2023-01-16 10:00:00,155.99
2023-01-16 11:00:00,147.98
2023-01-16 12:00:00,142.88
2023-01-16 13:00:00,143.32
2023-01-16 14:00:00,146.83
2023-01-16 15:00:00,151.57
2023-01-16 16:00:00,166.79
2023-01-16 17:00:00,173.72
2023-01-16 18:00:00,175.78
2023-01-16 19:00:00,158.63
2023-01-16 20:00:00,132.97
2023-01-16 21:00:00,150.86
2023-01-16 22:00:00,144.35
2023-01-16 23:00:00,139.96
2023-01-17 00:00:00,150.81
2023-01-17 01:00:00,156.98
2023-01-17 02:00:00,141.5
2023-01-17 03:00:00,141.0
2023-01-17 04:00:00,150.4
2023-01-17 05:00:00,173.06
2023-01-17 06:00:00,195.01
2023-01-17 07:00:00,255.02
2023-01-17 08:00:00,231.4
2023-01-17 09:00:00,219.55
2023-01-17 10:00:00,204.04
2023-01-17 11:00:00,187.1
2023-01-17 12:00:00,177.0
2023-01-17 13:00:00,170.15
2023-01-17 14:00:00,178.75
2023-01-17 15:00:00,187.06
2023-01-17 16:00:00,193.86
2023-01-17 17:00:00,210.51
2023-01-17 18:00:00,194.58
2023-01-17 19:00:00,177.13
2023-01-17 20:00:00,157.49
2023-01-17 21:00:00,159.62
2023-01-17 22:00:00,136.08
2023-01-17 23:00:00,135.3
2023-01-18 00:00:00,136.27
2023-01-18 01:00:00,132.75
2023-01-18 02:00:00,127.77
2023-01-18 03:00:00,123.54
2023-01-18 04:00:00,134.0
2023-01-18 05:00:00,152.7
2023-01-18 06:00:00,172.14
2023-01-18 07:00:00,195.39
2023-01-18 08:00:00,188.92
2023-01-18 09:00:00,179.95
2023-01-18 10:00:00,177.12
2023-01-18 11:00:00,161.5
2023-01-18 12:00:00,151.86
2023-01-18 13:00:00,153.57
2023-01-18 14:00:00,158.69
2023-01-18 15:00:00,157.2
2023-01-18 16:00:00,168.3
2023-01-18 17:00:00,186.0
2023-01-18 18:00:00,181.9
2023-01-18 19:00:00,156.06
2023-01-18 20:00:00,145.92
2023-01-18 21:00:00,146.16
2023-01-18 22:00:00,147.7
2023-01-18 23:00:00,157.4
2023-01-19 00:00:00,153.73
2023-01-19 01:00:00,149.78
2023-01-19 02:00:00,145.09
2023-01-19 03:00:00,148.06
2023-01-19 04:00:00,151.1
2023-01-19 05:00:00,172.5
2023-01-19 06:00:00,190.0
2023-01-19 07:00:00,205.38
2023-01-19 08:00:00,220.79
2023-01-19 09:00:00,206.0
2023-01-19 10:00:00,216.93
2023-01-19 11:00:00,181.9
2023-01-19 12:00:00,176.52
2023-01-19 13:00:00,181.21
2023-01-19 14:00:00,182.19
2023-01-19 15:00:00,195.13
2023-01-19 16:00:00,213.26
2023-01-19 17:00:00,229.47
2023-01-19 18:00:00,221.87
2023-01-19 19:00:00,206.49
2023-01-19 20:00:00,177.4
2023-01-19 21:00:00,179.0
2023-01-19 22:00:00,171.37
2023-01-19 23:00:00,159.14
2023-01-20 00:00:00,158.47
2023-01-20 01:00:00,156.25
2023-01-20 02:00:00,153.09
2023-01-20 03:00:00,154.09
2023-01-20 04:00:00,158.64
2023-01-20 05:00:00,182.26
2023-01-20 06:00:00,208.07
2023-01-20 07:00:00,235.06
2023-01-20 08:00:00,229.58
2023-01-20 09:00:00,210.64
2023-01-20 10:00:00,203.46
2023-01-20 11:00:00,191.21
2023-01-20 12:00:00,181.63
2023-01-20 13:00:00,183.42
2023-01-20 14:00:00,192.0
2023-01-20 15:00:00,200.0
2023-01-20 16:00:00,208.22
2023-01-20 17:00:00,210.45
2023-01-20 18:00:00,207.8
2023-01-20 19:00:00,197.95
2023-01-20 20:00:00,175.89
2023-01-20 21:00:00,169.36
2023-01-20 22:00:00,155.25
2023-01-20 23:00:00,161.8
2023-01-21 00:00:00,156.9
2023-01-21 01:00:00,144.88
2023-01-21 02:00:00,138.44
2023-01-21 03:00:00,136.06
2023-01-21 04:00:00,139.35
2023-01-21 05:00:00,134.68
2023-01-21 06:00:00,143.47
2023-01-21 07:00:00,160.0
2023-01-21 08:00:00,173.33
2023-01-21 09:00:00,172.39
2023-01-21 10:00:00,162.74
2023-01-21 11:00:00,154.19
2023-01-21 12:00:00,148.19
2023-01-21 13:00:00,142.01
2023-01-21 14:00:00,135.9
2023-01-21 15:00:00,144.22
2023-01-21 16:00:00,173.92
2023-01-21 17:00:00,179.42
2023-01-21 18:00:00,182.17
2023-01-21 19:00:00,167.51
2023-01-21 20:00:00,165.76
2023-01-21 21:00:00,162.71
2023-01-21 22:00:00,157.44
2023-01-21 23:00:00,167.43
2023-01-22 00:00:00,159.7
2023-01-22 01:00:00,162.76
2023-01-22 02:00:00,151.54
2023-01-22 03:00:00,140.76
2023-01-22 04:00:00,139.04
2023-01-22 05:00:00,151.18
2023-01-22 06:00:00,143.7
2023-01-22 07:00:00,148.06
2023-01-22 08:00:00,159.3
2023-01-22 09:00:00,176.15
2023-01-22 10:00:00,172.41
2023-01-22 11:00:00,175.74
2023-01-22 12:00:00,156.72
2023-01-22 13:00:00,159.38
2023-01-22 14:00:00,160.75
2023-01-22 15:00:00,171.03
2023-01-22 16:00:00,191.99
2023-01-22 17:00:00,209.16
2023-01-22 18:00:00,206.32
2023-01-22 19:00:00,193.27
2023-01-22 20:00:00,182.11
2023-01-22 21:00:00,176.57
2023-01-22 22:00:00,167.15
2023-01-22 23:00:00,151.81
2023-01-23 00:00:00,164.8
2023-01-23 01:00:00,166.2
2023-01-23 02:00:00,154.5
2023-01-23 03:00:00,150.12
2023-01-23 04:00:00,152.68
2023-01-23 05:00:00,189.9
2023-01-23 06:00:00,226.54
2023-01-23 07:00:00,257.87
2023-01-23 08:00:00,270.0
2023-01-23 09:00:00,249.6
2023-01-23 10:00:00,230.01
2023-01-23 11:00:00,220.77
2023-01-23 12:00:00,218.99
2023-01-23 13:00:00,219.53
2023-01-23 14:00:00,218.99
2023-01-23 15:00:00,224.58
2023-01-23 16:00:00,248.9
2023-01-23 17:00:00,248.07
2023-01-23 18:00:00,223.19
2023-01-23 19:00:00,205.0
2023-01-23 20:00:00,183.89
2023-01-23 21:00:00,175.47
2023-01-23 22:00:00,166.81
2023-01-23 23:00:00,164.85
2023-01-24 00:00:00,160.03
2023-01-24 01:00:00,159.72
2023-01-24 02:00:00,152.51
2023-01-24 03:00:00,153.6
2023-01-24 04:00:00,166.96
2023-01-24 05:00:00,183.61
2023-01-24 06:00:00,210.0
2023-01-24 07:00:00,251.1
2023-01-24 08:00:00,256.43
2023-01-24 09:00:00,238.61
2023-01-24 10:00:00,229.96
2023-01-24 11:00:00,217.75
2023-01-24 12:00:00,205.86
2023-01-24 13:00:00,215.27
2023-01-24 14:00:00,217.97
2023-01-24 15:00:00,224.58
2023-01-24 16:00:00,250.0
2023-01-24 17:00:00,250.0
2023-01-24 18:00:00,231.15
2023-01-24 19:00:00,218.08
2023-01-24 20:00:00,190.53
2023-01-24 21:00:00,185.7
2023-01-24 22:00:00,173.67
2023-01-24 23:00:00,157.52
2023-01-25 00:00:00,155.31
2023-01-25 01:00:00,154.26
2023-01-25 02:00:00,148.42
2023-01-25 03:00:00,147.02
2023-01-25 04:00:00,151.03
2023-01-25 05:00:00,176.65
2023-01-25 06:00:00,203.29
2023-01-25 07:00:00,225.04
2023-01-25 08:00:00,225.0
2023-01-25 09:00:00,212.42
2023-01-25 10:00:00,200.98
2023-01-25 11:00:00,193.2
2023-01-25 12:00:00,185.2
2023-01-25 13:00:00,192.51
2023-01-25 14:00:00,197.3
2023-01-25 15:00:00,199.19
2023-01-25 16:00:00,206.42
2023-01-25 17:00:00,215.19
2023-01-25 18:00:00,210.34
2023-01-25 19:00:00,192.28
2023-01-25 20:00:00,180.07
2023-01-25 21:00:00,175.61
2023-01-25 22:00:00,167.0
2023-01-25 23:00:00,150.0
2023-01-26 00:00:00,148.57
2023-01-26 01:00:00,143.19
2023-01-26 02:00:00,139.98
2023-01-26 03:00:00,135.85
2023-01-26 04:00:00,143.82
2023-01-26 05:00:00,165.38
2023-01-26 06:00:00,186.83
2023-01-26 07:00:00,198.95
2023-01-26 08:00:00,205.51
2023-01-26 09:00:00,198.75
2023-01-26 10:00:00,205.43
2023-01-26 11:00:00,184.93
2023-01-26 12:00:00,176.83
2023-01-26 13:00:00,177.6
2023-01-26 14:00:00,173.58
2023-01-26 15:00:00,172.36
2023-01-26 16:00:00,186.2
2023-01-26 17:00:00,197.96
2023-01-26 18:00:00,193.7
2023-01-26 19:00:00,178.36
2023-01-26 20:00:00,157.25
2023-01-26 21:00:00,151.99
2023-01-26 22:00:00,138.7
2023-01-26 23:00:00,142.55
2023-01-27 00:00:00,143.78
2023-01-27 01:00:00,137.0
2023-01-27 02:00:00,131.14
2023-01-27 03:00:00,130.55
2023-01-27 04:00:00,137.45
2023-01-27 05:00:00,151.4
2023-01-27 06:00:00,176.1
2023-01-27 07:00:00,195.0
2023-01-27 08:00:00,199.19
2023-01-27 09:00:00,195.0
2023-01-27 10:00:00,190.0
2023-01-27 11:00:00,183.06
2023-01-27 12:00:00,180.0
2023-01-27 13:00:00,181.5
2023-01-27 14:00:00,185.0
2023-01-27 15:00:00,188.0
2023-01-27 16:00:00,198.05
2023-01-27 17:00:00,200.7
2023-01-27 18:00:00,193.7
2023-01-27 19:00:00,182.09
2023-01-27 20:00:00,170.07
2023-01-27 21:00:00,160.83
2023-01-27 22:00:00,154.25
2023-01-27 23:00:00,139.9
2023-01-28 00:00:00,134.76
2023-01-28 01:00:00,133.07
2023-01-28 02:00:00,128.79
2023-01-28 03:00:00,125.03
2023-01-28 04:00:00,122.75
2023-01-28 05:00:00,128.23
2023-01-28 06:00:00,136.13
2023-01-28 07:00:00,145.43
2023-01-28 08:00:00,160.11
2023-01-28 09:00:00,161.52
2023-01-28 10:00:00,159.74
2023-01-28 11:00:00,153.65
2023-01-28 12:00:00,134.74
2023-01-28 13:00:00,137.53
2023-01-28 14:00:00,149.86
2023-01-28 15:00:00,154.27
2023-01-28 16:00:00,164.93
2023-01-28 17:00:00,178.55
2023-01-28 18:00:00,174.01
2023-01-28 19:00:00,157.15
2023-01-28 20:00:00,147.6
2023-01-28 21:00:00,143.85
2023-01-28 22:00:00,149.5
2023-01-28 23:00:00,162.01
2023-01-29 00:00:00,151.34
2023-01-29 01:00:00,149.44
2023-01-29 02:00:00,128.18
2023-01-29 03:00:00,123.72
2023-01-29 04:00:00,123.98
2023-01-29 05:00:00,130.31
2023-01-29 06:00:00,133.1
2023-01-29 07:00:00,148.9
2023-01-29 08:00:00,159.66
2023-01-29 09:00:00,157.5
2023-01-29 10:00:00,154.58
2023-01-29 11:00:00,140.2
2023-01-29 12:00:00,116.5
2023-01-29 13:00:00,121.56
2023-01-29 14:00:00,125.96
2023-01-29 15:00:00,131.13
2023-01-29 16:00:00,157.51
2023-01-29 17:00:00,177.31
2023-01-29 18:00:00,178.58
2023-01-29 19:00:00,172.51
2023-01-29 20:00:00,162.32
2023-01-29 21:00:00,141.4
2023-01-29 22:00:00,122.59
2023-01-29 23:00:00,117.05
2023-01-30 00:00:00,135.49
2023-01-30 01:00:00,125.86
2023-01-30 02:00:00,110.33
2023-01-30 03:00:00,90.0
2023-01-30 04:00:00,118.42
2023-01-30 05:00:00,128.04
2023-01-30 06:00:00,167.98
2023-01-30 07:00:00,176.48
2023-01-30 08:00:00,181.01
2023-01-30 09:00:00,181.64
2023-01-30 10:00:00,181.42
2023-01-30 11:00:00,168.13
2023-01-30 12:00:00,162.55
2023-01-30 13:00:00,170.73
2023-01-30 14:00:00,174.24
2023-01-30 15:00:00,175.5
2023-01-30 16:00:00,192.95
2023-01-30 17:00:00,224.39
2023-01-30 18:00:00,220.0
2023-01-30 19:00:00,187.84
2023-01-30 20:00:00,172.85
2023-01-30 21:00:00,169.11
2023-01-30 22:00:00,159.09
2023-01-30 23:00:00,160.22
2023-01-31 00:00:00,152.82
2023-01-31 01:00:00,148.34
2023-01-31 02:00:00,134.96
2023-01-31 03:00:00,120.87
2023-01-31 04:00:00,136.4
2023-01-31 05:00:00,161.06
2023-01-31 06:00:00,177.32
2023-01-31 07:00:00,186.92
2023-01-31 08:00:00,188.1
2023-01-31 09:00:00,176.91
2023-01-31 10:00:00,166.99
2023-01-31 11:00:00,152.89
2023-01-31 12:00:00,140.48
2023-01-31 13:00:00,150.91
2023-01-31 14:00:00,140.72
2023-01-31 15:00:00,142.89
2023-01-31 16:00:00,166.37
2023-01-31 17:00:00,183.89
2023-01-31 18:00:00,187.36
2023-01-31 19:00:00,176.48
2023-01-31 20:00:00,164.42
2023-01-31 21:00:00,164.18
2023-01-31 22:00:00,156.3
2023-01-31 23:00:00,137.49
2023-02-01 00:00:00,135.28
2023-02-01 01:00:00,131.45
2023-02-01 02:00:00,103.79
2023-02-01 03:00:00,110.94
2023-02-01 04:00:00,133.4
2023-02-01 05:00:00,149.36
2023-02-01 06:00:00,174.03
2023-02-01 07:00:00,180.63
2023-02-01 08:00:00,180.7
2023-02-01 09:00:00,167.99
2023-02-01 10:00:00,157.53
2023-02-01 11:00:00,141.24
2023-02-01 12:00:00,128.56
2023-02-01 13:00:00,131.3
2023-02-01 14:00:00,136.57
2023-02-01 15:00:00,132.7
2023-02-01 16:00:00,167.62
2023-02-01 17:00:00,182.24
2023-02-01 18:00:00,189.74
2023-02-01 19:00:00,175.02
2023-02-01 20:00:00,160.0
2023-02-01 21:00:00,161.09
2023-02-01 22:00:00,152.3
2023-02-01 23:00:00,148.7
2023-02-02 00:00:00,140.0
2023-02-02 01:00:00,140.06
2023-02-02 02:00:00,122.2
2023-02-02 03:00:00,113.74
2023-02-02 04:00:00,127.29
2023-02-02 05:00:00,141.5
2023-02-02 06:00:00,170.02
2023-02-02 07:00:00,181.93
2023-02-02 08:00:00,178.2
2023-02-02 09:00:00,170.09
2023-02-02 10:00:00,167.21
2023-02-02 11:00:00,156.86
2023-02-02 12:00:00,152.74
2023-02-02 13:00:00,161.44
2023-02-02 14:00:00,163.39
2023-02-02 15:00:00,167.28
2023-02-02 16:00:00,178.17
2023-02-02 17:00:00,183.12
2023-02-02 18:00:00,175.33
2023-02-02 19:00:00,163.5
2023-02-02 20:00:00,152.97
2023-02-02 21:00:00,143.66
2023-02-02 22:00:00,134.65
2023-02-02 23:00:00,125.86
2023-02-03 00:00:00,124.48
2023-02-03 01:00:00,120.01
2023-02-03 02:00:00,107.86
2023-02-03 03:00:00,95.64
2023-02-03 04:00:00,109.86
2023-02-03 05:00:00,129.59
2023-02-03 06:00:00,149.7
2023-02-03 07:00:00,165.14
2023-02-03 08:00:00,158.41
2023-02-03 09:00:00,164.55
2023-02-03 10:00:00,143.13
2023-02-03 11:00:00,132.8
2023-02-03 12:00:00,129.95
2023-02-03 13:00:00,134.14
2023-02-03 14:00:00,139.5
2023-02-03 15:00:00,134.65
2023-02-03 16:00:00,141.99
2023-02-03 17:00:00,158.7
2023-02-03 18:00:00,185.13
2023-02-03 19:00:00,173.06
2023-02-03 20:00:00,152.15
2023-02-03 21:00:00,150.98
2023-02-03 22:00:00,146.58
2023-02-03 23:00:00,158.09
2023-02-04 00:00:00,155.26
2023-02-04 01:00:00,147.49
2023-02-04 02:00:00,129.12
2023-02-04 03:00:00,129.55
2023-02-04 04:00:00,135.8
2023-02-04 05:00:00,143.15
2023-02-04 06:00:00,156.37
2023-02-04 07:00:00,164.19
2023-02-04 08:00:00,169.83
2023-02-04 09:00:00,164.11
2023-02-04 10:00:00,156.39
2023-02-04 11:00:00,148.84
2023-02-04 12:00:00,133.37
2023-02-04 13:00:00,134.09
2023-02-04 14:00:00,141.61
2023-02-04 15:00:00,155.36
2023-02-04 16:00:00,170.29
2023-02-04 17:00:00,184.16
2023-02-04 18:00:00,179.96
2023-02-04 19:00:00,167.81
2023-02-04 20:00:00,158.1
2023-02-04 21:00:00,152.37
2023-02-04 22:00:00,136.47
2023-02-04 23:00:00,146.48
2023-02-05 00:00:00,145.1
2023-02-05 01:00:00,138.83
2023-02-05 02:00:00,130.0
2023-02-05 03:00:00,115.13
2023-02-05 04:00:00,113.07
2023-02-05 05:00:00,113.82
2023-02-05 06:00:00,115.43
2023-02-05 07:00:00,122.0
2023-02-05 08:00:00,118.59
2023-02-05 09:00:00,118.83
2023-02-05 10:00:00,122.84
2023-02-05 11:00:00,116.82
2023-02-05 12:00:00,107.33
2023-02-05 13:00:00,110.05
2023-02-05 14:00:00,116.37
2023-02-05 15:00:00,126.35
2023-02-05 16:00:00,147.97
2023-02-05 17:00:00,171.38
2023-02-05 18:00:00,176.54
2023-02-05 19:00:00,168.21
2023-02-05 20:00:00,153.66
2023-02-05 21:00:00,155.74
2023-02-05 22:00:00,144.18
2023-02-05 23:00:00,145.0
2023-02-06 00:00:00,143.73
2023-02-06 01:00:00,145.34
2023-02-06 02:00:00,142.06
2023-02-06 03:00:00,140.1
2023-02-06 04:00:00,148.93
2023-02-06 05:00:00,175.64
2023-02-06 06:00:00,200.65
2023-02-06 07:00:00,213.39
2023-02-06 08:00:00,200.53
2023-02-06 09:00:00,185.08
2023-02-06 10:00:00,174.99
2023-02-06 11:00:00,159.09
2023-02-06 12:00:00,153.91
2023-02-06 13:00:00,156.7
2023-02-06 14:00:00,165.96
2023-02-06 15:00:00,181.8
2023-02-06 16:00:00,198.94
2023-02-06 17:00:00,213.5
2023-02-06 18:00:00,205.38
2023-02-06 19:00:00,186.21
2023-02-06 20:00:00,166.46
2023-02-06 21:00:00,158.19
2023-02-06 22:00:00,154.0
2023-02-06 23:00:00,145.49
2023-02-07 00:00:00,141.78
2023-02-07 01:00:00,140.2
2023-02-07 02:00:00,139.07
2023-02-07 03:00:00,141.6
2023-02-07 04:00:00,145.93
2023-02-07 05:00:00,170.54
2023-02-07 06:00:00,198.04
2023-02-07 07:00:00,214.12
2023-02-07 08:00:00,193.3
2023-02-07 09:00:00,174.98
2023-02-07 10:00:00,157.58
2023-02-07 11:00:00,156.91
2023-02-07 12:00:00,145.13
2023-02-07 13:00:00,157.25
2023-02-07 14:00:00,171.87
2023-02-07 15:00:00,189.98
2023-02-07 16:00:00,222.26
2023-02-07 17:00:00,245.6
2023-02-07 18:00:00,229.0
2023-02-07 19:00:00,199.03
2023-02-07 20:00:00,188.18
2023-02-07 21:00:00,173.27
2023-02-07 22:00:00,163.02
2023-02-07 23:00:00,160.0
2023-02-08 00:00:00,155.13
2023-02-08 01:00:00,150.0
2023-02-08 02:00:00,147.95
2023-02-08 03:00:00,145.97
2023-02-08 04:00:00,149.6
2023-02-08 05:00:00,175.69
2023-02-08 06:00:00,196.64
2023-02-08 07:00:00,215.9
2023-02-08 08:00:00,182.54
2023-02-08 09:00:00,171.84
2023-02-08 10:00:00,148.62
2023-02-08 11:00:00,140.23
2023-02-08 12:00:00,135.14
2023-02-08 13:00:00,136.46
2023-02-08 14:00:00,144.74
2023-02-08 15:00:00,158.3
2023-02-08 16:00:00,183.99
2023-02-08 17:00:00,192.45
2023-02-08 18:00:00,193.03
2023-02-08 19:00:00,176.29
2023-02-08 20:00:00,162.84
2023-02-08 21:00:00,169.72
2023-02-08 22:00:00,160.97
2023-02-08 23:00:00,161.83
2023-02-09 00:00:00,159.27
2023-02-09 01:00:00,155.91
2023-02-09 02:00:00,149.93
2023-02-09 03:00:00,146.52
2023-02-09 04:00:00,155.82
2023-02-09 05:00:00,171.19
2023-02-09 06:00:00,186.6
2023-02-09 07:00:00,230.0
2023-02-09 08:00:00,256.66
2023-02-09 09:00:00,203.36
2023-02-09 10:00:00,176.2
2023-02-09 11:00:00,157.85
2023-02-09 12:00:00,155.07
2023-02-09 13:00:00,159.4
2023-02-09 14:00:00,163.99
2023-02-09 15:00:00,165.73
2023-02-09 16:00:00,174.95
2023-02-09 17:00:00,225.0
2023-02-09 18:00:00,237.59
2023-02-09 19:00:00,198.03
2023-02-09 20:00:00,179.99
2023-02-09 21:00:00,174.99
2023-02-09 22:00:00,166.61
2023-02-09 23:00:00,155.58
2023-02-10 00:00:00,154.28
2023-02-10 01:00:00,150.0
2023-02-10 02:00:00,139.0
2023-02-10 03:00:00,138.0
2023-02-10 04:00:00,144.59
2023-02-10 05:00:00,167.29
2023-02-10 06:00:00,186.3
2023-02-10 07:00:00,202.71
2023-02-10 08:00:00,186.91
2023-02-10 09:00:00,168.29
2023-02-10 10:00:00,155.29
2023-02-10 11:00:00,135.7
2023-02-10 12:00:00,125.5
2023-02-10 13:00:00,124.58
2023-02-10 14:00:00,131.86
2023-02-10 15:00:00,150.8
2023-02-10 16:00:00,161.7
2023-02-10 17:00:00,176.97
2023-02-10 18:00:00,185.88
2023-02-10 19:00:00,172.27
2023-02-10 20:00:00,167.48
2023-02-10 21:00:00,167.03
2023-02-10 22:00:00,160.93
2023-02-10 23:00:00,158.95
2023-02-11 00:00:00,154.51
2023-02-11 01:00:00,150.03
2023-02-11 02:00:00,133.48
2023-02-11 03:00:00,132.16
2023-02-11 04:00:00,153.42
2023-02-11 05:00:00,153.07
2023-02-11 06:00:00,162.3
2023-02-11 07:00:00,146.4
2023-02-11 08:00:00,162.35
2023-02-11 09:00:00,155.0
2023-02-11 10:00:00,149.91
2023-02-11 11:00:00,135.1
2023-02-11 12:00:00,130.16
2023-02-11 13:00:00,127.09
2023-02-11 14:00:00,123.31
2023-02-11 15:00:00,127.89
2023-02-11 16:00:00,154.57
2023-02-11 17:00:00,174.12
2023-02-11 18:00:00,177.96
2023-02-11 19:00:00,162.57
2023-02-11 20:00:00,155.58
2023-02-11 21:00:00,152.23
2023-02-11 22:00:00,147.7
2023-02-11 23:00:00,149.0
2023-02-12 00:00:00,134.47
2023-02-12 01:00:00,132.47
2023-02-12 02:00:00,128.1
2023-02-12 03:00:00,129.0
2023-02-12 04:00:00,130.14
2023-02-12 05:00:00,135.71
2023-02-12 06:00:00,144.79
2023-02-12 07:00:00,149.4
2023-02-12 08:00:00,150.33
2023-02-12 09:00:00,145.56
2023-02-12 10:00:00,140.07
2023-02-12 11:00:00,129.89
2023-02-12 12:00:00,120.0
2023-02-12 13:00:00,120.0
2023-02-12 14:00:00,124.63
2023-02-12 15:00:00,135.16
2023-02-12 16:00:00,158.54
2023-02-12 17:00:00,175.1
2023-02-12 18:00:00,175.58
2023-02-12 19:00:00,170.0
2023-02-12 20:00:00,157.06
2023-02-12 21:00:00,152.88
2023-02-12 22:00:00,144.66
2023-02-12 23:00:00,140.09
2023-02-13 00:00:00,138.76
2023-02-13 01:00:00,135.8
2023-02-13 02:00:00,129.04
2023-02-13 03:00:00,131.0
2023-02-13 04:00:00,137.43
2023-02-13 05:00:00,163.19
2023-02-13 06:00:00,196.08
2023-02-13 07:00:00,229.99
2023-02-13 08:00:00,196.2
2023-02-13 09:00:00,173.35
2023-02-13 10:00:00,152.31
2023-02-13 11:00:00,135.94
2023-02-13 12:00:00,132.91
2023-02-13 13:00:00,135.36
2023-02-13 14:00:00,148.45
2023-02-13 15:00:00,161.08
2023-02-13 16:00:00,188.06
2023-02-13 17:00:00,221.8
2023-02-13 18:00:00,206.63
2023-02-13 19:00:00,187.86
2023-02-13 20:00:00,169.19
2023-02-13 21:00:00,160.97
2023-02-13 22:00:00,150.12
2023-02-13 23:00:00,135.62
2023-02-14 00:00:00,132.32
2023-02-14 01:00:00,132.16
2023-02-14 02:00:00,132.12
2023-02-14 03:00:00,132.32
2023-02-14 04:00:00,141.93
2023-02-14 05:00:00,166.46
2023-02-14 06:00:00,199.99
2023-02-14 07:00:00,206.98
2023-02-14 08:00:00,180.6
2023-02-14 09:00:00,164.63
2023-02-14 10:00:00,143.42
2023-02-14 11:00:00,131.11
2023-02-14 12:00:00,128.6
2023-02-14 13:00:00,127.9
2023-02-14 14:00:00,131.98
2023-02-14 15:00:00,152.05
2023-02-14 16:00:00,180.83
2023-02-14 17:00:00,199.99
2023-02-14 18:00:00,192.97
2023-02-14 19:00:00,175.81
2023-02-14 20:00:00,160.09
2023-02-14 21:00:00,151.03
2023-02-14 22:00:00,141.73
2023-02-14 23:00:00,135.03
2023-02-15 00:00:00,130.95
2023-02-15 01:00:00,130.0
2023-02-15 02:00:00,130.01
2023-02-15 03:00:00,127.28
2023-02-15 04:00:00,136.43
2023-02-15 05:00:00,168.69
2023-02-15 06:00:00,185.0
2023-02-15 07:00:00,188.76
2023-02-15 08:00:00,171.22
2023-02-15 09:00:00,158.85
2023-02-15 10:00:00,140.96
2023-02-15 11:00:00,125.69
2023-02-15 12:00:00,121.75
2023-02-15 13:00:00,124.3
2023-02-15 14:00:00,129.35
2023-02-15 15:00:00,146.26
2023-02-15 16:00:00,160.73
2023-02-15 17:00:00,175.6
2023-02-15 18:00:00,175.0
2023-02-15 19:00:00,169.07
2023-02-15 20:00:00,151.2
2023-02-15 21:00:00,152.41
2023-02-15 22:00:00,144.05
2023-02-15 23:00:00,150.87
2023-02-16 00:00:00,145.95
2023-02-16 01:00:00,144.91
2023-02-16 02:00:00,130.0
2023-02-16 03:00:00,126.49
2023-02-16 04:00:00,132.67
2023-02-16 05:00:00,152.48
2023-02-16 06:00:00,169.77
2023-02-16 07:00:00,175.91
2023-02-16 08:00:00,173.73
2023-02-16 09:00:00,163.51
2023-02-16 10:00:00,158.33
2023-02-16 11:00:00,144.14
2023-02-16 12:00:00,125.57
2023-02-16 13:00:00,130.06
2023-02-16 14:00:00,136.9
2023-02-16 15:00:00,142.03
2023-02-16 16:00:00,166.81
2023-02-16 17:00:00,170.34
2023-02-16 18:00:00,167.71
2023-02-16 19:00:00,159.59
2023-02-16 20:00:00,146.0
2023-02-16 21:00:00,132.04
2023-02-16 22:00:00,123.9
2023-02-16 23:00:00,120.0
2023-02-17 00:00:00,100.6
2023-02-17 01:00:00,95.1
2023-02-17 02:00:00,88.34
2023-02-17 03:00:00,84.0
2023-02-17 04:00:00,96.76
2023-02-17 05:00:00,117.22
2023-02-17 06:00:00,152.0
2023-02-17 07:00:00,158.59
2023-02-17 08:00:00,151.44
2023-02-17 09:00:00,149.34
2023-02-17 10:00:00,135.08
2023-02-17 11:00:00,123.78
2023-02-17 12:00:00,120.0
2023-02-17 13:00:00,132.94
2023-02-17 14:00:00,122.33
2023-02-17 15:00:00,118.35
2023-02-17 16:00:00,144.66
2023-02-17 17:00:00,152.72
2023-02-17 18:00:00,164.6
2023-02-17 19:00:00,159.54
2023-02-17 20:00:00,152.72
2023-02-17 21:00:00,150.3
2023-02-17 22:00:00,151.71
2023-02-17 23:00:00,146.52
2023-02-18 00:00:00,134.06
2023-02-18 01:00:00,129.49
2023-02-18 02:00:00,93.04
2023-02-18 03:00:00,80.28
2023-02-18 04:00:00,77.55
2023-02-18 05:00:00,85.75
2023-02-18 06:00:00,94.32
2023-02-18 07:00:00,110.92
2023-02-18 08:00:00,130.0
2023-02-18 09:00:00,110.95
2023-02-18 10:00:00,108.05
2023-02-18 11:00:00,100.0
2023-02-18 12:00:00,84.17
2023-02-18 13:00:00,86.37
2023-02-18 14:00:00,97.6
2023-02-18 15:00:00,111.34
2023-02-18 16:00:00,129.58
2023-02-18 17:00:00,148.63
2023-02-18 18:00:00,153.98
2023-02-18 19:00:00,136.48
2023-02-18 20:00:00,121.19
2023-02-18 21:00:00,117.42
2023-02-18 22:00:00,113.95
2023-02-18 23:00:00,115.66
2023-02-19 00:00:00,109.4
2023-02-19 01:00:00,105.02
2023-02-19 02:00:00,93.0
2023-02-19 03:00:00,92.55
2023-02-19 04:00:00,97.78
2023-02-19 05:00:00,110.08
2023-02-19 06:00:00,116.87
2023-02-19 07:00:00,120.0
2023-02-19 08:00:00,119.04
2023-02-19 09:00:00,116.38
2023-02-19 10:00:00,114.16
2023-02-19 11:00:00,110.9
2023-02-19 12:00:00,107.0
2023-02-19 13:00:00,104.41
2023-02-19 14:00:00,107.83
2023-02-19 15:00:00,120.61
2023-02-19 16:00:00,141.64
2023-02-19 17:00:00,159.44
2023-02-19 18:00:00,159.2
2023-02-19 19:00:00,153.82
2023-02-19 20:00:00,150.04
2023-02-19 21:00:00,144.92
2023-02-19 22:00:00,134.37
2023-02-19 23:00:00,107.93
2023-02-20 00:00:00,113.3
2023-02-20 01:00:00,110.52
2023-02-20 02:00:00,107.21
2023-02-20 03:00:00,108.58
2023-02-20 04:00:00,113.3
2023-02-20 05:00:00,128.43
2023-02-20 06:00:00,156.74
2023-02-20 07:00:00,168.46
2023-02-20 08:00:00,158.12
2023-02-20 09:00:00,149.48
2023-02-20 10:00:00,141.08
2023-02-20 11:00:00,118.5
2023-02-20 12:00:00,117.54
2023-02-20 13:00:00,113.5
2023-02-20 14:00:00,114.0
2023-02-20 15:00:00,118.5
2023-02-20 16:00:00,140.74
2023-02-20 17:00:00,153.55
2023-02-20 18:00:00,168.72
2023-02-20 19:00:00,162.56
2023-02-20 20:00:00,154.0
2023-02-20 21:00:00,148.41
2023-02-20 22:00:00,148.22
2023-02-20 23:00:00,149.35
2023-02-21 00:00:00,145.51
2023-02-21 01:00:00,141.89
2023-02-21 02:00:00,135.03
2023-02-21 03:00:00,133.59
2023-02-21 04:00:00,146.95
2023-02-21 05:00:00,157.54
2023-02-21 06:00:00,162.21
2023-02-21 07:00:00,179.16
2023-02-21 08:00:00,177.34
2023-02-21 09:00:00,161.59
2023-02-21 10:00:00,157.15
2023-02-21 11:00:00,147.59
2023-02-21 12:00:00,135.0
2023-02-21 13:00:00,138.52
2023-02-21 14:00:00,130.56
2023-02-21 15:00:00,149.26
2023-02-21 16:00:00,164.85
2023-02-21 17:00:00,178.13
2023-02-21 18:00:00,177.1
2023-02-21 19:00:00,170.0
2023-02-21 20:00:00,158.8
2023-02-21 21:00:00,153.2
2023-02-21 22:00:00,142.58
2023-02-21 23:00:00,139.9
2023-02-22 00:00:00,128.0
2023-02-22 01:00:00,125.3
2023-02-22 02:00:00,126.49
2023-02-22 03:00:00,126.99
2023-02-22 04:00:00,133.05
2023-02-22 05:00:00,155.01
2023-02-22 06:00:00,173.13
2023-02-22 07:00:00,176.34
2023-02-22 08:00:00,164.55
2023-02-22 09:00:00,154.9
2023-02-22 10:00:00,150.01
2023-02-22 11:00:00,148.0
2023-02-22 12:00:00,132.64
2023-02-22 13:00:00,136.42
2023-02-22 14:00:00,151.18
2023-02-22 15:00:00,157.13
2023-02-22 16:00:00,165.01
2023-02-22 17:00:00,175.0
2023-02-22 18:00:00,172.73
2023-02-22 19:00:00,162.06
2023-02-22 20:00:00,154.02
2023-02-22 21:00:00,153.16
2023-02-22 22:00:00,135.0
2023-02-22 23:00:00,135.01
2023-02-23 00:00:00,131.77
2023-02-23 01:00:00,129.24
2023-02-23 02:00:00,124.81
2023-02-23 03:00:00,125.2
2023-02-23 04:00:00,130.0
2023-02-23 05:00:00,153.98
2023-02-23 06:00:00,170.0
2023-02-23 07:00:00,178.24
2023-02-23 08:00:00,174.48
2023-02-23 09:00:00,166.1
2023-02-23 10:00:00,164.86
2023-02-23 11:00:00,150.3
2023-02-23 12:00:00,146.48
2023-02-23 13:00:00,141.28
2023-02-23 14:00:00,136.09
2023-02-23 15:00:00,140.44
2023-02-23 16:00:00,152.8
2023-02-23 17:00:00,165.22
2023-02-23 18:00:00,165.0
2023-02-23 19:00:00,161.25
2023-02-23 20:00:00,151.14
2023-02-23 21:00:00,148.0
2023-02-23 22:00:00,136.87
2023-02-23 23:00:00,133.84
2023-02-24 00:00:00,128.82
2023-02-24 01:00:00,140.7
2023-02-24 02:00:00,124.02
2023-02-24 03:00:00,117.74
2023-02-24 04:00:00,138.68
2023-02-24 05:00:00,153.42
2023-02-24 06:00:00,160.68
2023-02-24 07:00:00,165.45
2023-02-24 08:00:00,161.72
2023-02-24 09:00:00,160.1
2023-02-24 10:00:00,160.61
2023-02-24 11:00:00,146.81
2023-02-24 12:00:00,142.85
2023-02-24 13:00:00,139.54
2023-02-24 14:00:00,128.0
2023-02-24 15:00:00,125.74
2023-02-24 16:00:00,150.66
2023-02-24 17:00:00,160.3
2023-02-24 18:00:00,174.18
2023-02-24 19:00:00,171.8
2023-02-24 20:00:00,160.75
2023-02-24 21:00:00,157.3
2023-02-24 22:00:00,153.1
2023-02-24 23:00:00,149.84
2023-02-25 00:00:00,145.3
2023-02-25 01:00:00,141.9
2023-02-25 02:00:00,131.8
2023-02-25 03:00:00,129.82
2023-02-25 04:00:00,130.86
2023-02-25 05:00:00,135.04
2023-02-25 06:00:00,150.43
2023-02-25 07:00:00,153.98
2023-02-25 08:00:00,157.5
2023-02-25 09:00:00,152.32
2023-02-25 10:00:00,146.96
2023-02-25 11:00:00,144.51
2023-02-25 12:00:00,129.99
2023-02-25 13:00:00,121.18
2023-02-25 14:00:00,117.93
2023-02-25 15:00:00,119.56
2023-02-25 16:00:00,133.0
2023-02-25 17:00:00,153.92
2023-02-25 18:00:00,163.34
2023-02-25 19:00:00,160.22
2023-02-25 20:00:00,148.0
2023-02-25 21:00:00,149.3
2023-02-25 22:00:00,145.44
2023-02-25 23:00:00,136.0
2023-02-26 00:00:00,130.0
2023-02-26 01:00:00,120.8
2023-02-26 02:00:00,110.65
2023-02-26 03:00:00,107.0
2023-02-26 04:00:00,106.8
2023-02-26 05:00:00,107.04
2023-02-26 06:00:00,109.23
2023-02-26 07:00:00,130.82
2023-02-26 08:00:00,134.1
2023-02-26 09:00:00,97.82
2023-02-26 10:00:00,93.62
2023-02-26 11:00:00,86.51
2023-02-26 12:00:00,55.93
2023-02-26 13:00:00,55.84
2023-02-26 14:00:00,84.73
2023-02-26 15:00:00,98.92
2023-02-26 16:00:00,129.9
2023-02-26 17:00:00,153.7
2023-02-26 18:00:00,156.91
2023-02-26 19:00:00,153.64
2023-02-26 20:00:00,141.64
2023-02-26 21:00:00,138.29
2023-02-26 22:00:00,132.98
2023-02-26 23:00:00,122.83
2023-02-27 00:00:00,133.09
2023-02-27 01:00:00,132.9
2023-02-27 02:00:00,125.03
2023-02-27 03:00:00,120.07
2023-02-27 04:00:00,139.83
2023-02-27 05:00:00,163.49
2023-02-27 06:00:00,186.66
2023-02-27 07:00:00,195.42
2023-02-27 08:00:00,177.16
2023-02-27 09:00:00,182.17
2023-02-27 10:00:00,163.74
2023-02-27 11:00:00,140.11
2023-02-27 12:00:00,134.07
2023-02-27 13:00:00,130.47
2023-02-27 14:00:00,130.97
2023-02-27 15:00:00,146.44
2023-02-27 16:00:00,168.0
2023-02-27 17:00:00,189.93
2023-02-27 18:00:00,197.23
2023-02-27 19:00:00,174.49
2023-02-27 20:00:00,160.3
2023-02-27 21:00:00,153.46
2023-02-27 22:00:00,149.46
2023-02-27 23:00:00,134.0
2023-02-28 00:00:00,137.01
2023-02-28 01:00:00,143.17
2023-02-28 02:00:00,138.23
2023-02-28 03:00:00,138.23
2023-02-28 04:00:00,138.82
2023-02-28 05:00:00,162.45
2023-02-28 06:00:00,177.91
2023-02-28 07:00:00,194.77
2023-02-28 08:00:00,194.8
2023-02-28 09:00:00,173.1
2023-02-28 10:00:00,161.21
2023-02-28 11:00:00,149.49
2023-02-28 12:00:00,147.53
2023-02-28 13:00:00,152.92
2023-02-28 14:00:00,150.01
2023-02-28 15:00:00,150.28
2023-02-28 16:00:00,173.13
2023-02-28 17:00:00,193.87
2023-02-28 18:00:00,195.8
2023-02-28 19:00:00,176.17
2023-02-28 20:00:00,165.01
2023-02-28 21:00:00,158.41
2023-02-28 22:00:00,152.09
2023-02-28 23:00:00,145.0
2023-03-01 00:00:00,140.0
2023-03-01 01:00:00,139.64
2023-03-01 02:00:00,135.8
2023-03-01 03:00:00,131.0
2023-03-01 04:00:00,140.06
2023-03-01 05:00:00,162.63
2023-03-01 06:00:00,184.74
2023-03-01 07:00:00,186.03
2023-03-01 08:00:00,165.53
2023-03-01 09:00:00,150.94
2023-03-01 10:00:00,140.33
2023-03-01 11:00:00,132.58
2023-03-01 12:00:00,130.47
2023-03-01 13:00:00,130.26
2023-03-01 14:00:00,126.65
2023-03-01 15:00:00,136.93
2023-03-01 16:00:00,159.03
2023-03-01 17:00:00,183.69
2023-03-01 18:00:00,199.95
2023-03-01 19:00:00,170.41
2023-03-01 20:00:00,163.78
2023-03-01 21:00:00,159.97
2023-03-01 22:00:00,152.01
2023-03-01 23:00:00,145.69
2023-03-02 00:00:00,142.49
2023-03-02 01:00:00,141.8
2023-03-02 02:00:00,140.0
2023-03-02 03:00:00,140.0
2023-03-02 04:00:00,144.52
2023-03-02 05:00:00,165.52
2023-03-02 06:00:00,186.41
2023-03-02 07:00:00,223.92
2023-03-02 08:00:00,207.05
2023-03-02 09:00:00,190.67
2023-03-02 10:00:00,164.99
2023-03-02 11:00:00,148.41
2023-03-02 12:00:00,145.13
2023-03-02 13:00:00,154.56
2023-03-02 14:00:00,148.01
2023-03-02 15:00:00,146.09
2023-03-02 16:00:00,166.92
2023-03-02 17:00:00,188.37
2023-03-02 18:00:00,229.28
2023-03-02 19:00:00,185.0
2023-03-02 20:00:00,166.82
2023-03-02 21:00:00,160.0
2023-03-02 22:00:00,153.69
2023-03-02 23:00:00,147.56
2023-03-03 00:00:00,145.79
2023-03-03 01:00:00,143.54
2023-03-03 02:00:00,143.11
2023-03-03 03:00:00,143.62
2023-03-03 04:00:00,146.37
2023-03-03 05:00:00,162.19
2023-03-03 06:00:00,187.03
2023-03-03 07:00:00,220.0
2023-03-03 08:00:00,200.74
2023-03-03 09:00:00,191.04
2023-03-03 10:00:00,158.04
2023-03-03 11:00:00,146.37
2023-03-03 12:00:00,143.47
2023-03-03 13:00:00,145.1
2023-03-03 14:00:00,145.64
2023-03-03 15:00:00,142.41
2023-03-03 16:00:00,156.59
2023-03-03 17:00:00,165.0
2023-03-03 18:00:00,191.14
2023-03-03 19:00:00,186.85
2023-03-03 20:00:00,163.0
2023-03-03 21:00:00,158.02
2023-03-03 22:00:00,155.76
2023-03-03 23:00:00,142.24
2023-03-04 00:00:00,137.33
2023-03-04 01:00:00,142.1
2023-03-04 02:00:00,137.52
2023-03-04 03:00:00,136.4
2023-03-04 04:00:00,136.0
2023-03-04 05:00:00,134.99
2023-03-04 06:00:00,145.39
2023-03-04 07:00:00,150.0
2023-03-04 08:00:00,151.99
2023-03-04 09:00:00,144.4
2023-03-04 10:00:00,134.48
2023-03-04 11:00:00,124.42
2023-03-04 12:00:00,115.0
2023-03-04 13:00:00,111.9
2023-03-04 14:00:00,117.3
2023-03-04 15:00:00,123.01
2023-03-04 16:00:00,140.0
2023-03-04 17:00:00,163.1
2023-03-04 18:00:00,195.83
2023-03-04 19:00:00,173.2
2023-03-04 20:00:00,160.61
2023-03-04 21:00:00,149.7
2023-03-04 22:00:00,147.0
2023-03-04 23:00:00,144.09
2023-03-05 00:00:00,142.0
2023-03-05 01:00:00,147.73
2023-03-05 02:00:00,142.47
2023-03-05 03:00:00,142.49
2023-03-05 04:00:00,143.03
2023-03-05 05:00:00,143.0
2023-03-05 06:00:00,141.14
2023-03-05 07:00:00,135.54
2023-03-05 08:00:00,137.26
2023-03-05 09:00:00,133.43
2023-03-05 10:00:00,132.89
2023-03-05 11:00:00,130.0
2023-03-05 12:00:00,126.15
2023-03-05 13:00:00,123.26
2023-03-05 14:00:00,131.93
2023-03-05 15:00:00,137.75
2023-03-05 16:00:00,145.14
2023-03-05 17:00:00,170.01
2023-03-05 18:00:00,194.77
2023-03-05 19:00:00,184.02
2023-03-05 20:00:00,167.64
2023-03-05 21:00:00,155.42
2023-03-05 22:00:00,154.66
2023-03-05 23:00:00,149.0
2023-03-06 00:00:00,149.76
2023-03-06 01:00:00,144.76
2023-03-06 02:00:00,135.97
2023-03-06 03:00:00,134.0
2023-03-06 04:00:00,138.7
2023-03-06 05:00:00,159.8
2023-03-06 06:00:00,185.0
2023-03-06 07:00:00,217.09
2023-03-06 08:00:00,201.54
2023-03-06 09:00:00,170.26
2023-03-06 10:00:00,160.84
2023-03-06 11:00:00,149.67
2023-03-06 12:00:00,144.76
2023-03-06 13:00:00,142.77
2023-03-06 14:00:00,144.38
2023-03-06 15:00:00,150.0
2023-03-06 16:00:00,160.91
2023-03-06 17:00:00,183.89
2023-03-06 18:00:00,201.69
2023-03-06 19:00:00,172.6
2023-03-06 20:00:00,156.5
2023-03-06 21:00:00,147.5
2023-03-06 22:00:00,140.14
2023-03-06 23:00:00,138.1
2023-03-07 00:00:00,133.0
2023-03-07 01:00:00,128.35
2023-03-07 02:00:00,124.29
2023-03-07 03:00:00,124.41
2023-03-07 04:00:00,128.58
2023-03-07 05:00:00,144.16
2023-03-07 06:00:00,180.33
2023-03-07 07:00:00,190.07
2023-03-07 08:00:00,193.19
2023-03-07 09:00:00,178.44
2023-03-07 10:00:00,159.65
2023-03-07 11:00:00,142.78
2023-03-07 12:00:00,140.92
2023-03-07 13:00:00,147.19
2023-03-07 14:00:00,143.33
2023-03-07 15:00:00,132.53
2023-03-07 16:00:00,148.46
2023-03-07 17:00:00,167.43
2023-03-07 18:00:00,232.47
2023-03-07 19:00:00,162.03
2023-03-07 20:00:00,145.78
2023-03-07 21:00:00,139.82
2023-03-07 22:00:00,132.5
2023-03-07 23:00:00,123.82
2023-03-08 00:00:00,120.45
2023-03-08 01:00:00,119.8
2023-03-08 02:00:00,111.0
2023-03-08 03:00:00,111.0
2023-03-08 04:00:00,118.23
2023-03-08 05:00:00,140.68
2023-03-08 06:00:00,158.53
2023-03-08 07:00:00,173.1
2023-03-08 08:00:00,162.98
2023-03-08 09:00:00,152.9
2023-03-08 10:00:00,144.22
2023-03-08 11:00:00,137.25
2023-03-08 12:00:00,135.93
2023-03-08 13:00:00,137.2
2023-03-08 14:00:00,140.94
2023-03-08 15:00:00,144.42
2023-03-08 16:00:00,153.0
2023-03-08 17:00:00,166.89
2023-03-08 18:00:00,170.02
2023-03-08 19:00:00,153.77
2023-03-08 20:00:00,135.02
2023-03-08 21:00:00,129.11
2023-03-08 22:00:00,119.0
2023-03-08 23:00:00,113.66
2023-03-09 00:00:00,111.39
2023-03-09 01:00:00,111.02
2023-03-09 02:00:00,109.38
2023-03-09 03:00:00,111.22
2023-03-09 04:00:00,113.02
2023-03-09 05:00:00,137.4
2023-03-09 06:00:00,150.19
2023-03-09 07:00:00,159.16
2023-03-09 08:00:00,150.8
2023-03-09 09:00:00,142.02
2023-03-09 10:00:00,131.49
2023-03-09 11:00:00,121.74
2023-03-09 12:00:00,116.21
2023-03-09 13:00:00,115.87
2023-03-09 14:00:00,117.3
2023-03-09 15:00:00,119.11
2023-03-09 16:00:00,134.7
2023-03-09 17:00:00,147.58
2023-03-09 18:00:00,145.45
2023-03-09 19:00:00,135.1
2023-03-09 20:00:00,125.43
2023-03-09 21:00:00,123.82
2023-03-09 22:00:00,109.7
2023-03-09 23:00:00,102.89
2023-03-10 00:00:00,100.68
2023-03-10 01:00:00,99.06
2023-03-10 02:00:00,98.84
2023-03-10 03:00:00,99.09
2023-03-10 04:00:00,105.0
2023-03-10 05:00:00,119.81
2023-03-10 06:00:00,136.97
2023-03-10 07:00:00,140.91
2023-03-10 08:00:00,136.61
2023-03-10 09:00:00,131.89
2023-03-10 10:00:00,125.1
2023-03-10 11:00:00,116.34
2023-03-10 12:00:00,112.64
2023-03-10 13:00:00,114.95
2023-03-10 14:00:00,113.29
2023-03-10 15:00:00,111.04
2023-03-10 16:00:00,130.15
2023-03-10 17:00:00,136.41
2023-03-10 18:00:00,137.61
2023-03-10 19:00:00,125.57
2023-03-10 20:00:00,122.26
2023-03-10 21:00:00,129.5
2023-03-10 22:00:00,129.5
2023-03-10 23:00:00,131.86
2023-03-11 00:00:00,127.4
2023-03-11 01:00:00,126.07
2023-03-11 02:00:00,100.7
2023-03-11 03:00:00,110.0
2023-03-11 04:00:00,114.64
2023-03-11 05:00:00,130.03
2023-03-11 06:00:00,130.94
2023-03-11 07:00:00,137.0
2023-03-11 08:00:00,133.6
2023-03-11 09:00:00,128.5
2023-03-11 10:00:00,111.9
2023-03-11 11:00:00,105.13
2023-03-11 12:00:00,88.22
2023-03-11 13:00:00,110.0
2023-03-11 14:00:00,94.12
2023-03-11 15:00:00,105.95
2023-03-11 16:00:00,130.09
2023-03-11 17:00:00,145.4
2023-03-11 18:00:00,159.24
2023-03-11 19:00:00,131.68
2023-03-11 20:00:00,119.96
2023-03-11 21:00:00,131.8
2023-03-11 22:00:00,130.17
2023-03-11 23:00:00,121.67
2023-03-12 00:00:00,101.78
2023-03-12 01:00:00,101.73
2023-03-12 02:00:00,91.05
2023-03-12 03:00:00,92.48
2023-03-12 04:00:00,92.66
2023-03-12 05:00:00,91.41
2023-03-12 06:00:00,89.64
2023-03-12 07:00:00,90.38
2023-03-12 08:00:00,93.8
2023-03-12 09:00:00,91.68
2023-03-12 10:00:00,87.51
2023-03-12 11:00:00,79.36
2023-03-12 12:00:00,68.83
2023-03-12 13:00:00,70.0
2023-03-12 14:00:00,74.9
2023-03-12 15:00:00,85.05
2023-03-12 16:00:00,100.79
2023-03-12 17:00:00,120.31
2023-03-12 18:00:00,141.04
2023-03-12 19:00:00,129.97
2023-03-12 20:00:00,105.06
2023-03-12 21:00:00,94.98
2023-03-12 22:00:00,82.2
2023-03-12 23:00:00,47.72
2023-03-13 00:00:00,38.1
2023-03-13 01:00:00,33.6
2023-03-13 02:00:00,18.64
2023-03-13 03:00:00,12.95
2023-03-13 04:00:00,27.03
2023-03-13 05:00:00,53.36
2023-03-13 06:00:00,91.72
2023-03-13 07:00:00,95.11
2023-03-13 08:00:00,59.09
2023-03-13 09:00:00,42.65
2023-03-13 10:00:00,29.59
2023-03-13 11:00:00,9.63
2023-03-13 12:00:00,8.35
2023-03-13 13:00:00,9.31
2023-03-13 14:00:00,10.08
2023-03-13 15:00:00,13.5
2023-03-13 16:00:00,58.42
2023-03-13 17:00:00,94.2
2023-03-13 18:00:00,102.16
2023-03-13 19:00:00,84.95
2023-03-13 20:00:00,57.92
2023-03-13 21:00:00,35.45
2023-03-13 22:00:00,23.32
2023-03-13 23:00:00,9.57
2023-03-14 00:00:00,4.55
2023-03-14 01:00:00,4.16
2023-03-14 02:00:00,2.36
2023-03-14 03:00:00,4.16
2023-03-14 04:00:00,12.85
2023-03-14 05:00:00,50.17
2023-03-14 06:00:00,94.36
2023-03-14 07:00:00,100.11
2023-03-14 08:00:00,90.38
2023-03-14 09:00:00,75.92
2023-03-14 10:00:00,60.98
2023-03-14 11:00:00,48.06
2023-03-14 12:00:00,56.44
2023-03-14 13:00:00,66.39
2023-03-14 14:00:00,62.88
2023-03-14 15:00:00,83.29
2023-03-14 16:00:00,130.03
2023-03-14 17:00:00,152.51
2023-03-14 18:00:00,200.41
2023-03-14 19:00:00,179.84
2023-03-14 20:00:00,157.77
2023-03-14 21:00:00,152.34
2023-03-14 22:00:00,143.96
2023-03-14 23:00:00,133.86
2023-03-15 00:00:00,124.69
2023-03-15 01:00:00,122.65
2023-03-15 02:00:00,120.51
2023-03-15 03:00:00,120.67
2023-03-15 04:00:00,131.81
2023-03-15 05:00:00,144.52
2023-03-15 06:00:00,173.02
2023-03-15 07:00:00,185.31
2023-03-15 08:00:00,166.39
2023-03-15 09:00:00,155.34
2023-03-15 10:00:00,144.63
2023-03-15 11:00:00,137.74
2023-03-15 12:00:00,122.05
2023-03-15 13:00:00,118.78
2023-03-15 14:00:00,119.69
2023-03-15 15:00:00,132.52
2023-03-15 16:00:00,150.8
2023-03-15 17:00:00,182.3
2023-03-15 18:00:00,199.72
2023-03-15 19:00:00,175.25
2023-03-15 20:00:00,147.36
2023-03-15 21:00:00,139.35
2023-03-15 22:00:00,127.63
2023-03-15 23:00:00,117.39
2023-03-16 00:00:00,107.59
2023-03-16 01:00:00,103.8
2023-03-16 02:00:00,100.0
2023-03-16 03:00:00,98.07
2023-03-16 04:00:00,103.82
2023-03-16 05:00:00,129.57
2023-03-16 06:00:00,142.35
2023-03-16 07:00:00,138.03
2023-03-16 08:00:00,117.12
2023-03-16 09:00:00,103.2
2023-03-16 10:00:00,91.54
2023-03-16 11:00:00,85.57
2023-03-16 12:00:00,78.93
2023-03-16 13:00:00,81.11
2023-03-16 14:00:00,85.53
2023-03-16 15:00:00,96.35
2023-03-16 16:00:00,120.15
2023-03-16 17:00:00,132.7
2023-03-16 18:00:00,130.89
2023-03-16 19:00:00,117.14
2023-03-16 20:00:00,102.49
2023-03-16 21:00:00,102.47
2023-03-16 22:00:00,89.01
2023-03-16 23:00:00,79.66
2023-03-17 00:00:00,74.57
2023-03-17 01:00:00,71.69
2023-03-17 02:00:00,65.17
2023-03-17 03:00:00,66.78
2023-03-17 04:00:00,81.59
2023-03-17 05:00:00,111.3
2023-03-17 06:00:00,126.28
2023-03-17 07:00:00,117.7
2023-03-17 08:00:00,111.15
2023-03-17 09:00:00,110.25
2023-03-17 10:00:00,93.52
2023-03-17 11:00:00,78.69
2023-03-17 12:00:00,80.38
2023-03-17 13:00:00,89.51
2023-03-17 14:00:00,99.03
2023-03-17 15:00:00,109.54
2023-03-17 16:00:00,126.89
2023-03-17 17:00:00,136.11
2023-03-17 18:00:00,141.63
2023-03-17 19:00:00,130.3
2023-03-17 20:00:00,115.0
2023-03-17 21:00:00,110.35
2023-03-17 22:00:00,109.5
2023-03-17 23:00:00,111.4
2023-03-18 00:00:00,105.87
2023-03-18 01:00:00,97.99
2023-03-18 02:00:00,95.0
2023-03-18 03:00:00,96.18
2023-03-18 04:00:00,99.8
2023-03-18 05:00:00,103.5
2023-03-18 06:00:00,105.43
2023-03-18 07:00:00,100.64
2023-03-18 08:00:00,102.55
2023-03-18 09:00:00,96.92
2023-03-18 10:00:00,91.1
2023-03-18 11:00:00,84.06
2023-03-18 12:00:00,80.42
2023-03-18 13:00:00,87.52
2023-03-18 14:00:00,92.08
2023-03-18 15:00:00,104.43
2023-03-18 16:00:00,130.74
2023-03-18 17:00:00,156.95
2023-03-18 18:00:00,169.54
2023-03-18 19:00:00,144.15
2023-03-18 20:00:00,132.92
2023-03-18 21:00:00,129.95
2023-03-18 22:00:00,118.46
2023-03-18 23:00:00,110.03
2023-03-19 00:00:00,106.0
2023-03-19 01:00:00,99.6
2023-03-19 02:00:00,99.18
2023-03-19 03:00:00,98.74
2023-03-19 04:00:00,103.36
2023-03-19 05:00:00,100.0
2023-03-19 06:00:00,102.45
2023-03-19 07:00:00,101.44
2023-03-19 08:00:00,102.26
2023-03-19 09:00:00,100.25
2023-03-19 10:00:00,99.06
2023-03-19 11:00:00,97.33
2023-03-19 12:00:00,94.04
2023-03-19 13:00:00,95.01
2023-03-19 14:00:00,98.67
2023-03-19 15:00:00,106.09
2023-03-19 16:00:00,125.21
2023-03-19 17:00:00,145.0
2023-03-19 18:00:00,152.91
2023-03-19 19:00:00,144.71
2023-03-19 20:00:00,135.27
2023-03-19 21:00:00,132.9
2023-03-19 22:00:00,130.0
2023-03-19 23:00:00,124.0
2023-03-20 00:00:00,114.94
2023-03-20 01:00:00,113.06
2023-03-20 02:00:00,110.18
2023-03-20 03:00:00,110.25
2023-03-20 04:00:00,116.4
2023-03-20 05:00:00,135.77
2023-03-20 06:00:00,148.43
2023-03-20 07:00:00,148.51
2023-03-20 08:00:00,137.56
2023-03-20 09:00:00,122.75
2023-03-20 10:00:00,115.79
2023-03-20 11:00:00,104.65
2023-03-20 12:00:00,100.1
2023-03-20 13:00:00,101.93
2023-03-20 14:00:00,104.94
2023-03-20 15:00:00,114.06
2023-03-20 16:00:00,133.32
2023-03-20 17:00:00,151.0
2023-03-20 18:00:00,165.47
2023-03-20 19:00:00,152.36
2023-03-20 20:00:00,135.49
2023-03-20 21:00:00,127.5
2023-03-20 22:00:00,117.04
2023-03-20 23:00:00,120.79
2023-03-21 00:00:00,112.28
2023-03-21 01:00:00,111.56
2023-03-21 02:00:00,108.65
2023-03-21 03:00:00,110.0
2023-03-21 04:00:00,118.21
2023-03-21 05:00:00,130.09
2023-03-21 06:00:00,145.66
2023-03-21 07:00:00,143.66
2023-03-21 08:00:00,128.71
2023-03-21 09:00:00,115.11
2023-03-21 10:00:00,107.04
2023-03-21 11:00:00,102.45
2023-03-21 12:00:00,100.09
2023-03-21 13:00:00,99.1
2023-03-21 14:00:00,99.0
2023-03-21 15:00:00,102.46
2023-03-21 16:00:00,114.07
2023-03-21 17:00:00,132.93
2023-03-21 18:00:00,143.9
2023-03-21 19:00:00,137.33
2023-03-21 20:00:00,109.73
2023-03-21 21:00:00,108.45
2023-03-21 22:00:00,95.46
2023-03-21 23:00:00,79.93
2023-03-22 00:00:00,76.24
2023-03-22 01:00:00,75.79
2023-03-22 02:00:00,71.79
2023-03-22 03:00:00,69.97
2023-03-22 04:00:00,77.65
2023-03-22 05:00:00,94.36
2023-03-22 06:00:00,110.07
2023-03-22 07:00:00,114.0
2023-03-22 08:00:00,98.14
2023-03-22 09:00:00,72.28
2023-03-22 10:00:00,69.01
2023-03-22 11:00:00,60.69
2023-03-22 12:00:00,59.1
2023-03-22 13:00:00,66.8
2023-03-22 14:00:00,70.8
2023-03-22 15:00:00,83.08
2023-03-22 16:00:00,102.46
2023-03-22 17:00:00,120.78
2023-03-22 18:00:00,140.0
2023-03-22 19:00:00,125.98
2023-03-22 20:00:00,109.08
2023-03-22 21:00:00,101.74
2023-03-22 22:00:00,86.93
2023-03-22 23:00:00,71.72
2023-03-23 00:00:00,69.9
2023-03-23 01:00:00,60.46
2023-03-23 02:00:00,52.51
2023-03-23 03:00:00,58.06
2023-03-23 04:00:00,61.76
2023-03-23 05:00:00,87.7
2023-03-23 06:00:00,112.45
2023-03-23 07:00:00,109.2
2023-03-23 08:00:00,87.94
2023-03-23 09:00:00,59.1
2023-03-23 10:00:00,47.07
2023-03-23 11:00:00,42.16
2023-03-23 12:00:00,42.06
2023-03-23 13:00:00,54.61
2023-03-23 14:00:00,58.27
2023-03-23 15:00:00,91.1
2023-03-23 16:00:00,119.47
2023-03-23 17:00:00,137.05
2023-03-23 18:00:00,144.43
2023-03-23 19:00:00,122.61
2023-03-23 20:00:00,94.65
2023-03-23 21:00:00,90.78
2023-03-23 22:00:00,78.95
2023-03-23 23:00:00,56.74
2023-03-24 00:00:00,46.15
2023-03-24 01:00:00,43.43
2023-03-24 02:00:00,42.67
2023-03-24 03:00:00,38.87
2023-03-24 04:00:00,44.41
2023-03-24 05:00:00,66.28
2023-03-24 06:00:00,84.29
2023-03-24 07:00:00,82.9
2023-03-24 08:00:00,63.57
2023-03-24 09:00:00,44.8
2023-03-24 10:00:00,32.26
2023-03-24 11:00:00,29.28
2023-03-24 12:00:00,20.54
2023-03-24 13:00:00,12.26
2023-03-24 14:00:00,11.22
2023-03-24 15:00:00,29.59
2023-03-24 16:00:00,78.55
2023-03-24 17:00:00,100.8
2023-03-24 18:00:00,116.23
2023-03-24 19:00:00,97.36
2023-03-24 20:00:00,82.58
2023-03-24 21:00:00,76.2
2023-03-24 22:00:00,64.9
2023-03-24 23:00:00,35.58
2023-03-25 00:00:00,17.32
2023-03-25 01:00:00,7.33
2023-03-25 02:00:00,1.32
2023-03-25 03:00:00,3.54
2023-03-25 04:00:00,5.04
2023-03-25 05:00:00,12.32
2023-03-25 06:00:00,32.53
2023-03-25 07:00:00,25.43
2023-03-25 08:00:00,15.75
2023-03-25 09:00:00,9.07
2023-03-25 10:00:00,0.04
2023-03-25 11:00:00,-0.02
2023-03-25 12:00:00,-0.03
2023-03-25 13:00:00,-0.02
2023-03-25 14:00:00,-0.01
2023-03-25 15:00:00,1.79
2023-03-25 16:00:00,30.36
2023-03-25 17:00:00,65.69
2023-03-25 18:00:00,84.37
2023-03-25 19:00:00,77.0
2023-03-25 20:00:00,69.01
2023-03-25 21:00:00,66.7
2023-03-25 22:00:00,67.31
2023-03-25 23:00:00,63.84
2023-03-26 00:00:00,63.84
2023-03-26 01:00:00,55.86
2023-03-26 02:00:00,52.55
2023-03-26 03:00:00,49.63
2023-03-26 04:00:00,63.49
2023-03-26 05:00:00,73.09
2023-03-26 06:00:00,71.55
2023-03-26 07:00:00,79.86
2023-03-26 08:00:00,79.51
2023-03-26 09:00:00,67.31
2023-03-26 10:00:00,40.0
2023-03-26 11:00:00,43.77
2023-03-26 12:00:00,50.62
2023-03-26 13:00:00,46.06
2023-03-26 14:00:00,48.35
2023-03-26 15:00:00,77.09
2023-03-26 16:00:00,106.65
2023-03-26 17:00:00,117.86
2023-03-26 18:00:00,112.59
2023-03-26 19:00:00,104.63
2023-03-26 20:00:00,99.42
2023-03-26 21:00:00,94.64
2023-03-26 22:00:00,96.0
2023-03-26 23:00:00,94.15
2023-03-27 00:00:00,87.48
2023-03-27 01:00:00,83.99
2023-03-27 02:00:00,84.9
2023-03-27 03:00:00,97.18
2023-03-27 04:00:00,115.0
2023-03-27 05:00:00,142.99
2023-03-27 06:00:00,153.77
2023-03-27 07:00:00,149.88
2023-03-27 08:00:00,131.77
2023-03-27 09:00:00,110.03
2023-03-27 10:00:00,122.93
2023-03-27 11:00:00,100.06
2023-03-27 12:00:00,80.51
2023-03-27 13:00:00,98.38
2023-03-27 14:00:00,87.0
2023-03-27 15:00:00,96.07
2023-03-27 16:00:00,125.91
2023-03-27 17:00:00,164.79
2023-03-27 18:00:00,187.6
2023-03-27 19:00:00,163.68
2023-03-27 20:00:00,142.46
2023-03-27 21:00:00,132.05
2023-03-27 22:00:00,131.77
2023-03-27 23:00:00,120.0
2023-03-28 00:00:00,114.8
2023-03-28 01:00:00,110.93
2023-03-28 02:00:00,105.16
2023-03-28 03:00:00,114.48
2023-03-28 04:00:00,130.0
2023-03-28 05:00:00,160.0
2023-03-28 06:00:00,175.08
2023-03-28 07:00:00,145.42
2023-03-28 08:00:00,132.57
2023-03-28 09:00:00,120.08
2023-03-28 10:00:00,103.57
2023-03-28 11:00:00,96.95
2023-03-28 12:00:00,92.9
2023-03-28 13:00:00,94.26
2023-03-28 14:00:00,95.96
2023-03-28 15:00:00,108.59
2023-03-28 16:00:00,136.87
2023-03-28 17:00:00,160.98
2023-03-28 18:00:00,160.0
2023-03-28 19:00:00,133.01
2023-03-28 20:00:00,127.3
2023-03-28 21:00:00,113.54
2023-03-28 22:00:00,98.53
2023-03-28 23:00:00,95.19
2023-03-29 00:00:00,98.67
2023-03-29 01:00:00,99.44
2023-03-29 02:00:00,98.34
2023-03-29 03:00:00,99.2
2023-03-29 04:00:00,117.04
2023-03-29 05:00:00,144.13
2023-03-29 06:00:00,152.0
2023-03-29 07:00:00,144.17
2023-03-29 08:00:00,130.08
2023-03-29 09:00:00,119.0
2023-03-29 10:00:00,110.99
2023-03-29 11:00:00,105.6
2023-03-29 12:00:00,101.55
2023-03-29 13:00:00,104.94
2023-03-29 14:00:00,104.57
2023-03-29 15:00:00,111.41
2023-03-29 16:00:00,125.89
2023-03-29 17:00:00,150.01
2023-03-29 18:00:00,132.92
2023-03-29 19:00:00,114.92
2023-03-29 20:00:00,109.9
2023-03-29 21:00:00,94.8
2023-03-29 22:00:00,89.71
2023-03-29 23:00:00,82.9
2023-03-30 00:00:00,81.05
2023-03-30 01:00:00,78.77
2023-03-30 02:00:00,78.46
2023-03-30 03:00:00,77.15
2023-03-30 04:00:00,91.43
2023-03-30 05:00:00,121.2
2023-03-30 06:00:00,129.3
2023-03-30 07:00:00,110.0
2023-03-30 08:00:00,90.66
2023-03-30 09:00:00,80.35
2023-03-30 10:00:00,65.27
2023-03-30 11:00:00,28.5
2023-03-30 12:00:00,9.53
2023-03-30 13:00:00,17.77
2023-03-30 14:00:00,39.62
2023-03-30 15:00:00,76.26
2023-03-30 16:00:00,99.71
2023-03-30 17:00:00,121.36
2023-03-30 18:00:00,120.55
2023-03-30 19:00:00,103.28
2023-03-30 20:00:00,100.77
2023-03-30 21:00:00,90.76
2023-03-30 22:00:00,65.13
2023-03-30 23:00:00,64.9
2023-03-31 00:00:00,57.1
2023-03-31 01:00:00,48.62
2023-03-31 02:00:00,35.51
2023-03-31 03:00:00,42.79
2023-03-31 04:00:00,95.81
2023-03-31 05:00:00,113.02
2023-03-31 06:00:00,112.55
2023-03-31 07:00:00,99.92
2023-03-31 08:00:00,89.98
2023-03-31 09:00:00,95.11
2023-03-31 10:00:00,59.02
2023-03-31 11:00:00,32.97
2023-03-31 12:00:00,56.0
2023-03-31 13:00:00,44.28
2023-03-31 14:00:00,7.68
2023-03-31 15:00:00,75.65
2023-03-31 16:00:00,97.6
2023-03-31 17:00:00,108.85
2023-03-31 18:00:00,111.74
2023-03-31 19:00:00,98.83
2023-03-31 20:00:00,86.73
2023-03-31 21:00:00,80.0
2023-03-31 22:00:00,82.19
2023-03-31 23:00:00,63.9
2023-04-01 00:00:00,53.84
2023-04-01 01:00:00,42.5
2023-04-01 02:00:00,39.45
2023-04-01 03:00:00,38.32
2023-04-01 04:00:00,42.5
2023-04-01 05:00:00,54.67
2023-04-01 06:00:00,63.78
2023-04-01 07:00:00,63.23
2023-04-01 08:00:00,52.86
2023-04-01 09:00:00,52.24
2023-04-01 10:00:00,43.39
2023-04-01 11:00:00,41.59
2023-04-01 12:00:00,35.41
2023-04-01 13:00:00,37.18
2023-04-01 14:00:00,42.95
2023-04-01 15:00:00,57.69
2023-04-01 16:00:00,90.58
2023-04-01 17:00:00,94.67
2023-04-01 18:00:00,97.03
2023-04-01 19:00:00,82.58
2023-04-01 20:00:00,81.09
2023-04-01 21:00:00,68.02
2023-04-01 22:00:00,74.42
2023-04-01 23:00:00,64.8
2023-04-02 00:00:00,58.51
2023-04-02 01:00:00,60.46
2023-04-02 02:00:00,58.51
2023-04-02 03:00:00,60.46
2023-04-02 04:00:00,58.72
2023-04-02 05:00:00,70.08
2023-04-02 06:00:00,75.55
2023-04-02 07:00:00,66.09
2023-04-02 08:00:00,54.95
2023-04-02 09:00:00,60.52
2023-04-02 10:00:00,74.08
2023-04-02 11:00:00,31.83
2023-04-02 12:00:00,17.52
2023-04-02 13:00:00,22.24
2023-04-02 14:00:00,31.13
2023-04-02 15:00:00,41.74
2023-04-02 16:00:00,100.41
2023-04-02 17:00:00,130.0
2023-04-02 18:00:00,132.81
2023-04-02 19:00:00,124.65
2023-04-02 20:00:00,121.61
2023-04-02 21:00:00,110.02
2023-04-02 22:00:00,120.98
2023-04-02 23:00:00,117.01
2023-04-03 00:00:00,119.6
2023-04-03 01:00:00,113.03
2023-04-03 02:00:00,100.43
2023-04-03 03:00:00,110.07
2023-04-03 04:00:00,140.07
2023-04-03 05:00:00,170.58
2023-04-03 06:00:00,195.0
2023-04-03 07:00:00,155.64
2023-04-03 08:00:00,138.77
2023-04-03 09:00:00,115.68
2023-04-03 10:00:00,87.65
2023-04-03 11:00:00,91.88
2023-04-03 12:00:00,71.56
2023-04-03 13:00:00,78.91
2023-04-03 14:00:00,82.0
2023-04-03 15:00:00,100.35
2023-04-03 16:00:00,133.77
2023-04-03 17:00:00,158.11
2023-04-03 18:00:00,165.33
2023-04-03 19:00:00,151.85
2023-04-03 20:00:00,131.95
2023-04-03 21:00:00,113.12
2023-04-03 22:00:00,110.85
2023-04-03 23:00:00,110.33
2023-04-04 00:00:00,117.86
2023-04-04 01:00:00,115.57
2023-04-04 02:00:00,116.38
2023-04-04 03:00:00,121.91
2023-04-04 04:00:00,145.35
2023-04-04 05:00:00,180.94
2023-04-04 06:00:00,201.67
2023-04-04 07:00:00,173.37
2023-04-04 08:00:00,131.56
2023-04-04 09:00:00,112.02
2023-04-04 10:00:00,113.66
2023-04-04 11:00:00,108.99
2023-04-04 12:00:00,107.31
2023-04-04 13:00:00,108.71
2023-04-04 14:00:00,112.73
2023-04-04 15:00:00,122.0
2023-04-04 16:00:00,147.1
2023-04-04 17:00:00,180.0
2023-04-04 18:00:00,177.32
2023-04-04 19:00:00,156.1
2023-04-04 20:00:00,141.4
2023-04-04 21:00:00,129.76
2023-04-04 22:00:00,126.73
2023-04-04 23:00:00,117.56
2023-04-05 00:00:00,119.25
2023-04-05 01:00:00,117.92
2023-04-05 02:00:00,124.11
2023-04-05 03:00:00,133.56
2023-04-05 04:00:00,166.09
2023-04-05 05:00:00,208.16
2023-04-05 06:00:00,190.5
2023-04-05 07:00:00,153.74
2023-04-05 08:00:00,134.44
2023-04-05 09:00:00,122.24
2023-04-05 10:00:00,113.16
2023-04-05 11:00:00,113.1
2023-04-05 12:00:00,113.23
2023-04-05 13:00:00,112.96
2023-04-05 14:00:00,116.45
2023-04-05 15:00:00,135.53
2023-04-05 16:00:00,156.48
2023-04-05 17:00:00,199.56
2023-04-05 18:00:00,191.58
2023-04-05 19:00:00,164.98
2023-04-05 20:00:00,151.39
2023-04-05 21:00:00,139.13
2023-04-05 22:00:00,135.54
2023-04-05 23:00:00,124.12
2023-04-06 00:00:00,120.0
2023-04-06 01:00:00,115.33
2023-04-06 02:00:00,114.85
2023-04-06 03:00:00,124.91
2023-04-06 04:00:00,142.51
2023-04-06 05:00:00,161.63
2023-04-06 06:00:00,163.08
2023-04-06 07:00:00,150.91
2023-04-06 08:00:00,140.71
2023-04-06 09:00:00,137.1
2023-04-06 10:00:00,117.41
2023-04-06 11:00:00,107.42
2023-04-06 12:00:00,108.85
2023-04-06 13:00:00,108.87
2023-04-06 14:00:00,109.87
2023-04-06 15:00:00,121.41
2023-04-06 16:00:00,140.0
2023-04-06 17:00:00,150.1
2023-04-06 18:00:00,144.9
2023-04-06 19:00:00,138.99
2023-04-06 20:00:00,127.45
2023-04-06 21:00:00,122.88
2023-04-06 22:00:00,116.61
2023-04-06 23:00:00,110.43
2023-04-07 00:00:00,113.79
2023-04-07 01:00:00,115.33
2023-04-07 02:00:00,112.02
2023-04-07 03:00:00,111.23
2023-04-07 04:00:00,132.87
2023-04-07 05:00:00,141.45
2023-04-07 06:00:00,143.03
2023-04-07 07:00:00,143.32
2023-04-07 08:00:00,124.5
2023-04-07 09:00:00,116.74
2023-04-07 10:00:00,105.48
2023-04-07 11:00:00,100.72
2023-04-07 12:00:00,102.26
2023-04-07 13:00:00,100.22
2023-04-07 14:00:00,106.42
2023-04-07 15:00:00,114.0
2023-04-07 16:00:00,128.16
2023-04-07 17:00:00,143.17
2023-04-07 18:00:00,150.11
2023-04-07 19:00:00,143.35
2023-04-07 20:00:00,139.5
2023-04-07 21:00:00,135.96
2023-04-07 22:00:00,126.24
2023-04-07 23:00:00,115.07
2023-04-08 00:00:00,115.33
2023-04-08 01:00:00,110.75
2023-04-08 02:00:00,110.78
2023-04-08 03:00:00,112.16
2023-04-08 04:00:00,116.14
2023-04-08 05:00:00,129.35
2023-04-08 06:00:00,135.01
2023-04-08 07:00:00,132.1
2023-04-08 08:00:00,114.41
2023-04-08 09:00:00,106.78
2023-04-08 10:00:00,98.45
2023-04-08 11:00:00,93.42
2023-04-08 12:00:00,88.92
2023-04-08 13:00:00,92.16
2023-04-08 14:00:00,97.9
2023-04-08 15:00:00,106.4
2023-04-08 16:00:00,121.23
2023-04-08 17:00:00,136.15
2023-04-08 18:00:00,140.21
2023-04-08 19:00:00,137.31
2023-04-08 20:00:00,134.9
2023-04-08 21:00:00,126.98
2023-04-08 22:00:00,127.99
2023-04-08 23:00:00,117.86
2023-04-09 00:00:00,119.83
2023-04-09 01:00:00,117.99
2023-04-09 02:00:00,118.24
2023-04-09 03:00:00,117.86
2023-04-09 04:00:00,120.0
2023-04-09 05:00:00,118.9
2023-04-09 06:00:00,122.98
2023-04-09 07:00:00,112.21
2023-04-09 08:00:00,100.0
2023-04-09 09:00:00,87.0
2023-04-09 10:00:00,81.96
2023-04-09 11:00:00,60.01
2023-04-09 12:00:00,55.0
2023-04-09 13:00:00,56.0
2023-04-09 14:00:00,74.0
2023-04-09 15:00:00,86.35
2023-04-09 16:00:00,115.2
2023-04-09 17:00:00,129.97
2023-04-09 18:00:00,133.46
2023-04-09 19:00:00,126.39
2023-04-09 20:00:00,115.0
2023-04-09 21:00:00,106.94
2023-04-09 22:00:00,98.21
2023-04-09 23:00:00,81.85
2023-04-10 00:00:00,78.14
2023-04-10 01:00:00,71.9
2023-04-10 02:00:00,70.0
2023-04-10 03:00:00,72.96
2023-04-10 04:00:00,80.0
2023-04-10 05:00:00,78.14
2023-04-10 06:00:00,70.0
2023-04-10 07:00:00,55.13
2023-04-10 08:00:00,27.75
2023-04-10 09:00:00,20.53
2023-04-10 10:00:00,15.52
2023-04-10 11:00:00,1.5
2023-04-10 12:00:00,-0.01
2023-04-10 13:00:00,-0.03
2023-04-10 14:00:00,0.81
2023-04-10 15:00:00,20.02
2023-04-10 16:00:00,54.41
2023-04-10 17:00:00,80.19
2023-04-10 18:00:00,85.0
2023-04-10 19:00:00,84.4
2023-04-10 20:00:00,89.7
2023-04-10 21:00:00,67.21
2023-04-10 22:00:00,23.58
2023-04-10 23:00:00,1.41
2023-04-11 00:00:00,0.94
2023-04-11 01:00:00,1.09
2023-04-11 02:00:00,6.11
2023-04-11 03:00:00,36.41
2023-04-11 04:00:00,96.96
2023-04-11 05:00:00,130.97
2023-04-11 06:00:00,142.13
2023-04-11 07:00:00,123.35
2023-04-11 08:00:00,118.62
2023-04-11 09:00:00,103.3
2023-04-11 10:00:00,110.65
2023-04-11 11:00:00,105.53
2023-04-11 12:00:00,97.76
2023-04-11 13:00:00,92.82
2023-04-11 14:00:00,55.76
2023-04-11 15:00:00,85.47
2023-04-11 16:00:00,130.8
2023-04-11 17:00:00,162.46
2023-04-11 18:00:00,165.38
2023-04-11 19:00:00,141.39
2023-04-11 20:00:00,130.8
2023-04-11 21:00:00,111.0
2023-04-11 22:00:00,96.8
2023-04-11 23:00:00,82.89
2023-04-12 00:00:00,72.73
2023-04-12 01:00:00,66.47
2023-04-12 02:00:00,67.77
2023-04-12 03:00:00,80.39
2023-04-12 04:00:00,110.02
2023-04-12 05:00:00,127.24
2023-04-12 06:00:00,136.41
2023-04-12 07:00:00,131.99
2023-04-12 08:00:00,120.0
2023-04-12 09:00:00,111.56
2023-04-12 10:00:00,100.8
2023-04-12 11:00:00,97.36
2023-04-12 12:00:00,97.62
2023-04-12 13:00:00,97.07
2023-04-12 14:00:00,100.34
2023-04-12 15:00:00,109.8
2023-04-12 16:00:00,128.45
2023-04-12 17:00:00,138.52
2023-04-12 18:00:00,130.85
2023-04-12 19:00:00,120.75
2023-04-12 20:00:00,109.3
2023-04-12 21:00:00,97.95
2023-04-12 22:00:00,97.23
2023-04-12 23:00:00,85.09
2023-04-13 00:00:00,80.19
2023-04-13 01:00:00,72.86
2023-04-13 02:00:00,72.89
2023-04-13 03:00:00,84.8
2023-04-13 04:00:00,106.89
2023-04-13 05:00:00,128.09
2023-04-13 06:00:00,152.06
2023-04-13 07:00:00,145.78
2023-04-13 08:00:00,109.09
2023-04-13 09:00:00,115.23
2023-04-13 10:00:00,109.21
2023-04-13 11:00:00,104.05
2023-04-13 12:00:00,104.66
2023-04-13 13:00:00,108.3
2023-04-13 14:00:00,102.39
2023-04-13 15:00:00,112.34
2023-04-13 16:00:00,130.91
2023-04-13 17:00:00,169.73
2023-04-13 18:00:00,178.87
2023-04-13 19:00:00,159.95
2023-04-13 20:00:00,139.89
2023-04-13 21:00:00,134.0
2023-04-13 22:00:00,118.09
2023-04-13 23:00:00,112.8
2023-04-14 00:00:00,116.54
2023-04-14 01:00:00,112.8
2023-04-14 02:00:00,113.14
2023-04-14 03:00:00,127.4
2023-04-14 04:00:00,144.74
2023-04-14 05:00:00,171.67
2023-04-14 06:00:00,175.67
2023-04-14 07:00:00,151.62
2023-04-14 08:00:00,140.8
2023-04-14 09:00:00,126.1
2023-04-14 10:00:00,109.77
2023-04-14 11:00:00,105.33
2023-04-14 12:00:00,106.62
2023-04-14 13:00:00,105.97
2023-04-14 14:00:00,104.72
2023-04-14 15:00:00,118.9
2023-04-14 16:00:00,138.16
2023-04-14 17:00:00,151.9
2023-04-14 18:00:00,152.71
2023-04-14 19:00:00,152.09
2023-04-14 20:00:00,135.23
2023-04-14 21:00:00,120.29
2023-04-14 22:00:00,123.9
2023-04-14 23:00:00,112.0
2023-04-15 00:00:00,114.38
2023-04-15 01:00:00,108.0
2023-04-15 02:00:00,105.14
2023-04-15 03:00:00,103.55
2023-04-15 04:00:00,105.56
2023-04-15 05:00:00,104.85
2023-04-15 06:00:00,106.21
2023-04-15 07:00:00,102.24
2023-04-15 08:00:00,100.1
2023-04-15 09:00:00,93.94
2023-04-15 10:00:00,87.84
2023-04-15 11:00:00,84.98
2023-04-15 12:00:00,85.47
2023-04-15 13:00:00,76.43
2023-04-15 14:00:00,82.95
2023-04-15 15:00:00,98.81
2023-04-15 16:00:00,112.66
2023-04-15 17:00:00,132.79
2023-04-15 18:00:00,134.51
2023-04-15 19:00:00,127.8
2023-04-15 20:00:00,127.71
2023-04-15 21:00:00,119.3
2023-04-15 22:00:00,111.55
2023-04-15 23:00:00,103.49
2023-04-16 00:00:00,102.68
2023-04-16 01:00:00,101.09
2023-04-16 02:00:00,102.63
2023-04-16 03:00:00,103.5
2023-04-16 04:00:00,103.5
2023-04-16 05:00:00,103.37
2023-04-16 06:00:00,110.43
2023-04-16 07:00:00,114.68
2023-04-16 08:00:00,111.04
2023-04-16 09:00:00,107.83
2023-04-16 10:00:00,104.05
2023-04-16 11:00:00,98.16
2023-04-16 12:00:00,94.83
2023-04-16 13:00:00,94.37
2023-04-16 14:00:00,96.15
2023-04-16 15:00:00,101.09
2023-04-16 16:00:00,115.21
2023-04-16 17:00:00,132.88
2023-04-16 18:00:00,140.0
2023-04-16 19:00:00,135.0
2023-04-16 20:00:00,129.97
2023-04-16 21:00:00,125.35
2023-04-16 22:00:00,114.75
2023-04-16 23:00:00,111.14
2023-04-17 00:00:00,108.96
2023-04-17 01:00:00,110.14
2023-04-17 02:00:00,110.0
2023-04-17 03:00:00,114.61
2023-04-17 04:00:00,140.68
2023-04-17 05:00:00,178.7
2023-04-17 06:00:00,199.51
2023-04-17 07:00:00,163.14
2023-04-17 08:00:00,137.4
2023-04-17 09:00:00,117.48
2023-04-17 10:00:00,105.18
2023-04-17 11:00:00,104.2
2023-04-17 12:00:00,104.2
2023-04-17 13:00:00,104.2
2023-04-17 14:00:00,96.73
2023-04-17 15:00:00,100.99
2023-04-17 16:00:00,122.33
2023-04-17 17:00:00,143.61
2023-04-17 18:00:00,142.78
2023-04-17 19:00:00,134.25
2023-04-17 20:00:00,122.82
2023-04-17 21:00:00,109.16
2023-04-17 22:00:00,105.31
2023-04-17 23:00:00,102.07
2023-04-18 00:00:00,101.1
2023-04-18 01:00:00,101.29
2023-04-18 02:00:00,100.55
2023-04-18 03:00:00,101.27
2023-04-18 04:00:00,127.0
2023-04-18 05:00:00,140.27
2023-04-18 06:00:00,154.88
2023-04-18 07:00:00,133.99
2023-04-18 08:00:00,106.21
2023-04-18 09:00:00,104.35
2023-04-18 10:00:00,99.01
2023-04-18 11:00:00,88.69
2023-04-18 12:00:00,89.11
2023-04-18 13:00:00,82.28
2023-04-18 14:00:00,83.81
2023-04-18 15:00:00,94.81
2023-04-18 16:00:00,108.21
2023-04-18 17:00:00,130.46
2023-04-18 18:00:00,137.1
2023-04-18 19:00:00,138.62
2023-04-18 20:00:00,128.32
2023-04-18 21:00:00,111.41
2023-04-18 22:00:00,108.72
2023-04-18 23:00:00,97.54
2023-04-19 00:00:00,99.92
2023-04-19 01:00:00,98.95
2023-04-19 02:00:00,101.33
2023-04-19 03:00:00,105.87
2023-04-19 04:00:00,130.0
2023-04-19 05:00:00,139.1
2023-04-19 06:00:00,141.4
2023-04-19 07:00:00,133.67
2023-04-19 08:00:00,108.26
2023-04-19 09:00:00,97.26
2023-04-19 10:00:00,100.18
2023-04-19 11:00:00,103.39
2023-04-19 12:00:00,97.12
2023-04-19 13:00:00,88.68
2023-04-19 14:00:00,88.58
2023-04-19 15:00:00,89.64
2023-04-19 16:00:00,106.61
2023-04-19 17:00:00,122.25
2023-04-19 18:00:00,135.86
2023-04-19 19:00:00,122.82
2023-04-19 20:00:00,109.9
2023-04-19 21:00:00,101.66
2023-04-19 22:00:00,100.19
2023-04-19 23:00:00,94.35
2023-04-20 00:00:00,96.76
2023-04-20 01:00:00,94.98
2023-04-20 02:00:00,97.18
2023-04-20 03:00:00,102.78
2023-04-20 04:00:00,127.97
2023-04-20 05:00:00,144.48
2023-04-20 06:00:00,144.7
2023-04-20 07:00:00,130.09
2023-04-20 08:00:00,108.33
2023-04-20 09:00:00,96.94
2023-04-20 10:00:00,94.23
2023-04-20 11:00:00,89.61
2023-04-20 12:00:00,88.71
2023-04-20 13:00:00,86.76
2023-04-20 14:00:00,92.09
2023-04-20 15:00:00,103.76
2023-04-20 16:00:00,128.99
2023-04-20 17:00:00,142.64
2023-04-20 18:00:00,147.42
2023-04-20 19:00:00,145.33
2023-04-20 20:00:00,132.25
2023-04-20 21:00:00,127.72
2023-04-20 22:00:00,122.5
2023-04-20 23:00:00,107.21
2023-04-21 00:00:00,116.35
2023-04-21 01:00:00,109.39
2023-04-21 02:00:00,101.39
2023-04-21 03:00:00,112.56
2023-04-21 04:00:00,127.5
2023-04-21 05:00:00,141.54
2023-04-21 06:00:00,147.12
2023-04-21 07:00:00,148.95
2023-04-21 08:00:00,128.13
2023-04-21 09:00:00,109.29
2023-04-21 10:00:00,105.92
2023-04-21 11:00:00,105.7
2023-04-21 12:00:00,100.8
2023-04-21 13:00:00,90.8
2023-04-21 14:00:00,77.3
2023-04-21 15:00:00,97.87
2023-04-21 16:00:00,123.54
2023-04-21 17:00:00,141.0
2023-04-21 18:00:00,144.93
2023-04-21 19:00:00,135.51
2023-04-21 20:00:00,133.71
2023-04-21 21:00:00,123.1
2023-04-21 22:00:00,122.01
2023-04-21 23:00:00,101.95
2023-04-22 00:00:00,103.57
2023-04-22 01:00:00,93.17
2023-04-22 02:00:00,91.33
2023-04-22 03:00:00,96.03
2023-04-22 04:00:00,99.82
2023-04-22 05:00:00,106.95
2023-04-22 06:00:00,109.18
2023-04-22 07:00:00,107.28
2023-04-22 08:00:00,77.61
2023-04-22 09:00:00,73.31
2023-04-22 10:00:00,51.0
2023-04-22 11:00:00,34.84
2023-04-22 12:00:00,22.56
2023-04-22 13:00:00,44.73
2023-04-22 14:00:00,79.94
2023-04-22 15:00:00,95.0
2023-04-22 16:00:00,112.97
2023-04-22 17:00:00,132.0
2023-04-22 18:00:00,130.65
2023-04-22 19:00:00,127.0
2023-04-22 20:00:00,110.1
2023-04-22 21:00:00,101.64
2023-04-22 22:00:00,108.0
2023-04-22 23:00:00,97.52
2023-04-23 00:00:00,95.02
2023-04-23 01:00:00,89.44
2023-04-23 02:00:00,86.67
2023-04-23 03:00:00,88.87
2023-04-23 04:00:00,90.0
2023-04-23 05:00:00,94.01
2023-04-23 06:00:00,93.53
2023-04-23 07:00:00,89.95
2023-04-23 08:00:00,79.67
2023-04-23 09:00:00,48.13
2023-04-23 10:00:00,35.37
2023-04-23 11:00:00,9.98
2023-04-23 12:00:00,4.87
2023-04-23 13:00:00,34.69
2023-04-23 14:00:00,64.1
2023-04-23 15:00:00,97.81
2023-04-23 16:00:00,109.72
2023-04-23 17:00:00,107.64
2023-04-23 18:00:00,109.4
2023-04-23 19:00:00,125.02
2023-04-23 20:00:00,116.95
2023-04-23 21:00:00,109.84
2023-04-23 22:00:00,87.7
2023-04-23 23:00:00,83.58
2023-04-24 00:00:00,82.09
2023-04-24 01:00:00,76.4
2023-04-24 02:00:00,75.08
2023-04-24 03:00:00,86.55
2023-04-24 04:00:00,114.6
2023-04-24 05:00:00,133.8
2023-04-24 06:00:00,135.0
2023-04-24 07:00:00,126.92
2023-04-24 08:00:00,110.81
2023-04-24 09:00:00,108.01
2023-04-24 10:00:00,98.07
2023-04-24 11:00:00,94.9
2023-04-24 12:00:00,87.0
2023-04-24 13:00:00,84.91
2023-04-24 14:00:00,88.21
2023-04-24 15:00:00,99.45
2023-04-24 16:00:00,117.58
2023-04-24 17:00:00,134.57
2023-04-24 18:00:00,135.97
2023-04-24 19:00:00,135.71
2023-04-24 20:00:00,128.37
2023-04-24 21:00:00,119.15
2023-04-24 22:00:00,107.6
2023-04-24 23:00:00,98.22
2023-04-25 00:00:00,95.49
2023-04-25 01:00:00,91.92
2023-04-25 02:00:00,91.75
2023-04-25 03:00:00,97.35
2023-04-25 04:00:00,121.6
2023-04-25 05:00:00,134.1
2023-04-25 06:00:00,134.93
2023-04-25 07:00:00,122.4
2023-04-25 08:00:00,110.0
2023-04-25 09:00:00,99.0
2023-04-25 10:00:00,102.38
2023-04-25 11:00:00,96.91
2023-04-25 12:00:00,91.33
2023-04-25 13:00:00,90.52
2023-04-25 14:00:00,89.23
2023-04-25 15:00:00,95.0
2023-04-25 16:00:00,120.04
2023-04-25 17:00:00,140.27
2023-04-25 18:00:00,144.16
2023-04-25 19:00:00,141.54
2023-04-25 20:00:00,137.53
2023-04-25 21:00:00,120.0
2023-04-25 22:00:00,106.79
2023-04-25 23:00:00,99.91
2023-04-26 00:00:00,94.58
2023-04-26 01:00:00,93.98
2023-04-26 02:00:00,93.33
2023-04-26 03:00:00,101.9
2023-04-26 04:00:00,125.16
2023-04-26 05:00:00,139.91
2023-04-26 06:00:00,145.13
2023-04-26 07:00:00,128.85
2023-04-26 08:00:00,126.54
2023-04-26 09:00:00,116.77
2023-04-26 10:00:00,110.01
2023-04-26 11:00:00,103.27
2023-04-26 12:00:00,104.6
2023-04-26 13:00:00,92.85
2023-04-26 14:00:00,98.2
2023-04-26 15:00:00,113.6
2023-04-26 16:00:00,129.87
2023-04-26 17:00:00,148.11
2023-04-26 18:00:00,154.97
2023-04-26 19:00:00,146.12
2023-04-26 20:00:00,133.54
2023-04-26 21:00:00,120.48
2023-04-26 22:00:00,107.11
2023-04-26 23:00:00,100.21
2023-04-27 00:00:00,97.7
2023-04-27 01:00:00,96.24
2023-04-27 02:00:00,97.25
2023-04-27 03:00:00,106.8
2023-04-27 04:00:00,123.39
2023-04-27 05:00:00,142.58
2023-04-27 06:00:00,135.41
2023-04-27 07:00:00,113.18
2023-04-27 08:00:00,96.99
2023-04-27 09:00:00,92.5
2023-04-27 10:00:00,94.0
2023-04-27 11:00:00,91.0
2023-04-27 12:00:00,88.74
2023-04-27 13:00:00,88.31
2023-04-27 14:00:00,90.36
2023-04-27 15:00:00,100.89
2023-04-27 16:00:00,120.64
2023-04-27 17:00:00,128.75
2023-04-27 18:00:00,129.8
2023-04-27 19:00:00,124.42
2023-04-27 20:00:00,118.61
2023-04-27 21:00:00,100.03
2023-04-27 22:00:00,102.03
2023-04-27 23:00:00,92.97
2023-04-28 00:00:00,90.35
2023-04-28 01:00:00,83.07
2023-04-28 02:00:00,92.0
2023-04-28 03:00:00,95.85
2023-04-28 04:00:00,110.0
2023-04-28 05:00:00,123.74
2023-04-28 06:00:00,126.38
2023-04-28 07:00:00,120.28
2023-04-28 08:00:00,112.81
2023-04-28 09:00:00,105.83
2023-04-28 10:00:00,101.72
2023-04-28 11:00:00,92.78
2023-04-28 12:00:00,89.85
2023-04-28 13:00:00,86.79
2023-04-28 14:00:00,90.57
2023-04-28 15:00:00,91.63
2023-04-28 16:00:00,112.0
2023-04-28 17:00:00,120.34
2023-04-28 18:00:00,126.0
2023-04-28 19:00:00,124.34
2023-04-28 20:00:00,116.71
2023-04-28 21:00:00,105.48
2023-04-28 22:00:00,115.59
2023-04-28 23:00:00,108.56
2023-04-29 00:00:00,106.1
2023-04-29 01:00:00,105.0
2023-04-29 02:00:00,101.24
2023-04-29 03:00:00,102.75
2023-04-29 04:00:00,103.24
2023-04-29 05:00:00,109.4
2023-04-29 06:00:00,115.64
2023-04-29 07:00:00,106.61
2023-04-29 08:00:00,103.58
2023-04-29 09:00:00,92.87
2023-04-29 10:00:00,82.23
2023-04-29 11:00:00,82.17
2023-04-29 12:00:00,66.2
2023-04-29 13:00:00,69.05
2023-04-29 14:00:00,80.0
2023-04-29 15:00:00,85.0
2023-04-29 16:00:00,100.1
2023-04-29 17:00:00,115.32
2023-04-29 18:00:00,114.34
2023-04-29 19:00:00,120.0
2023-04-29 20:00:00,115.57
2023-04-29 21:00:00,110.0
2023-04-29 22:00:00,99.28
2023-04-29 23:00:00,91.09
2023-04-30 00:00:00,88.38
2023-04-30 01:00:00,85.49
2023-04-30 02:00:00,74.93
2023-04-30 03:00:00,75.07
2023-04-30 04:00:00,84.62
2023-04-30 05:00:00,82.0
2023-04-30 06:00:00,75.0
2023-04-30 07:00:00,50.0
2023-04-30 08:00:00,27.7
2023-04-30 09:00:00,30.96
2023-04-30 10:00:00,48.39
2023-04-30 11:00:00,23.67
2023-04-30 12:00:00,14.66
2023-04-30 13:00:00,1.5
2023-04-30 14:00:00,14.0
2023-04-30 15:00:00,70.57
2023-04-30 16:00:00,90.15
2023-04-30 17:00:00,98.02
2023-04-30 18:00:00,118.85
2023-04-30 19:00:00,122.2
2023-04-30 20:00:00,117.12
2023-04-30 21:00:00,108.71
2023-04-30 22:00:00,109.9
2023-04-30 23:00:00,99.9
2023-05-01 00:00:00,95.49
2023-05-01 01:00:00,90.59
2023-05-01 02:00:00,87.4
2023-05-01 03:00:00,88.0
2023-05-01 04:00:00,87.38
2023-05-01 05:00:00,89.56
2023-05-01 06:00:00,84.26
2023-05-01 07:00:00,84.11
2023-05-01 08:00:00,75.39
2023-05-01 09:00:00,66.61
2023-05-01 10:00:00,54.01
2023-05-01 11:00:00,34.67
2023-05-01 12:00:00,30.01
2023-05-01 13:00:00,41.12
2023-05-01 14:00:00,36.22
2023-05-01 15:00:00,17.87
2023-05-01 16:00:00,70.89
2023-05-01 17:00:00,98.93
2023-05-01 18:00:00,117.06
2023-05-01 19:00:00,121.72
2023-05-01 20:00:00,117.9
2023-05-01 21:00:00,111.04
2023-05-01 22:00:00,98.48
2023-05-01 23:00:00,85.6
2023-05-02 00:00:00,83.3
2023-05-02 01:00:00,80.9
2023-05-02 02:00:00,81.22
2023-05-02 03:00:00,90.39
2023-05-02 04:00:00,111.06
2023-05-02 05:00:00,127.69
2023-05-02 06:00:00,135.43
2023-05-02 07:00:00,123.02
2023-05-02 08:00:00,115.85
2023-05-02 09:00:00,108.96
2023-05-02 10:00:00,98.46
2023-05-02 11:00:00,92.76
2023-05-02 12:00:00,86.32
2023-05-02 13:00:00,81.97
2023-05-02 14:00:00,87.2
2023-05-02 15:00:00,94.43
2023-05-02 16:00:00,117.38
2023-05-02 17:00:00,130.0
2023-05-02 18:00:00,142.86
2023-05-02 19:00:00,133.69
2023-05-02 20:00:00,124.02
2023-05-02 21:00:00,116.13
2023-05-02 22:00:00,107.65
2023-05-02 23:00:00,102.63
2023-05-03 00:00:00,100.97
2023-05-03 01:00:00,97.8
2023-05-03 02:00:00,85.55
2023-05-03 03:00:00,91.38
2023-05-03 04:00:00,102.0
2023-05-03 05:00:00,121.2
2023-05-03 06:00:00,125.1
2023-05-03 07:00:00,110.1
2023-05-03 08:00:00,91.16
2023-05-03 09:00:00,84.16
2023-05-03 10:00:00,72.33
2023-05-03 11:00:00,64.15
2023-05-03 12:00:00,56.65
2023-05-03 13:00:00,48.15
2023-05-03 14:00:00,47.72
2023-05-03 15:00:00,87.53
2023-05-03 16:00:00,95.34
2023-05-03 17:00:00,121.88
2023-05-03 18:00:00,117.84
2023-05-03 19:00:00,122.99
2023-05-03 20:00:00,99.02
2023-05-03 21:00:00,85.49
2023-05-03 22:00:00,86.0
2023-05-03 23:00:00,79.61
2023-05-04 00:00:00,79.81
2023-05-04 01:00:00,78.39
2023-05-04 02:00:00,76.03
2023-05-04 03:00:00,82.2
2023-05-04 04:00:00,79.92
2023-05-04 05:00:00,115.09
2023-05-04 06:00:00,119.9
2023-05-04 07:00:00,104.42
2023-05-04 08:00:00,90.0
2023-05-04 09:00:00,79.6
2023-05-04 10:00:00,71.07
2023-05-04 11:00:00,62.27
2023-05-04 12:00:00,59.79
2023-05-04 13:00:00,65.14
2023-05-04 14:00:00,72.19
2023-05-04 15:00:00,75.73
2023-05-04 16:00:00,80.61
2023-05-04 17:00:00,108.0
2023-05-04 18:00:00,115.52
2023-05-04 19:00:00,112.25
2023-05-04 20:00:00,107.79
2023-05-04 21:00:00,95.02
2023-05-04 22:00:00,91.5
2023-05-04 23:00:00,81.8
2023-05-05 00:00:00,78.49
2023-05-05 01:00:00,79.51
2023-05-05 02:00:00,78.49
2023-05-05 03:00:00,87.52
2023-05-05 04:00:00,101.22
2023-05-05 05:00:00,113.75
2023-05-05 06:00:00,112.58
2023-05-05 07:00:00,102.61
2023-05-05 08:00:00,95.89
2023-05-05 09:00:00,91.03
2023-05-05 10:00:00,84.99
2023-05-05 11:00:00,82.0
2023-05-05 12:00:00,78.9
2023-05-05 13:00:00,81.08
2023-05-05 14:00:00,91.16
2023-05-05 15:00:00,96.91
2023-05-05 16:00:00,112.8
2023-05-05 17:00:00,120.54
2023-05-05 18:00:00,130.0
2023-05-05 19:00:00,126.31
2023-05-05 20:00:00,115.56
2023-05-05 21:00:00,110.9
2023-05-05 22:00:00,106.71
2023-05-05 23:00:00,99.62
2023-05-06 00:00:00,95.71
2023-05-06 01:00:00,91.7
2023-05-06 02:00:00,89.93
2023-05-06 03:00:00,91.7
2023-05-06 04:00:00,97.2
2023-05-06 05:00:00,99.02
2023-05-06 06:00:00,95.13
2023-05-06 07:00:00,93.28
2023-05-06 08:00:00,82.53
2023-05-06 09:00:00,74.42
2023-05-06 10:00:00,71.61
2023-05-06 11:00:00,55.8
2023-05-06 12:00:00,50.0
2023-05-06 13:00:00,63.16
2023-05-06 14:00:00,74.64
2023-05-06 15:00:00,90.3
2023-05-06 16:00:00,99.72
2023-05-06 17:00:00,102.8
2023-05-06 18:00:00,112.07
2023-05-06 19:00:00,108.71
2023-05-06 20:00:00,103.12
2023-05-06 21:00:00,92.38
2023-05-06 22:00:00,106.78
2023-05-06 23:00:00,95.02
2023-05-07 00:00:00,90.0
2023-05-07 01:00:00,84.3
2023-05-07 02:00:00,83.71
2023-05-07 03:00:00,84.86
2023-05-07 04:00:00,85.08
2023-05-07 05:00:00,82.48
2023-05-07 06:00:00,77.51
2023-05-07 07:00:00,76.25
2023-05-07 08:00:00,63.48
2023-05-07 09:00:00,55.13
2023-05-07 10:00:00,60.48
2023-05-07 11:00:00,47.25
2023-05-07 12:00:00,27.4
2023-05-07 13:00:00,24.09
2023-05-07 14:00:00,57.6
2023-05-07 15:00:00,77.75
2023-05-07 16:00:00,95.63
2023-05-07 17:00:00,101.3
2023-05-07 18:00:00,107.43
2023-05-07 19:00:00,109.2
2023-05-07 20:00:00,106.23
2023-05-07 21:00:00,97.99
2023-05-07 22:00:00,98.24
2023-05-07 23:00:00,88.58
2023-05-08 00:00:00,87.23
2023-05-08 01:00:00,84.01
2023-05-08 02:00:00,84.16
2023-05-08 03:00:00,90.91
2023-05-08 04:00:00,93.96
2023-05-08 05:00:00,99.74
2023-05-08 06:00:00,110.97
2023-05-08 07:00:00,100.01
2023-05-08 08:00:00,92.04
2023-05-08 09:00:00,83.49
2023-05-08 10:00:00,83.0
2023-05-08 11:00:00,83.71
2023-05-08 12:00:00,77.99
2023-05-08 13:00:00,78.0
2023-05-08 14:00:00,84.01
2023-05-08 15:00:00,97.05
2023-05-08 16:00:00,106.5
2023-05-08 17:00:00,112.82
2023-05-08 18:00:00,122.76
2023-05-08 19:00:00,121.99
2023-05-08 20:00:00,114.71
2023-05-08 21:00:00,104.04
2023-05-08 22:00:00,95.96
2023-05-08 23:00:00,87.52
2023-05-09 00:00:00,84.6
2023-05-09 01:00:00,84.17
2023-05-09 02:00:00,85.25
2023-05-09 03:00:00,92.45
2023-05-09 04:00:00,111.58
2023-05-09 05:00:00,121.0
2023-05-09 06:00:00,117.88
2023-05-09 07:00:00,107.54
2023-05-09 08:00:00,99.76
2023-05-09 09:00:00,107.01
2023-05-09 10:00:00,114.61
2023-05-09 11:00:00,105.77
2023-05-09 12:00:00,96.91
2023-05-09 13:00:00,81.06
2023-05-09 14:00:00,84.44
2023-05-09 15:00:00,100.06
2023-05-09 16:00:00,110.52
2023-05-09 17:00:00,115.01
2023-05-09 18:00:00,101.91
2023-05-09 19:00:00,110.99
2023-05-09 20:00:00,104.67
2023-05-09 21:00:00,89.93
2023-05-09 22:00:00,95.0
2023-05-09 23:00:00,90.09
2023-05-10 00:00:00,88.38
2023-05-10 01:00:00,86.19
2023-05-10 02:00:00,81.77
2023-05-10 03:00:00,81.01
2023-05-10 04:00:00,88.8
2023-05-10 05:00:00,104.28
2023-05-10 06:00:00,124.31
2023-05-10 07:00:00,110.79
2023-05-10 08:00:00,105.04
2023-05-10 09:00:00,100.23
2023-05-10 10:00:00,96.35
2023-05-10 11:00:00,93.5
2023-05-10 12:00:00,92.25
2023-05-10 13:00:00,83.06
2023-05-10 14:00:00,71.05
2023-05-10 15:00:00,82.03
2023-05-10 16:00:00,114.0
2023-05-10 17:00:00,131.45
2023-05-10 18:00:00,134.73
2023-05-10 19:00:00,129.0
2023-05-10 20:00:00,118.1
2023-05-10 21:00:00,110.26
2023-05-10 22:00:00,100.0
2023-05-10 23:00:00,96.94
2023-05-11 00:00:00,96.0
2023-05-11 01:00:00,84.17
2023-05-11 02:00:00,82.0
2023-05-11 03:00:00,88.51
2023-05-11 04:00:00,97.76
2023-05-11 05:00:00,142.92
2023-05-11 06:00:00,162.57
2023-05-11 07:00:00,134.97
2023-05-11 08:00:00,119.5
2023-05-11 09:00:00,114.71
2023-05-11 10:00:00,105.17
2023-05-11 11:00:00,98.14
2023-05-11 12:00:00,97.92
2023-05-11 13:00:00,101.69
2023-05-11 14:00:00,103.18
2023-05-11 15:00:00,112.17
2023-05-11 16:00:00,123.2
2023-05-11 17:00:00,147.0
2023-05-11 18:00:00,132.83
2023-05-11 19:00:00,120.41
2023-05-11 20:00:00,113.99
2023-05-11 21:00:00,101.66
2023-05-11 22:00:00,98.53
2023-05-11 23:00:00,90.55
2023-05-12 00:00:00,89.84
2023-05-12 01:00:00,90.0
2023-05-12 02:00:00,90.42
2023-05-12 03:00:00,95.47
2023-05-12 04:00:00,101.63
2023-05-12 05:00:00,115.47
2023-05-12 06:00:00,131.98
2023-05-12 07:00:00,113.45
2023-05-12 08:00:00,102.74
2023-05-12 09:00:00,99.35
2023-05-12 10:00:00,94.35
2023-05-12 11:00:00,90.38
2023-05-12 12:00:00,83.47
2023-05-12 13:00:00,82.19
2023-05-12 14:00:00,81.16
2023-05-12 15:00:00,90.77
2023-05-12 16:00:00,94.69
2023-05-12 17:00:00,96.82
2023-05-12 18:00:00,93.69
2023-05-12 19:00:00,96.8
2023-05-12 20:00:00,99.81
2023-05-12 21:00:00,97.84
2023-05-12 22:00:00,104.91
2023-05-12 23:00:00,85.44
2023-05-13 00:00:00,87.16
2023-05-13 01:00:00,78.1
2023-05-13 02:00:00,76.0
2023-05-13 03:00:00,77.7
2023-05-13 04:00:00,79.03
2023-05-13 05:00:00,83.01
2023-05-13 06:00:00,94.47
2023-05-13 07:00:00,89.08
2023-05-13 08:00:00,78.17
2023-05-13 09:00:00,53.21
2023-05-13 10:00:00,59.75
2023-05-13 11:00:00,42.84
2023-05-13 12:00:00,9.19
2023-05-13 13:00:00,6.17
2023-05-13 14:00:00,27.72
2023-05-13 15:00:00,58.59
2023-05-13 16:00:00,86.55
2023-05-13 17:00:00,96.44
2023-05-13 18:00:00,112.49
2023-05-13 19:00:00,107.26
2023-05-13 20:00:00,108.67
2023-05-13 21:00:00,104.51
2023-05-13 22:00:00,102.37
2023-05-13 23:00:00,98.18
2023-05-14 00:00:00,94.3
2023-05-14 01:00:00,79.56
2023-05-14 02:00:00,77.68
2023-05-14 03:00:00,74.64
2023-05-14 04:00:00,81.33
2023-05-14 05:00:00,73.87
2023-05-14 06:00:00,75.69
2023-05-14 07:00:00,54.9
2023-05-14 08:00:00,25.09
2023-05-14 09:00:00,13.89
2023-05-14 10:00:00,9.73
2023-05-14 11:00:00,1.85
2023-05-14 12:00:00,0.16
2023-05-14 13:00:00,1.78
2023-05-14 14:00:00,5.36
2023-05-14 15:00:00,0.06
2023-05-14 16:00:00,59.55
2023-05-14 17:00:00,95.49
2023-05-14 18:00:00,106.16
2023-05-14 19:00:00,99.5
2023-05-14 20:00:00,98.96
2023-05-14 21:00:00,94.42
2023-05-14 22:00:00,101.04
2023-05-14 23:00:00,88.27
2023-05-15 00:00:00,82.09
2023-05-15 01:00:00,73.69
2023-05-15 02:00:00,71.96
2023-05-15 03:00:00,73.84
2023-05-15 04:00:00,86.05
2023-05-15 05:00:00,99.57
2023-05-15 06:00:00,125.68
2023-05-15 07:00:00,112.32
2023-05-15 08:00:00,105.03
2023-05-15 09:00:00,98.56
2023-05-15 10:00:00,94.16
2023-05-15 11:00:00,86.45
2023-05-15 12:00:00,81.71
2023-05-15 13:00:00,63.07
2023-05-15 14:00:00,61.73
2023-05-15 15:00:00,67.82
2023-05-15 16:00:00,70.29
2023-05-15 17:00:00,104.95
2023-05-15 18:00:00,101.42
2023-05-15 19:00:00,103.5
2023-05-15 20:00:00,102.23
2023-05-15 21:00:00,94.49
2023-05-15 22:00:00,78.96
2023-05-15 23:00:00,73.1
2023-05-16 00:00:00,70.01
2023-05-16 01:00:00,63.56
2023-05-16 02:00:00,65.9
2023-05-16 03:00:00,72.03
2023-05-16 04:00:00,84.02
2023-05-16 05:00:00,114.99
2023-05-16 06:00:00,119.54
2023-05-16 07:00:00,110.31
2023-05-16 08:00:00,82.97
2023-05-16 09:00:00,76.03
2023-05-16 10:00:00,73.18
2023-05-16 11:00:00,58.07
2023-05-16 12:00:00,35.26
2023-05-16 13:00:00,12.59
2023-05-16 14:00:00,43.23
2023-05-16 15:00:00,62.38
2023-05-16 16:00:00,86.23
2023-05-16 17:00:00,106.9
2023-05-16 18:00:00,114.5
2023-05-16 19:00:00,114.77
2023-05-16 20:00:00,108.9
2023-05-16 21:00:00,97.23
2023-05-16 22:00:00,81.61
2023-05-16 23:00:00,74.95
2023-05-17 00:00:00,73.46
2023-05-17 01:00:00,70.0
2023-05-17 02:00:00,72.52
2023-05-17 03:00:00,79.83
2023-05-17 04:00:00,105.43
2023-05-17 05:00:00,113.81
2023-05-17 06:00:00,117.11
2023-05-17 07:00:00,108.07
2023-05-17 08:00:00,80.08
2023-05-17 09:00:00,62.66
2023-05-17 10:00:00,57.64
2023-05-17 11:00:00,38.27
2023-05-17 12:00:00,26.78
2023-05-17 13:00:00,18.16
2023-05-17 14:00:00,44.43
2023-05-17 15:00:00,79.09
2023-05-17 16:00:00,95.98
2023-05-17 17:00:00,117.17
2023-05-17 18:00:00,124.08
2023-05-17 19:00:00,106.45
2023-05-17 20:00:00,111.0
2023-05-17 21:00:00,97.7
2023-05-17 22:00:00,100.59
2023-05-17 23:00:00,79.69
2023-05-18 00:00:00,89.24
2023-05-18 01:00:00,78.89
2023-05-18 02:00:00,68.85
2023-05-18 03:00:00,67.22
2023-05-18 04:00:00,69.07
2023-05-18 05:00:00,88.76
2023-05-18 06:00:00,90.29
2023-05-18 07:00:00,81.36
2023-05-18 08:00:00,72.75
2023-05-18 09:00:00,65.67
2023-05-18 10:00:00,63.74
2023-05-18 11:00:00,43.95
2023-05-18 12:00:00,29.41
2023-05-18 13:00:00,43.08
2023-05-18 14:00:00,71.56
2023-05-18 15:00:00,83.89
2023-05-18 16:00:00,95.34
2023-05-18 17:00:00,109.52
2023-05-18 18:00:00,119.95
2023-05-18 19:00:00,112.26
2023-05-18 20:00:00,109.61
2023-05-18 21:00:00,98.76
2023-05-18 22:00:00,93.02
2023-05-18 23:00:00,83.2
2023-05-19 00:00:00,80.23
2023-05-19 01:00:00,77.03
2023-05-19 02:00:00,73.82
2023-05-19 03:00:00,84.19
2023-05-19 04:00:00,75.92
2023-05-19 05:00:00,102.92
2023-05-19 06:00:00,106.0
2023-05-19 07:00:00,93.16
2023-05-19 08:00:00,69.24
2023-05-19 09:00:00,60.2
2023-05-19 10:00:00,60.6
2023-05-19 11:00:00,57.81
2023-05-19 12:00:00,57.94
2023-05-19 13:00:00,63.63
2023-05-19 14:00:00,53.69
2023-05-19 15:00:00,69.82
2023-05-19 16:00:00,78.32
2023-05-19 17:00:00,92.12
2023-05-19 18:00:00,96.41
2023-05-19 19:00:00,95.0
2023-05-19 20:00:00,99.74
2023-05-19 21:00:00,85.78
2023-05-19 22:00:00,78.74
2023-05-19 23:00:00,74.0
2023-05-20 00:00:00,67.99
2023-05-20 01:00:00,60.0
2023-05-20 02:00:00,59.61
2023-05-20 03:00:00,55.7
2023-05-20 04:00:00,62.08
2023-05-20 05:00:00,62.46
2023-05-20 06:00:00,59.76
2023-05-20 07:00:00,40.04
2023-05-20 08:00:00,6.2
2023-05-20 09:00:00,3.61
2023-05-20 10:00:00,10.17
2023-05-20 11:00:00,5.0
2023-05-20 12:00:00,-0.02
2023-05-20 13:00:00,0.0
2023-05-20 14:00:00,1.32
2023-05-20 15:00:00,25.94
2023-05-20 16:00:00,53.68
2023-05-20 17:00:00,78.44
2023-05-20 18:00:00,87.69
2023-05-20 19:00:00,81.06
2023-05-20 20:00:00,78.6
2023-05-20 21:00:00,73.02
2023-05-20 22:00:00,52.2
2023-05-20 23:00:00,40.04
2023-05-21 00:00:00,33.88
2023-05-21 01:00:00,28.77
2023-05-21 02:00:00,29.95
2023-05-21 03:00:00,28.26
2023-05-21 04:00:00,30.81
2023-05-21 05:00:00,27.55
2023-05-21 06:00:00,20.0
2023-05-21 07:00:00,2.14
2023-05-21 08:00:00,0.0
2023-05-21 09:00:00,-0.09
2023-05-21 10:00:00,-0.09
2023-05-21 11:00:00,-21.23
2023-05-21 12:00:00,-23.36
2023-05-21 13:00:00,-14.0
2023-05-21 14:00:00,-0.41
2023-05-21 15:00:00,2.22
2023-05-21 16:00:00,41.34
2023-05-21 17:00:00,85.49
2023-05-21 18:00:00,90.87
2023-05-21 19:00:00,91.0
2023-05-21 20:00:00,89.94
2023-05-21 21:00:00,83.5
2023-05-21 22:00:00,88.29
2023-05-21 23:00:00,80.06
2023-05-22 00:00:00,78.31
2023-05-22 01:00:00,77.8
2023-05-22 02:00:00,81.0
2023-05-22 03:00:00,83.97
2023-05-22 04:00:00,90.32
2023-05-22 05:00:00,103.56
2023-05-22 06:00:00,113.42
2023-05-22 07:00:00,105.79
2023-05-22 08:00:00,93.02
2023-05-22 09:00:00,82.63
2023-05-22 10:00:00,78.95
2023-05-22 11:00:00,73.58
2023-05-22 12:00:00,68.46
2023-05-22 13:00:00,73.64
2023-05-22 14:00:00,79.69
2023-05-22 15:00:00,80.53
2023-05-22 16:00:00,84.49
2023-05-22 17:00:00,89.1
2023-05-22 18:00:00,91.47
2023-05-22 19:00:00,87.3
2023-05-22 20:00:00,85.81
2023-05-22 21:00:00,81.29
2023-05-22 22:00:00,88.17
2023-05-22 23:00:00,67.7
2023-05-23 00:00:00,64.7
2023-05-23 01:00:00,54.99
2023-05-23 02:00:00,35.46
2023-05-23 03:00:00,47.93
2023-05-23 04:00:00,63.45
2023-05-23 05:00:00,93.46
2023-05-23 06:00:00,101.0
2023-05-23 07:00:00,92.0
2023-05-23 08:00:00,83.25
2023-05-23 09:00:00,75.75
2023-05-23 10:00:00,73.87
2023-05-23 11:00:00,64.92
2023-05-23 12:00:00,40.71
2023-05-23 13:00:00,28.19
2023-05-23 14:00:00,37.29
2023-05-23 15:00:00,65.01
2023-05-23 16:00:00,79.57
2023-05-23 17:00:00,97.09
2023-05-23 18:00:00,100.11
2023-05-23 19:00:00,104.0
2023-05-23 20:00:00,101.06
2023-05-23 21:00:00,93.98
2023-05-23 22:00:00,83.0
2023-05-23 23:00:00,76.09
2023-05-24 00:00:00,75.13
2023-05-24 01:00:00,73.13
2023-05-24 02:00:00,75.0
2023-05-24 03:00:00,75.4
2023-05-24 04:00:00,75.76
2023-05-24 05:00:00,96.0
2023-05-24 06:00:00,109.66
2023-05-24 07:00:00,98.66
2023-05-24 08:00:00,85.92
2023-05-24 09:00:00,81.0
2023-05-24 10:00:00,80.58
2023-05-24 11:00:00,78.77
2023-05-24 12:00:00,75.21
2023-05-24 13:00:00,74.75
2023-05-24 14:00:00,71.75
2023-05-24 15:00:00,72.0
2023-05-24 16:00:00,75.47
2023-05-24 17:00:00,89.25
2023-05-24 18:00:00,91.48
2023-05-24 19:00:00,82.47
2023-05-24 20:00:00,102.0
2023-05-24 21:00:00,98.28
2023-05-24 22:00:00,98.66
2023-05-24 23:00:00,88.55
2023-05-25 00:00:00,77.82
2023-05-25 01:00:00,65.62
2023-05-25 02:00:00,73.72
2023-05-25 03:00:00,75.42
2023-05-25 04:00:00,75.94
2023-05-25 05:00:00,105.0
2023-05-25 06:00:00,104.0
2023-05-25 07:00:00,83.35
2023-05-25 08:00:00,70.85
2023-05-25 09:00:00,55.78
2023-05-25 10:00:00,41.87
2023-05-25 11:00:00,20.56
2023-05-25 12:00:00,24.31
2023-05-25 13:00:00,21.16
2023-05-25 14:00:00,41.89
2023-05-25 15:00:00,70.83
2023-05-25 16:00:00,71.35
2023-05-25 17:00:00,77.09
2023-05-25 18:00:00,93.99
2023-05-25 19:00:00,94.97
2023-05-25 20:00:00,100.5
2023-05-25 21:00:00,90.94
2023-05-25 22:00:00,88.11
2023-05-25 23:00:00,76.4
2023-05-26 00:00:00,74.06
2023-05-26 01:00:00,66.58
2023-05-26 02:00:00,61.71
2023-05-26 03:00:00,62.0
2023-05-26 04:00:00,73.53
2023-05-26 05:00:00,94.2
2023-05-26 06:00:00,100.38
2023-05-26 07:00:00,81.87
2023-05-26 08:00:00,55.31
2023-05-26 09:00:00,35.57
2023-05-26 10:00:00,23.29
2023-05-26 11:00:00,20.0
2023-05-26 12:00:00,4.4
2023-05-26 13:00:00,3.45
2023-05-26 14:00:00,22.91
2023-05-26 15:00:00,53.45
2023-05-26 16:00:00,65.1
2023-05-26 17:00:00,83.92
2023-05-26 18:00:00,95.06
2023-05-26 19:00:00,89.9
2023-05-26 20:00:00,99.5
2023-05-26 21:00:00,92.5
2023-05-26 22:00:00,89.74
2023-05-26 23:00:00,83.53
2023-05-27 00:00:00,84.73
2023-05-27 01:00:00,81.35
2023-05-27 02:00:00,70.99
2023-05-27 03:00:00,69.04
2023-05-27 04:00:00,82.7
2023-05-27 05:00:00,82.99
2023-05-27 06:00:00,72.61
2023-05-27 07:00:00,55.06
2023-05-27 08:00:00,16.37
2023-05-27 09:00:00,1.45
2023-05-27 10:00:00,0.0
2023-05-27 11:00:00,-0.02
2023-05-27 12:00:00,-0.08
2023-05-27 13:00:00,-0.09
2023-05-27 14:00:00,2.26
2023-05-27 15:00:00,55.08
2023-05-27 16:00:00,84.85
2023-05-27 17:00:00,95.11
2023-05-27 18:00:00,100.82
2023-05-27 19:00:00,100.1
2023-05-27 20:00:00,98.61
2023-05-27 21:00:00,94.71
2023-05-27 22:00:00,87.09
2023-05-27 23:00:00,84.0
2023-05-28 00:00:00,81.92
2023-05-28 01:00:00,77.87
2023-05-28 02:00:00,77.86
2023-05-28 03:00:00,73.0
2023-05-28 04:00:00,67.34
2023-05-28 05:00:00,64.52
2023-05-28 06:00:00,37.71
2023-05-28 07:00:00,0.0
2023-05-28 08:00:00,-0.81
2023-05-28 09:00:00,-10.65
2023-05-28 10:00:00,-0.07
2023-05-28 11:00:00,-26.67
2023-05-28 12:00:00,-37.13
2023-05-28 13:00:00,-27.4
2023-05-28 14:00:00,-16.22
2023-05-28 15:00:00,-0.06
2023-05-28 16:00:00,50.0
2023-05-28 17:00:00,72.9
2023-05-28 18:00:00,81.64
2023-05-28 19:00:00,78.7
2023-05-28 20:00:00,74.24
2023-05-28 21:00:00,69.5
2023-05-28 22:00:00,59.23
2023-05-28 23:00:00,53.9
2023-05-29 00:00:00,51.82
2023-05-29 01:00:00,40.91
2023-05-29 02:00:00,18.17
2023-05-29 03:00:00,17.57
2023-05-29 04:00:00,20.48
2023-05-29 05:00:00,58.71
2023-05-29 06:00:00,29.92
2023-05-29 07:00:00,0.03
2023-05-29 08:00:00,-2.07
2023-05-29 09:00:00,-0.09
2023-05-29 10:00:00,-0.06
2023-05-29 11:00:00,-5.52
2023-05-29 12:00:00,-7.1
2023-05-29 13:00:00,-45.6
2023-05-29 14:00:00,-17.96
2023-05-29 15:00:00,0.0
2023-05-29 16:00:00,28.78
2023-05-29 17:00:00,74.15
2023-05-29 18:00:00,85.54
2023-05-29 19:00:00,77.44
2023-05-29 20:00:00,79.46
2023-05-29 21:00:00,74.32
2023-05-29 22:00:00,75.02
2023-05-29 23:00:00,71.05
2023-05-30 00:00:00,68.9
2023-05-30 01:00:00,42.8
2023-05-30 02:00:00,36.33
2023-05-30 03:00:00,70.66
2023-05-30 04:00:00,62.92
2023-05-30 05:00:00,109.19
2023-05-30 06:00:00,108.64
2023-05-30 07:00:00,90.06
2023-05-30 08:00:00,82.37
2023-05-30 09:00:00,70.24
2023-05-30 10:00:00,64.74
2023-05-30 11:00:00,57.62
2023-05-30 12:00:00,53.83
2023-05-30 13:00:00,45.24
2023-05-30 14:00:00,41.72
2023-05-30 15:00:00,73.96
2023-05-30 16:00:00,84.34
2023-05-30 17:00:00,98.82
2023-05-30 18:00:00,105.08
2023-05-30 19:00:00,99.58
2023-05-30 20:00:00,95.39
2023-05-30 21:00:00,89.65
2023-05-30 22:00:00,85.92
2023-05-30 23:00:00,68.4
2023-05-31 00:00:00,74.2
2023-05-31 01:00:00,52.48
2023-05-31 02:00:00,47.73
2023-05-31 03:00:00,61.12
2023-05-31 04:00:00,66.86
2023-05-31 05:00:00,103.68
2023-05-31 06:00:00,95.69
2023-05-31 07:00:00,86.41
2023-05-31 08:00:00,66.92
2023-05-31 09:00:00,46.64
2023-05-31 10:00:00,20.03
2023-05-31 11:00:00,3.45
2023-05-31 12:00:00,4.14
2023-05-31 13:00:00,5.48
2023-05-31 14:00:00,25.78
2023-05-31 15:00:00,68.85
2023-05-31 16:00:00,78.89
2023-05-31 17:00:00,85.0
2023-05-31 18:00:00,105.0
2023-05-31 19:00:00,96.93
2023-05-31 20:00:00,94.31
2023-05-31 21:00:00,83.13
2023-05-31 22:00:00,84.15
2023-05-31 23:00:00,74.3
2023-06-01 00:00:00,70.1
2023-06-01 01:00:00,64.01
2023-06-01 02:00:00,67.21
2023-06-01 03:00:00,72.27
2023-06-01 04:00:00,82.91
2023-06-01 05:00:00,98.5
2023-06-01 06:00:00,99.07
2023-06-01 07:00:00,87.3
2023-06-01 08:00:00,68.19
2023-06-01 09:00:00,59.92
2023-06-01 10:00:00,42.27
2023-06-01 11:00:00,9.36
2023-06-01 12:00:00,3.39
2023-06-01 13:00:00,25.13
2023-06-01 14:00:00,56.87
2023-06-01 15:00:00,73.0
2023-06-01 16:00:00,86.16
2023-06-01 17:00:00,99.35
2023-06-01 18:00:00,102.5
2023-06-01 19:00:00,103.38
2023-06-01 20:00:00,95.41
2023-06-01 21:00:00,86.53
2023-06-01 22:00:00,83.59
2023-06-01 23:00:00,79.4
2023-06-02 00:00:00,73.78
2023-06-02 01:00:00,63.47
2023-06-02 02:00:00,59.84
2023-06-02 03:00:00,62.47
2023-06-02 04:00:00,63.55
2023-06-02 05:00:00,87.79
2023-06-02 06:00:00,90.56
2023-06-02 07:00:00,84.37
2023-06-02 08:00:00,72.09
2023-06-02 09:00:00,63.15
2023-06-02 10:00:00,56.06
2023-06-02 11:00:00,42.61
2023-06-02 12:00:00,36.82
2023-06-02 13:00:00,44.9
2023-06-02 14:00:00,58.27
2023-06-02 15:00:00,76.62
2023-06-02 16:00:00,85.8
2023-06-02 17:00:00,91.4
2023-06-02 18:00:00,99.82
2023-06-02 19:00:00,93.0
2023-06-02 20:00:00,92.56
2023-06-02 21:00:00,85.06
2023-06-02 22:00:00,84.95
2023-06-02 23:00:00,80.3
2023-06-03 00:00:00,77.79
2023-06-03 01:00:00,75.2
2023-06-03 02:00:00,58.16
2023-06-03 03:00:00,70.74
2023-06-03 04:00:00,71.71
2023-06-03 05:00:00,73.63
2023-06-03 06:00:00,70.0
2023-06-03 07:00:00,59.97
2023-06-03 08:00:00,27.36
2023-06-03 09:00:00,5.0
2023-06-03 10:00:00,-0.01
2023-06-03 11:00:00,-0.07
2023-06-03 12:00:00,-3.39
2023-06-03 13:00:00,-0.08
2023-06-03 14:00:00,3.62
2023-06-03 15:00:00,45.66
2023-06-03 16:00:00,75.0
2023-06-03 17:00:00,77.2
2023-06-03 18:00:00,73.51
2023-06-03 19:00:00,66.7
2023-06-03 20:00:00,74.02
2023-06-03 21:00:00,81.17
2023-06-03 22:00:00,81.12
2023-06-03 23:00:00,74.9
2023-06-04 00:00:00,72.51
2023-06-04 01:00:00,69.8
2023-06-04 02:00:00,68.06
2023-06-04 03:00:00,67.54
2023-06-04 04:00:00,66.16
2023-06-04 05:00:00,64.77
2023-06-04 06:00:00,50.81
2023-06-04 07:00:00,21.95
2023-06-04 08:00:00,5.11
2023-06-04 09:00:00,0.0
2023-06-04 10:00:00,-0.02
2023-06-04 11:00:00,-0.09
2023-06-04 12:00:00,-33.79
2023-06-04 13:00:00,-7.2
2023-06-04 14:00:00,0.0
2023-06-04 15:00:00,34.5
2023-06-04 16:00:00,78.21
2023-06-04 17:00:00,83.5
2023-06-04 18:00:00,90.57
2023-06-04 19:00:00,92.38
2023-06-04 20:00:00,97.3
2023-06-04 21:00:00,86.98
2023-06-04 22:00:00,78.71
2023-06-04 23:00:00,71.1
2023-06-05 00:00:00,70.07
2023-06-05 01:00:00,63.64
2023-06-05 02:00:00,63.9
2023-06-05 03:00:00,70.24
2023-06-05 04:00:00,88.5
2023-06-05 05:00:00,99.39
2023-06-05 06:00:00,99.95
2023-06-05 07:00:00,85.77
2023-06-05 08:00:00,75.0
2023-06-05 09:00:00,70.08
2023-06-05 10:00:00,68.99
2023-06-05 11:00:00,66.54
2023-06-05 12:00:00,67.16
2023-06-05 13:00:00,68.79
2023-06-05 14:00:00,75.92
2023-06-05 15:00:00,87.92
2023-06-05 16:00:00,95.13
2023-06-05 17:00:00,101.33
2023-06-05 18:00:00,101.46
2023-06-05 19:00:00,103.67
2023-06-05 20:00:00,100.0
2023-06-05 21:00:00,88.76
2023-06-05 22:00:00,80.18
2023-06-05 23:00:00,74.63
2023-06-06 00:00:00,69.06
2023-06-06 01:00:00,61.38
2023-06-06 02:00:00,60.66
2023-06-06 03:00:00,65.63
2023-06-06 04:00:00,84.13
2023-06-06 05:00:00,99.03
2023-06-06 06:00:00,102.7
2023-06-06 07:00:00,94.9
2023-06-06 08:00:00,86.21
2023-06-06 09:00:00,82.0
2023-06-06 10:00:00,76.41
2023-06-06 11:00:00,73.26
2023-06-06 12:00:00,68.5
2023-06-06 13:00:00,71.12
2023-06-06 14:00:00,74.4
2023-06-06 15:00:00,84.0
2023-06-06 16:00:00,90.38
2023-06-06 17:00:00,97.3
2023-06-06 18:00:00,101.11
2023-06-06 19:00:00,101.57
2023-06-06 20:00:00,96.56
2023-06-06 21:00:00,89.99
2023-06-06 22:00:00,83.0
2023-06-06 23:00:00,76.2
2023-06-07 00:00:00,73.99
2023-06-07 01:00:00,68.05
2023-06-07 02:00:00,65.7
2023-06-07 03:00:00,70.2
2023-06-07 04:00:00,74.9
2023-06-07 05:00:00,95.05
2023-06-07 06:00:00,106.46
2023-06-07 07:00:00,97.69
2023-06-07 08:00:00,92.83
2023-06-07 09:00:00,86.6
2023-06-07 10:00:00,79.95
2023-06-07 11:00:00,75.59
2023-06-07 12:00:00,76.45
2023-06-07 13:00:00,76.74
2023-06-07 14:00:00,79.89
2023-06-07 15:00:00,87.92
2023-06-07 16:00:00,96.72
2023-06-07 17:00:00,106.25
2023-06-07 18:00:00,108.5
2023-06-07 19:00:00,107.36
2023-06-07 20:00:00,100.5
2023-06-07 21:00:00,94.9
2023-06-07 22:00:00,93.93
2023-06-07 23:00:00,89.26
2023-06-08 00:00:00,82.83
2023-06-08 01:00:00,74.95
2023-06-08 02:00:00,73.57
2023-06-08 03:00:00,66.54
2023-06-08 04:00:00,78.09
2023-06-08 05:00:00,92.78
2023-06-08 06:00:00,91.4
2023-06-08 07:00:00,83.76
2023-06-08 08:00:00,74.64
2023-06-08 09:00:00,68.5
2023-06-08 10:00:00,64.22
2023-06-08 11:00:00,64.4
2023-06-08 12:00:00,64.06
2023-06-08 13:00:00,67.93
2023-06-08 14:00:00,71.17
2023-06-08 15:00:00,76.1
2023-06-08 16:00:00,89.49
2023-06-08 17:00:00,101.6
2023-06-08 18:00:00,98.6
2023-06-08 19:00:00,100.55
2023-06-08 20:00:00,96.58
2023-06-08 21:00:00,91.0
2023-06-08 22:00:00,95.0
2023-06-08 23:00:00,89.7
2023-06-09 00:00:00,79.73
2023-06-09 01:00:00,76.0
2023-06-09 02:00:00,75.8
2023-06-09 03:00:00,76.42
2023-06-09 04:00:00,79.93
2023-06-09 05:00:00,103.97
2023-06-09 06:00:00,103.94
2023-06-09 07:00:00,91.39
2023-06-09 08:00:00,82.26
2023-06-09 09:00:00,75.43
2023-06-09 10:00:00,70.03
2023-06-09 11:00:00,68.98
2023-06-09 12:00:00,64.06
2023-06-09 13:00:00,68.39
2023-06-09 14:00:00,72.64
2023-06-09 15:00:00,80.63
2023-06-09 16:00:00,95.0
2023-06-09 17:00:00,104.12
2023-06-09 18:00:00,106.45
2023-06-09 19:00:00,104.12
2023-06-09 20:00:00,97.48
2023-06-09 21:00:00,86.0
2023-06-09 22:00:00,89.03
2023-06-09 23:00:00,84.1
2023-06-10 00:00:00,84.13
2023-06-10 01:00:00,80.32
2023-06-10 02:00:00,77.44
2023-06-10 03:00:00,79.87
2023-06-10 04:00:00,79.43
2023-06-10 05:00:00,85.0
2023-06-10 06:00:00,81.83
2023-06-10 07:00:00,69.04
2023-06-10 08:00:00,45.68
2023-06-10 09:00:00,35.4
2023-06-10 10:00:00,22.39
2023-06-10 11:00:00,18.85
2023-06-10 12:00:00,6.56
2023-06-10 13:00:00,9.24
2023-06-10 14:00:00,9.14
2023-06-10 15:00:00,44.5
2023-06-10 16:00:00,74.97
2023-06-10 17:00:00,86.16
2023-06-10 18:00:00,91.25
2023-06-10 19:00:00,90.91
2023-06-10 20:00:00,87.8
2023-06-10 21:00:00,80.87
2023-06-10 22:00:00,87.33
2023-06-10 23:00:00,77.47
2023-06-11 00:00:00,70.01
2023-06-11 01:00:00,60.21
2023-06-11 02:00:00,56.67
2023-06-11 03:00:00,53.69
2023-06-11 04:00:00,52.05
2023-06-11 05:00:00,47.21
2023-06-11 06:00:00,28.44
2023-06-11 07:00:00,15.9
2023-06-11 08:00:00,0.06
2023-06-11 09:00:00,5.26
2023-06-11 10:00:00,2.54
2023-06-11 11:00:00,-0.09
2023-06-11 12:00:00,-9.81
2023-06-11 13:00:00,-0.65
2023-06-11 14:00:00,-0.08
2023-06-11 15:00:00,27.92
2023-06-11 16:00:00,83.82
2023-06-11 17:00:00,99.91
2023-06-11 18:00:00,107.66
2023-06-11 19:00:00,111.99
2023-06-11 20:00:00,111.81
2023-06-11 21:00:00,102.91
2023-06-11 22:00:00,94.33
2023-06-11 23:00:00,85.08
2023-06-12 00:00:00,85.02
2023-06-12 01:00:00,81.63
2023-06-12 02:00:00,83.95
2023-06-12 03:00:00,95.0
2023-06-12 04:00:00,104.81
2023-06-12 05:00:00,119.44
2023-06-12 06:00:00,124.39
2023-06-12 07:00:00,106.01
2023-06-12 08:00:00,95.0
2023-06-12 09:00:00,90.48
2023-06-12 10:00:00,87.17
2023-06-12 11:00:00,83.34
2023-06-12 12:00:00,81.1
2023-06-12 13:00:00,82.02
2023-06-12 14:00:00,84.82
2023-06-12 15:00:00,97.6
2023-06-12 16:00:00,109.68
2023-06-12 17:00:00,133.04
2023-06-12 18:00:00,131.01
2023-06-12 19:00:00,116.93
2023-06-12 20:00:00,107.03
2023-06-12 21:00:00,98.1
2023-06-12 22:00:00,89.11
2023-06-12 23:00:00,82.78
2023-06-13 00:00:00,83.29
2023-06-13 01:00:00,82.75
2023-06-13 02:00:00,84.77
2023-06-13 03:00:00,90.04
2023-06-13 04:00:00,101.94
2023-06-13 05:00:00,119.0
2023-06-13 06:00:00,120.04
2023-06-13 07:00:00,103.12
2023-06-13 08:00:00,85.08
2023-06-13 09:00:00,80.1
2023-06-13 10:00:00,79.02
2023-06-13 11:00:00,73.22
2023-06-13 12:00:00,71.33
2023-06-13 13:00:00,68.15
2023-06-13 14:00:00,73.93
2023-06-13 15:00:00,84.67
2023-06-13 16:00:00,101.87
2023-06-13 17:00:00,113.46
2023-06-13 18:00:00,120.73
2023-06-13 19:00:00,113.45
2023-06-13 20:00:00,105.0
2023-06-13 21:00:00,98.38
2023-06-13 22:00:00,96.28
2023-06-13 23:00:00,88.68
2023-06-14 00:00:00,86.98
2023-06-14 01:00:00,86.25
2023-06-14 02:00:00,85.83
2023-06-14 03:00:00,93.43
2023-06-14 04:00:00,97.72
2023-06-14 05:00:00,122.42
2023-06-14 06:00:00,128.0
2023-06-14 07:00:00,103.32
2023-06-14 08:00:00,87.66
2023-06-14 09:00:00,79.04
2023-06-14 10:00:00,75.54
2023-06-14 11:00:00,75.74
2023-06-14 12:00:00,78.67
2023-06-14 13:00:00,80.39
2023-06-14 14:00:00,85.27
2023-06-14 15:00:00,98.98
2023-06-14 16:00:00,115.01
2023-06-14 17:00:00,138.86
2023-06-14 18:00:00,140.32
2023-06-14 19:00:00,123.04
2023-06-14 20:00:00,114.21
2023-06-14 21:00:00,105.0
2023-06-14 22:00:00,107.12
2023-06-14 23:00:00,102.77
2023-06-15 00:00:00,100.62
2023-06-15 01:00:00,100.38
2023-06-15 02:00:00,100.37
2023-06-15 03:00:00,98.5
2023-06-15 04:00:00,104.67
2023-06-15 05:00:00,125.28
2023-06-15 06:00:00,140.07
2023-06-15 07:00:00,116.0
2023-06-15 08:00:00,103.66
2023-06-15 09:00:00,98.02
2023-06-15 10:00:00,92.24
2023-06-15 11:00:00,90.0
2023-06-15 12:00:00,90.0
2023-06-15 13:00:00,92.01
2023-06-15 14:00:00,96.75
2023-06-15 15:00:00,104.9
2023-06-15 16:00:00,125.39
2023-06-15 17:00:00,144.7
2023-06-15 18:00:00,147.99
2023-06-15 19:00:00,142.1
2023-06-15 20:00:00,146.8
2023-06-15 21:00:00,124.93
2023-06-15 22:00:00,126.16
2023-06-15 23:00:00,121.57
2023-06-16 00:00:00,115.56
2023-06-16 01:00:00,112.66
2023-06-16 02:00:00,113.05
2023-06-16 03:00:00,117.72
2023-06-16 04:00:00,132.0
2023-06-16 05:00:00,149.83
2023-06-16 06:00:00,145.59
2023-06-16 07:00:00,124.16
2023-06-16 08:00:00,112.2
2023-06-16 09:00:00,108.99
2023-06-16 10:00:00,107.35
2023-06-16 11:00:00,106.76
2023-06-16 12:00:00,103.31
2023-06-16 13:00:00,101.65
2023-06-16 14:00:00,108.46
2023-06-16 15:00:00,114.99
2023-06-16 16:00:00,135.35
2023-06-16 17:00:00,161.1
2023-06-16 18:00:00,175.07
2023-06-16 19:00:00,165.52
2023-06-16 20:00:00,151.85
2023-06-16 21:00:00,138.18
2023-06-16 22:00:00,130.81
2023-06-16 23:00:00,122.8
2023-06-17 00:00:00,119.97
2023-06-17 01:00:00,116.39
2023-06-17 02:00:00,111.06
2023-06-17 03:00:00,110.0
2023-06-17 04:00:00,110.25
2023-06-17 05:00:00,108.01
2023-06-17 06:00:00,101.0
2023-06-17 07:00:00,95.6
2023-06-17 08:00:00,85.0
2023-06-17 09:00:00,69.99
2023-06-17 10:00:00,59.36
2023-06-17 11:00:00,48.4
2023-06-17 12:00:00,39.38
2023-06-17 13:00:00,56.08
2023-06-17 14:00:00,85.0
2023-06-17 15:00:00,101.52
2023-06-17 16:00:00,115.31
2023-06-17 17:00:00,137.79
2023-06-17 18:00:00,146.97
2023-06-17 19:00:00,144.77
2023-06-17 20:00:00,142.0
2023-06-17 21:00:00,136.65
2023-06-17 22:00:00,126.78
2023-06-17 23:00:00,108.87
2023-06-18 00:00:00,103.19
2023-06-18 01:00:00,100.0
2023-06-18 02:00:00,96.01
2023-06-18 03:00:00,86.81
2023-06-18 04:00:00,94.75
2023-06-18 05:00:00,92.06
2023-06-18 06:00:00,85.0
2023-06-18 07:00:00,78.17
2023-06-18 08:00:00,63.53
2023-06-18 09:00:00,53.88
2023-06-18 10:00:00,46.0
2023-06-18 11:00:00,29.52
2023-06-18 12:00:00,25.1
2023-06-18 13:00:00,49.14
2023-06-18 14:00:00,75.0
2023-06-18 15:00:00,93.78
2023-06-18 16:00:00,107.23
2023-06-18 17:00:00,118.25
2023-06-18 18:00:00,125.47
2023-06-18 19:00:00,134.02
2023-06-18 20:00:00,137.06
2023-06-18 21:00:00,117.53
2023-06-18 22:00:00,99.68
2023-06-18 23:00:00,93.41
2023-06-19 00:00:00,88.34
2023-06-19 01:00:00,89.42
2023-06-19 02:00:00,90.69
2023-06-19 03:00:00,95.61
2023-06-19 04:00:00,109.78
2023-06-19 05:00:00,130.15
2023-06-19 06:00:00,132.23
2023-06-19 07:00:00,115.33
2023-06-19 08:00:00,103.78
2023-06-19 09:00:00,97.02
2023-06-19 10:00:00,93.11
2023-06-19 11:00:00,90.0
2023-06-19 12:00:00,88.49
2023-06-19 13:00:00,94.01
2023-06-19 14:00:00,98.11
2023-06-19 15:00:00,110.08
2023-06-19 16:00:00,137.0
2023-06-19 17:00:00,167.77
2023-06-19 18:00:00,165.08
2023-06-19 19:00:00,149.99
2023-06-19 20:00:00,142.86
2023-06-19 21:00:00,134.48
2023-06-19 22:00:00,120.8
2023-06-19 23:00:00,110.28
2023-06-20 00:00:00,103.98
2023-06-20 01:00:00,101.0
2023-06-20 02:00:00,99.45
2023-06-20 03:00:00,101.07
2023-06-20 04:00:00,111.89
2023-06-20 05:00:00,126.21
2023-06-20 06:00:00,146.31
2023-06-20 07:00:00,130.89
2023-06-20 08:00:00,114.01
2023-06-20 09:00:00,109.8
2023-06-20 10:00:00,99.9
2023-06-20 11:00:00,101.52
2023-06-20 12:00:00,101.77
2023-06-20 13:00:00,103.21
2023-06-20 14:00:00,105.15
2023-06-20 15:00:00,118.54
2023-06-20 16:00:00,140.0
2023-06-20 17:00:00,160.59
2023-06-20 18:00:00,165.08
2023-06-20 19:00:00,150.0
2023-06-20 20:00:00,138.0
2023-06-20 21:00:00,120.11
2023-06-20 22:00:00,119.7
2023-06-20 23:00:00,110.7
2023-06-21 00:00:00,104.7
2023-06-21 01:00:00,103.89
2023-06-21 02:00:00,103.74
2023-06-21 03:00:00,106.98
2023-06-21 04:00:00,123.4
2023-06-21 05:00:00,137.67
2023-06-21 06:00:00,144.45
2023-06-21 07:00:00,126.01
2023-06-21 08:00:00,114.07
2023-06-21 09:00:00,110.07
2023-06-21 10:00:00,104.57
2023-06-21 11:00:00,99.73
2023-06-21 12:00:00,95.78
2023-06-21 13:00:00,99.11
2023-06-21 14:00:00,100.12
2023-06-21 15:00:00,113.44
2023-06-21 16:00:00,138.0
2023-06-21 17:00:00,167.43
2023-06-21 18:00:00,187.46
2023-06-21 19:00:00,164.73
2023-06-21 20:00:00,151.15
2023-06-21 21:00:00,134.79
2023-06-21 22:00:00,132.77
2023-06-21 23:00:00,123.05
2023-06-22 00:00:00,115.08
2023-06-22 01:00:00,111.31
2023-06-22 02:00:00,107.02
2023-06-22 03:00:00,111.94
2023-06-22 04:00:00,125.52
2023-06-22 05:00:00,143.38
2023-06-22 06:00:00,149.29
2023-06-22 07:00:00,129.75
2023-06-22 08:00:00,116.04
2023-06-22 09:00:00,110.14
2023-06-22 10:00:00,109.94
2023-06-22 11:00:00,106.86
2023-06-22 12:00:00,106.46
2023-06-22 13:00:00,106.68
2023-06-22 14:00:00,108.18
2023-06-22 15:00:00,122.24
2023-06-22 16:00:00,137.3
2023-06-22 17:00:00,157.43
2023-06-22 18:00:00,154.91
2023-06-22 19:00:00,147.18
2023-06-22 20:00:00,134.34
2023-06-22 21:00:00,120.84
2023-06-22 22:00:00,104.03
2023-06-22 23:00:00,95.2
2023-06-23 00:00:00,91.79
2023-06-23 01:00:00,91.28
2023-06-23 02:00:00,90.94
2023-06-23 03:00:00,94.56
2023-06-23 04:00:00,115.09
2023-06-23 05:00:00,128.7
2023-06-23 06:00:00,131.23
2023-06-23 07:00:00,121.93
2023-06-23 08:00:00,107.12
2023-06-23 09:00:00,98.1
2023-06-23 10:00:00,93.01
2023-06-23 11:00:00,87.37
2023-06-23 12:00:00,82.55
2023-06-23 13:00:00,82.17
2023-06-23 14:00:00,90.0
2023-06-23 15:00:00,99.62
2023-06-23 16:00:00,108.81
2023-06-23 17:00:00,130.06
2023-06-23 18:00:00,137.1
2023-06-23 19:00:00,134.96
2023-06-23 20:00:00,130.1
2023-06-23 21:00:00,121.87
2023-06-23 22:00:00,117.28
2023-06-23 23:00:00,109.66
2023-06-24 00:00:00,102.84
2023-06-24 01:00:00,100.31
2023-06-24 02:00:00,94.33
2023-06-24 03:00:00,91.02
2023-06-24 04:00:00,89.96
2023-06-24 05:00:00,92.3
2023-06-24 06:00:00,90.57
2023-06-24 07:00:00,81.69
2023-06-24 08:00:00,57.64
2023-06-24 09:00:00,25.0
2023-06-24 10:00:00,14.99
2023-06-24 11:00:00,1.9
2023-06-24 12:00:00,0.31
2023-06-24 13:00:00,10.0
2023-06-24 14:00:00,28.2
2023-06-24 15:00:00,80.98
2023-06-24 16:00:00,89.6
2023-06-24 17:00:00,101.0
2023-06-24 18:00:00,113.52
2023-06-24 19:00:00,105.16
2023-06-24 20:00:00,127.12
2023-06-24 21:00:00,118.31
2023-06-24 22:00:00,104.98
2023-06-24 23:00:00,103.07
2023-06-25 00:00:00,96.16
2023-06-25 01:00:00,92.8
2023-06-25 02:00:00,92.7
2023-06-25 03:00:00,68.58
2023-06-25 04:00:00,57.28
2023-06-25 05:00:00,61.75
2023-06-25 06:00:00,54.0
2023-06-25 07:00:00,32.55
2023-06-25 08:00:00,9.69
2023-06-25 09:00:00,0.1
2023-06-25 10:00:00,0.0
2023-06-25 11:00:00,-0.1
2023-06-25 12:00:00,-0.1
2023-06-25 13:00:00,0.0
2023-06-25 14:00:00,9.69
2023-06-25 15:00:00,68.99
2023-06-25 16:00:00,87.09
2023-06-25 17:00:00,97.71
2023-06-25 18:00:00,105.0
2023-06-25 19:00:00,122.49
2023-06-25 20:00:00,127.59
2023-06-25 21:00:00,118.76
2023-06-25 22:00:00,92.3
2023-06-25 23:00:00,90.0
2023-06-26 00:00:00,79.5
2023-06-26 01:00:00,48.48
2023-06-26 02:00:00,59.57
2023-06-26 03:00:00,80.0
2023-06-26 04:00:00,73.91
2023-06-26 05:00:00,110.11
2023-06-26 06:00:00,112.8
2023-06-26 07:00:00,101.52
2023-06-26 08:00:00,87.9
2023-06-26 09:00:00,83.17
2023-06-26 10:00:00,82.68
2023-06-26 11:00:00,77.58
2023-06-26 12:00:00,59.37
2023-06-26 13:00:00,71.34
2023-06-26 14:00:00,71.3
2023-06-26 15:00:00,86.0
2023-06-26 16:00:00,97.0
2023-06-26 17:00:00,110.93
2023-06-26 18:00:00,118.0
2023-06-26 19:00:00,125.73
2023-06-26 20:00:00,129.53
2023-06-26 21:00:00,118.66
2023-06-26 22:00:00,113.82
2023-06-26 23:00:00,95.0
2023-06-27 00:00:00,91.57
2023-06-27 01:00:00,89.09
2023-06-27 02:00:00,86.36
2023-06-27 03:00:00,90.55
2023-06-27 04:00:00,115.29
2023-06-27 05:00:00,130.0
2023-06-27 06:00:00,127.0
2023-06-27 07:00:00,102.23
2023-06-27 08:00:00,90.0
2023-06-27 09:00:00,88.03
2023-06-27 10:00:00,84.67
2023-06-27 11:00:00,85.31
2023-06-27 12:00:00,84.74
2023-06-27 13:00:00,83.2
2023-06-27 14:00:00,89.05
2023-06-27 15:00:00,96.4
2023-06-27 16:00:00,113.57
2023-06-27 17:00:00,130.55
2023-06-27 18:00:00,134.79
2023-06-27 19:00:00,127.6
2023-06-27 20:00:00,125.06
2023-06-27 21:00:00,116.16
2023-06-27 22:00:00,97.95
2023-06-27 23:00:00,90.54
2023-06-28 00:00:00,87.0
2023-06-28 01:00:00,86.16
2023-06-28 02:00:00,86.16
2023-06-28 03:00:00,90.27
2023-06-28 04:00:00,93.8
2023-06-28 05:00:00,112.63
2023-06-28 06:00:00,121.21
2023-06-28 07:00:00,113.6
2023-06-28 08:00:00,101.89
2023-06-28 09:00:00,99.3
2023-06-28 10:00:00,101.18
2023-06-28 11:00:00,97.42
2023-06-28 12:00:00,95.59
2023-06-28 13:00:00,95.39
2023-06-28 14:00:00,97.6
2023-06-28 15:00:00,107.08
2023-06-28 16:00:00,123.04
2023-06-28 17:00:00,139.3
2023-06-28 18:00:00,133.1
2023-06-28 19:00:00,130.9
2023-06-28 20:00:00,130.0
2023-06-28 21:00:00,121.1
2023-06-28 22:00:00,119.46
2023-06-28 23:00:00,110.06
2023-06-29 00:00:00,101.72
2023-06-29 01:00:00,97.62
2023-06-29 02:00:00,97.09
2023-06-29 03:00:00,101.54
2023-06-29 04:00:00,113.97
2023-06-29 05:00:00,129.29
2023-06-29 06:00:00,130.31
2023-06-29 07:00:00,116.39
2023-06-29 08:00:00,105.95
2023-06-29 09:00:00,98.6
2023-06-29 10:00:00,97.98
2023-06-29 11:00:00,96.88
2023-06-29 12:00:00,98.6
2023-06-29 13:00:00,100.0
2023-06-29 14:00:00,101.12
2023-06-29 15:00:00,112.03
2023-06-29 16:00:00,118.2
2023-06-29 17:00:00,124.62
2023-06-29 18:00:00,119.22
2023-06-29 19:00:00,122.03
2023-06-29 20:00:00,124.76
2023-06-29 21:00:00,112.63
2023-06-29 22:00:00,115.04
2023-06-29 23:00:00,103.41
2023-06-30 00:00:00,96.68
2023-06-30 01:00:00,85.13
2023-06-30 02:00:00,83.08
2023-06-30 03:00:00,85.0
2023-06-30 04:00:00,92.13
2023-06-30 05:00:00,120.95
2023-06-30 06:00:00,127.31
2023-06-30 07:00:00,117.02
2023-06-30 08:00:00,107.21
2023-06-30 09:00:00,100.32
2023-06-30 10:00:00,100.47
2023-06-30 11:00:00,91.64
2023-06-30 12:00:00,88.46
2023-06-30 13:00:00,85.96
2023-06-30 14:00:00,81.13
2023-06-30 15:00:00,78.6
2023-06-30 16:00:00,92.93
2023-06-30 17:00:00,111.08
2023-06-30 18:00:00,118.05
2023-06-30 19:00:00,115.54
2023-06-30 20:00:00,112.3
2023-06-30 21:00:00,109.47
2023-06-30 22:00:00,85.68
2023-06-30 23:00:00,64.75
2023-07-01 00:00:00,61.43
2023-07-01 01:00:00,33.87
2023-07-01 02:00:00,18.25
2023-07-01 03:00:00,14.58
2023-07-01 04:00:00,31.46
2023-07-01 05:00:00,22.2
2023-07-01 06:00:00,62.29
2023-07-01 07:00:00,50.41
2023-07-01 08:00:00,43.71
2023-07-01 09:00:00,24.61
2023-07-01 10:00:00,16.83
2023-07-01 11:00:00,4.43
2023-07-01 12:00:00,0.07
2023-07-01 13:00:00,-0.01
2023-07-01 14:00:00,-0.01
2023-07-01 15:00:00,1.64
2023-07-01 16:00:00,22.0
2023-07-01 17:00:00,65.0
2023-07-01 18:00:00,82.14
2023-07-01 19:00:00,92.05
2023-07-01 20:00:00,92.97
2023-07-01 21:00:00,89.86
2023-07-01 22:00:00,16.45
2023-07-01 23:00:00,3.17
2023-07-02 00:00:00,0.01
2023-07-02 01:00:00,0.0
2023-07-02 02:00:00,-0.03
2023-07-02 03:00:00,-0.05
2023-07-02 04:00:00,-0.05
2023-07-02 05:00:00,-0.47
2023-07-02 06:00:00,-2.75
2023-07-02 07:00:00,-12.92
2023-07-02 08:00:00,-23.01
2023-07-02 09:00:00,-19.17
2023-07-02 10:00:00,-23.78
2023-07-02 11:00:00,-20.0
2023-07-02 12:00:00,-55.66
2023-07-02 13:00:00,-134.94
2023-07-02 14:00:00,-79.44
2023-07-02 15:00:00,-27.38
2023-07-02 16:00:00,-0.01
2023-07-02 17:00:00,13.37
2023-07-02 18:00:00,71.04
2023-07-02 19:00:00,85.91
2023-07-02 20:00:00,94.9
2023-07-02 21:00:00,86.08
2023-07-02 22:00:00,66.0
2023-07-02 23:00:00,43.5
2023-07-03 00:00:00,24.09
2023-07-03 01:00:00,10.26
2023-07-03 02:00:00,15.8
2023-07-03 03:00:00,54.0
2023-07-03 04:00:00,86.0
2023-07-03 05:00:00,110.89
2023-07-03 06:00:00,104.91
2023-07-03 07:00:00,72.25
2023-07-03 08:00:00,55.58
2023-07-03 09:00:00,52.32
2023-07-03 10:00:00,50.1
2023-07-03 11:00:00,48.03
2023-07-03 12:00:00,33.38
2023-07-03 13:00:00,23.22
2023-07-03 14:00:00,25.3
2023-07-03 15:00:00,42.57
2023-07-03 16:00:00,91.81
2023-07-03 17:00:00,117.41
2023-07-03 18:00:00,126.14
2023-07-03 19:00:00,129.15
2023-07-03 20:00:00,122.0
2023-07-03 21:00:00,115.14
2023-07-03 22:00:00,98.46
2023-07-03 23:00:00,83.27
2023-07-04 00:00:00,74.16
2023-07-04 01:00:00,68.03
2023-07-04 02:00:00,71.51
2023-07-04 03:00:00,86.01
2023-07-04 04:00:00,113.84
2023-07-04 05:00:00,119.97
2023-07-04 06:00:00,113.29
2023-07-04 07:00:00,108.52
2023-07-04 08:00:00,93.68
2023-07-04 09:00:00,89.18
2023-07-04 10:00:00,82.21
2023-07-04 11:00:00,64.17
2023-07-04 12:00:00,51.75
2023-07-04 13:00:00,53.62
2023-07-04 14:00:00,84.74
2023-07-04 15:00:00,93.68
2023-07-04 16:00:00,116.67
2023-07-04 17:00:00,125.64
2023-07-04 18:00:00,133.88
2023-07-04 19:00:00,140.7
2023-07-04 20:00:00,139.82
2023-07-04 21:00:00,124.09
2023-07-04 22:00:00,106.01
2023-07-04 23:00:00,88.63
2023-07-05 00:00:00,90.59
2023-07-05 01:00:00,57.66
2023-07-05 02:00:00,68.57
2023-07-05 03:00:00,69.47
2023-07-05 04:00:00,76.77
2023-07-05 05:00:00,95.07
2023-07-05 06:00:00,98.35
2023-07-05 07:00:00,82.4
2023-07-05 08:00:00,73.44
2023-07-05 09:00:00,55.25
2023-07-05 10:00:00,46.27
2023-07-05 11:00:00,36.3
2023-07-05 12:00:00,44.4
2023-07-05 13:00:00,40.64
2023-07-05 14:00:00,47.53
2023-07-05 15:00:00,59.5
2023-07-05 16:00:00,93.32
2023-07-05 17:00:00,106.74
2023-07-05 18:00:00,119.75
2023-07-05 19:00:00,123.79
2023-07-05 20:00:00,122.79
2023-07-05 21:00:00,115.11
2023-07-05 22:00:00,91.62
2023-07-05 23:00:00,84.0
2023-07-06 00:00:00,82.4
2023-07-06 01:00:00,83.05
2023-07-06 02:00:00,85.01
2023-07-06 03:00:00,94.37
2023-07-06 04:00:00,113.75
2023-07-06 05:00:00,126.85
2023-07-06 06:00:00,124.85
2023-07-06 07:00:00,110.97
2023-07-06 08:00:00,96.84
2023-07-06 09:00:00,89.67
2023-07-06 10:00:00,98.08
2023-07-06 11:00:00,81.61
2023-07-06 12:00:00,85.74
2023-07-06 13:00:00,84.05
2023-07-06 14:00:00,88.1
2023-07-06 15:00:00,98.93
2023-07-06 16:00:00,112.93
2023-07-06 17:00:00,131.81
2023-07-06 18:00:00,131.15
2023-07-06 19:00:00,131.83
2023-07-06 20:00:00,129.85
2023-07-06 21:00:00,118.98
2023-07-06 22:00:00,114.0
2023-07-06 23:00:00,100.61
2023-07-07 00:00:00,97.6
2023-07-07 01:00:00,89.2
2023-07-07 02:00:00,75.14
2023-07-07 03:00:00,87.03
2023-07-07 04:00:00,75.08
2023-07-07 05:00:00,116.37
2023-07-07 06:00:00,108.29
2023-07-07 07:00:00,91.79
2023-07-07 08:00:00,84.0
2023-07-07 09:00:00,79.12
2023-07-07 10:00:00,74.9
2023-07-07 11:00:00,66.57
2023-07-07 12:00:00,64.98
2023-07-07 13:00:00,66.18
2023-07-07 14:00:00,80.29
2023-07-07 15:00:00,90.0
2023-07-07 16:00:00,106.05
2023-07-07 17:00:00,108.17
2023-07-07 18:00:00,119.17
2023-07-07 19:00:00,124.27
2023-07-07 20:00:00,117.27
2023-07-07 21:00:00,101.56
2023-07-07 22:00:00,100.27
2023-07-07 23:00:00,89.69
2023-07-08 00:00:00,89.97
2023-07-08 01:00:00,77.21
2023-07-08 02:00:00,67.75
2023-07-08 03:00:00,71.18
2023-07-08 04:00:00,76.51
2023-07-08 05:00:00,85.04
2023-07-08 06:00:00,83.65
2023-07-08 07:00:00,76.04
2023-07-08 08:00:00,60.9
2023-07-08 09:00:00,46.32
2023-07-08 10:00:00,40.19
2023-07-08 11:00:00,40.35
2023-07-08 12:00:00,29.42
2023-07-08 13:00:00,40.0
2023-07-08 14:00:00,60.9
2023-07-08 15:00:00,83.4
2023-07-08 16:00:00,107.3
2023-07-08 17:00:00,120.95
2023-07-08 18:00:00,128.76
2023-07-08 19:00:00,132.86
2023-07-08 20:00:00,129.7
2023-07-08 21:00:00,115.92
2023-07-08 22:00:00,109.44
2023-07-08 23:00:00,101.74
2023-07-09 00:00:00,101.82
2023-07-09 01:00:00,95.5
2023-07-09 02:00:00,95.99
2023-07-09 03:00:00,97.15
2023-07-09 04:00:00,94.96
2023-07-09 05:00:00,91.49
2023-07-09 06:00:00,86.02
2023-07-09 07:00:00,76.93
2023-07-09 08:00:00,60.0
2023-07-09 09:00:00,50.0
2023-07-09 10:00:00,48.46
2023-07-09 11:00:00,37.11
2023-07-09 12:00:00,44.99
2023-07-09 13:00:00,55.31
2023-07-09 14:00:00,72.87
2023-07-09 15:00:00,82.4
2023-07-09 16:00:00,99.25
2023-07-09 17:00:00,106.42
2023-07-09 18:00:00,127.02
2023-07-09 19:00:00,134.1
2023-07-09 20:00:00,132.12
2023-07-09 21:00:00,119.6
2023-07-09 22:00:00,112.49
2023-07-09 23:00:00,102.0
2023-07-10 00:00:00,94.3
2023-07-10 01:00:00,91.94
2023-07-10 02:00:00,93.31
2023-07-10 03:00:00,105.0
2023-07-10 04:00:00,114.92
2023-07-10 05:00:00,126.87
2023-07-10 06:00:00,134.27
2023-07-10 07:00:00,117.95
2023-07-10 08:00:00,105.28
2023-07-10 09:00:00,101.1
2023-07-10 10:00:00,95.0
2023-07-10 11:00:00,94.81
2023-07-10 12:00:00,91.0
2023-07-10 13:00:00,91.34
2023-07-10 14:00:00,88.32
2023-07-10 15:00:00,95.05
2023-07-10 16:00:00,124.72
2023-07-10 17:00:00,165.49
2023-07-10 18:00:00,173.42
2023-07-10 19:00:00,159.5
2023-07-10 20:00:00,160.0
2023-07-10 21:00:00,133.7
2023-07-10 22:00:00,124.41
2023-07-10 23:00:00,112.75
2023-07-11 00:00:00,104.28
2023-07-11 01:00:00,91.7
2023-07-11 02:00:00,77.36
2023-07-11 03:00:00,77.43
2023-07-11 04:00:00,102.1
2023-07-11 05:00:00,121.9
2023-07-11 06:00:00,120.95
2023-07-11 07:00:00,105.1
2023-07-11 08:00:00,97.72
2023-07-11 09:00:00,99.08
2023-07-11 10:00:00,96.0
2023-07-11 11:00:00,92.5
2023-07-11 12:00:00,81.36
2023-07-11 13:00:00,81.01
2023-07-11 14:00:00,89.02
2023-07-11 15:00:00,97.08
2023-07-11 16:00:00,120.78
2023-07-11 17:00:00,123.49
2023-07-11 18:00:00,126.87
2023-07-11 19:00:00,128.21
2023-07-11 20:00:00,121.38
2023-07-11 21:00:00,103.71
2023-07-11 22:00:00,98.47
2023-07-11 23:00:00,91.0
2023-07-12 00:00:00,90.0
2023-07-12 01:00:00,82.09
2023-07-12 02:00:00,81.71
2023-07-12 03:00:00,82.37
2023-07-12 04:00:00,97.88
2023-07-12 05:00:00,117.29
2023-07-12 06:00:00,120.0
2023-07-12 07:00:00,107.18
2023-07-12 08:00:00,97.37
2023-07-12 09:00:00,92.2
2023-07-12 10:00:00,95.31
2023-07-12 11:00:00,88.87
2023-07-12 12:00:00,78.68
2023-07-12 13:00:00,72.58
2023-07-12 14:00:00,72.33
2023-07-12 15:00:00,88.72
2023-07-12 16:00:00,97.96
2023-07-12 17:00:00,116.39
2023-07-12 18:00:00,117.96
2023-07-12 19:00:00,123.0
2023-07-12 20:00:00,123.79
2023-07-12 21:00:00,114.2
2023-07-12 22:00:00,105.24
2023-07-12 23:00:00,93.38
2023-07-13 00:00:00,89.09
2023-07-13 01:00:00,85.83
2023-07-13 02:00:00,86.0
2023-07-13 03:00:00,92.0
2023-07-13 04:00:00,105.38
2023-07-13 05:00:00,117.85
2023-07-13 06:00:00,119.1
2023-07-13 07:00:00,104.68
2023-07-13 08:00:00,92.13
2023-07-13 09:00:00,88.72
2023-07-13 10:00:00,90.66
2023-07-13 11:00:00,90.1
2023-07-13 12:00:00,75.24
2023-07-13 13:00:00,74.22
2023-07-13 14:00:00,79.7
2023-07-13 15:00:00,90.55
2023-07-13 16:00:00,96.09
2023-07-13 17:00:00,119.45
2023-07-13 18:00:00,132.14
2023-07-13 19:00:00,137.31
2023-07-13 20:00:00,130.13
2023-07-13 21:00:00,117.72
2023-07-13 22:00:00,101.0
2023-07-13 23:00:00,96.36
2023-07-14 00:00:00,90.53
2023-07-14 01:00:00,74.74
2023-07-14 02:00:00,81.49
2023-07-14 03:00:00,87.95
2023-07-14 04:00:00,88.05
2023-07-14 05:00:00,104.79
2023-07-14 06:00:00,98.24
2023-07-14 07:00:00,85.07
2023-07-14 08:00:00,79.71
2023-07-14 09:00:00,75.23
2023-07-14 10:00:00,73.9
2023-07-14 11:00:00,64.34
2023-07-14 12:00:00,56.62
2023-07-14 13:00:00,50.83
2023-07-14 14:00:00,45.68
2023-07-14 15:00:00,57.42
2023-07-14 16:00:00,70.72
2023-07-14 17:00:00,80.7
2023-07-14 18:00:00,101.75
2023-07-14 19:00:00,93.17
2023-07-14 20:00:00,96.13
2023-07-14 21:00:00,82.19
2023-07-14 22:00:00,73.58
2023-07-14 23:00:00,53.57
2023-07-15 00:00:00,29.15
2023-07-15 01:00:00,19.94
2023-07-15 02:00:00,6.94
2023-07-15 03:00:00,13.69
2023-07-15 04:00:00,19.72
2023-07-15 05:00:00,22.6
2023-07-15 06:00:00,29.95
2023-07-15 07:00:00,17.41
2023-07-15 08:00:00,4.61
2023-07-15 09:00:00,0.0
2023-07-15 10:00:00,-0.02
2023-07-15 11:00:00,-0.09
2023-07-15 12:00:00,-1.0
2023-07-15 13:00:00,-0.1
2023-07-15 14:00:00,-0.02
2023-07-15 15:00:00,4.3
2023-07-15 16:00:00,30.0
2023-07-15 17:00:00,66.81
2023-07-15 18:00:00,89.0
2023-07-15 19:00:00,84.56
2023-07-15 20:00:00,83.04
2023-07-15 21:00:00,71.82
2023-07-15 22:00:00,57.25
2023-07-15 23:00:00,19.69
2023-07-16 00:00:00,2.53
2023-07-16 01:00:00,-0.02
2023-07-16 02:00:00,-0.08
2023-07-16 03:00:00,-0.25
2023-07-16 04:00:00,-2.73
2023-07-16 05:00:00,-4.52
2023-07-16 06:00:00,-5.13
2023-07-16 07:00:00,-11.16
2023-07-16 08:00:00,-17.38
2023-07-16 09:00:00,-19.91
2023-07-16 10:00:00,-17.35
2023-07-16 11:00:00,-26.27
2023-07-16 12:00:00,-37.33
2023-07-16 13:00:00,-40.45
2023-07-16 14:00:00,-21.47
2023-07-16 15:00:00,-0.06
2023-07-16 16:00:00,34.6
2023-07-16 17:00:00,93.82
2023-07-16 18:00:00,100.98
2023-07-16 19:00:00,110.72
2023-07-16 20:00:00,114.95
2023-07-16 21:00:00,110.0
2023-07-16 22:00:00,90.68
2023-07-16 23:00:00,73.32
2023-07-17 00:00:00,71.05
2023-07-17 01:00:00,66.15
2023-07-17 02:00:00,61.62
2023-07-17 03:00:00,71.0
2023-07-17 04:00:00,85.01
2023-07-17 05:00:00,109.5
2023-07-17 06:00:00,110.85
2023-07-17 07:00:00,96.08
2023-07-17 08:00:00,77.4
2023-07-17 09:00:00,60.81
2023-07-17 10:00:00,81.01
2023-07-17 11:00:00,25.48
2023-07-17 12:00:00,30.46
2023-07-17 13:00:00,19.95
2023-07-17 14:00:00,59.01
2023-07-17 15:00:00,75.36
2023-07-17 16:00:00,85.28
2023-07-17 17:00:00,105.97
2023-07-17 18:00:00,118.3
2023-07-17 19:00:00,125.0
2023-07-17 20:00:00,126.44
2023-07-17 21:00:00,111.49
2023-07-17 22:00:00,100.28
2023-07-17 23:00:00,86.4
2023-07-18 00:00:00,77.54
2023-07-18 01:00:00,69.87
2023-07-18 02:00:00,68.55
2023-07-18 03:00:00,76.48
2023-07-18 04:00:00,96.88
2023-07-18 05:00:00,108.65
2023-07-18 06:00:00,110.0
2023-07-18 07:00:00,97.75
2023-07-18 08:00:00,91.8
2023-07-18 09:00:00,89.74
2023-07-18 10:00:00,84.74
2023-07-18 11:00:00,80.28
2023-07-18 12:00:00,81.66
2023-07-18 13:00:00,81.9
2023-07-18 14:00:00,84.78
2023-07-18 15:00:00,96.9
2023-07-18 16:00:00,122.45
2023-07-18 17:00:00,168.57
2023-07-18 18:00:00,188.0
2023-07-18 19:00:00,164.42
2023-07-18 20:00:00,139.26
2023-07-18 21:00:00,113.25
2023-07-18 22:00:00,108.11
2023-07-18 23:00:00,101.2
2023-07-19 00:00:00,97.25
2023-07-19 01:00:00,84.1
2023-07-19 02:00:00,65.45
2023-07-19 03:00:00,74.62
2023-07-19 04:00:00,72.47
2023-07-19 05:00:00,105.06
2023-07-19 06:00:00,111.3
2023-07-19 07:00:00,99.9
2023-07-19 08:00:00,88.75
2023-07-19 09:00:00,81.42
2023-07-19 10:00:00,77.82
2023-07-19 11:00:00,70.0
2023-07-19 12:00:00,64.54
2023-07-19 13:00:00,64.21
2023-07-19 14:00:00,73.03
2023-07-19 15:00:00,77.09
2023-07-19 16:00:00,82.72
2023-07-19 17:00:00,102.44
2023-07-19 18:00:00,102.33
2023-07-19 19:00:00,113.04
2023-07-19 20:00:00,116.03
2023-07-19 21:00:00,102.63
2023-07-19 22:00:00,98.98
2023-07-19 23:00:00,94.5
2023-07-20 00:00:00,80.28
2023-07-20 01:00:00,70.85
2023-07-20 02:00:00,70.64
2023-07-20 03:00:00,72.36
2023-07-20 04:00:00,99.51
2023-07-20 05:00:00,109.99
2023-07-20 06:00:00,111.45
2023-07-20 07:00:00,98.97
2023-07-20 08:00:00,87.83
2023-07-20 09:00:00,85.78
2023-07-20 10:00:00,92.0
2023-07-20 11:00:00,80.85
2023-07-20 12:00:00,76.72
2023-07-20 13:00:00,75.03
2023-07-20 14:00:00,77.31
2023-07-20 15:00:00,86.32
2023-07-20 16:00:00,105.15
2023-07-20 17:00:00,128.66
2023-07-20 18:00:00,145.01
2023-07-20 19:00:00,125.51
2023-07-20 20:00:00,123.33
2023-07-20 21:00:00,110.34
2023-07-20 22:00:00,101.53
2023-07-20 23:00:00,88.94
2023-07-21 00:00:00,82.0
2023-07-21 01:00:00,73.8
2023-07-21 02:00:00,68.39
2023-07-21 03:00:00,75.73
2023-07-21 04:00:00,81.15
2023-07-21 05:00:00,108.62
2023-07-21 06:00:00,111.51
2023-07-21 07:00:00,103.09
2023-07-21 08:00:00,95.35
2023-07-21 09:00:00,91.72
2023-07-21 10:00:00,88.0
2023-07-21 11:00:00,83.33
2023-07-21 12:00:00,81.7
2023-07-21 13:00:00,76.86
2023-07-21 14:00:00,73.78
2023-07-21 15:00:00,70.88
2023-07-21 16:00:00,79.94
2023-07-21 17:00:00,91.72
2023-07-21 18:00:00,103.09
2023-07-21 19:00:00,103.98
2023-07-21 20:00:00,111.38
2023-07-21 21:00:00,98.21
2023-07-21 22:00:00,98.14
2023-07-21 23:00:00,98.6
2023-07-22 00:00:00,93.0
2023-07-22 01:00:00,94.36
2023-07-22 02:00:00,89.93
2023-07-22 03:00:00,88.0
2023-07-22 04:00:00,88.8
2023-07-22 05:00:00,86.18
2023-07-22 06:00:00,82.93
2023-07-22 07:00:00,78.0
2023-07-22 08:00:00,64.0
2023-07-22 09:00:00,46.56
2023-07-22 10:00:00,43.84
2023-07-22 11:00:00,22.34
2023-07-22 12:00:00,19.52
2023-07-22 13:00:00,29.05
2023-07-22 14:00:00,47.12
2023-07-22 15:00:00,71.5
2023-07-22 16:00:00,80.0
2023-07-22 17:00:00,93.81
2023-07-22 18:00:00,97.79
2023-07-22 19:00:00,76.68
2023-07-22 20:00:00,95.7
2023-07-22 21:00:00,94.62
2023-07-22 22:00:00,83.78
2023-07-22 23:00:00,78.74
2023-07-23 00:00:00,47.61
2023-07-23 01:00:00,33.22
2023-07-23 02:00:00,14.1
2023-07-23 03:00:00,11.09
2023-07-23 04:00:00,5.08
2023-07-23 05:00:00,2.88
2023-07-23 06:00:00,3.42
2023-07-23 07:00:00,0.09
2023-07-23 08:00:00,0.0
2023-07-23 09:00:00,-0.03
2023-07-23 10:00:00,-0.05
2023-07-23 11:00:00,-0.08
2023-07-23 12:00:00,-0.1
2023-07-23 13:00:00,-0.1
2023-07-23 14:00:00,-0.02
2023-07-23 15:00:00,4.42
2023-07-23 16:00:00,35.76
2023-07-23 17:00:00,70.65
2023-07-23 18:00:00,90.0
2023-07-23 19:00:00,95.67
2023-07-23 20:00:00,100.81
2023-07-23 21:00:00,94.27
2023-07-23 22:00:00,77.14
2023-07-23 23:00:00,70.02
2023-07-24 00:00:00,68.99
2023-07-24 01:00:00,72.01
2023-07-24 02:00:00,72.09
2023-07-24 03:00:00,87.11
2023-07-24 04:00:00,81.71
2023-07-24 05:00:00,87.17
2023-07-24 06:00:00,105.64
2023-07-24 07:00:00,105.0
2023-07-24 08:00:00,99.94
2023-07-24 09:00:00,94.62
2023-07-24 10:00:00,87.56
2023-07-24 11:00:00,81.76
2023-07-24 12:00:00,75.46
2023-07-24 13:00:00,68.0
2023-07-24 14:00:00,66.2
2023-07-24 15:00:00,78.01
2023-07-24 16:00:00,78.51
2023-07-24 17:00:00,91.57
2023-07-24 18:00:00,102.0
2023-07-24 19:00:00,105.25
2023-07-24 20:00:00,105.84
2023-07-24 21:00:00,103.06
2023-07-24 22:00:00,96.0
2023-07-24 23:00:00,86.55
2023-07-25 00:00:00,84.95
2023-07-25 01:00:00,72.79
2023-07-25 02:00:00,63.43
2023-07-25 03:00:00,71.61
2023-07-25 04:00:00,82.4
2023-07-25 05:00:00,90.77
2023-07-25 06:00:00,103.39
2023-07-25 07:00:00,99.0
2023-07-25 08:00:00,98.74
2023-07-25 09:00:00,95.66
2023-07-25 10:00:00,98.97
2023-07-25 11:00:00,83.52
2023-07-25 12:00:00,78.73
2023-07-25 13:00:00,79.73
2023-07-25 14:00:00,75.12
2023-07-25 15:00:00,90.82
2023-07-25 16:00:00,106.92
2023-07-25 17:00:00,119.43
2023-07-25 18:00:00,120.07
2023-07-25 19:00:00,120.01
2023-07-25 20:00:00,110.84
2023-07-25 21:00:00,98.5
2023-07-25 22:00:00,97.96
2023-07-25 23:00:00,89.31
2023-07-26 00:00:00,86.26
2023-07-26 01:00:00,79.65
2023-07-26 02:00:00,79.64
2023-07-26 03:00:00,86.83
2023-07-26 04:00:00,99.63
2023-07-26 05:00:00,108.65
2023-07-26 06:00:00,111.15
2023-07-26 07:00:00,107.85
2023-07-26 08:00:00,99.81
2023-07-26 09:00:00,93.6
2023-07-26 10:00:00,91.5
2023-07-26 11:00:00,90.7
2023-07-26 12:00:00,88.97
2023-07-26 13:00:00,87.86
2023-07-26 14:00:00,84.82
2023-07-26 15:00:00,92.0
2023-07-26 16:00:00,100.1
2023-07-26 17:00:00,116.9
2023-07-26 18:00:00,120.3
2023-07-26 19:00:00,118.52
2023-07-26 20:00:00,111.69
2023-07-26 21:00:00,97.22
2023-07-26 22:00:00,98.36
2023-07-26 23:00:00,82.69
2023-07-27 00:00:00,76.0
2023-07-27 01:00:00,71.06
2023-07-27 02:00:00,64.31
2023-07-27 03:00:00,76.7
2023-07-27 04:00:00,75.0
2023-07-27 05:00:00,91.01
2023-07-27 06:00:00,104.3
2023-07-27 07:00:00,99.12
2023-07-27 08:00:00,96.8
2023-07-27 09:00:00,90.39
2023-07-27 10:00:00,86.45
2023-07-27 11:00:00,80.01
2023-07-27 12:00:00,78.33
2023-07-27 13:00:00,76.01
2023-07-27 14:00:00,73.6
2023-07-27 15:00:00,86.62
2023-07-27 16:00:00,99.5
2023-07-27 17:00:00,98.74
2023-07-27 18:00:00,111.0
2023-07-27 19:00:00,109.87
2023-07-27 20:00:00,108.54
2023-07-27 21:00:00,99.64
2023-07-27 22:00:00,88.63
2023-07-27 23:00:00,79.59
2023-07-28 00:00:00,78.13
2023-07-28 01:00:00,79.2
2023-07-28 02:00:00,80.02
2023-07-28 03:00:00,89.53
2023-07-28 04:00:00,97.4
2023-07-28 05:00:00,111.02
2023-07-28 06:00:00,112.99
2023-07-28 07:00:00,107.87
2023-07-28 08:00:00,99.54
2023-07-28 09:00:00,93.0
2023-07-28 10:00:00,87.97
2023-07-28 11:00:00,80.0
2023-07-28 12:00:00,75.65
2023-07-28 13:00:00,76.1
2023-07-28 14:00:00,80.0
2023-07-28 15:00:00,86.09
2023-07-28 16:00:00,85.93
2023-07-28 17:00:00,100.15
2023-07-28 18:00:00,110.82
2023-07-28 19:00:00,113.82
2023-07-28 20:00:00,111.69
2023-07-28 21:00:00,101.72
2023-07-28 22:00:00,103.09
2023-07-28 23:00:00,94.0
2023-07-29 00:00:00,91.17
2023-07-29 01:00:00,85.66
2023-07-29 02:00:00,88.97
2023-07-29 03:00:00,87.03
2023-07-29 04:00:00,85.7
2023-07-29 05:00:00,87.91
2023-07-29 06:00:00,85.79
2023-07-29 07:00:00,81.71
2023-07-29 08:00:00,75.5
2023-07-29 09:00:00,63.75
2023-07-29 10:00:00,59.34
2023-07-29 11:00:00,41.0
2023-07-29 12:00:00,23.24
2023-07-29 13:00:00,20.16
2023-07-29 14:00:00,33.57
2023-07-29 15:00:00,51.93
2023-07-29 16:00:00,77.09
2023-07-29 17:00:00,88.92
2023-07-29 18:00:00,100.65
2023-07-29 19:00:00,101.97
2023-07-29 20:00:00,101.32
2023-07-29 21:00:00,92.18
2023-07-29 22:00:00,84.5
2023-07-29 23:00:00,74.9
2023-07-30 00:00:00,67.81
2023-07-30 01:00:00,57.79
2023-07-30 02:00:00,51.6
2023-07-30 03:00:00,51.7
2023-07-30 04:00:00,47.34
2023-07-30 05:00:00,37.0
2023-07-30 06:00:00,29.82
2023-07-30 07:00:00,8.48
2023-07-30 08:00:00,0.0
2023-07-30 09:00:00,-0.01
2023-07-30 10:00:00,9.72
2023-07-30 11:00:00,0.08
2023-07-30 12:00:00,-0.04
2023-07-30 13:00:00,-0.04
2023-07-30 14:00:00,-0.03
2023-07-30 15:00:00,20.25
2023-07-30 16:00:00,42.65
2023-07-30 17:00:00,75.83
2023-07-30 18:00:00,86.36
2023-07-30 19:00:00,93.0
2023-07-30 20:00:00,89.15
2023-07-30 21:00:00,70.05
2023-07-30 22:00:00,61.03
2023-07-30 23:00:00,50.51
2023-07-31 00:00:00,44.09
2023-07-31 01:00:00,30.3
2023-07-31 02:00:00,28.91
2023-07-31 03:00:00,50.31
2023-07-31 04:00:00,71.63
2023-07-31 05:00:00,84.46
2023-07-31 06:00:00,87.63
2023-07-31 07:00:00,86.0
2023-07-31 08:00:00,74.29
2023-07-31 09:00:00,67.69
2023-07-31 10:00:00,65.58
2023-07-31 11:00:00,59.94
2023-07-31 12:00:00,59.48
2023-07-31 13:00:00,60.44
2023-07-31 14:00:00,67.78
2023-07-31 15:00:00,74.45
2023-07-31 16:00:00,78.3
2023-07-31 17:00:00,88.56
2023-07-31 18:00:00,96.96
2023-07-31 19:00:00,92.58
2023-07-31 20:00:00,95.26
2023-07-31 21:00:00,88.21
2023-07-31 22:00:00,69.05
2023-07-31 23:00:00,58.92
2023-08-01 00:00:00,57.86
2023-08-01 01:00:00,56.94
2023-08-01 02:00:00,57.9
2023-08-01 03:00:00,63.4
2023-08-01 04:00:00,66.18
2023-08-01 05:00:00,88.93
2023-08-01 06:00:00,90.06
2023-08-01 07:00:00,87.76
2023-08-01 08:00:00,76.5
2023-08-01 09:00:00,78.99
2023-08-01 10:00:00,75.1
2023-08-01 11:00:00,68.57
2023-08-01 12:00:00,60.12
2023-08-01 13:00:00,57.27
2023-08-01 14:00:00,59.01
2023-08-01 15:00:00,68.5
2023-08-01 16:00:00,79.12
2023-08-01 17:00:00,94.69
2023-08-01 18:00:00,105.22
2023-08-01 19:00:00,112.77
2023-08-01 20:00:00,102.55
2023-08-01 21:00:00,92.78
2023-08-01 22:00:00,89.38
2023-08-01 23:00:00,77.54
2023-08-02 00:00:00,69.62
2023-08-02 01:00:00,67.06
2023-08-02 02:00:00,66.16
2023-08-02 03:00:00,63.56
2023-08-02 04:00:00,52.38
2023-08-02 05:00:00,59.07
2023-08-02 06:00:00,67.12
2023-08-02 07:00:00,66.23
2023-08-02 08:00:00,65.88
2023-08-02 09:00:00,64.5
2023-08-02 10:00:00,52.02
2023-08-02 11:00:00,33.08
2023-08-02 12:00:00,24.65
2023-08-02 13:00:00,20.58
2023-08-02 14:00:00,28.84
2023-08-02 15:00:00,52.05
2023-08-02 16:00:00,63.18
2023-08-02 17:00:00,65.88
2023-08-02 18:00:00,71.05
2023-08-02 19:00:00,59.15
2023-08-02 20:00:00,65.7
2023-08-02 21:00:00,39.58
2023-08-02 22:00:00,20.62
2023-08-02 23:00:00,9.54
2023-08-03 00:00:00,3.45
2023-08-03 01:00:00,5.61
2023-08-03 02:00:00,0.09
2023-08-03 03:00:00,11.5
2023-08-03 04:00:00,39.43
2023-08-03 05:00:00,56.04
2023-08-03 06:00:00,70.22
2023-08-03 07:00:00,60.31
2023-08-03 08:00:00,45.93
2023-08-03 09:00:00,35.0
2023-08-03 10:00:00,35.0
2023-08-03 11:00:00,35.0
2023-08-03 12:00:00,22.49
2023-08-03 13:00:00,24.09
2023-08-03 14:00:00,25.11
2023-08-03 15:00:00,49.63
2023-08-03 16:00:00,80.38
2023-08-03 17:00:00,97.06
2023-08-03 18:00:00,97.92
2023-08-03 19:00:00,98.46
2023-08-03 20:00:00,98.5
2023-08-03 21:00:00,88.35
2023-08-03 22:00:00,90.14
2023-08-03 23:00:00,83.85
2023-08-04 00:00:00,80.92
2023-08-04 01:00:00,79.25
2023-08-04 02:00:00,76.6
2023-08-04 03:00:00,78.55
2023-08-04 04:00:00,86.36
2023-08-04 05:00:00,93.84
2023-08-04 06:00:00,114.94
2023-08-04 07:00:00,102.9
2023-08-04 08:00:00,95.16
2023-08-04 09:00:00,90.68
2023-08-04 10:00:00,86.92
2023-08-04 11:00:00,80.81
2023-08-04 12:00:00,77.84
2023-08-04 13:00:00,76.76
2023-08-04 14:00:00,80.68
2023-08-04 15:00:00,89.93
2023-08-04 16:00:00,98.26
2023-08-04 17:00:00,116.0
2023-08-04 18:00:00,114.44
2023-08-04 19:00:00,121.07
2023-08-04 20:00:00,105.63
2023-08-04 21:00:00,98.49
2023-08-04 22:00:00,101.55
2023-08-04 23:00:00,94.9
2023-08-05 00:00:00,92.58
2023-08-05 01:00:00,90.3
2023-08-05 02:00:00,90.24
2023-08-05 03:00:00,90.54
2023-08-05 04:00:00,90.24
2023-08-05 05:00:00,86.41
2023-08-05 06:00:00,85.66
2023-08-05 07:00:00,83.01
2023-08-05 08:00:00,80.1
2023-08-05 09:00:00,68.08
2023-08-05 10:00:00,65.01
2023-08-05 11:00:00,58.91
2023-08-05 12:00:00,58.04
2023-08-05 13:00:00,44.15
2023-08-05 14:00:00,37.08
2023-08-05 15:00:00,42.03
2023-08-05 16:00:00,45.0
2023-08-05 17:00:00,66.01
2023-08-05 18:00:00,82.99
2023-08-05 19:00:00,90.0
2023-08-05 20:00:00,91.39
2023-08-05 21:00:00,85.66
2023-08-05 22:00:00,74.13
2023-08-05 23:00:00,21.93
2023-08-06 00:00:00,20.22
2023-08-06 01:00:00,0.02
2023-08-06 02:00:00,3.21
2023-08-06 03:00:00,0.07
2023-08-06 04:00:00,0.1
2023-08-06 05:00:00,27.8
2023-08-06 06:00:00,5.0
2023-08-06 07:00:00,1.64
2023-08-06 08:00:00,2.4
2023-08-06 09:00:00,14.6
2023-08-06 10:00:00,5.04
2023-08-06 11:00:00,0.0
2023-08-06 12:00:00,0.0
2023-08-06 13:00:00,0.0
2023-08-06 14:00:00,0.0
2023-08-06 15:00:00,16.2
2023-08-06 16:00:00,35.97
2023-08-06 17:00:00,60.98
2023-08-06 18:00:00,77.06
2023-08-06 19:00:00,78.13
2023-08-06 20:00:00,71.86
2023-08-06 21:00:00,63.45
2023-08-06 22:00:00,54.91
2023-08-06 23:00:00,50.35
2023-08-07 00:00:00,41.98
2023-08-07 01:00:00,7.18
2023-08-07 02:00:00,22.54
2023-08-07 03:00:00,65.03
2023-08-07 04:00:00,72.22
2023-08-07 05:00:00,91.31
2023-08-07 06:00:00,94.5
2023-08-07 07:00:00,77.62
2023-08-07 08:00:00,57.5
2023-08-07 09:00:00,52.3
2023-08-07 10:00:00,59.13
2023-08-07 11:00:00,52.71
2023-08-07 12:00:00,55.2
2023-08-07 13:00:00,54.23
2023-08-07 14:00:00,57.61
2023-08-07 15:00:00,70.95
2023-08-07 16:00:00,85.1
2023-08-07 17:00:00,107.02
2023-08-07 18:00:00,116.3
2023-08-07 19:00:00,124.95
2023-08-07 20:00:00,110.8
2023-08-07 21:00:00,100.0
2023-08-07 22:00:00,69.88
2023-08-07 23:00:00,55.87
2023-08-08 00:00:00,65.55
2023-08-08 01:00:00,38.9
2023-08-08 02:00:00,41.09
2023-08-08 03:00:00,63.11
2023-08-08 04:00:00,64.62
2023-08-08 05:00:00,69.41
2023-08-08 06:00:00,79.46
2023-08-08 07:00:00,83.88
2023-08-08 08:00:00,80.0
2023-08-08 09:00:00,70.43
2023-08-08 10:00:00,50.09
2023-08-08 11:00:00,45.69
2023-08-08 12:00:00,48.9
2023-08-08 13:00:00,49.38
2023-08-08 14:00:00,63.47
2023-08-08 15:00:00,69.21
2023-08-08 16:00:00,66.66
2023-08-08 17:00:00,88.56
2023-08-08 18:00:00,100.21
2023-08-08 19:00:00,92.92
2023-08-08 20:00:00,97.28
2023-08-08 21:00:00,75.78
2023-08-08 22:00:00,82.48
2023-08-08 23:00:00,73.86
2023-08-09 00:00:00,71.21
2023-08-09 01:00:00,68.38
2023-08-09 02:00:00,74.12
2023-08-09 03:00:00,83.95
2023-08-09 04:00:00,98.16
2023-08-09 05:00:00,105.7
2023-08-09 06:00:00,106.44
2023-08-09 07:00:00,99.66
2023-08-09 08:00:00,89.96
2023-08-09 09:00:00,85.69
2023-08-09 10:00:00,81.9
2023-08-09 11:00:00,76.23
2023-08-09 12:00:00,71.93
2023-08-09 13:00:00,79.39
2023-08-09 14:00:00,80.5
2023-08-09 15:00:00,84.0
2023-08-09 16:00:00,98.53
2023-08-09 17:00:00,118.92
2023-08-09 18:00:00,123.86
2023-08-09 19:00:00,130.81
2023-08-09 20:00:00,122.47
2023-08-09 21:00:00,100.96
2023-08-09 22:00:00,96.27
2023-08-09 23:00:00,91.99
2023-08-10 00:00:00,89.15
2023-08-10 01:00:00,79.98
2023-08-10 02:00:00,68.51
2023-08-10 03:00:00,90.3
2023-08-10 04:00:00,100.23
2023-08-10 05:00:00,103.32
2023-08-10 06:00:00,104.2
2023-08-10 07:00:00,98.0
2023-08-10 08:00:00,95.72
2023-08-10 09:00:00,86.21
2023-08-10 10:00:00,82.94
2023-08-10 11:00:00,75.26
2023-08-10 12:00:00,76.63
2023-08-10 13:00:00,80.53
2023-08-10 14:00:00,81.54
2023-08-10 15:00:00,91.28
2023-08-10 16:00:00,100.42
2023-08-10 17:00:00,109.25
2023-08-10 18:00:00,120.25
2023-08-10 19:00:00,125.51
2023-08-10 20:00:00,115.19
2023-08-10 21:00:00,100.94
2023-08-10 22:00:00,111.04
2023-08-10 23:00:00,106.06
2023-08-11 00:00:00,104.03
2023-08-11 01:00:00,84.74
2023-08-11 02:00:00,78.52
2023-08-11 03:00:00,82.02
2023-08-11 04:00:00,104.0
2023-08-11 05:00:00,114.88
2023-08-11 06:00:00,114.98
2023-08-11 07:00:00,102.27
2023-08-11 08:00:00,90.96
2023-08-11 09:00:00,80.96
2023-08-11 10:00:00,76.89
2023-08-11 11:00:00,55.4
2023-08-11 12:00:00,46.78
2023-08-11 13:00:00,58.01
2023-08-11 14:00:00,84.58
2023-08-11 15:00:00,97.98
2023-08-11 16:00:00,111.05
2023-08-11 17:00:00,121.57
2023-08-11 18:00:00,130.5
2023-08-11 19:00:00,130.36
2023-08-11 20:00:00,118.49
2023-08-11 21:00:00,104.25
2023-08-11 22:00:00,103.54
2023-08-11 23:00:00,98.14
2023-08-12 00:00:00,97.57
2023-08-12 01:00:00,94.33
2023-08-12 02:00:00,93.91
2023-08-12 03:00:00,92.78
2023-08-12 04:00:00,93.47
2023-08-12 05:00:00,100.0
2023-08-12 06:00:00,101.62
2023-08-12 07:00:00,90.0
2023-08-12 08:00:00,79.81
2023-08-12 09:00:00,71.37
2023-08-12 10:00:00,54.9
2023-08-12 11:00:00,26.49
2023-08-12 12:00:00,6.0
2023-08-12 13:00:00,6.92
2023-08-12 14:00:00,20.4
2023-08-12 15:00:00,67.58
2023-08-12 16:00:00,85.49
2023-08-12 17:00:00,106.47
2023-08-12 18:00:00,111.16
2023-08-12 19:00:00,112.28
2023-08-12 20:00:00,108.06
2023-08-12 21:00:00,101.66
2023-08-12 22:00:00,90.1
2023-08-12 23:00:00,84.71
2023-08-13 00:00:00,78.8
2023-08-13 01:00:00,69.66
2023-08-13 02:00:00,69.0
2023-08-13 03:00:00,72.02
2023-08-13 04:00:00,78.1
2023-08-13 05:00:00,77.72
2023-08-13 06:00:00,73.5
2023-08-13 07:00:00,52.06
2023-08-13 08:00:00,30.0
2023-08-13 09:00:00,15.0
2023-08-13 10:00:00,16.27
2023-08-13 11:00:00,10.1
2023-08-13 12:00:00,1.52
2023-08-13 13:00:00,6.76
2023-08-13 14:00:00,17.45
2023-08-13 15:00:00,69.98
2023-08-13 16:00:00,85.02
2023-08-13 17:00:00,99.2
2023-08-13 18:00:00,110.9
2023-08-13 19:00:00,120.0
2023-08-13 20:00:00,120.01
2023-08-13 21:00:00,114.0
2023-08-13 22:00:00,98.0
2023-08-13 23:00:00,89.59
2023-08-14 00:00:00,82.36
2023-08-14 01:00:00,69.35
2023-08-14 02:00:00,64.03
2023-08-14 03:00:00,70.06
2023-08-14 04:00:00,83.99
2023-08-14 05:00:00,108.66
2023-08-14 06:00:00,111.52
2023-08-14 07:00:00,99.24
2023-08-14 08:00:00,83.67
2023-08-14 09:00:00,77.31
2023-08-14 10:00:00,70.69
2023-08-14 11:00:00,63.68
2023-08-14 12:00:00,67.11
2023-08-14 13:00:00,74.1
2023-08-14 14:00:00,76.81
2023-08-14 15:00:00,82.92
2023-08-14 16:00:00,92.64
2023-08-14 17:00:00,109.42
2023-08-14 18:00:00,118.34
2023-08-14 19:00:00,125.12
2023-08-14 20:00:00,110.99
2023-08-14 21:00:00,101.06
2023-08-14 22:00:00,99.6
2023-08-14 23:00:00,92.65
2023-08-15 00:00:00,92.11
2023-08-15 01:00:00,89.96
2023-08-15 02:00:00,87.67
2023-08-15 03:00:00,88.76
2023-08-15 04:00:00,74.97
2023-08-15 05:00:00,87.54
2023-08-15 06:00:00,103.09
2023-08-15 07:00:00,87.0
2023-08-15 08:00:00,79.25
2023-08-15 09:00:00,74.12
2023-08-15 10:00:00,66.05
2023-08-15 11:00:00,40.62
2023-08-15 12:00:00,23.54
2023-08-15 13:00:00,45.85
2023-08-15 14:00:00,70.26
2023-08-15 15:00:00,76.21
2023-08-15 16:00:00,88.8
2023-08-15 17:00:00,117.57
2023-08-15 18:00:00,129.0
2023-08-15 19:00:00,133.04
2023-08-15 20:00:00,125.25
2023-08-15 21:00:00,107.89
2023-08-15 22:00:00,106.76
2023-08-15 23:00:00,97.45
2023-08-16 00:00:00,90.71
2023-08-16 01:00:00,83.45
2023-08-16 02:00:00,74.56
2023-08-16 03:00:00,86.44
2023-08-16 04:00:00,106.86
2023-08-16 05:00:00,118.8
2023-08-16 06:00:00,125.78
2023-08-16 07:00:00,109.47
2023-08-16 08:00:00,99.21
2023-08-16 09:00:00,94.1
2023-08-16 10:00:00,90.32
2023-08-16 11:00:00,86.0
2023-08-16 12:00:00,86.29
2023-08-16 13:00:00,88.51
2023-08-16 14:00:00,94.17
2023-08-16 15:00:00,103.14
2023-08-16 16:00:00,126.1
2023-08-16 17:00:00,150.45
2023-08-16 18:00:00,132.96
2023-08-16 19:00:00,136.1
2023-08-16 20:00:00,119.9
2023-08-16 21:00:00,99.99
2023-08-16 22:00:00,104.88
2023-08-16 23:00:00,98.38
2023-08-17 00:00:00,97.95
2023-08-17 01:00:00,94.11
2023-08-17 02:00:00,78.3
2023-08-17 03:00:00,86.1
2023-08-17 04:00:00,84.99
2023-08-17 05:00:00,103.01
2023-08-17 06:00:00,121.09
2023-08-17 07:00:00,110.93
2023-08-17 08:00:00,101.87
2023-08-17 09:00:00,95.26
2023-08-17 10:00:00,91.62
2023-08-17 11:00:00,89.98
2023-08-17 12:00:00,89.98
2023-08-17 13:00:00,92.32
2023-08-17 14:00:00,93.97
2023-08-17 15:00:00,94.36
2023-08-17 16:00:00,95.51
2023-08-17 17:00:00,124.4
2023-08-17 18:00:00,132.25
2023-08-17 19:00:00,128.37
2023-08-17 20:00:00,116.63
2023-08-17 21:00:00,104.08
2023-08-17 22:00:00,103.85
2023-08-17 23:00:00,90.59
2023-08-18 00:00:00,95.6
2023-08-18 01:00:00,68.09
2023-08-18 02:00:00,75.22
2023-08-18 03:00:00,79.91
2023-08-18 04:00:00,97.26
2023-08-18 05:00:00,88.06
2023-08-18 06:00:00,109.6
2023-08-18 07:00:00,106.81
2023-08-18 08:00:00,95.85
2023-08-18 09:00:00,89.05
2023-08-18 10:00:00,86.28
2023-08-18 11:00:00,82.85
2023-08-18 12:00:00,84.16
2023-08-18 13:00:00,85.49
2023-08-18 14:00:00,95.6
2023-08-18 15:00:00,108.08
2023-08-18 16:00:00,109.9
2023-08-18 17:00:00,119.32
2023-08-18 18:00:00,123.0
2023-08-18 19:00:00,118.41
2023-08-18 20:00:00,99.48
2023-08-18 21:00:00,83.83
2023-08-18 22:00:00,96.67
2023-08-18 23:00:00,73.22
2023-08-19 00:00:00,48.07
2023-08-19 01:00:00,29.16
2023-08-19 02:00:00,10.64
2023-08-19 03:00:00,26.78
2023-08-19 04:00:00,51.61
2023-08-19 05:00:00,78.36
2023-08-19 06:00:00,83.02
2023-08-19 07:00:00,79.37
2023-08-19 08:00:00,69.4
2023-08-19 09:00:00,41.83
2023-08-19 10:00:00,25.45
2023-08-19 11:00:00,14.86
2023-08-19 12:00:00,12.59
2023-08-19 13:00:00,25.01
2023-08-19 14:00:00,66.71
2023-08-19 15:00:00,86.32
2023-08-19 16:00:00,98.72
2023-08-19 17:00:00,122.5
2023-08-19 18:00:00,129.35
2023-08-19 19:00:00,132.53
2023-08-19 20:00:00,123.71
2023-08-19 21:00:00,112.54
2023-08-19 22:00:00,113.99
2023-08-19 23:00:00,110.59
2023-08-20 00:00:00,105.17
2023-08-20 01:00:00,104.87
2023-08-20 02:00:00,102.14
2023-08-20 03:00:00,102.94
2023-08-20 04:00:00,101.83
2023-08-20 05:00:00,99.69
2023-08-20 06:00:00,98.99
2023-08-20 07:00:00,86.62
2023-08-20 08:00:00,73.13
2023-08-20 09:00:00,44.0
2023-08-20 10:00:00,30.0
2023-08-20 11:00:00,13.25
2023-08-20 12:00:00,13.84
2023-08-20 13:00:00,33.81
2023-08-20 14:00:00,78.98
2023-08-20 15:00:00,95.1
2023-08-20 16:00:00,112.0
2023-08-20 17:00:00,128.8
2023-08-20 18:00:00,136.9
2023-08-20 19:00:00,139.54
2023-08-20 20:00:00,126.71
2023-08-20 21:00:00,111.95
2023-08-20 22:00:00,111.95
2023-08-20 23:00:00,101.67
2023-08-21 00:00:00,98.71
2023-08-21 01:00:00,94.52
2023-08-21 02:00:00,90.56
2023-08-21 03:00:00,103.4
2023-08-21 04:00:00,109.24
2023-08-21 05:00:00,127.09
2023-08-21 06:00:00,133.31
2023-08-21 07:00:00,115.0
2023-08-21 08:00:00,103.99
2023-08-21 09:00:00,101.51
2023-08-21 10:00:00,101.1
2023-08-21 11:00:00,101.1
2023-08-21 12:00:00,97.51
2023-08-21 13:00:00,97.09
2023-08-21 14:00:00,101.08
2023-08-21 15:00:00,118.71
2023-08-21 16:00:00,135.69
2023-08-21 17:00:00,155.66
2023-08-21 18:00:00,149.65
2023-08-21 19:00:00,149.3
2023-08-21 20:00:00,136.01
2023-08-21 21:00:00,115.0
2023-08-21 22:00:00,113.69
2023-08-21 23:00:00,103.41
2023-08-22 00:00:00,101.15
2023-08-22 01:00:00,99.24
2023-08-22 02:00:00,87.77
2023-08-22 03:00:00,105.86
2023-08-22 04:00:00,109.24
2023-08-22 05:00:00,131.52
2023-08-22 06:00:00,135.98
2023-08-22 07:00:00,115.91
2023-08-22 08:00:00,102.4
2023-08-22 09:00:00,99.67
2023-08-22 10:00:00,99.51
2023-08-22 11:00:00,95.28
2023-08-22 12:00:00,95.5
2023-08-22 13:00:00,99.41
2023-08-22 14:00:00,102.17
2023-08-22 15:00:00,110.46
2023-08-22 16:00:00,138.6
2023-08-22 17:00:00,188.19
2023-08-22 18:00:00,173.38
2023-08-22 19:00:00,165.31
2023-08-22 20:00:00,145.8
2023-08-22 21:00:00,127.6
2023-08-22 22:00:00,123.89
2023-08-22 23:00:00,112.67
2023-08-23 00:00:00,109.9
2023-08-23 01:00:00,104.47
2023-08-23 02:00:00,94.03
2023-08-23 03:00:00,101.55
2023-08-23 04:00:00,138.33
2023-08-23 05:00:00,153.79
2023-08-23 06:00:00,157.41
2023-08-23 07:00:00,136.5
2023-08-23 08:00:00,120.76
2023-08-23 09:00:00,115.89
2023-08-23 10:00:00,114.18
2023-08-23 11:00:00,114.35
2023-08-23 12:00:00,113.93
2023-08-23 13:00:00,115.35
2023-08-23 14:00:00,120.04
2023-08-23 15:00:00,145.79
2023-08-23 16:00:00,225.5
2023-08-23 17:00:00,276.12
2023-08-23 18:00:00,275.02
2023-08-23 19:00:00,240.79
2023-08-23 20:00:00,172.82
2023-08-23 21:00:00,138.67
2023-08-23 22:00:00,133.82
2023-08-23 23:00:00,124.95
2023-08-24 00:00:00,118.05
2023-08-24 01:00:00,109.52
2023-08-24 02:00:00,104.14
2023-08-24 03:00:00,105.05
2023-08-24 04:00:00,137.56
2023-08-24 05:00:00,152.53
2023-08-24 06:00:00,154.94
2023-08-24 07:00:00,131.97
2023-08-24 08:00:00,122.47
2023-08-24 09:00:00,112.61
2023-08-24 10:00:00,115.0
2023-08-24 11:00:00,112.27
2023-08-24 12:00:00,113.0
2023-08-24 13:00:00,117.94
2023-08-24 14:00:00,124.78
2023-08-24 15:00:00,159.95
2023-08-24 16:00:00,212.54
2023-08-24 17:00:00,265.3
2023-08-24 18:00:00,250.0
2023-08-24 19:00:00,188.16
2023-08-24 20:00:00,159.7
2023-08-24 21:00:00,130.33
2023-08-24 22:00:00,105.24
2023-08-24 23:00:00,96.86
2023-08-25 00:00:00,95.71
2023-08-25 01:00:00,95.9
2023-08-25 02:00:00,96.8
2023-08-25 03:00:00,103.23
2023-08-25 04:00:00,124.22
2023-08-25 05:00:00,135.12
2023-08-25 06:00:00,139.42
2023-08-25 07:00:00,129.03
2023-08-25 08:00:00,116.67
2023-08-25 09:00:00,110.63
2023-08-25 10:00:00,102.36
2023-08-25 11:00:00,100.06
2023-08-25 12:00:00,96.85
2023-08-25 13:00:00,93.2
2023-08-25 14:00:00,91.33
2023-08-25 15:00:00,91.33
2023-08-25 16:00:00,94.35
2023-08-25 17:00:00,130.28
2023-08-25 18:00:00,139.69
2023-08-25 19:00:00,140.61
2023-08-25 20:00:00,128.78
2023-08-25 21:00:00,108.34
2023-08-25 22:00:00,109.9
2023-08-25 23:00:00,104.1
2023-08-26 00:00:00,101.91
2023-08-26 01:00:00,99.52
2023-08-26 02:00:00,91.99
2023-08-26 03:00:00,84.51
2023-08-26 04:00:00,95.48
2023-08-26 05:00:00,95.9
2023-08-26 06:00:00,98.3
2023-08-26 07:00:00,92.64
2023-08-26 08:00:00,85.16
2023-08-26 09:00:00,81.7
2023-08-26 10:00:00,85.86
2023-08-26 11:00:00,81.08
2023-08-26 12:00:00,78.76
2023-08-26 13:00:00,81.93
2023-08-26 14:00:00,87.57
2023-08-26 15:00:00,95.0
2023-08-26 16:00:00,104.47
2023-08-26 17:00:00,122.7
2023-08-26 18:00:00,120.5
2023-08-26 19:00:00,128.22
2023-08-26 20:00:00,122.98
2023-08-26 21:00:00,110.63
2023-08-26 22:00:00,102.39
2023-08-26 23:00:00,92.92
2023-08-27 00:00:00,91.5
2023-08-27 01:00:00,89.82
2023-08-27 02:00:00,83.33
2023-08-27 03:00:00,82.9
2023-08-27 04:00:00,82.73
2023-08-27 05:00:00,85.1
2023-08-27 06:00:00,94.1
2023-08-27 07:00:00,94.92
2023-08-27 08:00:00,93.16
2023-08-27 09:00:00,93.87
2023-08-27 10:00:00,89.29
2023-08-27 11:00:00,78.72
2023-08-27 12:00:00,60.72
2023-08-27 13:00:00,37.26
2023-08-27 14:00:00,61.97
2023-08-27 15:00:00,63.0
2023-08-27 16:00:00,89.67
2023-08-27 17:00:00,104.39
2023-08-27 18:00:00,124.34
2023-08-27 19:00:00,127.55
2023-08-27 20:00:00,119.0
2023-08-27 21:00:00,102.99
2023-08-27 22:00:00,93.31
2023-08-27 23:00:00,88.52
2023-08-28 00:00:00,85.0
2023-08-28 01:00:00,80.66
2023-08-28 02:00:00,72.2
2023-08-28 03:00:00,87.9
2023-08-28 04:00:00,107.49
2023-08-28 05:00:00,114.52
2023-08-28 06:00:00,119.87
2023-08-28 07:00:00,123.32
2023-08-28 08:00:00,111.04
2023-08-28 09:00:00,109.25
2023-08-28 10:00:00,103.67
2023-08-28 11:00:00,101.76
2023-08-28 12:00:00,100.1
2023-08-28 13:00:00,72.89
2023-08-28 14:00:00,80.01
2023-08-28 15:00:00,97.12
2023-08-28 16:00:00,102.06
2023-08-28 17:00:00,127.41
2023-08-28 18:00:00,138.9
2023-08-28 19:00:00,138.08
2023-08-28 20:00:00,123.72
2023-08-28 21:00:00,107.94
2023-08-28 22:00:00,103.19
2023-08-28 23:00:00,96.97
2023-08-29 00:00:00,95.04
2023-08-29 01:00:00,86.72
2023-08-29 02:00:00,85.27
2023-08-29 03:00:00,87.7
2023-08-29 04:00:00,110.72
2023-08-29 05:00:00,122.01
2023-08-29 06:00:00,139.07
2023-08-29 07:00:00,139.56
2023-08-29 08:00:00,122.15
2023-08-29 09:00:00,109.51
2023-08-29 10:00:00,106.86
2023-08-29 11:00:00,97.51
2023-08-29 12:00:00,95.16
2023-08-29 13:00:00,84.8
2023-08-29 14:00:00,82.19
2023-08-29 15:00:00,89.85
2023-08-29 16:00:00,125.9
2023-08-29 17:00:00,141.95
2023-08-29 18:00:00,141.07
2023-08-29 19:00:00,136.68
2023-08-29 20:00:00,122.08
2023-08-29 21:00:00,102.81
2023-08-29 22:00:00,100.12
2023-08-29 23:00:00,98.6
2023-08-30 00:00:00,96.36
2023-08-30 01:00:00,90.95
2023-08-30 02:00:00,87.37
2023-08-30 03:00:00,91.86
2023-08-30 04:00:00,101.89
2023-08-30 05:00:00,124.88
2023-08-30 06:00:00,129.16
2023-08-30 07:00:00,122.52
2023-08-30 08:00:00,110.39
2023-08-30 09:00:00,100.15
2023-08-30 10:00:00,97.87
2023-08-30 11:00:00,95.68
2023-08-30 12:00:00,91.92
2023-08-30 13:00:00,88.7
2023-08-30 14:00:00,86.51
2023-08-30 15:00:00,88.41
2023-08-30 16:00:00,106.07
2023-08-30 17:00:00,127.01
2023-08-30 18:00:00,138.45
2023-08-30 19:00:00,134.4
2023-08-30 20:00:00,119.49
2023-08-30 21:00:00,101.59
2023-08-30 22:00:00,96.31
2023-08-30 23:00:00,91.76
2023-08-31 00:00:00,91.43
2023-08-31 01:00:00,90.83
2023-08-31 02:00:00,88.38
2023-08-31 03:00:00,91.76
2023-08-31 04:00:00,105.43
2023-08-31 05:00:00,108.89
2023-08-31 06:00:00,128.5
2023-08-31 07:00:00,115.02
2023-08-31 08:00:00,97.56
2023-08-31 09:00:00,92.43
2023-08-31 10:00:00,90.06
2023-08-31 11:00:00,89.31
2023-08-31 12:00:00,88.2
2023-08-31 13:00:00,88.0
2023-08-31 14:00:00,90.43
2023-08-31 15:00:00,101.03
2023-08-31 16:00:00,113.81
2023-08-31 17:00:00,125.01
2023-08-31 18:00:00,136.66
2023-08-31 19:00:00,126.15
2023-08-31 20:00:00,106.14
2023-08-31 21:00:00,96.89
2023-08-31 22:00:00,98.9
2023-08-31 23:00:00,95.97
2023-09-01 00:00:00,93.29
2023-09-01 01:00:00,85.67
2023-09-01 02:00:00,78.18
2023-09-01 03:00:00,85.01
2023-09-01 04:00:00,100.16
2023-09-01 05:00:00,115.46
2023-09-01 06:00:00,119.01
2023-09-01 07:00:00,111.25
2023-09-01 08:00:00,102.18
2023-09-01 09:00:00,96.52
2023-09-01 10:00:00,92.02
2023-09-01 11:00:00,88.9
2023-09-01 12:00:00,80.5
2023-09-01 13:00:00,81.7
2023-09-01 14:00:00,80.34
2023-09-01 15:00:00,95.96
2023-09-01 16:00:00,114.11
2023-09-01 17:00:00,123.18
2023-09-01 18:00:00,126.73
2023-09-01 19:00:00,127.82
2023-09-01 20:00:00,118.56
2023-09-01 21:00:00,114.65
2023-09-01 22:00:00,107.46
2023-09-01 23:00:00,102.7
2023-09-02 00:00:00,100.0
2023-09-02 01:00:00,91.43
2023-09-02 02:00:00,78.64
2023-09-02 03:00:00,71.62
2023-09-02 04:00:00,92.79
2023-09-02 05:00:00,101.09
2023-09-02 06:00:00,100.22
2023-09-02 07:00:00,94.58
2023-09-02 08:00:00,89.77
2023-09-02 09:00:00,79.9
2023-09-02 10:00:00,76.0
2023-09-02 11:00:00,62.99
2023-09-02 12:00:00,55.35
2023-09-02 13:00:00,69.4
2023-09-02 14:00:00,80.01
2023-09-02 15:00:00,93.45
2023-09-02 16:00:00,110.0
2023-09-02 17:00:00,121.92
2023-09-02 18:00:00,126.96
2023-09-02 19:00:00,115.2
2023-09-02 20:00:00,105.64
2023-09-02 21:00:00,97.34
2023-09-02 22:00:00,105.28
2023-09-02 23:00:00,100.0
2023-09-03 00:00:00,88.3
2023-09-03 01:00:00,82.0
2023-09-03 02:00:00,79.96
2023-09-03 03:00:00,79.91
2023-09-03 04:00:00,80.31
2023-09-03 05:00:00,80.0
2023-09-03 06:00:00,80.0
2023-09-03 07:00:00,78.0
2023-09-03 08:00:00,60.3
2023-09-03 09:00:00,43.43
2023-09-03 10:00:00,21.37
2023-09-03 11:00:00,11.33
2023-09-03 12:00:00,4.94
2023-09-03 13:00:00,15.71
2023-09-03 14:00:00,53.66
2023-09-03 15:00:00,80.11
2023-09-03 16:00:00,90.43
2023-09-03 17:00:00,103.64
2023-09-03 18:00:00,102.43
2023-09-03 19:00:00,110.78
2023-09-03 20:00:00,103.37
2023-09-03 21:00:00,95.12
2023-09-03 22:00:00,83.02
2023-09-03 23:00:00,71.75
2023-09-04 00:00:00,62.57
2023-09-04 01:00:00,54.8
2023-09-04 02:00:00,52.86
2023-09-04 03:00:00,55.04
2023-09-04 04:00:00,86.0
2023-09-04 05:00:00,114.0
2023-09-04 06:00:00,120.29
2023-09-04 07:00:00,109.36
2023-09-04 08:00:00,92.88
2023-09-04 09:00:00,82.07
2023-09-04 10:00:00,77.69
2023-09-04 11:00:00,72.53
2023-09-04 12:00:00,72.05
2023-09-04 13:00:00,74.94
2023-09-04 14:00:00,78.01
2023-09-04 15:00:00,83.27
2023-09-04 16:00:00,104.79
2023-09-04 17:00:00,131.12
2023-09-04 18:00:00,138.33
2023-09-04 19:00:00,122.38
2023-09-04 20:00:00,104.95
2023-09-04 21:00:00,94.14
2023-09-04 22:00:00,81.41
2023-09-04 23:00:00,66.33
2023-09-05 00:00:00,72.12
2023-09-05 01:00:00,73.11
2023-09-05 02:00:00,54.6
2023-09-05 03:00:00,80.34
2023-09-05 04:00:00,57.0
2023-09-05 05:00:00,119.02
2023-09-05 06:00:00,118.11
2023-09-05 07:00:00,97.78
2023-09-05 08:00:00,88.0
2023-09-05 09:00:00,81.85
2023-09-05 10:00:00,79.11
2023-09-05 11:00:00,75.23
2023-09-05 12:00:00,80.48
2023-09-05 13:00:00,83.0
2023-09-05 14:00:00,88.51
2023-09-05 15:00:00,103.26
2023-09-05 16:00:00,129.1
2023-09-05 17:00:00,151.13
2023-09-05 18:00:00,149.23
2023-09-05 19:00:00,121.95
2023-09-05 20:00:00,107.61
2023-09-05 21:00:00,96.03
2023-09-05 22:00:00,88.89
2023-09-05 23:00:00,85.52
2023-09-06 00:00:00,79.09
2023-09-06 01:00:00,72.8
2023-09-06 02:00:00,74.11
2023-09-06 03:00:00,80.74
2023-09-06 04:00:00,89.88
2023-09-06 05:00:00,125.55
2023-09-06 06:00:00,119.19
2023-09-06 07:00:00,97.73
2023-09-06 08:00:00,88.65
2023-09-06 09:00:00,82.1
2023-09-06 10:00:00,75.34
2023-09-06 11:00:00,77.15
2023-09-06 12:00:00,75.48
2023-09-06 13:00:00,82.5
2023-09-06 14:00:00,91.44
2023-09-06 15:00:00,105.87
2023-09-06 16:00:00,145.83
2023-09-06 17:00:00,182.52
2023-09-06 18:00:00,166.04
2023-09-06 19:00:00,123.13
2023-09-06 20:00:00,105.5
2023-09-06 21:00:00,95.72
2023-09-06 22:00:00,95.42
2023-09-06 23:00:00,91.37
2023-09-07 00:00:00,89.06
2023-09-07 01:00:00,83.81
2023-09-07 02:00:00,80.15
2023-09-07 03:00:00,88.85
2023-09-07 04:00:00,103.35
2023-09-07 05:00:00,130.0
2023-09-07 06:00:00,126.0
2023-09-07 07:00:00,102.68
2023-09-07 08:00:00,88.87
2023-09-07 09:00:00,86.72
2023-09-07 10:00:00,79.55
2023-09-07 11:00:00,74.42
2023-09-07 12:00:00,80.94
2023-09-07 13:00:00,82.0
2023-09-07 14:00:00,88.3
2023-09-07 15:00:00,103.14
2023-09-07 16:00:00,133.53
2023-09-07 17:00:00,167.27
2023-09-07 18:00:00,146.75
2023-09-07 19:00:00,118.0
2023-09-07 20:00:00,101.4
2023-09-07 21:00:00,88.9
2023-09-07 22:00:00,84.62
2023-09-07 23:00:00,81.52
2023-09-08 00:00:00,82.06
2023-09-08 01:00:00,82.1
2023-09-08 02:00:00,79.23
2023-09-08 03:00:00,83.01
2023-09-08 04:00:00,103.0
2023-09-08 05:00:00,121.5
2023-09-08 06:00:00,122.47
2023-09-08 07:00:00,100.13
2023-09-08 08:00:00,90.4
2023-09-08 09:00:00,82.48
2023-09-08 10:00:00,77.68
2023-09-08 11:00:00,71.4
2023-09-08 12:00:00,72.87
2023-09-08 13:00:00,80.23
2023-09-08 14:00:00,88.41
2023-09-08 15:00:00,107.9
2023-09-08 16:00:00,130.1
2023-09-08 17:00:00,164.05
2023-09-08 18:00:00,159.99
2023-09-08 19:00:00,132.08
2023-09-08 20:00:00,113.93
2023-09-08 21:00:00,105.98
2023-09-08 22:00:00,105.2
2023-09-08 23:00:00,102.47
2023-09-09 00:00:00,100.01
2023-09-09 01:00:00,100.0
2023-09-09 02:00:00,90.15
2023-09-09 03:00:00,87.34
2023-09-09 04:00:00,102.99
2023-09-09 05:00:00,102.6
2023-09-09 06:00:00,96.09
2023-09-09 07:00:00,89.77
2023-09-09 08:00:00,79.64
2023-09-09 09:00:00,65.53
2023-09-09 10:00:00,62.98
2023-09-09 11:00:00,32.01
2023-09-09 12:00:00,26.32
2023-09-09 13:00:00,57.89
2023-09-09 14:00:00,78.8
2023-09-09 15:00:00,94.54
2023-09-09 16:00:00,116.63
2023-09-09 17:00:00,139.82
2023-09-09 18:00:00,137.67
2023-09-09 19:00:00,131.78
2023-09-09 20:00:00,110.9
2023-09-09 21:00:00,103.16
2023-09-09 22:00:00,105.85
2023-09-09 23:00:00,99.88
2023-09-10 00:00:00,95.81
2023-09-10 01:00:00,89.85
2023-09-10 02:00:00,67.93
2023-09-10 03:00:00,79.74
2023-09-10 04:00:00,85.87
2023-09-10 05:00:00,91.31
2023-09-10 06:00:00,87.06
2023-09-10 07:00:00,87.91
2023-09-10 08:00:00,55.99
2023-09-10 09:00:00,18.0
2023-09-10 10:00:00,8.28
2023-09-10 11:00:00,0.03
2023-09-10 12:00:00,0.0
2023-09-10 13:00:00,26.44
2023-09-10 14:00:00,79.0
2023-09-10 15:00:00,97.06
2023-09-10 16:00:00,115.74
2023-09-10 17:00:00,121.04
2023-09-10 18:00:00,129.94
2023-09-10 19:00:00,131.57
2023-09-10 20:00:00,113.93
2023-09-10 21:00:00,100.86
2023-09-10 22:00:00,105.0
2023-09-10 23:00:00,96.03
2023-09-11 00:00:00,96.03
2023-09-11 01:00:00,85.17
2023-09-11 02:00:00,76.29
2023-09-11 03:00:00,87.93
2023-09-11 04:00:00,91.3
2023-09-11 05:00:00,129.16
2023-09-11 06:00:00,136.44
2023-09-11 07:00:00,113.0
2023-09-11 08:00:00,95.16
2023-09-11 09:00:00,96.89
2023-09-11 10:00:00,93.97
2023-09-11 11:00:00,88.46
2023-09-11 12:00:00,90.0
2023-09-11 13:00:00,92.53
2023-09-11 14:00:00,100.18
2023-09-11 15:00:00,122.51
2023-09-11 16:00:00,186.59
2023-09-11 17:00:00,227.26
2023-09-11 18:00:00,187.08
2023-09-11 19:00:00,148.8
2023-09-11 20:00:00,131.41
2023-09-11 21:00:00,119.94
2023-09-11 22:00:00,102.18
2023-09-11 23:00:00,84.08
2023-09-12 00:00:00,82.94
2023-09-12 01:00:00,75.34
2023-09-12 02:00:00,72.15
2023-09-12 03:00:00,73.99
2023-09-12 04:00:00,97.47
2023-09-12 05:00:00,135.13
2023-09-12 06:00:00,140.78
2023-09-12 07:00:00,123.22
2023-09-12 08:00:00,112.86
2023-09-12 09:00:00,101.59
2023-09-12 10:00:00,97.0
2023-09-12 11:00:00,95.86
2023-09-12 12:00:00,97.2
2023-09-12 13:00:00,99.9
2023-09-12 14:00:00,107.91
2023-09-12 15:00:00,117.31
2023-09-12 16:00:00,129.4
2023-09-12 17:00:00,145.9
2023-09-12 18:00:00,147.47
2023-09-12 19:00:00,136.62
2023-09-12 20:00:00,115.55
2023-09-12 21:00:00,93.77
2023-09-12 22:00:00,106.45
2023-09-12 23:00:00,99.9
2023-09-13 00:00:00,97.89
2023-09-13 01:00:00,93.84
2023-09-13 02:00:00,76.61
2023-09-13 03:00:00,86.86
2023-09-13 04:00:00,107.18
2023-09-13 05:00:00,123.27
2023-09-13 06:00:00,137.72
2023-09-13 07:00:00,124.91
2023-09-13 08:00:00,103.21
2023-09-13 09:00:00,96.86
2023-09-13 10:00:00,94.97
2023-09-13 11:00:00,93.0
2023-09-13 12:00:00,91.76
2023-09-13 13:00:00,90.55
2023-09-13 14:00:00,91.93
2023-09-13 15:00:00,100.27
2023-09-13 16:00:00,123.27
2023-09-13 17:00:00,130.01
2023-09-13 18:00:00,137.5
2023-09-13 19:00:00,122.79
2023-09-13 20:00:00,106.41
2023-09-13 21:00:00,98.07
2023-09-13 22:00:00,96.3
2023-09-13 23:00:00,93.21
2023-09-14 00:00:00,83.42
2023-09-14 01:00:00,73.51
2023-09-14 02:00:00,55.0
2023-09-14 03:00:00,76.31
2023-09-14 04:00:00,106.02
2023-09-14 05:00:00,125.0
2023-09-14 06:00:00,127.77
2023-09-14 07:00:00,118.02
2023-09-14 08:00:00,96.82
2023-09-14 09:00:00,90.87
2023-09-14 10:00:00,88.99
2023-09-14 11:00:00,87.25
2023-09-14 12:00:00,89.2
2023-09-14 13:00:00,89.2
2023-09-14 14:00:00,94.0
2023-09-14 15:00:00,94.68
2023-09-14 16:00:00,121.1
2023-09-14 17:00:00,131.44
2023-09-14 18:00:00,145.91
2023-09-14 19:00:00,125.03
2023-09-14 20:00:00,114.08
2023-09-14 21:00:00,99.37
2023-09-14 22:00:00,100.89
2023-09-14 23:00:00,97.01
2023-09-15 00:00:00,94.84
2023-09-15 01:00:00,76.68
2023-09-15 02:00:00,63.35
2023-09-15 03:00:00,82.68
2023-09-15 04:00:00,80.76
2023-09-15 05:00:00,119.56
2023-09-15 06:00:00,125.07
2023-09-15 07:00:00,104.38
2023-09-15 08:00:00,93.58
2023-09-15 09:00:00,89.46
2023-09-15 10:00:00,79.1
2023-09-15 11:00:00,64.22
2023-09-15 12:00:00,71.26
2023-09-15 13:00:00,81.94
2023-09-15 14:00:00,93.59
2023-09-15 15:00:00,108.29
2023-09-15 16:00:00,118.97
2023-09-15 17:00:00,124.0
2023-09-15 18:00:00,124.64
2023-09-15 19:00:00,112.85
2023-09-15 20:00:00,95.85
2023-09-15 21:00:00,95.77
2023-09-15 22:00:00,96.24
2023-09-15 23:00:00,94.02
2023-09-16 00:00:00,75.87
2023-09-16 01:00:00,60.11
2023-09-16 02:00:00,44.07
2023-09-16 03:00:00,70.67
2023-09-16 04:00:00,72.82
2023-09-16 05:00:00,57.82
2023-09-16 06:00:00,97.86
2023-09-16 07:00:00,90.79
2023-09-16 08:00:00,79.0
2023-09-16 09:00:00,64.97
2023-09-16 10:00:00,54.48
2023-09-16 11:00:00,32.44
2023-09-16 12:00:00,34.4
2023-09-16 13:00:00,74.46
2023-09-16 14:00:00,76.0
2023-09-16 15:00:00,81.68
2023-09-16 16:00:00,103.0
2023-09-16 17:00:00,118.59
2023-09-16 18:00:00,121.57
2023-09-16 19:00:00,114.07
2023-09-16 20:00:00,105.03
2023-09-16 21:00:00,98.17
2023-09-16 22:00:00,108.99
2023-09-16 23:00:00,105.23
2023-09-17 00:00:00,87.55
2023-09-17 01:00:00,73.19
2023-09-17 02:00:00,57.79
2023-09-17 03:00:00,77.75
2023-09-17 04:00:00,79.05
2023-09-17 05:00:00,79.33
2023-09-17 06:00:00,78.51
2023-09-17 07:00:00,70.01
2023-09-17 08:00:00,50.23
2023-09-17 09:00:00,37.99
2023-09-17 10:00:00,21.21
2023-09-17 11:00:00,4.08
2023-09-17 12:00:00,4.3
2023-09-17 13:00:00,38.7
2023-09-17 14:00:00,45.4
2023-09-17 15:00:00,68.14
2023-09-17 16:00:00,81.09
2023-09-17 17:00:00,120.31
2023-09-17 18:00:00,125.8
2023-09-17 19:00:00,118.25
2023-09-17 20:00:00,108.91
2023-09-17 21:00:00,99.18
2023-09-17 22:00:00,85.0
2023-09-17 23:00:00,82.51
2023-09-18 00:00:00,81.73
2023-09-18 01:00:00,66.89
2023-09-18 02:00:00,42.92
2023-09-18 03:00:00,59.07
2023-09-18 04:00:00,106.96
2023-09-18 05:00:00,125.4
2023-09-18 06:00:00,129.0
2023-09-18 07:00:00,105.85
2023-09-18 08:00:00,90.65
2023-09-18 09:00:00,74.3
2023-09-18 10:00:00,56.85
2023-09-18 11:00:00,37.02
2023-09-18 12:00:00,40.88
2023-09-18 13:00:00,48.41
2023-09-18 14:00:00,51.41
2023-09-18 15:00:00,53.75
2023-09-18 16:00:00,106.9
2023-09-18 17:00:00,129.22
2023-09-18 18:00:00,125.75
2023-09-18 19:00:00,90.84
2023-09-18 20:00:00,87.38
2023-09-18 21:00:00,63.64
2023-09-18 22:00:00,1.43
2023-09-18 23:00:00,-0.01
2023-09-19 00:00:00,-0.03
2023-09-19 01:00:00,-0.08
2023-09-19 02:00:00,-0.06
2023-09-19 03:00:00,-0.04
2023-09-19 04:00:00,72.23
2023-09-19 05:00:00,106.33
2023-09-19 06:00:00,110.43
2023-09-19 07:00:00,88.77
2023-09-19 08:00:00,20.64
2023-09-19 09:00:00,5.95
2023-09-19 10:00:00,3.35
2023-09-19 11:00:00,0.33
2023-09-19 12:00:00,-0.01
2023-09-19 13:00:00,0.07
2023-09-19 14:00:00,0.08
2023-09-19 15:00:00,50.0
2023-09-19 16:00:00,99.99
2023-09-19 17:00:00,115.61
2023-09-19 18:00:00,112.48
2023-09-19 19:00:00,89.21
2023-09-19 20:00:00,69.02
2023-09-19 21:00:00,20.56
2023-09-19 22:00:00,6.35
2023-09-19 23:00:00,2.76
2023-09-20 00:00:00,0.0
2023-09-20 01:00:00,-0.09
2023-09-20 02:00:00,-0.08
2023-09-20 03:00:00,-0.05
2023-09-20 04:00:00,13.86
2023-09-20 05:00:00,93.37
2023-09-20 06:00:00,105.64
2023-09-20 07:00:00,81.87
2023-09-20 08:00:00,14.01
2023-09-20 09:00:00,6.1
2023-09-20 10:00:00,3.14
2023-09-20 11:00:00,-0.01
2023-09-20 12:00:00,-0.01
2023-09-20 13:00:00,0.85
2023-09-20 14:00:00,9.16
2023-09-20 15:00:00,60.91
2023-09-20 16:00:00,81.73
2023-09-20 17:00:00,112.94
2023-09-20 18:00:00,115.45
2023-09-20 19:00:00,96.93
2023-09-20 20:00:00,87.23
2023-09-20 21:00:00,76.92
2023-09-20 22:00:00,67.56
2023-09-20 23:00:00,38.1
2023-09-21 00:00:00,31.77
2023-09-21 01:00:00,2.07
2023-09-21 02:00:00,0.09
2023-09-21 03:00:00,33.08
2023-09-21 04:00:00,77.57
2023-09-21 05:00:00,110.11
2023-09-21 06:00:00,115.82
2023-09-21 07:00:00,106.0
2023-09-21 08:00:00,102.13
2023-09-21 09:00:00,92.83
2023-09-21 10:00:00,88.31
2023-09-21 11:00:00,86.25
2023-09-21 12:00:00,90.88
2023-09-21 13:00:00,93.8
2023-09-21 14:00:00,104.98
2023-09-21 15:00:00,96.02
2023-09-21 16:00:00,102.0
2023-09-21 17:00:00,119.53
2023-09-21 18:00:00,121.38
2023-09-21 19:00:00,114.8
2023-09-21 20:00:00,100.1
2023-09-21 21:00:00,94.75
2023-09-21 22:00:00,88.4
2023-09-21 23:00:00,87.16
2023-09-22 00:00:00,51.12
2023-09-22 01:00:00,21.41
2023-09-22 02:00:00,0.08
2023-09-22 03:00:00,49.87
2023-09-22 04:00:00,62.5
2023-09-22 05:00:00,116.96
2023-09-22 06:00:00,125.0
2023-09-22 07:00:00,118.13
2023-09-22 08:00:00,99.64
2023-09-22 09:00:00,90.93
2023-09-22 10:00:00,85.65
2023-09-22 11:00:00,77.11
2023-09-22 12:00:00,70.77
2023-09-22 13:00:00,71.41
2023-09-22 14:00:00,76.91
2023-09-22 15:00:00,78.66
2023-09-22 16:00:00,105.0
2023-09-22 17:00:00,121.27
2023-09-22 18:00:00,133.59
2023-09-22 19:00:00,114.9
2023-09-22 20:00:00,105.93
2023-09-22 21:00:00,103.06
2023-09-22 22:00:00,109.04
2023-09-22 23:00:00,98.13
2023-09-23 00:00:00,97.05
2023-09-23 01:00:00,91.72
2023-09-23 02:00:00,88.14
2023-09-23 03:00:00,91.78
2023-09-23 04:00:00,98.88
2023-09-23 05:00:00,107.2
2023-09-23 06:00:00,109.99
2023-09-23 07:00:00,104.68
2023-09-23 08:00:00,90.75
2023-09-23 09:00:00,84.9
2023-09-23 10:00:00,79.89
2023-09-23 11:00:00,70.55
2023-09-23 12:00:00,53.42
2023-09-23 13:00:00,72.01
2023-09-23 14:00:00,78.23
2023-09-23 15:00:00,87.55
2023-09-23 16:00:00,117.82
2023-09-23 17:00:00,139.64
2023-09-23 18:00:00,145.0
2023-09-23 19:00:00,117.91
2023-09-23 20:00:00,106.92
2023-09-23 21:00:00,102.82
2023-09-23 22:00:00,98.71
2023-09-23 23:00:00,87.24
2023-09-24 00:00:00,77.73
2023-09-24 01:00:00,59.34
2023-09-24 02:00:00,56.88
2023-09-24 03:00:00,47.79
2023-09-24 04:00:00,29.81
2023-09-24 05:00:00,41.87
2023-09-24 06:00:00,44.17
2023-09-24 07:00:00,59.36
2023-09-24 08:00:00,1.06
2023-09-24 09:00:00,0.85
2023-09-24 10:00:00,-0.02
2023-09-24 11:00:00,-0.5
2023-09-24 12:00:00,-1.98
2023-09-24 13:00:00,-0.12
2023-09-24 14:00:00,3.54
2023-09-24 15:00:00,24.99
2023-09-24 16:00:00,85.2
2023-09-24 17:00:00,129.47
2023-09-24 18:00:00,134.98
2023-09-24 19:00:00,105.0
2023-09-24 20:00:00,76.03
2023-09-24 21:00:00,66.54
2023-09-24 22:00:00,34.63
2023-09-24 23:00:00,10.0
2023-09-25 00:00:00,1.09
2023-09-25 01:00:00,0.05
2023-09-25 02:00:00,0.49
2023-09-25 03:00:00,47.42
2023-09-25 04:00:00,80.51
2023-09-25 05:00:00,139.15
2023-09-25 06:00:00,143.0
2023-09-25 07:00:00,118.32
2023-09-25 08:00:00,97.07
2023-09-25 09:00:00,89.01
2023-09-25 10:00:00,83.76
2023-09-25 11:00:00,76.11
2023-09-25 12:00:00,84.09
2023-09-25 13:00:00,92.06
2023-09-25 14:00:00,97.46
2023-09-25 15:00:00,103.0
2023-09-25 16:00:00,130.07
2023-09-25 17:00:00,149.88
2023-09-25 18:00:00,156.59
2023-09-25 19:00:00,124.9
2023-09-25 20:00:00,119.2
2023-09-25 21:00:00,110.02
2023-09-25 22:00:00,114.08
2023-09-25 23:00:00,107.99
2023-09-26 00:00:00,104.93
2023-09-26 01:00:00,104.58
2023-09-26 02:00:00,100.79
2023-09-26 03:00:00,107.99
2023-09-26 04:00:00,107.15
2023-09-26 05:00:00,136.64
2023-09-26 06:00:00,146.6
2023-09-26 07:00:00,118.04
2023-09-26 08:00:00,100.96
2023-09-26 09:00:00,96.19
2023-09-26 10:00:00,91.85
2023-09-26 11:00:00,84.56
2023-09-26 12:00:00,90.34
2023-09-26 13:00:00,98.02
2023-09-26 14:00:00,104.51
2023-09-26 15:00:00,122.47
2023-09-26 16:00:00,135.42
2023-09-26 17:00:00,150.69
2023-09-26 18:00:00,160.34
2023-09-26 19:00:00,126.27
2023-09-26 20:00:00,108.06
2023-09-26 21:00:00,101.28
2023-09-26 22:00:00,105.51
2023-09-26 23:00:00,102.0
2023-09-27 00:00:00,102.46
2023-09-27 01:00:00,101.47
2023-09-27 02:00:00,100.37
2023-09-27 03:00:00,104.3
2023-09-27 04:00:00,119.57
2023-09-27 05:00:00,133.23
2023-09-27 06:00:00,140.01
2023-09-27 07:00:00,128.37
2023-09-27 08:00:00,102.33
2023-09-27 09:00:00,93.26
2023-09-27 10:00:00,90.2
2023-09-27 11:00:00,87.34
2023-09-27 12:00:00,82.2
2023-09-27 13:00:00,77.14
2023-09-27 14:00:00,87.06
2023-09-27 15:00:00,87.63
2023-09-27 16:00:00,110.02
2023-09-27 17:00:00,133.68
2023-09-27 18:00:00,122.09
2023-09-27 19:00:00,106.28
2023-09-27 20:00:00,96.38
2023-09-27 21:00:00,75.98
2023-09-27 22:00:00,79.61
2023-09-27 23:00:00,65.54
2023-09-28 00:00:00,57.64
2023-09-28 01:00:00,9.66
2023-09-28 02:00:00,37.73
2023-09-28 03:00:00,55.69
2023-09-28 04:00:00,93.77
2023-09-28 05:00:00,126.25
2023-09-28 06:00:00,129.56
2023-09-28 07:00:00,110.85
2023-09-28 08:00:00,93.36
2023-09-28 09:00:00,88.56
2023-09-28 10:00:00,83.73
2023-09-28 11:00:00,82.18
2023-09-28 12:00:00,87.7
2023-09-28 13:00:00,92.02
2023-09-28 14:00:00,99.89
2023-09-28 15:00:00,97.0
2023-09-28 16:00:00,119.77
2023-09-28 17:00:00,133.67
2023-09-28 18:00:00,143.47
2023-09-28 19:00:00,120.06
2023-09-28 20:00:00,110.69
2023-09-28 21:00:00,103.09
2023-09-28 22:00:00,108.5
2023-09-28 23:00:00,91.43
2023-09-29 00:00:00,58.1
2023-09-29 01:00:00,51.2
2023-09-29 02:00:00,38.99
2023-09-29 03:00:00,49.97
2023-09-29 04:00:00,89.0
2023-09-29 05:00:00,122.1
2023-09-29 06:00:00,130.05
2023-09-29 07:00:00,106.81
2023-09-29 08:00:00,92.07
2023-09-29 09:00:00,87.37
2023-09-29 10:00:00,82.05
2023-09-29 11:00:00,72.44
2023-09-29 12:00:00,77.04
2023-09-29 13:00:00,90.7
2023-09-29 14:00:00,96.71
2023-09-29 15:00:00,112.0
2023-09-29 16:00:00,121.45
2023-09-29 17:00:00,141.24
2023-09-29 18:00:00,133.1
2023-09-29 19:00:00,113.4
2023-09-29 20:00:00,106.57
2023-09-29 21:00:00,101.07
2023-09-29 22:00:00,94.98
2023-09-29 23:00:00,90.79
2023-09-30 00:00:00,89.27
2023-09-30 01:00:00,88.72
2023-09-30 02:00:00,88.28
2023-09-30 03:00:00,92.1
2023-09-30 04:00:00,105.3
2023-09-30 05:00:00,109.45
2023-09-30 06:00:00,111.56
2023-09-30 07:00:00,105.08
2023-09-30 08:00:00,87.5
2023-09-30 09:00:00,70.5
2023-09-30 10:00:00,42.76
2023-09-30 11:00:00,15.16
2023-09-30 12:00:00,15.04
2023-09-30 13:00:00,56.0
2023-09-30 14:00:00,85.01
2023-09-30 15:00:00,100.43
2023-09-30 16:00:00,113.72
2023-09-30 17:00:00,132.03
2023-09-30 18:00:00,124.28
2023-09-30 19:00:00,101.06
2023-09-30 20:00:00,107.4
2023-09-30 21:00:00,101.04
2023-09-30 22:00:00,102.73
2023-09-30 23:00:00,94.14
2023-10-01 00:00:00,88.6
2023-10-01 01:00:00,36.15
2023-10-01 02:00:00,45.11
2023-10-01 03:00:00,62.1
2023-10-01 04:00:00,67.11
2023-10-01 05:00:00,88.08
2023-10-01 06:00:00,82.1
2023-10-01 07:00:00,62.73
2023-10-01 08:00:00,40.0
2023-10-01 09:00:00,8.99
2023-10-01 10:00:00,0.04
2023-10-01 11:00:00,-0.01
2023-10-01 12:00:00,-0.02
2023-10-01 13:00:00,1.53
2023-10-01 14:00:00,62.73
2023-10-01 15:00:00,92.65
2023-10-01 16:00:00,120.06
2023-10-01 17:00:00,130.0
2023-10-01 18:00:00,130.0
2023-10-01 19:00:00,115.16
2023-10-01 20:00:00,106.62
2023-10-01 21:00:00,99.97
2023-10-01 22:00:00,94.9
2023-10-01 23:00:00,93.17
2023-10-02 00:00:00,93.4
2023-10-02 01:00:00,92.02
2023-10-02 02:00:00,95.68
2023-10-02 03:00:00,99.33
2023-10-02 04:00:00,123.31
2023-10-02 05:00:00,137.36
2023-10-02 06:00:00,144.5
2023-10-02 07:00:00,128.0
2023-10-02 08:00:00,105.32
2023-10-02 09:00:00,92.1
2023-10-02 10:00:00,90.01
2023-10-02 11:00:00,87.7
2023-10-02 12:00:00,88.07
2023-10-02 13:00:00,90.5
2023-10-02 14:00:00,99.73
2023-10-02 15:00:00,103.0
2023-10-02 16:00:00,135.0
2023-10-02 17:00:00,182.02
2023-10-02 18:00:00,160.07
2023-10-02 19:00:00,120.0
2023-10-02 20:00:00,103.25
2023-10-02 21:00:00,100.0
2023-10-02 22:00:00,97.58
2023-10-02 23:00:00,51.34
2023-10-03 00:00:00,48.34
2023-10-03 01:00:00,27.87
2023-10-03 02:00:00,0.1
2023-10-03 03:00:00,7.01
2023-10-03 04:00:00,12.41
2023-10-03 05:00:00,54.9
2023-10-03 06:00:00,57.96
2023-10-03 07:00:00,62.41
2023-10-03 08:00:00,48.61
2023-10-03 09:00:00,33.66
2023-10-03 10:00:00,19.51
2023-10-03 11:00:00,2.32
2023-10-03 12:00:00,-0.01
2023-10-03 13:00:00,0.96
2023-10-03 14:00:00,6.43
2023-10-03 15:00:00,32.22
2023-10-03 16:00:00,92.0
2023-10-03 17:00:00,122.2
2023-10-03 18:00:00,130.0
2023-10-03 19:00:00,102.29
2023-10-03 20:00:00,93.25
2023-10-03 21:00:00,83.96
2023-10-03 22:00:00,74.89
2023-10-03 23:00:00,23.22
2023-10-04 00:00:00,23.33
2023-10-04 01:00:00,17.24
2023-10-04 02:00:00,20.22
2023-10-04 03:00:00,48.71
2023-10-04 04:00:00,98.71
2023-10-04 05:00:00,117.85
2023-10-04 06:00:00,121.98
2023-10-04 07:00:00,106.08
2023-10-04 08:00:00,77.88
2023-10-04 09:00:00,69.53
2023-10-04 10:00:00,69.23
2023-10-04 11:00:00,45.45
2023-10-04 12:00:00,51.7
2023-10-04 13:00:00,63.06
2023-10-04 14:00:00,81.39
2023-10-04 15:00:00,92.0
2023-10-04 16:00:00,111.12
2023-10-04 17:00:00,130.02
2023-10-04 18:00:00,116.86
2023-10-04 19:00:00,88.45
2023-10-04 20:00:00,85.59
2023-10-04 21:00:00,77.9
2023-10-04 22:00:00,83.19
2023-10-04 23:00:00,77.52
2023-10-05 00:00:00,70.91
2023-10-05 01:00:00,61.97
2023-10-05 02:00:00,69.47
2023-10-05 03:00:00,79.2
2023-10-05 04:00:00,92.37
2023-10-05 05:00:00,108.58
2023-10-05 06:00:00,122.75
2023-10-05 07:00:00,107.11
2023-10-05 08:00:00,87.33
2023-10-05 09:00:00,84.22
2023-10-05 10:00:00,81.05
2023-10-05 11:00:00,77.02
2023-10-05 12:00:00,80.03
2023-10-05 13:00:00,83.8
2023-10-05 14:00:00,83.57
2023-10-05 15:00:00,85.2
2023-10-05 16:00:00,112.94
2023-10-05 17:00:00,137.95
2023-10-05 18:00:00,139.4
2023-10-05 19:00:00,109.93
2023-10-05 20:00:00,100.98
2023-10-05 21:00:00,94.58
2023-10-05 22:00:00,87.39
2023-10-05 23:00:00,84.86
2023-10-06 00:00:00,78.72
2023-10-06 01:00:00,75.06
2023-10-06 02:00:00,66.57
2023-10-06 03:00:00,72.41
2023-10-06 04:00:00,96.11
2023-10-06 05:00:00,120.37
2023-10-06 06:00:00,120.8
2023-10-06 07:00:00,104.39
2023-10-06 08:00:00,85.01
2023-10-06 09:00:00,67.67
2023-10-06 10:00:00,60.85
2023-10-06 11:00:00,39.07
2023-10-06 12:00:00,30.27
2023-10-06 13:00:00,48.23
2023-10-06 14:00:00,64.53
2023-10-06 15:00:00,88.49
2023-10-06 16:00:00,106.92
2023-10-06 17:00:00,116.28
2023-10-06 18:00:00,103.64
2023-10-06 19:00:00,85.9
2023-10-06 20:00:00,85.47
2023-10-06 21:00:00,95.34
2023-10-06 22:00:00,82.94
2023-10-06 23:00:00,33.98
2023-10-07 00:00:00,10.9
2023-10-07 01:00:00,8.88
2023-10-07 02:00:00,8.33
2023-10-07 03:00:00,23.6
2023-10-07 04:00:00,54.8
2023-10-07 05:00:00,70.28
2023-10-07 06:00:00,72.94
2023-10-07 07:00:00,69.58
2023-10-07 08:00:00,46.79
2023-10-07 09:00:00,19.66
2023-10-07 10:00:00,10.41
2023-10-07 11:00:00,0.22
2023-10-07 12:00:00,1.0
2023-10-07 13:00:00,22.01
2023-10-07 14:00:00,62.13
2023-10-07 15:00:00,86.44
2023-10-07 16:00:00,102.28
2023-10-07 17:00:00,108.91
2023-10-07 18:00:00,100.0
2023-10-07 19:00:00,83.99
2023-10-07 20:00:00,76.19
2023-10-07 21:00:00,72.0
2023-10-07 22:00:00,89.33
2023-10-07 23:00:00,80.22
2023-10-08 00:00:00,76.28
2023-10-08 01:00:00,73.43
2023-10-08 02:00:00,71.81
2023-10-08 03:00:00,77.09
2023-10-08 04:00:00,83.51
2023-10-08 05:00:00,99.99
2023-10-08 06:00:00,101.14
2023-10-08 07:00:00,99.5
2023-10-08 08:00:00,85.95
2023-10-08 09:00:00,75.7
2023-10-08 10:00:00,69.51
2023-10-08 11:00:00,55.14
2023-10-08 12:00:00,54.59
2023-10-08 13:00:00,70.8
2023-10-08 14:00:00,79.86
2023-10-08 15:00:00,87.0
2023-10-08 16:00:00,116.69
2023-10-08 17:00:00,139.01
2023-10-08 18:00:00,131.85
2023-10-08 19:00:00,110.2
2023-10-08 20:00:00,104.42
2023-10-08 21:00:00,96.34
2023-10-08 22:00:00,91.11
2023-10-08 23:00:00,87.45
2023-10-09 00:00:00,82.44
2023-10-09 01:00:00,77.4
2023-10-09 02:00:00,75.0
2023-10-09 03:00:00,79.05
2023-10-09 04:00:00,97.96
2023-10-09 05:00:00,113.85
2023-10-09 06:00:00,128.81
2023-10-09 07:00:00,122.2
2023-10-09 08:00:00,111.78
2023-10-09 09:00:00,105.38
2023-10-09 10:00:00,99.33
2023-10-09 11:00:00,93.02
2023-10-09 12:00:00,93.02
2023-10-09 13:00:00,93.0
2023-10-09 14:00:00,103.68
2023-10-09 15:00:00,129.47
2023-10-09 16:00:00,189.02
2023-10-09 17:00:00,221.7
2023-10-09 18:00:00,184.5
2023-10-09 19:00:00,133.55
2023-10-09 20:00:00,120.0
2023-10-09 21:00:00,112.7
2023-10-09 22:00:00,104.0
2023-10-09 23:00:00,100.6
2023-10-10 00:00:00,99.9
2023-10-10 01:00:00,99.52
2023-10-10 02:00:00,97.33
2023-10-10 03:00:00,83.0
2023-10-10 04:00:00,124.47
2023-10-10 05:00:00,151.1
2023-10-10 06:00:00,159.48
2023-10-10 07:00:00,132.34
2023-10-10 08:00:00,115.35
2023-10-10 09:00:00,105.45
2023-10-10 10:00:00,96.65
2023-10-10 11:00:00,86.13
2023-10-10 12:00:00,87.52
2023-10-10 13:00:00,87.36
2023-10-10 14:00:00,80.11
2023-10-10 15:00:00,111.13
2023-10-10 16:00:00,129.98
2023-10-10 17:00:00,143.21
2023-10-10 18:00:00,108.72
2023-10-10 19:00:00,89.39
2023-10-10 20:00:00,90.52
2023-10-10 21:00:00,70.63
2023-10-10 22:00:00,64.74
2023-10-10 23:00:00,29.0
2023-10-11 00:00:00,11.94
2023-10-11 01:00:00,6.39
2023-10-11 02:00:00,7.55
2023-10-11 03:00:00,14.78
2023-10-11 04:00:00,85.56
2023-10-11 05:00:00,129.85
2023-10-11 06:00:00,142.42
2023-10-11 07:00:00,121.74
2023-10-11 08:00:00,90.06
2023-10-11 09:00:00,96.48
2023-10-11 10:00:00,90.81
2023-10-11 11:00:00,48.12
2023-10-11 12:00:00,21.54
2023-10-11 13:00:00,41.63
2023-10-11 14:00:00,66.36
2023-10-11 15:00:00,106.3
2023-10-11 16:00:00,132.12
2023-10-11 17:00:00,142.24
2023-10-11 18:00:00,127.56
2023-10-11 19:00:00,107.59
2023-10-11 20:00:00,104.93
2023-10-11 21:00:00,103.42
2023-10-11 22:00:00,93.24
2023-10-11 23:00:00,95.13
2023-10-12 00:00:00,100.6
2023-10-12 01:00:00,95.81
2023-10-12 02:00:00,89.04
2023-10-12 03:00:00,102.6
2023-10-12 04:00:00,126.5
2023-10-12 05:00:00,134.24
2023-10-12 06:00:00,148.39
2023-10-12 07:00:00,145.38
2023-10-12 08:00:00,130.66
2023-10-12 09:00:00,124.54
2023-10-12 10:00:00,111.07
2023-10-12 11:00:00,104.29
2023-10-12 12:00:00,108.38
2023-10-12 13:00:00,120.0
2023-10-12 14:00:00,113.87
2023-10-12 15:00:00,144.38
2023-10-12 16:00:00,170.61
2023-10-12 17:00:00,221.18
2023-10-12 18:00:00,152.03
2023-10-12 19:00:00,129.36
2023-10-12 20:00:00,123.5
2023-10-12 21:00:00,109.84
2023-10-12 22:00:00,123.99
2023-10-12 23:00:00,115.0
2023-10-13 00:00:00,107.14
2023-10-13 01:00:00,101.4
2023-10-13 02:00:00,97.3
2023-10-13 03:00:00,79.03
2023-10-13 04:00:00,117.48
2023-10-13 05:00:00,124.59
2023-10-13 06:00:00,143.0
2023-10-13 07:00:00,132.05
2023-10-13 08:00:00,99.0
2023-10-13 09:00:00,72.17
2023-10-13 10:00:00,34.45
2023-10-13 11:00:00,7.68
2023-10-13 12:00:00,4.31
2023-10-13 13:00:00,4.24
2023-10-13 14:00:00,10.0
2023-10-13 15:00:00,52.42
2023-10-13 16:00:00,83.81
2023-10-13 17:00:00,92.07
2023-10-13 18:00:00,41.55
2023-10-13 19:00:00,12.93
2023-10-13 20:00:00,7.86
2023-10-13 21:00:00,5.19
2023-10-13 22:00:00,2.52
2023-10-13 23:00:00,0.72
2023-10-14 00:00:00,0.17
2023-10-14 01:00:00,0.04
2023-10-14 02:00:00,0.04
2023-10-14 03:00:00,0.07
2023-10-14 04:00:00,2.25
2023-10-14 05:00:00,5.25
2023-10-14 06:00:00,23.87
2023-10-14 07:00:00,34.15
2023-10-14 08:00:00,35.43
2023-10-14 09:00:00,21.73
2023-10-14 10:00:00,37.35
2023-10-14 11:00:00,22.49
2023-10-14 12:00:00,12.42
2023-10-14 13:00:00,8.66
2023-10-14 14:00:00,8.25
2023-10-14 15:00:00,70.94
2023-10-14 16:00:00,121.5
2023-10-14 17:00:00,142.22
2023-10-14 18:00:00,138.2
2023-10-14 19:00:00,106.03
2023-10-14 20:00:00,101.67
2023-10-14 21:00:00,97.38
2023-10-14 22:00:00,37.61
2023-10-14 23:00:00,18.52
2023-10-15 00:00:00,6.22
2023-10-15 01:00:00,9.49
2023-10-15 02:00:00,6.12
2023-10-15 03:00:00,7.95
2023-10-15 04:00:00,6.43
2023-10-15 05:00:00,31.97
2023-10-15 06:00:00,42.11
2023-10-15 07:00:00,49.95
2023-10-15 08:00:00,37.24
2023-10-15 09:00:00,12.62
2023-10-15 10:00:00,32.64
2023-10-15 11:00:00,10.32
2023-10-15 12:00:00,7.07
2023-10-15 13:00:00,10.63
2023-10-15 14:00:00,29.35
2023-10-15 15:00:00,91.6
2023-10-15 16:00:00,146.75
2023-10-15 17:00:00,155.91
2023-10-15 18:00:00,155.22
2023-10-15 19:00:00,127.1
2023-10-15 20:00:00,123.88
2023-10-15 21:00:00,106.45
2023-10-15 22:00:00,106.38
2023-10-15 23:00:00,100.68
2023-10-16 00:00:00,100.0
2023-10-16 01:00:00,98.26
2023-10-16 02:00:00,96.62
2023-10-16 03:00:00,101.35
2023-10-16 04:00:00,139.56
2023-10-16 05:00:00,159.37
2023-10-16 06:00:00,175.12
2023-10-16 07:00:00,156.57
2023-10-16 08:00:00,133.88
2023-10-16 09:00:00,117.58
2023-10-16 10:00:00,114.14
2023-10-16 11:00:00,106.05
2023-10-16 12:00:00,109.49
2023-10-16 13:00:00,116.75
2023-10-16 14:00:00,138.96
2023-10-16 15:00:00,145.94
2023-10-16 16:00:00,185.8
2023-10-16 17:00:00,240.0
2023-10-16 18:00:00,161.75
2023-10-16 19:00:00,145.54
2023-10-16 20:00:00,135.2
2023-10-16 21:00:00,119.22
2023-10-16 22:00:00,127.58
2023-10-16 23:00:00,114.04
2023-10-17 00:00:00,108.22
2023-10-17 01:00:00,96.3
2023-10-17 02:00:00,93.2
2023-10-17 03:00:00,95.32
2023-10-17 04:00:00,114.0
2023-10-17 05:00:00,138.87
2023-10-17 06:00:00,166.39
2023-10-17 07:00:00,159.56
2023-10-17 08:00:00,135.03
2023-10-17 09:00:00,113.94
2023-10-17 10:00:00,108.08
2023-10-17 11:00:00,96.89
2023-10-17 12:00:00,90.45
2023-10-17 13:00:00,90.0
2023-10-17 14:00:00,90.0
2023-10-17 15:00:00,91.8
2023-10-17 16:00:00,121.72
2023-10-17 17:00:00,145.04
2023-10-17 18:00:00,128.24
2023-10-17 19:00:00,103.99
2023-10-17 20:00:00,92.1
2023-10-17 21:00:00,84.78
2023-10-17 22:00:00,61.37
2023-10-17 23:00:00,38.0
2023-10-18 00:00:00,27.01
2023-10-18 01:00:00,10.0
2023-10-18 02:00:00,0.98
2023-10-18 03:00:00,9.15
2023-10-18 04:00:00,47.08
2023-10-18 05:00:00,75.32
2023-10-18 06:00:00,98.74
2023-10-18 07:00:00,95.27
2023-10-18 08:00:00,90.32
2023-10-18 09:00:00,76.92
2023-10-18 10:00:00,70.09
2023-10-18 11:00:00,64.0
2023-10-18 12:00:00,60.12
2023-10-18 13:00:00,45.55
2023-10-18 14:00:00,46.97
2023-10-18 15:00:00,61.37
2023-10-18 16:00:00,83.99
2023-10-18 17:00:00,113.47
2023-10-18 18:00:00,101.3
2023-10-18 19:00:00,88.87
2023-10-18 20:00:00,70.0
2023-10-18 21:00:00,40.14
2023-10-18 22:00:00,11.68
2023-10-18 23:00:00,3.0
2023-10-19 00:00:00,1.06
2023-10-19 01:00:00,3.46
2023-10-19 02:00:00,4.3
2023-10-19 03:00:00,6.5
2023-10-19 04:00:00,53.25
2023-10-19 05:00:00,75.0
2023-10-19 06:00:00,109.1
2023-10-19 07:00:00,127.0
2023-10-19 08:00:00,118.97
2023-10-19 09:00:00,112.31
2023-10-19 10:00:00,119.8
2023-10-19 11:00:00,104.2
2023-10-19 12:00:00,103.27
2023-10-19 13:00:00,106.9
2023-10-19 14:00:00,104.23
2023-10-19 15:00:00,100.8
2023-10-19 16:00:00,143.88
2023-10-19 17:00:00,143.1
2023-10-19 18:00:00,116.81
2023-10-19 19:00:00,95.19
2023-10-19 20:00:00,97.89
2023-10-19 21:00:00,86.04
2023-10-19 22:00:00,77.59
2023-10-19 23:00:00,51.68
2023-10-20 00:00:00,41.36
2023-10-20 01:00:00,24.8
2023-10-20 02:00:00,5.7
2023-10-20 03:00:00,32.18
2023-10-20 04:00:00,65.59
2023-10-20 05:00:00,108.12
2023-10-20 06:00:00,120.55
2023-10-20 07:00:00,124.76
2023-10-20 08:00:00,117.63
2023-10-20 09:00:00,111.24
2023-10-20 10:00:00,103.0
2023-10-20 11:00:00,97.71
2023-10-20 12:00:00,94.36
2023-10-20 13:00:00,95.59
2023-10-20 14:00:00,99.32
2023-10-20 15:00:00,112.0
2023-10-20 16:00:00,123.5
2023-10-20 17:00:00,127.78
2023-10-20 18:00:00,106.78
2023-10-20 19:00:00,86.36
2023-10-20 20:00:00,81.88
2023-10-20 21:00:00,57.15
2023-10-20 22:00:00,53.1
2023-10-20 23:00:00,37.27
2023-10-21 00:00:00,39.74
2023-10-21 01:00:00,25.0
2023-10-21 02:00:00,16.35
2023-10-21 03:00:00,16.35
2023-10-21 04:00:00,29.63
2023-10-21 05:00:00,51.6
2023-10-21 06:00:00,55.0
2023-10-21 07:00:00,56.7
2023-10-21 08:00:00,44.83
2023-10-21 09:00:00,31.1
2023-10-21 10:00:00,20.8
2023-10-21 11:00:00,10.0
2023-10-21 12:00:00,13.21
2023-10-21 13:00:00,17.05
2023-10-21 14:00:00,17.75
2023-10-21 15:00:00,50.09
2023-10-21 16:00:00,89.47
2023-10-21 17:00:00,114.96
2023-10-21 18:00:00,90.94
2023-10-21 19:00:00,55.18
2023-10-21 20:00:00,51.27
2023-10-21 21:00:00,40.15
2023-10-21 22:00:00,41.42
2023-10-21 23:00:00,30.36
2023-10-22 00:00:00,18.6
2023-10-22 01:00:00,15.63
2023-10-22 02:00:00,18.35
2023-10-22 03:00:00,34.32
2023-10-22 04:00:00,30.26
2023-10-22 05:00:00,58.2
2023-10-22 06:00:00,56.04
2023-10-22 07:00:00,64.54
2023-10-22 08:00:00,53.15
2023-10-22 09:00:00,49.63
2023-10-22 10:00:00,44.99
2023-10-22 11:00:00,29.19
2023-10-22 12:00:00,32.96
2023-10-22 13:00:00,52.4
2023-10-22 14:00:00,68.55
2023-10-22 15:00:00,97.84
2023-10-22 16:00:00,134.21
2023-10-22 17:00:00,140.59
2023-10-22 18:00:00,127.73
2023-10-22 19:00:00,112.47
2023-10-22 20:00:00,102.18
2023-10-22 21:00:00,97.74
2023-10-22 22:00:00,104.31
2023-10-22 23:00:00,100.44
2023-10-23 00:00:00,101.28
2023-10-23 01:00:00,99.27
2023-10-23 02:00:00,96.9
2023-10-23 03:00:00,100.68
2023-10-23 04:00:00,104.31
2023-10-23 05:00:00,136.81
2023-10-23 06:00:00,157.47
2023-10-23 07:00:00,150.46
2023-10-23 08:00:00,128.07
2023-10-23 09:00:00,109.03
2023-10-23 10:00:00,102.26
2023-10-23 11:00:00,103.22
2023-10-23 12:00:00,107.0
2023-10-23 13:00:00,111.12
2023-10-23 14:00:00,114.8
2023-10-23 15:00:00,126.87
2023-10-23 16:00:00,136.51
2023-10-23 17:00:00,157.91
2023-10-23 18:00:00,129.95
2023-10-23 19:00:00,105.35
2023-10-23 20:00:00,108.96
2023-10-23 21:00:00,92.76
2023-10-23 22:00:00,101.33
2023-10-23 23:00:00,97.21
2023-10-24 00:00:00,94.54
2023-10-24 01:00:00,89.46
2023-10-24 02:00:00,90.67
2023-10-24 03:00:00,95.06
2023-10-24 04:00:00,104.04
2023-10-24 05:00:00,122.96
2023-10-24 06:00:00,132.13
2023-10-24 07:00:00,136.35
2023-10-24 08:00:00,128.37
2023-10-24 09:00:00,125.0
2023-10-24 10:00:00,118.99
2023-10-24 11:00:00,112.54
2023-10-24 12:00:00,109.45
2023-10-24 13:00:00,103.48
2023-10-24 14:00:00,118.24
2023-10-24 15:00:00,127.93
2023-10-24 16:00:00,150.19
2023-10-24 17:00:00,154.12
2023-10-24 18:00:00,133.45
2023-10-24 19:00:00,119.31
2023-10-24 20:00:00,114.1
2023-10-24 21:00:00,102.78
2023-10-24 22:00:00,99.07
2023-10-24 23:00:00,94.56
2023-10-25 00:00:00,89.48
2023-10-25 01:00:00,85.04
2023-10-25 02:00:00,45.59
2023-10-25 03:00:00,73.64
2023-10-25 04:00:00,91.83
2023-10-25 05:00:00,110.48
2023-10-25 06:00:00,118.38
2023-10-25 07:00:00,140.51
2023-10-25 08:00:00,127.61
2023-10-25 09:00:00,122.96
2023-10-25 10:00:00,117.41
2023-10-25 11:00:00,114.94
2023-10-25 12:00:00,106.79
2023-10-25 13:00:00,94.27
2023-10-25 14:00:00,89.15
2023-10-25 15:00:00,76.95
2023-10-25 16:00:00,148.28
2023-10-25 17:00:00,158.2
2023-10-25 18:00:00,137.25
2023-10-25 19:00:00,123.77
2023-10-25 20:00:00,120.06
2023-10-25 21:00:00,112.8
2023-10-25 22:00:00,92.53
2023-10-25 23:00:00,93.43
2023-10-26 00:00:00,92.57
2023-10-26 01:00:00,90.0
2023-10-26 02:00:00,91.56
2023-10-26 03:00:00,100.0
2023-10-26 04:00:00,117.08
2023-10-26 05:00:00,133.66
2023-10-26 06:00:00,143.85
2023-10-26 07:00:00,149.0
2023-10-26 08:00:00,146.37
2023-10-26 09:00:00,140.0
2023-10-26 10:00:00,131.11
2023-10-26 11:00:00,120.09
2023-10-26 12:00:00,119.6
2023-10-26 13:00:00,108.3
2023-10-26 14:00:00,101.98
2023-10-26 15:00:00,114.71
2023-10-26 16:00:00,151.09
2023-10-26 17:00:00,151.41
2023-10-26 18:00:00,131.29
2023-10-26 19:00:00,119.06
2023-10-26 20:00:00,117.06
2023-10-26 21:00:00,104.85
2023-10-26 22:00:00,104.56
2023-10-26 23:00:00,95.05
2023-10-27 00:00:00,77.96
2023-10-27 01:00:00,63.97
2023-10-27 02:00:00,45.37
2023-10-27 03:00:00,70.13
2023-10-27 04:00:00,87.44
2023-10-27 05:00:00,122.93
2023-10-27 06:00:00,151.43
2023-10-27 07:00:00,152.7
2023-10-27 08:00:00,127.2
2023-10-27 09:00:00,103.92
2023-10-27 10:00:00,95.08
2023-10-27 11:00:00,92.11
2023-10-27 12:00:00,68.67
2023-10-27 13:00:00,84.57
2023-10-27 14:00:00,63.97
2023-10-27 15:00:00,116.04
2023-10-27 16:00:00,140.3
2023-10-27 17:00:00,140.92
2023-10-27 18:00:00,121.68
2023-10-27 19:00:00,100.38
2023-10-27 20:00:00,96.95
2023-10-27 21:00:00,93.7
2023-10-27 22:00:00,84.6
2023-10-27 23:00:00,68.61
2023-10-28 00:00:00,64.59
2023-10-28 01:00:00,55.0
2023-10-28 02:00:00,45.96
2023-10-28 03:00:00,34.19
2023-10-28 04:00:00,60.04
2023-10-28 05:00:00,57.73
2023-10-28 06:00:00,87.49
2023-10-28 07:00:00,89.17
2023-10-28 08:00:00,87.01
2023-10-28 09:00:00,69.19
2023-10-28 10:00:00,39.01
2023-10-28 11:00:00,30.0
2023-10-28 12:00:00,16.99
2023-10-28 13:00:00,25.04
2023-10-28 14:00:00,14.8
2023-10-28 15:00:00,36.95
2023-10-28 16:00:00,76.9
2023-10-28 17:00:00,63.5
2023-10-28 18:00:00,41.2
2023-10-28 19:00:00,24.26
2023-10-28 20:00:00,16.82
2023-10-28 21:00:00,4.56
2023-10-28 22:00:00,8.07
2023-10-28 23:00:00,1.38
2023-10-29 00:00:00,0.02
2023-10-29 01:00:00,0.0
2023-10-29 02:00:00,0.0
2023-10-29 03:00:00,0.0
2023-10-29 04:00:00,0.0
2023-10-29 05:00:00,0.05
2023-10-29 06:00:00,0.69
2023-10-29 07:00:00,0.91
2023-10-29 08:00:00,0.86
2023-10-29 09:00:00,0.6
2023-10-29 10:00:00,0.66
2023-10-29 11:00:00,0.96
2023-10-29 12:00:00,1.42
2023-10-29 13:00:00,10.35
2023-10-29 14:00:00,14.56
2023-10-29 15:00:00,7.69
2023-10-29 16:00:00,21.58
2023-10-29 17:00:00,48.3
2023-10-29 18:00:00,64.21
2023-10-29 19:00:00,63.81
2023-10-29 20:00:00,56.21
2023-10-29 21:00:00,52.47
2023-10-29 22:00:00,39.31
2023-10-29 23:00:00,8.0
2023-10-30 00:00:00,8.2
2023-10-30 01:00:00,8.36
2023-10-30 02:00:00,10.02
2023-10-30 03:00:00,13.91
2023-10-30 04:00:00,21.2
2023-10-30 05:00:00,77.65
2023-10-30 06:00:00,106.25
2023-10-30 07:00:00,111.0
2023-10-30 08:00:00,103.0
2023-10-30 09:00:00,90.0
2023-10-30 10:00:00,96.17
2023-10-30 11:00:00,102.54
2023-10-30 12:00:00,114.62
2023-10-30 13:00:00,123.98
2023-10-30 14:00:00,139.45
2023-10-30 15:00:00,140.32
2023-10-30 16:00:00,165.84
2023-10-30 17:00:00,171.0
2023-10-30 18:00:00,151.22
2023-10-30 19:00:00,129.05
2023-10-30 20:00:00,106.98
2023-10-30 21:00:00,114.35
2023-10-30 22:00:00,99.99
2023-10-30 23:00:00,86.05
2023-10-31 00:00:00,79.2
2023-10-31 01:00:00,71.96
2023-10-31 02:00:00,64.8
2023-10-31 03:00:00,65.5
2023-10-31 04:00:00,75.26
2023-10-31 05:00:00,94.8
2023-10-31 06:00:00,114.2
2023-10-31 07:00:00,129.47
2023-10-31 08:00:00,115.01
2023-10-31 09:00:00,105.24
2023-10-31 10:00:00,104.5
2023-10-31 11:00:00,102.64
2023-10-31 12:00:00,101.94
2023-10-31 13:00:00,109.92
2023-10-31 14:00:00,119.07
2023-10-31 15:00:00,135.11
2023-10-31 16:00:00,161.81
2023-10-31 17:00:00,172.04
2023-10-31 18:00:00,152.92
2023-10-31 19:00:00,125.88
2023-10-31 20:00:00,115.92
2023-10-31 21:00:00,109.31
2023-10-31 22:00:00,98.43
2023-10-31 23:00:00,63.4
2023-11-01 00:00:00,17.02
2023-11-01 01:00:00,7.9
2023-11-01 02:00:00,9.92
2023-11-01 03:00:00,6.79
2023-11-01 04:00:00,12.73
2023-11-01 05:00:00,33.05
2023-11-01 06:00:00,59.73
2023-11-01 07:00:00,57.0
2023-11-01 08:00:00,69.23
2023-11-01 09:00:00,40.1
2023-11-01 10:00:00,39.71
2023-11-01 11:00:00,47.64
2023-11-01 12:00:00,30.5
2023-11-01 13:00:00,17.96
2023-11-01 14:00:00,16.32
2023-11-01 15:00:00,38.08
2023-11-01 16:00:00,47.02
2023-11-01 17:00:00,81.53
2023-11-01 18:00:00,71.9
2023-11-01 19:00:00,56.59
2023-11-01 20:00:00,40.87
2023-11-01 21:00:00,38.83
2023-11-01 22:00:00,21.68
2023-11-01 23:00:00,19.15
2023-11-02 00:00:00,4.3
2023-11-02 01:00:00,0.77
2023-11-02 02:00:00,0.06
2023-11-02 03:00:00,0.09
2023-11-02 04:00:00,1.6
2023-11-02 05:00:00,14.77
2023-11-02 06:00:00,76.56
2023-11-02 07:00:00,85.33
2023-11-02 08:00:00,71.79
2023-11-02 09:00:00,60.63
2023-11-02 10:00:00,62.27
2023-11-02 11:00:00,61.85
2023-11-02 12:00:00,61.34
2023-11-02 13:00:00,75.0
2023-11-02 14:00:00,87.0
2023-11-02 15:00:00,93.77
2023-11-02 16:00:00,101.02
2023-11-02 17:00:00,111.55
2023-11-02 18:00:00,96.55
2023-11-02 19:00:00,88.14
2023-11-02 20:00:00,76.17
2023-11-02 21:00:00,72.27
2023-11-02 22:00:00,57.04
2023-11-02 23:00:00,15.17
2023-11-03 00:00:00,11.47
2023-11-03 01:00:00,10.0
2023-11-03 02:00:00,5.73
2023-11-03 03:00:00,9.73
2023-11-03 04:00:00,23.6
2023-11-03 05:00:00,62.04
2023-11-03 06:00:00,90.98
2023-11-03 07:00:00,95.25
2023-11-03 08:00:00,89.59
2023-11-03 09:00:00,82.98
2023-11-03 10:00:00,72.7
2023-11-03 11:00:00,62.61
2023-11-03 12:00:00,61.62
2023-11-03 13:00:00,65.55
2023-11-03 14:00:00,69.84
2023-11-03 15:00:00,82.35
2023-11-03 16:00:00,84.07
2023-11-03 17:00:00,93.33
2023-11-03 18:00:00,89.66
2023-11-03 19:00:00,70.24
2023-11-03 20:00:00,53.61
2023-11-03 21:00:00,45.53
2023-11-03 22:00:00,22.88
2023-11-03 23:00:00,45.72
2023-11-04 00:00:00,32.06
2023-11-04 01:00:00,30.0
2023-11-04 02:00:00,22.01
2023-11-04 03:00:00,19.19
2023-11-04 04:00:00,15.4
2023-11-04 05:00:00,16.13
2023-11-04 06:00:00,25.08
2023-11-04 07:00:00,25.85
2023-11-04 08:00:00,20.0
2023-11-04 09:00:00,13.95
2023-11-04 10:00:00,15.2
2023-11-04 11:00:00,20.0
2023-11-04 12:00:00,21.14
2023-11-04 13:00:00,30.79
2023-11-04 14:00:00,37.75
2023-11-04 15:00:00,26.96
2023-11-04 16:00:00,31.15
2023-11-04 17:00:00,46.98
2023-11-04 18:00:00,36.89
2023-11-04 19:00:00,22.05
2023-11-04 20:00:00,16.21
2023-11-04 21:00:00,11.73
2023-11-04 22:00:00,7.05
2023-11-04 23:00:00,8.71
2023-11-05 00:00:00,6.59
2023-11-05 01:00:00,5.18
2023-11-05 02:00:00,2.98
2023-11-05 03:00:00,4.24
2023-11-05 04:00:00,7.99
2023-11-05 05:00:00,7.82
2023-11-05 06:00:00,11.29
2023-11-05 07:00:00,14.38
2023-11-05 08:00:00,20.3
2023-11-05 09:00:00,13.27
2023-11-05 10:00:00,12.97
2023-11-05 11:00:00,13.69
2023-11-05 12:00:00,4.9
2023-11-05 13:00:00,3.8
2023-11-05 14:00:00,14.62
2023-11-05 15:00:00,33.0
2023-11-05 16:00:00,39.68
2023-11-05 17:00:00,72.77
2023-11-05 18:00:00,59.26
2023-11-05 19:00:00,47.02
2023-11-05 20:00:00,27.3
2023-11-05 21:00:00,22.86
2023-11-05 22:00:00,16.42
2023-11-05 23:00:00,14.1
2023-11-06 00:00:00,9.43
2023-11-06 01:00:00,4.3
2023-11-06 02:00:00,1.77
2023-11-06 03:00:00,4.3
2023-11-06 04:00:00,16.93
2023-11-06 05:00:00,73.57
2023-11-06 06:00:00,96.64
2023-11-06 07:00:00,98.58
2023-11-06 08:00:00,78.29
2023-11-06 09:00:00,61.3
2023-11-06 10:00:00,57.46
2023-11-06 11:00:00,58.05
2023-11-06 12:00:00,66.98
2023-11-06 13:00:00,80.53
2023-11-06 14:00:00,100.08
2023-11-06 15:00:00,113.29
2023-11-06 16:00:00,138.8
2023-11-06 17:00:00,151.74
2023-11-06 18:00:00,140.31
2023-11-06 19:00:00,112.48
2023-11-06 20:00:00,106.99
2023-11-06 21:00:00,100.11
2023-11-06 22:00:00,89.36
2023-11-06 23:00:00,82.19
2023-11-07 00:00:00,76.63
2023-11-07 01:00:00,70.96
2023-11-07 02:00:00,68.01
2023-11-07 03:00:00,70.25
2023-11-07 04:00:00,83.8
2023-11-07 05:00:00,103.33
2023-11-07 06:00:00,133.05
2023-11-07 07:00:00,136.57
2023-11-07 08:00:00,119.05
2023-11-07 09:00:00,99.55
2023-11-07 10:00:00,89.03
2023-11-07 11:00:00,86.21
2023-11-07 12:00:00,88.79
2023-11-07 13:00:00,98.38
2023-11-07 14:00:00,108.91
2023-11-07 15:00:00,115.2
2023-11-07 16:00:00,138.88
2023-11-07 17:00:00,150.59
2023-11-07 18:00:00,133.89
2023-11-07 19:00:00,105.84
2023-11-07 20:00:00,92.98
2023-11-07 21:00:00,92.39
2023-11-07 22:00:00,86.51
2023-11-07 23:00:00,93.35
2023-11-08 00:00:00,79.39
2023-11-08 01:00:00,77.99
2023-11-08 02:00:00,76.3
2023-11-08 03:00:00,66.76
2023-11-08 04:00:00,75.01
2023-11-08 05:00:00,84.98
2023-11-08 06:00:00,107.92
2023-11-08 07:00:00,111.47
2023-11-08 08:00:00,93.92
2023-11-08 09:00:00,85.24
2023-11-08 10:00:00,78.85
2023-11-08 11:00:00,76.2
2023-11-08 12:00:00,76.5
2023-11-08 13:00:00,83.78
2023-11-08 14:00:00,102.18
2023-11-08 15:00:00,96.44
2023-11-08 16:00:00,119.72
2023-11-08 17:00:00,127.43
2023-11-08 18:00:00,121.31
2023-11-08 19:00:00,115.17
2023-11-08 20:00:00,99.0
2023-11-08 21:00:00,92.3
2023-11-08 22:00:00,80.68
2023-11-08 23:00:00,76.8
2023-11-09 00:00:00,77.79
2023-11-09 01:00:00,75.89
2023-11-09 02:00:00,77.16
2023-11-09 03:00:00,78.67
2023-11-09 04:00:00,84.63
2023-11-09 05:00:00,109.61
2023-11-09 06:00:00,120.06
2023-11-09 07:00:00,126.35
2023-11-09 08:00:00,114.25
2023-11-09 09:00:00,100.08
2023-11-09 10:00:00,95.0
2023-11-09 11:00:00,90.16
2023-11-09 12:00:00,92.32
2023-11-09 13:00:00,100.61
2023-11-09 14:00:00,114.74
2023-11-09 15:00:00,97.75
2023-11-09 16:00:00,132.31
2023-11-09 17:00:00,128.74
2023-11-09 18:00:00,112.22
2023-11-09 19:00:00,103.63
2023-11-09 20:00:00,92.5
2023-11-09 21:00:00,84.04
2023-11-09 22:00:00,74.36
2023-11-09 23:00:00,64.32
2023-11-10 00:00:00,59.73
2023-11-10 01:00:00,53.74
2023-11-10 02:00:00,48.36
2023-11-10 03:00:00,50.0
2023-11-10 04:00:00,67.76
2023-11-10 05:00:00,85.22
2023-11-10 06:00:00,106.9
2023-11-10 07:00:00,113.0
2023-11-10 08:00:00,111.05
2023-11-10 09:00:00,99.38
2023-11-10 10:00:00,92.21
2023-11-10 11:00:00,85.36
2023-11-10 12:00:00,90.15
2023-11-10 13:00:00,95.95
2023-11-10 14:00:00,106.95
2023-11-10 15:00:00,109.99
2023-11-10 16:00:00,129.22
2023-11-10 17:00:00,135.1
2023-11-10 18:00:00,123.58
2023-11-10 19:00:00,112.93
2023-11-10 20:00:00,105.1
2023-11-10 21:00:00,103.97
2023-11-10 22:00:00,93.2
2023-11-10 23:00:00,87.3
2023-11-11 00:00:00,85.89
2023-11-11 01:00:00,85.88
2023-11-11 02:00:00,83.21
2023-11-11 03:00:00,82.71
2023-11-11 04:00:00,85.44
2023-11-11 05:00:00,86.3
2023-11-11 06:00:00,88.0
2023-11-11 07:00:00,92.0
2023-11-11 08:00:00,94.89
2023-11-11 09:00:00,91.28
2023-11-11 10:00:00,90.22
2023-11-11 11:00:00,87.94
2023-11-11 12:00:00,87.8
2023-11-11 13:00:00,91.5
2023-11-11 14:00:00,102.87
2023-11-11 15:00:00,115.78
2023-11-11 16:00:00,127.98
2023-11-11 17:00:00,135.76
2023-11-11 18:00:00,124.47
2023-11-11 19:00:00,113.51
2023-11-11 20:00:00,102.58
2023-11-11 21:00:00,92.38
2023-11-11 22:00:00,87.41
2023-11-11 23:00:00,89.65
2023-11-12 00:00:00,85.36
2023-11-12 01:00:00,83.41
2023-11-12 02:00:00,70.77
2023-11-12 03:00:00,41.46
2023-11-12 04:00:00,68.26
2023-11-12 05:00:00,73.95
2023-11-12 06:00:00,73.21
2023-11-12 07:00:00,81.35
2023-11-12 08:00:00,89.75
2023-11-12 09:00:00,87.96
2023-11-12 10:00:00,82.84
2023-11-12 11:00:00,88.09
2023-11-12 12:00:00,75.01
2023-11-12 13:00:00,73.59
2023-11-12 14:00:00,95.29
2023-11-12 15:00:00,97.48
2023-11-12 16:00:00,80.52
2023-11-12 17:00:00,114.56
2023-11-12 18:00:00,100.7
2023-11-12 19:00:00,77.8
2023-11-12 20:00:00,107.33
2023-11-12 21:00:00,100.14
2023-11-12 22:00:00,88.02
2023-11-12 23:00:00,91.26
2023-11-13 00:00:00,86.82
2023-11-13 01:00:00,87.0
2023-11-13 02:00:00,80.97
2023-11-13 03:00:00,62.03
2023-11-13 04:00:00,66.94
2023-11-13 05:00:00,50.05
2023-11-13 06:00:00,90.0
2023-11-13 07:00:00,107.0
2023-11-13 08:00:00,90.59
2023-11-13 09:00:00,103.76
2023-11-13 10:00:00,88.7
2023-11-13 11:00:00,77.56
2023-11-13 12:00:00,59.25
2023-11-13 13:00:00,58.41
2023-11-13 14:00:00,40.1
2023-11-13 15:00:00,51.09
2023-11-13 16:00:00,86.22
2023-11-13 17:00:00,94.02
2023-11-13 18:00:00,104.57
2023-11-13 19:00:00,86.99
2023-11-13 20:00:00,63.98
2023-11-13 21:00:00,55.1
2023-11-13 22:00:00,45.92
2023-11-13 23:00:00,12.49
2023-11-14 00:00:00,3.3
2023-11-14 01:00:00,1.9
2023-11-14 02:00:00,1.3
2023-11-14 03:00:00,1.6
2023-11-14 04:00:00,4.74
2023-11-14 05:00:00,52.0
2023-11-14 06:00:00,81.61
2023-11-14 07:00:00,89.42
2023-11-14 08:00:00,81.75
2023-11-14 09:00:00,73.76
2023-11-14 10:00:00,72.82
2023-11-14 11:00:00,75.08
2023-11-14 12:00:00,75.53
2023-11-14 13:00:00,81.71
2023-11-14 14:00:00,87.55
2023-11-14 15:00:00,79.83
2023-11-14 16:00:00,97.79
2023-11-14 17:00:00,118.14
2023-11-14 18:00:00,117.02
2023-11-14 19:00:00,100.43
2023-11-14 20:00:00,88.52
2023-11-14 21:00:00,91.29
2023-11-14 22:00:00,85.5
2023-11-14 23:00:00,81.1
2023-11-15 00:00:00,76.42
2023-11-15 01:00:00,72.9
2023-11-15 02:00:00,70.69
2023-11-15 03:00:00,74.45
2023-11-15 04:00:00,80.68
2023-11-15 05:00:00,93.55
2023-11-15 06:00:00,112.67
2023-11-15 07:00:00,117.72
2023-11-15 08:00:00,103.41
2023-11-15 09:00:00,92.59
2023-11-15 10:00:00,85.5
2023-11-15 11:00:00,84.42
2023-11-15 12:00:00,83.35
2023-11-15 13:00:00,82.51
2023-11-15 14:00:00,84.52
2023-11-15 15:00:00,102.94
2023-11-15 16:00:00,120.2
2023-11-15 17:00:00,129.9
2023-11-15 18:00:00,121.09
2023-11-15 19:00:00,110.51
2023-11-15 20:00:00,97.76
2023-11-15 21:00:00,91.66
2023-11-15 22:00:00,84.21
2023-11-15 23:00:00,85.48
2023-11-16 00:00:00,83.29
2023-11-16 01:00:00,82.06
2023-11-16 02:00:00,79.9
2023-11-16 03:00:00,84.81
2023-11-16 04:00:00,91.21
2023-11-16 05:00:00,102.52
2023-11-16 06:00:00,126.9
2023-11-16 07:00:00,129.99
2023-11-16 08:00:00,128.59
2023-11-16 09:00:00,120.1
2023-11-16 10:00:00,116.62
2023-11-16 11:00:00,122.63
2023-11-16 12:00:00,103.15
2023-11-16 13:00:00,90.28
2023-11-16 14:00:00,84.79
2023-11-16 15:00:00,89.61
2023-11-16 16:00:00,111.4
2023-11-16 17:00:00,120.52
2023-11-16 18:00:00,125.28
2023-11-16 19:00:00,121.2
2023-11-16 20:00:00,115.0
2023-11-16 21:00:00,110.2
2023-11-16 22:00:00,100.85
2023-11-16 23:00:00,106.0
2023-11-17 00:00:00,100.0
2023-11-17 01:00:00,96.93
2023-11-17 02:00:00,92.79
2023-11-17 03:00:00,95.7
2023-11-17 04:00:00,103.2
2023-11-17 05:00:00,119.66
2023-11-17 06:00:00,131.03
2023-11-17 07:00:00,141.92
2023-11-17 08:00:00,134.75
2023-11-17 09:00:00,127.87
2023-11-17 10:00:00,125.18
2023-11-17 11:00:00,119.63
2023-11-17 12:00:00,112.78
2023-11-17 13:00:00,123.91
2023-11-17 14:00:00,127.81
2023-11-17 15:00:00,127.44
2023-11-17 16:00:00,146.32
2023-11-17 17:00:00,150.33
2023-11-17 18:00:00,141.92
2023-11-17 19:00:00,128.53
2023-11-17 20:00:00,120.49
2023-11-17 21:00:00,118.53
2023-11-17 22:00:00,112.93
2023-11-17 23:00:00,110.56
2023-11-18 00:00:00,97.38
2023-11-18 01:00:00,90.61
2023-11-18 02:00:00,85.87
2023-11-18 03:00:00,82.36
2023-11-18 04:00:00,82.45
2023-11-18 05:00:00,85.41
2023-11-18 06:00:00,92.08
2023-11-18 07:00:00,100.0
2023-11-18 08:00:00,94.12
2023-11-18 09:00:00,89.2
2023-11-18 10:00:00,72.69
2023-11-18 11:00:00,77.74
2023-11-18 12:00:00,70.8
2023-11-18 13:00:00,66.05
2023-11-18 14:00:00,67.69
2023-11-18 15:00:00,83.67
2023-11-18 16:00:00,105.64
2023-11-18 17:00:00,108.67
2023-11-18 18:00:00,93.87
2023-11-18 19:00:00,84.84
2023-11-18 20:00:00,78.48
2023-11-18 21:00:00,73.7
2023-11-18 22:00:00,57.87
2023-11-18 23:00:00,19.64
2023-11-19 00:00:00,6.04
2023-11-19 01:00:00,4.1
2023-11-19 02:00:00,0.13
2023-11-19 03:00:00,0.07
2023-11-19 04:00:00,0.09
2023-11-19 05:00:00,2.33
2023-11-19 06:00:00,5.59
2023-11-19 07:00:00,14.49
2023-11-19 08:00:00,18.78
2023-11-19 09:00:00,12.62
2023-11-19 10:00:00,12.68
2023-11-19 11:00:00,11.7
2023-11-19 12:00:00,3.86
2023-11-19 13:00:00,18.6
2023-11-19 14:00:00,42.06
2023-11-19 15:00:00,67.7
2023-11-19 16:00:00,91.57
2023-11-19 17:00:00,104.68
2023-11-19 18:00:00,104.01
2023-11-19 19:00:00,89.1
2023-11-19 20:00:00,84.55
2023-11-19 21:00:00,88.05
2023-11-19 22:00:00,80.05
2023-11-19 23:00:00,68.3
2023-11-20 00:00:00,62.68
2023-11-20 01:00:00,59.91
2023-11-20 02:00:00,46.74
2023-11-20 03:00:00,57.29
2023-11-20 04:00:00,80.43
2023-11-20 05:00:00,101.0
2023-11-20 06:00:00,125.71
2023-11-20 07:00:00,123.01
2023-11-20 08:00:00,113.81
2023-11-20 09:00:00,104.02
2023-11-20 10:00:00,106.41
2023-11-20 11:00:00,90.75
2023-11-20 12:00:00,104.77
2023-11-20 13:00:00,114.02
2023-11-20 14:00:00,104.45
2023-11-20 15:00:00,104.28
2023-11-20 16:00:00,115.4
2023-11-20 17:00:00,139.98
2023-11-20 18:00:00,130.08
2023-11-20 19:00:00,120.04
2023-11-20 20:00:00,107.01
2023-11-20 21:00:00,108.05
2023-11-20 22:00:00,98.35
2023-11-20 23:00:00,102.75
2023-11-21 00:00:00,98.2
2023-11-21 01:00:00,96.12
2023-11-21 02:00:00,91.17
2023-11-21 03:00:00,90.94
2023-11-21 04:00:00,101.17
2023-11-21 05:00:00,119.7
2023-11-21 06:00:00,128.3
2023-11-21 07:00:00,126.27
2023-11-21 08:00:00,131.38
2023-11-21 09:00:00,135.0
2023-11-21 10:00:00,130.99
2023-11-21 11:00:00,129.87
2023-11-21 12:00:00,125.87
2023-11-21 13:00:00,131.84
2023-11-21 14:00:00,124.66
2023-11-21 15:00:00,126.88
2023-11-21 16:00:00,140.46
2023-11-21 17:00:00,142.08
2023-11-21 18:00:00,132.35
2023-11-21 19:00:00,124.79
2023-11-21 20:00:00,110.52
2023-11-21 21:00:00,110.91
2023-11-21 22:00:00,98.04
2023-11-21 23:00:00,98.0
2023-11-22 00:00:00,95.01
2023-11-22 01:00:00,95.01
2023-11-22 02:00:00,92.0
2023-11-22 03:00:00,92.42
2023-11-22 04:00:00,93.8
2023-11-22 05:00:00,115.23
2023-11-22 06:00:00,118.38
2023-11-22 07:00:00,136.17
2023-11-22 08:00:00,131.16
2023-11-22 09:00:00,114.87
2023-11-22 10:00:00,103.4
2023-11-22 11:00:00,95.32
2023-11-22 12:00:00,102.57
2023-11-22 13:00:00,116.91
2023-11-22 14:00:00,120.11
2023-11-22 15:00:00,127.45
2023-11-22 16:00:00,133.11
2023-11-22 17:00:00,129.89
2023-11-22 18:00:00,118.86
2023-11-22 19:00:00,116.94
2023-11-22 20:00:00,97.37
2023-11-22 21:00:00,99.53
2023-11-22 22:00:00,86.97
2023-11-22 23:00:00,64.97
2023-11-23 00:00:00,46.05
2023-11-23 01:00:00,41.12
2023-11-23 02:00:00,30.13
2023-11-23 03:00:00,23.96
2023-11-23 04:00:00,38.57
2023-11-23 05:00:00,85.62
2023-11-23 06:00:00,116.59
2023-11-23 07:00:00,128.52
2023-11-23 08:00:00,118.7
2023-11-23 09:00:00,100.91
2023-11-23 10:00:00,81.19
2023-11-23 11:00:00,70.24
2023-11-23 12:00:00,78.13
2023-11-23 13:00:00,82.84
2023-11-23 14:00:00,87.37
2023-11-23 15:00:00,93.89
2023-11-23 16:00:00,118.37
2023-11-23 17:00:00,129.38
2023-11-23 18:00:00,125.76
2023-11-23 19:00:00,104.67
2023-11-23 20:00:00,87.94
2023-11-23 21:00:00,75.0
2023-11-23 22:00:00,39.02
2023-11-23 23:00:00,35.93
2023-11-24 00:00:00,10.78
2023-11-24 01:00:00,12.41
2023-11-24 02:00:00,1.63
2023-11-24 03:00:00,2.4
2023-11-24 04:00:00,31.88
2023-11-24 05:00:00,71.96
2023-11-24 06:00:00,96.81
2023-11-24 07:00:00,116.97
2023-11-24 08:00:00,111.0
2023-11-24 09:00:00,98.01
2023-11-24 10:00:00,91.52
2023-11-24 11:00:00,78.74
2023-11-24 12:00:00,76.6
2023-11-24 13:00:00,84.12
2023-11-24 14:00:00,86.72
2023-11-24 15:00:00,100.26
2023-11-24 16:00:00,110.84
2023-11-24 17:00:00,112.8
2023-11-24 18:00:00,105.59
2023-11-24 19:00:00,97.71
2023-11-24 20:00:00,83.41
2023-11-24 21:00:00,83.13
2023-11-24 22:00:00,79.19
2023-11-24 23:00:00,78.07
2023-11-25 00:00:00,74.03
2023-11-25 01:00:00,72.07
2023-11-25 02:00:00,71.61
2023-11-25 03:00:00,69.99
2023-11-25 04:00:00,74.19
2023-11-25 05:00:00,79.81
2023-11-25 06:00:00,87.08
2023-11-25 07:00:00,94.29
2023-11-25 08:00:00,91.95
2023-11-25 09:00:00,89.17
2023-11-25 10:00:00,87.06
2023-11-25 11:00:00,84.92
2023-11-25 12:00:00,83.16
2023-11-25 13:00:00,90.09
2023-11-25 14:00:00,96.16
2023-11-25 15:00:00,115.05
2023-11-25 16:00:00,124.1
2023-11-25 17:00:00,130.26
2023-11-25 18:00:00,127.55
2023-11-25 19:00:00,127.31
2023-11-25 20:00:00,118.81
2023-11-25 21:00:00,118.96
2023-11-25 22:00:00,116.86
2023-11-25 23:00:00,112.88
2023-11-26 00:00:00,107.7
2023-11-26 01:00:00,105.0
2023-11-26 02:00:00,102.36
2023-11-26 03:00:00,99.0
2023-11-26 04:00:00,99.68
2023-11-26 05:00:00,103.44
2023-11-26 06:00:00,113.27
2023-11-26 07:00:00,113.48
2023-11-26 08:00:00,117.66
2023-11-26 09:00:00,116.1
2023-11-26 10:00:00,114.28
2023-11-26 11:00:00,113.62
2023-11-26 12:00:00,110.1
2023-11-26 13:00:00,115.1
2023-11-26 14:00:00,123.26
2023-11-26 15:00:00,134.15
2023-11-26 16:00:00,144.35
2023-11-26 17:00:00,156.68
2023-11-26 18:00:00,146.1
2023-11-26 19:00:00,135.91
2023-11-26 20:00:00,122.41
2023-11-26 21:00:00,118.99
2023-11-26 22:00:00,102.56
2023-11-26 23:00:00,99.47
2023-11-27 00:00:00,94.29
2023-11-27 01:00:00,89.9
2023-11-27 02:00:00,88.82
2023-11-27 03:00:00,87.91
2023-11-27 04:00:00,94.09
2023-11-27 05:00:00,122.01
2023-11-27 06:00:00,128.75
2023-11-27 07:00:00,144.99
2023-11-27 08:00:00,139.41
2023-11-27 09:00:00,138.0
2023-11-27 10:00:00,136.94
2023-11-27 11:00:00,133.97
2023-11-27 12:00:00,132.67
2023-11-27 13:00:00,130.0
2023-11-27 14:00:00,122.1
2023-11-27 15:00:00,119.48
2023-11-27 16:00:00,127.2
2023-11-27 17:00:00,128.9
2023-11-27 18:00:00,127.33
2023-11-27 19:00:00,118.44
2023-11-27 20:00:00,102.8
2023-11-27 21:00:00,100.0
2023-11-27 22:00:00,85.11
2023-11-27 23:00:00,77.74
2023-11-28 00:00:00,70.49
2023-11-28 01:00:00,67.47
2023-11-28 02:00:00,64.47
2023-11-28 03:00:00,68.29
2023-11-28 04:00:00,80.15
2023-11-28 05:00:00,95.5
2023-11-28 06:00:00,118.38
2023-11-28 07:00:00,128.42
2023-11-28 08:00:00,138.58
2023-11-28 09:00:00,139.21
2023-11-28 10:00:00,138.52
2023-11-28 11:00:00,135.64
2023-11-28 12:00:00,137.74
2023-11-28 13:00:00,143.92
2023-11-28 14:00:00,150.0
2023-11-28 15:00:00,164.01
2023-11-28 16:00:00,189.98
2023-11-28 17:00:00,177.0
2023-11-28 18:00:00,161.99
2023-11-28 19:00:00,140.98
2023-11-28 20:00:00,129.3
2023-11-28 21:00:00,119.76
2023-11-28 22:00:00,109.08
2023-11-28 23:00:00,98.41
2023-11-29 00:00:00,94.87
2023-11-29 01:00:00,92.17
2023-11-29 02:00:00,86.74
2023-11-29 03:00:00,85.1
2023-11-29 04:00:00,95.7
2023-11-29 05:00:00,105.07
2023-11-29 06:00:00,134.48
2023-11-29 07:00:00,149.93
2023-11-29 08:00:00,146.47
2023-11-29 09:00:00,133.94
2023-11-29 10:00:00,129.96
2023-11-29 11:00:00,128.36
2023-11-29 12:00:00,132.59
2023-11-29 13:00:00,146.95
2023-11-29 14:00:00,168.0
2023-11-29 15:00:00,200.0
2023-11-29 16:00:00,250.0
2023-11-29 17:00:00,250.0
2023-11-29 18:00:00,200.0
2023-11-29 19:00:00,161.0
2023-11-29 20:00:00,139.01
2023-11-29 21:00:00,128.5
2023-11-29 22:00:00,114.27
2023-11-29 23:00:00,104.79
2023-11-30 00:00:00,104.52
2023-11-30 01:00:00,102.2
2023-11-30 02:00:00,100.0
2023-11-30 03:00:00,101.63
2023-11-30 04:00:00,106.3
2023-11-30 05:00:00,129.41
2023-11-30 06:00:00,168.09
2023-11-30 07:00:00,219.27
2023-11-30 08:00:00,237.01
2023-11-30 09:00:00,222.13
2023-11-30 10:00:00,222.96
2023-11-30 11:00:00,195.0
2023-11-30 12:00:00,189.63
2023-11-30 13:00:00,195.0
2023-11-30 14:00:00,195.0
2023-11-30 15:00:00,226.0
2023-11-30 16:00:00,260.95
2023-11-30 17:00:00,249.34
2023-11-30 18:00:00,197.4
2023-11-30 19:00:00,153.82
2023-11-30 20:00:00,132.66
2023-11-30 21:00:00,124.49
2023-11-30 22:00:00,113.51
2023-11-30 23:00:00,106.91
2023-12-01 00:00:00,102.63
2023-12-01 01:00:00,99.1
2023-12-01 02:00:00,95.88
2023-12-01 03:00:00,96.07
2023-12-01 04:00:00,102.22
2023-12-01 05:00:00,119.9
2023-12-01 06:00:00,151.97
2023-12-01 07:00:00,202.93
2023-12-01 08:00:00,221.56
2023-12-01 09:00:00,213.91
2023-12-01 10:00:00,211.95
2023-12-01 11:00:00,195.65
2023-12-01 12:00:00,172.01
2023-12-01 13:00:00,173.52
2023-12-01 14:00:00,180.01
2023-12-01 15:00:00,199.86
2023-12-01 16:00:00,230.09
2023-12-01 17:00:00,198.49
2023-12-01 18:00:00,168.23
2023-12-01 19:00:00,142.16
2023-12-01 20:00:00,125.0
2023-12-01 21:00:00,118.0
2023-12-01 22:00:00,108.07
2023-12-01 23:00:00,105.87
2023-12-02 00:00:00,103.65
2023-12-02 01:00:00,103.58
2023-12-02 02:00:00,101.72
2023-12-02 03:00:00,99.58
2023-12-02 04:00:00,98.49
2023-12-02 05:00:00,99.6
2023-12-02 06:00:00,106.32
2023-12-02 07:00:00,120.34
2023-12-02 08:00:00,127.99
2023-12-02 09:00:00,130.75
2023-12-02 10:00:00,127.0
2023-12-02 11:00:00,121.15
2023-12-02 12:00:00,114.58
2023-12-02 13:00:00,118.52
2023-12-02 14:00:00,123.5
2023-12-02 15:00:00,129.79
2023-12-02 16:00:00,143.95
2023-12-02 17:00:00,144.91
2023-12-02 18:00:00,129.64
2023-12-02 19:00:00,122.63
2023-12-02 20:00:00,116.83
2023-12-02 21:00:00,112.78
2023-12-02 22:00:00,110.0
2023-12-02 23:00:00,109.2
2023-12-03 00:00:00,104.8
2023-12-03 01:00:00,103.39
2023-12-03 02:00:00,101.23
2023-12-03 03:00:00,96.56
2023-12-03 04:00:00,93.1
2023-12-03 05:00:00,89.65
2023-12-03 06:00:00,92.83
2023-12-03 07:00:00,97.02
2023-12-03 08:00:00,100.15
2023-12-03 09:00:00,104.96
2023-12-03 10:00:00,105.07
2023-12-03 11:00:00,102.91
2023-12-03 12:00:00,100.0
2023-12-03 13:00:00,105.68
2023-12-03 14:00:00,115.0
2023-12-03 15:00:00,122.2
2023-12-03 16:00:00,127.9
2023-12-03 17:00:00,129.05
2023-12-03 18:00:00,126.07
2023-12-03 19:00:00,112.33
2023-12-03 20:00:00,100.0
2023-12-03 21:00:00,99.09
2023-12-03 22:00:00,89.0
2023-12-03 23:00:00,93.86
2023-12-04 00:00:00,89.81
2023-12-04 01:00:00,88.02
2023-12-04 02:00:00,85.38
2023-12-04 03:00:00,85.83
2023-12-04 04:00:00,92.04
2023-12-04 05:00:00,103.73
2023-12-04 06:00:00,116.67
2023-12-04 07:00:00,123.16
2023-12-04 08:00:00,126.67
2023-12-04 09:00:00,128.16
2023-12-04 10:00:00,130.7
2023-12-04 11:00:00,126.45
2023-12-04 12:00:00,119.99
2023-12-04 13:00:00,127.61
2023-12-04 14:00:00,125.95
2023-12-04 15:00:00,126.12
2023-12-04 16:00:00,132.45
2023-12-04 17:00:00,129.22
2023-12-04 18:00:00,123.02
2023-12-04 19:00:00,115.0
2023-12-04 20:00:00,105.55
2023-12-04 21:00:00,100.0
2023-12-04 22:00:00,91.76
2023-12-04 23:00:00,90.85
2023-12-05 00:00:00,88.01
2023-12-05 01:00:00,85.73
2023-12-05 02:00:00,83.62
2023-12-05 03:00:00,84.71
2023-12-05 04:00:00,91.02
2023-12-05 05:00:00,108.0
2023-12-05 06:00:00,113.96
2023-12-05 07:00:00,123.32
2023-12-05 08:00:00,122.88
2023-12-05 09:00:00,120.55
2023-12-05 10:00:00,118.47
2023-12-05 11:00:00,116.1
2023-12-05 12:00:00,116.1
2023-12-05 13:00:00,115.25
2023-12-05 14:00:00,122.09
2023-12-05 15:00:00,129.24
2023-12-05 16:00:00,146.79
2023-12-05 17:00:00,147.47
2023-12-05 18:00:00,141.56
2023-12-05 19:00:00,128.63
2023-12-05 20:00:00,117.83
2023-12-05 21:00:00,111.55
2023-12-05 22:00:00,103.28
2023-12-05 23:00:00,94.97
2023-12-06 00:00:00,93.1
2023-12-06 01:00:00,92.57
2023-12-06 02:00:00,90.96
2023-12-06 03:00:00,90.59
2023-12-06 04:00:00,93.89
2023-12-06 05:00:00,107.03
2023-12-06 06:00:00,133.61
2023-12-06 07:00:00,167.0
2023-12-06 08:00:00,166.54
2023-12-06 09:00:00,150.0
2023-12-06 10:00:00,146.29
2023-12-06 11:00:00,137.17
2023-12-06 12:00:00,131.37
2023-12-06 13:00:00,137.25
2023-12-06 14:00:00,143.99
2023-12-06 15:00:00,164.0
2023-12-06 16:00:00,178.07
2023-12-06 17:00:00,165.28
2023-12-06 18:00:00,149.93
2023-12-06 19:00:00,129.91
2023-12-06 20:00:00,115.68
2023-12-06 21:00:00,107.33
2023-12-06 22:00:00,100.44
2023-12-06 23:00:00,99.2
2023-12-07 00:00:00,97.85
2023-12-07 01:00:00,96.86
2023-12-07 02:00:00,91.81
2023-12-07 03:00:00,89.92
2023-12-07 04:00:00,94.53
2023-12-07 05:00:00,110.05
2023-12-07 06:00:00,130.13
2023-12-07 07:00:00,150.0
2023-12-07 08:00:00,137.7
2023-12-07 09:00:00,125.5
2023-12-07 10:00:00,109.7
2023-12-07 11:00:00,104.88
2023-12-07 12:00:00,98.4
2023-12-07 13:00:00,94.34
2023-12-07 14:00:00,89.13
2023-12-07 15:00:00,85.0
2023-12-07 16:00:00,108.91
2023-12-07 17:00:00,121.44
2023-12-07 18:00:00,105.43
2023-12-07 19:00:00,100.75
2023-12-07 20:00:00,97.0
2023-12-07 21:00:00,96.42
2023-12-07 22:00:00,87.08
2023-12-07 23:00:00,87.09
2023-12-08 00:00:00,83.26
2023-12-08 01:00:00,81.43
2023-12-08 02:00:00,79.52
2023-12-08 03:00:00,80.0
2023-12-08 04:00:00,87.04
2023-12-08 05:00:00,100.4
2023-12-08 06:00:00,108.4
2023-12-08 07:00:00,113.4
2023-12-08 08:00:00,118.91
2023-12-08 09:00:00,118.92
2023-12-08 10:00:00,118.3
2023-12-08 11:00:00,117.04
2023-12-08 12:00:00,112.29
2023-12-08 13:00:00,113.28
2023-12-08 14:00:00,98.16
2023-12-08 15:00:00,101.9
2023-12-08 16:00:00,115.1
2023-12-08 17:00:00,118.6
2023-12-08 18:00:00,106.32
2023-12-08 19:00:00,104.9
2023-12-08 20:00:00,101.12
2023-12-08 21:00:00,98.85
2023-12-08 22:00:00,90.58
2023-12-08 23:00:00,95.0
2023-12-09 00:00:00,85.1
2023-12-09 01:00:00,79.49
2023-12-09 02:00:00,73.07
2023-12-09 03:00:00,61.82
2023-12-09 04:00:00,67.47
2023-12-09 05:00:00,76.04
2023-12-09 06:00:00,82.7
2023-12-09 07:00:00,85.65
2023-12-09 08:00:00,92.37
2023-12-09 09:00:00,86.95
2023-12-09 10:00:00,82.14
2023-12-09 11:00:00,73.68
2023-12-09 12:00:00,80.47
2023-12-09 13:00:00,87.51
2023-12-09 14:00:00,62.72
2023-12-09 15:00:00,69.16
2023-12-09 16:00:00,82.54
2023-12-09 17:00:00,83.21
2023-12-09 18:00:00,76.27
2023-12-09 19:00:00,68.43
2023-12-09 20:00:00,63.26
2023-12-09 21:00:00,57.87
2023-12-09 22:00:00,46.18
2023-12-09 23:00:00,34.02
2023-12-10 00:00:00,22.21
2023-12-10 01:00:00,13.96
2023-12-10 02:00:00,7.36
2023-12-10 03:00:00,10.65
2023-12-10 04:00:00,18.53
2023-12-10 05:00:00,24.32
2023-12-10 06:00:00,42.1
2023-12-10 07:00:00,59.77
2023-12-10 08:00:00,65.73
2023-12-10 09:00:00,69.23
2023-12-10 10:00:00,53.85
2023-12-10 11:00:00,62.1
2023-12-10 12:00:00,50.94
2023-12-10 13:00:00,65.32
2023-12-10 14:00:00,63.19
2023-12-10 15:00:00,49.32
2023-12-10 16:00:00,50.0
2023-12-10 17:00:00,57.06
2023-12-10 18:00:00,62.4
2023-12-10 19:00:00,55.4
2023-12-10 20:00:00,50.0
2023-12-10 21:00:00,47.0
2023-12-10 22:00:00,53.88
2023-12-10 23:00:00,35.0
2023-12-11 00:00:00,16.66
2023-12-11 01:00:00,13.98
2023-12-11 02:00:00,10.0
2023-12-11 03:00:00,13.24
2023-12-11 04:00:00,37.02
2023-12-11 05:00:00,76.43
2023-12-11 06:00:00,96.49
2023-12-11 07:00:00,101.65
2023-12-11 08:00:00,100.12
2023-12-11 09:00:00,94.57
2023-12-11 10:00:00,92.26
2023-12-11 11:00:00,85.1
2023-12-11 12:00:00,83.58
2023-12-11 13:00:00,93.27
2023-12-11 14:00:00,99.42
2023-12-11 15:00:00,108.84
2023-12-11 16:00:00,119.73
2023-12-11 17:00:00,123.57
2023-12-11 18:00:00,122.01
2023-12-11 19:00:00,114.41
2023-12-11 20:00:00,99.97
2023-12-11 21:00:00,96.6
2023-12-11 22:00:00,87.69
2023-12-11 23:00:00,88.09
2023-12-12 00:00:00,87.06
2023-12-12 01:00:00,85.62
2023-12-12 02:00:00,84.42
2023-12-12 03:00:00,77.7
2023-12-12 04:00:00,77.17
2023-12-12 05:00:00,92.98
2023-12-12 06:00:00,106.07
2023-12-12 07:00:00,103.08
2023-12-12 08:00:00,104.79
2023-12-12 09:00:00,84.22
2023-12-12 10:00:00,89.07
2023-12-12 11:00:00,85.75
2023-12-12 12:00:00,67.84
2023-12-12 13:00:00,78.73
2023-12-12 14:00:00,84.72
2023-12-12 15:00:00,90.76
2023-12-12 16:00:00,99.47
2023-12-12 17:00:00,106.34
2023-12-12 18:00:00,94.63
2023-12-12 19:00:00,90.88
2023-12-12 20:00:00,84.1
2023-12-12 21:00:00,77.0
2023-12-12 22:00:00,77.12
2023-12-12 23:00:00,75.69
2023-12-13 00:00:00,72.94
2023-12-13 01:00:00,73.78
2023-12-13 02:00:00,71.57
2023-12-13 03:00:00,73.17
2023-12-13 04:00:00,75.92
2023-12-13 05:00:00,82.23
2023-12-13 06:00:00,100.01
2023-12-13 07:00:00,97.7
2023-12-13 08:00:00,101.23
2023-12-13 09:00:00,98.78
2023-12-13 10:00:00,98.34
2023-12-13 11:00:00,97.01
2023-12-13 12:00:00,91.0
2023-12-13 13:00:00,99.63
2023-12-13 14:00:00,97.07
2023-12-13 15:00:00,97.78
2023-12-13 16:00:00,108.34
2023-12-13 17:00:00,105.59
2023-12-13 18:00:00,102.41
2023-12-13 19:00:00,94.68
2023-12-13 20:00:00,90.88
2023-12-13 21:00:00,92.35
2023-12-13 22:00:00,84.25
2023-12-13 23:00:00,77.34
2023-12-14 00:00:00,75.27
2023-12-14 01:00:00,72.27
2023-12-14 02:00:00,71.35
2023-12-14 03:00:00,68.99
2023-12-14 04:00:00,78.48
2023-12-14 05:00:00,85.25
2023-12-14 06:00:00,97.2
2023-12-14 07:00:00,100.03
2023-12-14 08:00:00,104.98
2023-12-14 09:00:00,102.45
2023-12-14 10:00:00,95.94
2023-12-14 11:00:00,101.97
2023-12-14 12:00:00,86.85
2023-12-14 13:00:00,92.94
2023-12-14 14:00:00,94.61
2023-12-14 15:00:00,110.64
2023-12-14 16:00:00,125.54
2023-12-14 17:00:00,125.21
2023-12-14 18:00:00,114.43
2023-12-14 19:00:00,102.37
2023-12-14 20:00:00,96.2
2023-12-14 21:00:00,94.46
2023-12-14 22:00:00,85.57
2023-12-14 23:00:00,86.04
2023-12-15 00:00:00,82.85
2023-12-15 01:00:00,80.0
2023-12-15 02:00:00,76.44
2023-12-15 03:00:00,75.16
2023-12-15 04:00:00,80.41
2023-12-15 05:00:00,95.97
2023-12-15 06:00:00,106.53
2023-12-15 07:00:00,121.5
2023-12-15 08:00:00,117.58
2023-12-15 09:00:00,109.98
2023-12-15 10:00:00,102.82
2023-12-15 11:00:00,94.34
2023-12-15 12:00:00,88.51
2023-12-15 13:00:00,87.49
2023-12-15 14:00:00,88.82
2023-12-15 15:00:00,98.95
2023-12-15 16:00:00,104.62
2023-12-15 17:00:00,102.19
2023-12-15 18:00:00,93.69
2023-12-15 19:00:00,93.36
2023-12-15 20:00:00,88.36
2023-12-15 21:00:00,86.77
2023-12-15 22:00:00,76.71
2023-12-15 23:00:00,67.2
2023-12-16 00:00:00,63.21
2023-12-16 01:00:00,60.37
2023-12-16 02:00:00,58.0
2023-12-16 03:00:00,54.1
2023-12-16 04:00:00,55.64
2023-12-16 05:00:00,59.34
2023-12-16 06:00:00,65.1
2023-12-16 07:00:00,79.89
2023-12-16 08:00:00,85.5
2023-12-16 09:00:00,82.43
2023-12-16 10:00:00,76.37
2023-12-16 11:00:00,71.92
2023-12-16 12:00:00,70.8
2023-12-16 13:00:00,75.74
2023-12-16 14:00:00,80.5
2023-12-16 15:00:00,84.33
2023-12-16 16:00:00,93.38
2023-12-16 17:00:00,97.51
2023-12-16 18:00:00,93.57
2023-12-16 19:00:00,83.54
2023-12-16 20:00:00,76.67
2023-12-16 21:00:00,82.52
2023-12-16 22:00:00,69.06
2023-12-16 23:00:00,46.5
2023-12-17 00:00:00,45.19
2023-12-17 01:00:00,48.79
2023-12-17 02:00:00,28.77
2023-12-17 03:00:00,26.39
2023-12-17 04:00:00,29.93
2023-12-17 05:00:00,39.16
2023-12-17 06:00:00,47.1
2023-12-17 07:00:00,57.72
2023-12-17 08:00:00,59.17
2023-12-17 09:00:00,54.43
2023-12-17 10:00:00,49.0
2023-12-17 11:00:00,43.71
2023-12-17 12:00:00,40.34
2023-12-17 13:00:00,47.5
2023-12-17 14:00:00,58.12
2023-12-17 15:00:00,67.0
2023-12-17 16:00:00,83.17
2023-12-17 17:00:00,88.91
2023-12-17 18:00:00,93.37
2023-12-17 19:00:00,88.6
2023-12-17 20:00:00,88.08
2023-12-17 21:00:00,92.49
2023-12-17 22:00:00,70.68
2023-12-17 23:00:00,68.05
2023-12-18 00:00:00,62.33
2023-12-18 01:00:00,64.98
2023-12-18 02:00:00,53.41
2023-12-18 03:00:00,56.35
2023-12-18 04:00:00,69.72
2023-12-18 05:00:00,84.79
2023-12-18 06:00:00,104.24
2023-12-18 07:00:00,109.86
2023-12-18 08:00:00,104.49
2023-12-18 09:00:00,89.03
2023-12-18 10:00:00,81.17
2023-12-18 11:00:00,74.89
2023-12-18 12:00:00,75.16
2023-12-18 13:00:00,81.75
2023-12-18 14:00:00,84.3
2023-12-18 15:00:00,95.83
2023-12-18 16:00:00,104.66
2023-12-18 17:00:00,103.74
2023-12-18 18:00:00,96.77
2023-12-18 19:00:00,82.07
2023-12-18 20:00:00,77.93
2023-12-18 21:00:00,83.2
2023-12-18 22:00:00,79.46
2023-12-18 23:00:00,78.51
2023-12-19 00:00:00,73.91
2023-12-19 01:00:00,76.14
2023-12-19 02:00:00,58.2
2023-12-19 03:00:00,59.31
2023-12-19 04:00:00,65.34
2023-12-19 05:00:00,81.91
2023-12-19 06:00:00,95.02
2023-12-19 07:00:00,101.15
2023-12-19 08:00:00,94.38
2023-12-19 09:00:00,86.1
2023-12-19 10:00:00,79.71
2023-12-19 11:00:00,76.5
2023-12-19 12:00:00,75.31
2023-12-19 13:00:00,81.0
2023-12-19 14:00:00,85.78
2023-12-19 15:00:00,89.88
2023-12-19 16:00:00,95.55
2023-12-19 17:00:00,93.78
2023-12-19 18:00:00,92.35
2023-12-19 19:00:00,86.08
2023-12-19 20:00:00,80.36
2023-12-19 21:00:00,76.59
2023-12-19 22:00:00,59.9
2023-12-19 23:00:00,57.85
2023-12-20 00:00:00,50.48
2023-12-20 01:00:00,48.0
2023-12-20 02:00:00,39.98
2023-12-20 03:00:00,33.88
2023-12-20 04:00:00,42.16
2023-12-20 05:00:00,51.7
2023-12-20 06:00:00,73.58
2023-12-20 07:00:00,85.81
2023-12-20 08:00:00,90.37
2023-12-20 09:00:00,82.2
2023-12-20 10:00:00,75.65
2023-12-20 11:00:00,64.66
2023-12-20 12:00:00,65.64
2023-12-20 13:00:00,74.03
2023-12-20 14:00:00,78.66
2023-12-20 15:00:00,82.82
2023-12-20 16:00:00,90.34
2023-12-20 17:00:00,88.06
2023-12-20 18:00:00,84.44
2023-12-20 19:00:00,78.37
2023-12-20 20:00:00,67.19
2023-12-20 21:00:00,61.42
2023-12-20 22:00:00,49.1
2023-12-20 23:00:00,30.7
2023-12-21 00:00:00,25.9
2023-12-21 01:00:00,21.49
2023-12-21 02:00:00,4.62
2023-12-21 03:00:00,1.48
2023-12-21 04:00:00,5.01
2023-12-21 05:00:00,29.93
2023-12-21 06:00:00,52.27
2023-12-21 07:00:00,61.33
2023-12-21 08:00:00,54.22
2023-12-21 09:00:00,51.83
2023-12-21 10:00:00,44.8
2023-12-21 11:00:00,42.18
2023-12-21 12:00:00,32.69
2023-12-21 13:00:00,34.73
2023-12-21 14:00:00,40.28
2023-12-21 15:00:00,40.06
2023-12-21 16:00:00,57.79
2023-12-21 17:00:00,58.99
2023-12-21 18:00:00,62.42
2023-12-21 19:00:00,55.29
2023-12-21 20:00:00,42.14
2023-12-21 21:00:00,34.65
2023-12-21 22:00:00,11.79
2023-12-21 23:00:00,0.72
2023-12-22 00:00:00,0.35
2023-12-22 01:00:00,0.14
2023-12-22 02:00:00,0.0
2023-12-22 03:00:00,0.0
2023-12-22 04:00:00,1.45
2023-12-22 05:00:00,4.43
2023-12-22 06:00:00,34.0
2023-12-22 07:00:00,49.66
2023-12-22 08:00:00,50.93
2023-12-22 09:00:00,36.48
2023-12-22 10:00:00,34.47
2023-12-22 11:00:00,33.86
2023-12-22 12:00:00,33.23
2023-12-22 13:00:00,37.96
2023-12-22 14:00:00,42.6
2023-12-22 15:00:00,45.15
2023-12-22 16:00:00,46.43
2023-12-22 17:00:00,54.65
2023-12-22 18:00:00,46.7
2023-12-22 19:00:00,34.05
2023-12-22 20:00:00,30.34
2023-12-22 21:00:00,30.41
2023-12-22 22:00:00,12.0
2023-12-22 23:00:00,3.56
2023-12-23 00:00:00,1.45
2023-12-23 01:00:00,0.06
2023-12-23 02:00:00,0.0
2023-12-23 03:00:00,-0.01
2023-12-23 04:00:00,0.0
2023-12-23 05:00:00,0.1
2023-12-23 06:00:00,7.43
2023-12-23 07:00:00,20.0
2023-12-23 08:00:00,42.08
2023-12-23 09:00:00,40.15
2023-12-23 10:00:00,36.1
2023-12-23 11:00:00,34.99
2023-12-23 12:00:00,27.26
2023-12-23 13:00:00,30.0
2023-12-23 14:00:00,23.17
2023-12-23 15:00:00,30.16
2023-12-23 16:00:00,18.71
2023-12-23 17:00:00,34.6
2023-12-23 18:00:00,37.67
2023-12-23 19:00:00,18.39
2023-12-23 20:00:00,20.76
2023-12-23 21:00:00,20.31
2023-12-23 22:00:00,7.94
2023-12-23 23:00:00,0.62
2023-12-24 00:00:00,0.13
2023-12-24 01:00:00,0.06
2023-12-24 02:00:00,-0.6
2023-12-24 03:00:00,-3.15
2023-12-24 04:00:00,-3.96
2023-12-24 05:00:00,-2.34
2023-12-24 06:00:00,-0.07
2023-12-24 07:00:00,0.02
2023-12-24 08:00:00,0.75
2023-12-24 09:00:00,0.06
2023-12-24 10:00:00,0.32
2023-12-24 11:00:00,0.69
2023-12-24 12:00:00,0.08
2023-12-24 13:00:00,1.14
2023-12-24 14:00:00,2.01
2023-12-24 15:00:00,1.64
2023-12-24 16:00:00,7.54
2023-12-24 17:00:00,6.11
2023-12-24 18:00:00,4.2
2023-12-24 19:00:00,-0.02
2023-12-24 20:00:00,-0.04
2023-12-24 21:00:00,-0.07
2023-12-24 22:00:00,-0.08
2023-12-24 23:00:00,-0.09
2023-12-25 00:00:00,-2.32
2023-12-25 01:00:00,-7.25
2023-12-25 02:00:00,-9.15
2023-12-25 03:00:00,-11.93
2023-12-25 04:00:00,-6.58
2023-12-25 05:00:00,-7.41
2023-12-25 06:00:00,-4.32
2023-12-25 07:00:00,-0.06
2023-12-25 08:00:00,0.92
2023-12-25 09:00:00,1.97
2023-12-25 10:00:00,0.4
2023-12-25 11:00:00,0.01
2023-12-25 12:00:00,0.0
2023-12-25 13:00:00,0.02
2023-12-25 14:00:00,0.05
2023-12-25 15:00:00,0.09
2023-12-25 16:00:00,1.67
2023-12-25 17:00:00,18.45
2023-12-25 18:00:00,14.31
2023-12-25 19:00:00,10.06
2023-12-25 20:00:00,5.37
2023-12-25 21:00:00,5.05
2023-12-25 22:00:00,0.08
2023-12-25 23:00:00,0.0
2023-12-26 00:00:00,-0.01
2023-12-26 01:00:00,-0.06
2023-12-26 02:00:00,-2.37
2023-12-26 03:00:00,-3.42
2023-12-26 04:00:00,-1.47
2023-12-26 05:00:00,0.0
2023-12-26 06:00:00,0.95
2023-12-26 07:00:00,11.22
2023-12-26 08:00:00,21.77
2023-12-26 09:00:00,17.76
2023-12-26 10:00:00,9.61
2023-12-26 11:00:00,2.88
2023-12-26 12:00:00,0.96
2023-12-26 13:00:00,14.56
2023-12-26 14:00:00,33.08
2023-12-26 15:00:00,64.03
2023-12-26 16:00:00,71.56
2023-12-26 17:00:00,77.02
2023-12-26 18:00:00,76.97
2023-12-26 19:00:00,72.73
2023-12-26 20:00:00,57.98
2023-12-26 21:00:00,61.18
2023-12-26 22:00:00,63.15
2023-12-26 23:00:00,60.03
2023-12-27 00:00:00,58.86
2023-12-27 01:00:00,56.68
2023-12-27 02:00:00,50.92
2023-12-27 03:00:00,49.17
2023-12-27 04:00:00,52.43
2023-12-27 05:00:00,65.06
2023-12-27 06:00:00,67.19
2023-12-27 07:00:00,65.21
2023-12-27 08:00:00,77.42
2023-12-27 09:00:00,64.51
2023-12-27 10:00:00,68.0
2023-12-27 11:00:00,64.39
2023-12-27 12:00:00,62.98
2023-12-27 13:00:00,64.39
2023-12-27 14:00:00,65.64
2023-12-27 15:00:00,74.0
2023-12-27 16:00:00,80.51
2023-12-27 17:00:00,74.55
2023-12-27 18:00:00,65.21
2023-12-27 19:00:00,54.73
2023-12-27 20:00:00,25.37
2023-12-27 21:00:00,17.67
2023-12-27 22:00:00,1.19
2023-12-27 23:00:00,1.43
2023-12-28 00:00:00,0.69
2023-12-28 01:00:00,0.06
2023-12-28 02:00:00,-0.01
2023-12-28 03:00:00,0.01
2023-12-28 04:00:00,1.58
2023-12-28 05:00:00,2.69
2023-12-28 06:00:00,18.56
2023-12-28 07:00:00,38.56
2023-12-28 08:00:00,38.82
2023-12-28 09:00:00,29.83
2023-12-28 10:00:00,22.03
2023-12-28 11:00:00,11.32
2023-12-28 12:00:00,9.48
2023-12-28 13:00:00,20.06
2023-12-28 14:00:00,30.4
2023-12-28 15:00:00,43.07
2023-12-28 16:00:00,56.91
2023-12-28 17:00:00,55.48
2023-12-28 18:00:00,47.28
2023-12-28 19:00:00,34.75
2023-12-28 20:00:00,32.05
2023-12-28 21:00:00,27.64
2023-12-28 22:00:00,4.09
2023-12-28 23:00:00,0.25
2023-12-29 00:00:00,0.08
2023-12-29 01:00:00,-0.01
2023-12-29 02:00:00,-0.09
2023-12-29 03:00:00,-0.45
2023-12-29 04:00:00,-0.01
2023-12-29 05:00:00,0.65
2023-12-29 06:00:00,0.68
2023-12-29 07:00:00,10.72
2023-12-29 08:00:00,21.83
2023-12-29 09:00:00,21.51
2023-12-29 10:00:00,17.79
2023-12-29 11:00:00,11.65
2023-12-29 12:00:00,7.43
2023-12-29 13:00:00,17.46
2023-12-29 14:00:00,25.33
2023-12-29 15:00:00,29.81
2023-12-29 16:00:00,39.02
2023-12-29 17:00:00,38.93
2023-12-29 18:00:00,34.48
2023-12-29 19:00:00,25.73
2023-12-29 20:00:00,19.91
2023-12-29 21:00:00,26.66
2023-12-29 22:00:00,19.01
2023-12-29 23:00:00,13.54
2023-12-30 00:00:00,10.12
2023-12-30 01:00:00,8.88
2023-12-30 02:00:00,5.63
2023-12-30 03:00:00,5.74
2023-12-30 04:00:00,8.45
2023-12-30 05:00:00,13.24
2023-12-30 06:00:00,27.49
2023-12-30 07:00:00,39.77
2023-12-30 08:00:00,40.09
2023-12-30 09:00:00,32.14
2023-12-30 10:00:00,29.61
2023-12-30 11:00:00,25.78
2023-12-30 12:00:00,27.14
2023-12-30 13:00:00,42.04
2023-12-30 14:00:00,46.49
2023-12-30 15:00:00,54.1
2023-12-30 16:00:00,75.0
2023-12-30 17:00:00,79.99
2023-12-30 18:00:00,71.09
2023-12-30 19:00:00,62.01
2023-12-30 20:00:00,28.73
2023-12-30 21:00:00,50.1
2023-12-30 22:00:00,43.23
2023-12-30 23:00:00,18.21
2023-12-31 00:00:00,5.0
2023-12-31 01:00:00,4.0
2023-12-31 02:00:00,0.31
2023-12-31 03:00:00,0.0
2023-12-31 04:00:00,0.0
2023-12-31 05:00:00,0.01
2023-12-31 06:00:00,1.08
2023-12-31 07:00:00,4.3
2023-12-31 08:00:00,10.47
2023-12-31 09:00:00,14.0
2023-12-31 10:00:00,11.51
2023-12-31 11:00:00,12.01
2023-12-31 12:00:00,7.21
2023-12-31 13:00:00,10.06
2023-12-31 14:00:00,13.98
2023-12-31 15:00:00,13.73
2023-12-31 16:00:00,17.75
2023-12-31 17:00:00,25.94
2023-12-31 18:00:00,17.75
2023-12-31 19:00:00,16.43
2023-12-31 20:00:00,8.16
2023-12-31 21:00:00,10.68
2023-12-31 22:00:00,3.64
2023-12-31 23:00:00,0.1
2024-01-01 00:00:00,0.01
2024-01-01 01:00:00,0.0
2024-01-01 02:00:00,-0.01
2024-01-01 03:00:00,-0.03
2024-01-01 04:00:00,-0.02
2024-01-01 05:00:00,-0.04
2024-01-01 06:00:00,-0.01
2024-01-01 07:00:00,0.0
2024-01-01 08:00:00,0.04
2024-01-01 09:00:00,0.06
2024-01-01 10:00:00,0.54
2024-01-01 11:00:00,2.24
2024-01-01 12:00:00,2.06
2024-01-01 13:00:00,1.73
2024-01-01 14:00:00,5.72
2024-01-01 15:00:00,18.49
2024-01-01 16:00:00,37.0
2024-01-01 17:00:00,47.5
2024-01-01 18:00:00,54.97
2024-01-01 19:00:00,48.61
2024-01-01 20:00:00,24.88
2024-01-01 21:00:00,35.89
2024-01-01 22:00:00,35.55
2024-01-01 23:00:00,19.49
2024-01-02 00:00:00,16.12
2024-01-02 01:00:00,0.06
2024-01-02 02:00:00,0.02
2024-01-02 03:00:00,0.01
2024-01-02 04:00:00,0.09
2024-01-02 05:00:00,20.74
2024-01-02 06:00:00,44.7
2024-01-02 07:00:00,53.78
2024-01-02 08:00:00,54.23
2024-01-02 09:00:00,50.0
2024-01-02 10:00:00,52.2
2024-01-02 11:00:00,45.0
2024-01-02 12:00:00,43.0
2024-01-02 13:00:00,43.0
2024-01-02 14:00:00,40.99
2024-01-02 15:00:00,43.66
2024-01-02 16:00:00,52.2
2024-01-02 17:00:00,57.77
2024-01-02 18:00:00,62.45
2024-01-02 19:00:00,58.0
2024-01-02 20:00:00,47.9
2024-01-02 21:00:00,41.67
2024-01-02 22:00:00,21.42
2024-01-02 23:00:00,1.29
2024-01-03 00:00:00,0.1
2024-01-03 01:00:00,-0.01
2024-01-03 02:00:00,-0.05
2024-01-03 03:00:00,-0.05
2024-01-03 04:00:00,0.1
2024-01-03 05:00:00,4.78
2024-01-03 06:00:00,41.04
2024-01-03 07:00:00,61.92
2024-01-03 08:00:00,65.06
2024-01-03 09:00:00,59.67
2024-01-03 10:00:00,56.28
2024-01-03 11:00:00,55.0
2024-01-03 12:00:00,55.42
2024-01-03 13:00:00,61.0
2024-01-03 14:00:00,66.03
2024-01-03 15:00:00,67.52
2024-01-03 16:00:00,81.06
2024-01-03 17:00:00,85.07
2024-01-03 18:00:00,81.66
2024-01-03 19:00:00,73.23
2024-01-03 20:00:00,67.41
2024-01-03 21:00:00,65.0
2024-01-03 22:00:00,58.12
2024-01-03 23:00:00,57.3
2024-01-04 00:00:00,50.46
2024-01-04 01:00:00,40.0
2024-01-04 02:00:00,25.48
2024-01-04 03:00:00,35.0
2024-01-04 04:00:00,57.73
2024-01-04 05:00:00,72.65
2024-01-04 06:00:00,85.02
2024-01-04 07:00:00,91.47
2024-01-04 08:00:00,94.2
2024-01-04 09:00:00,91.54
2024-01-04 10:00:00,89.95
2024-01-04 11:00:00,86.21
2024-01-04 12:00:00,85.96
2024-01-04 13:00:00,92.11
2024-01-04 14:00:00,98.62
2024-01-04 15:00:00,99.5
2024-01-04 16:00:00,100.0
2024-01-04 17:00:00,102.57
2024-01-04 18:00:00,100.7
2024-01-04 19:00:00,92.65
2024-01-04 20:00:00,81.07
2024-01-04 21:00:00,78.43
2024-01-04 22:00:00,86.89
2024-01-04 23:00:00,86.08
2024-01-05 00:00:00,80.51
2024-01-05 01:00:00,77.01
2024-01-05 02:00:00,70.67
2024-01-05 03:00:00,61.1
2024-01-05 04:00:00,68.26
2024-01-05 05:00:00,75.0
2024-01-05 06:00:00,88.35
2024-01-05 07:00:00,90.88
2024-01-05 08:00:00,95.37
2024-01-05 09:00:00,96.37
2024-01-05 10:00:00,98.24
2024-01-05 11:00:00,92.61
2024-01-05 12:00:00,92.4
2024-01-05 13:00:00,97.46
2024-01-05 14:00:00,100.97
2024-01-05 15:00:00,103.79
2024-01-05 16:00:00,108.03
2024-01-05 17:00:00,108.76
2024-01-05 18:00:00,104.41
2024-01-05 19:00:00,100.52
2024-01-05 20:00:00,94.41
2024-01-05 21:00:00,94.92
2024-01-05 22:00:00,86.8
2024-01-05 23:00:00,82.25
2024-01-06 00:00:00,80.2
2024-01-06 01:00:00,76.13
2024-01-06 02:00:00,73.01
2024-01-06 03:00:00,73.01
2024-01-06 04:00:00,74.59
2024-01-06 05:00:00,75.1
2024-01-06 06:00:00,81.39
2024-01-06 07:00:00,88.4
2024-01-06 08:00:00,92.23
2024-01-06 09:00:00,97.3
2024-01-06 10:00:00,100.41
2024-01-06 11:00:00,99.16
2024-01-06 12:00:00,90.18
2024-01-06 13:00:00,91.82
2024-01-06 14:00:00,87.3
2024-01-06 15:00:00,85.07
2024-01-06 16:00:00,104.3
2024-01-06 17:00:00,103.63
2024-01-06 18:00:00,99.0
2024-01-06 19:00:00,92.14
2024-01-06 20:00:00,88.0
2024-01-06 21:00:00,86.57
2024-01-06 22:00:00,79.87
2024-01-06 23:00:00,84.08
2024-01-07 00:00:00,79.82
2024-01-07 01:00:00,76.76
2024-01-07 02:00:00,73.46
2024-01-07 03:00:00,71.86
2024-01-07 04:00:00,72.08
2024-01-07 05:00:00,74.9
2024-01-07 06:00:00,77.69
2024-01-07 07:00:00,81.79
2024-01-07 08:00:00,84.86
2024-01-07 09:00:00,87.13
2024-01-07 10:00:00,89.12
2024-01-07 11:00:00,88.66
2024-01-07 12:00:00,84.81
2024-01-07 13:00:00,84.34
2024-01-07 14:00:00,88.01
2024-01-07 15:00:00,93.42
2024-01-07 16:00:00,101.77
2024-01-07 17:00:00,104.85
2024-01-07 18:00:00,103.55
2024-01-07 19:00:00,100.5
2024-01-07 20:00:00,93.31
2024-01-07 21:00:00,91.17
2024-01-07 22:00:00,83.86
2024-01-07 23:00:00,86.97
2024-01-08 00:00:00,84.18
2024-01-08 01:00:00,81.53
2024-01-08 02:00:00,78.79
2024-01-08 03:00:00,78.43
2024-01-08 04:00:00,82.1
2024-01-08 05:00:00,94.3
2024-01-08 06:00:00,111.07
2024-01-08 07:00:00,121.11
2024-01-08 08:00:00,117.83
2024-01-08 09:00:00,110.57
2024-01-08 10:00:00,103.0
2024-01-08 11:00:00,95.46
2024-01-08 12:00:00,93.88
2024-01-08 13:00:00,100.0
2024-01-08 14:00:00,107.98
2024-01-08 15:00:00,117.06
2024-01-08 16:00:00,129.25
2024-01-08 17:00:00,129.99
2024-01-08 18:00:00,122.01
2024-01-08 19:00:00,114.16
2024-01-08 20:00:00,102.62
2024-01-08 21:00:00,99.84
2024-01-08 22:00:00,91.49
2024-01-08 23:00:00,85.83
2024-01-09 00:00:00,84.65
2024-01-09 01:00:00,85.0
2024-01-09 02:00:00,83.98
2024-01-09 03:00:00,83.63
2024-01-09 04:00:00,88.65
2024-01-09 05:00:00,102.79
2024-01-09 06:00:00,116.14
2024-01-09 07:00:00,131.42
2024-01-09 08:00:00,120.75
2024-01-09 09:00:00,110.32
2024-01-09 10:00:00,103.13
2024-01-09 11:00:00,95.39
2024-01-09 12:00:00,95.77
2024-01-09 13:00:00,105.16
2024-01-09 14:00:00,114.75
2024-01-09 15:00:00,124.29
2024-01-09 16:00:00,137.35
2024-01-09 17:00:00,137.0
2024-01-09 18:00:00,130.05
2024-01-09 19:00:00,117.67
2024-01-09 20:00:00,107.69
2024-01-09 21:00:00,101.83
2024-01-09 22:00:00,94.84
2024-01-09 23:00:00,85.3
2024-01-10 00:00:00,86.76
2024-01-10 01:00:00,86.73
2024-01-10 02:00:00,84.75
2024-01-10 03:00:00,85.0
2024-01-10 04:00:00,86.3
2024-01-10 05:00:00,102.6
2024-01-10 06:00:00,119.26
2024-01-10 07:00:00,139.2
2024-01-10 08:00:00,130.39
2024-01-10 09:00:00,117.47
2024-01-10 10:00:00,109.13
2024-01-10 11:00:00,99.99
2024-01-10 12:00:00,101.25
2024-01-10 13:00:00,106.1
2024-01-10 14:00:00,119.77
2024-01-10 15:00:00,133.14
2024-01-10 16:00:00,143.79
2024-01-10 17:00:00,140.0
2024-01-10 18:00:00,132.15
2024-01-10 19:00:00,120.0
2024-01-10 20:00:00,107.71
2024-01-10 21:00:00,101.32
2024-01-10 22:00:00,92.68
2024-01-10 23:00:00,91.75
2024-01-11 00:00:00,88.59
2024-01-11 01:00:00,87.25
2024-01-11 02:00:00,82.38
2024-01-11 03:00:00,80.6
2024-01-11 04:00:00,86.92
2024-01-11 05:00:00,99.36
2024-01-11 06:00:00,116.89
2024-01-11 07:00:00,141.0
2024-01-11 08:00:00,129.16
2024-01-11 09:00:00,113.65
2024-01-11 10:00:00,106.48
2024-01-11 11:00:00,99.38
2024-01-11 12:00:00,99.0
2024-01-11 13:00:00,105.98
2024-01-11 14:00:00,113.71
2024-01-11 15:00:00,106.55
2024-01-11 16:00:00,126.87
2024-01-11 17:00:00,136.72
2024-01-11 18:00:00,132.31
2024-01-11 19:00:00,117.93
2024-01-11 20:00:00,107.19
2024-01-11 21:00:00,100.0
2024-01-11 22:00:00,93.26
2024-01-11 23:00:00,88.98
2024-01-12 00:00:00,86.45
2024-01-12 01:00:00,84.99
2024-01-12 02:00:00,83.0
2024-01-12 03:00:00,83.14
2024-01-12 04:00:00,85.0
2024-01-12 05:00:00,90.94
2024-01-12 06:00:00,118.47
2024-01-12 07:00:00,140.74
2024-01-12 08:00:00,134.96
2024-01-12 09:00:00,122.01
2024-01-12 10:00:00,114.73
2024-01-12 11:00:00,106.98
2024-01-12 12:00:00,103.08
2024-01-12 13:00:00,104.54
2024-01-12 14:00:00,110.0
2024-01-12 15:00:00,120.0
2024-01-12 16:00:00,127.5
2024-01-12 17:00:00,126.0
2024-01-12 18:00:00,119.47
2024-01-12 19:00:00,110.0
2024-01-12 20:00:00,102.26
2024-01-12 21:00:00,98.0
2024-01-12 22:00:00,95.49
2024-01-12 23:00:00,90.0
2024-01-13 00:00:00,87.48
2024-01-13 01:00:00,82.0
2024-01-13 02:00:00,78.47
2024-01-13 03:00:00,75.0
2024-01-13 04:00:00,75.0
2024-01-13 05:00:00,78.3
2024-01-13 06:00:00,85.59
2024-01-13 07:00:00,92.71
2024-01-13 08:00:00,94.83
2024-01-13 09:00:00,90.93
2024-01-13 10:00:00,88.4
2024-01-13 11:00:00,73.96
2024-01-13 12:00:00,71.45
2024-01-13 13:00:00,74.51
2024-01-13 14:00:00,80.4
2024-01-13 15:00:00,91.23
2024-01-13 16:00:00,99.3
2024-01-13 17:00:00,107.99
2024-01-13 18:00:00,103.14
2024-01-13 19:00:00,100.0
2024-01-13 20:00:00,96.63
2024-01-13 21:00:00,93.12
2024-01-13 22:00:00,90.0
2024-01-13 23:00:00,86.1
2024-01-14 00:00:00,82.78
2024-01-14 01:00:00,78.66
2024-01-14 02:00:00,72.53
2024-01-14 03:00:00,70.7
2024-01-14 04:00:00,73.13
2024-01-14 05:00:00,69.71
2024-01-14 06:00:00,74.4
2024-01-14 07:00:00,77.9
2024-01-14 08:00:00,86.81
2024-01-14 09:00:00,88.77
2024-01-14 10:00:00,89.77
2024-01-14 11:00:00,84.7
2024-01-14 12:00:00,77.04
2024-01-14 13:00:00,79.15
2024-01-14 14:00:00,82.32
2024-01-14 15:00:00,86.62
2024-01-14 16:00:00,91.86
2024-01-14 17:00:00,99.94
2024-01-14 18:00:00,92.01
2024-01-14 19:00:00,86.03
2024-01-14 20:00:00,84.49
2024-01-14 21:00:00,82.97
2024-01-14 22:00:00,72.52
2024-01-14 23:00:00,77.7
2024-01-15 00:00:00,72.07
2024-01-15 01:00:00,66.82
2024-01-15 02:00:00,62.04
2024-01-15 03:00:00,62.1
2024-01-15 04:00:00,69.46
2024-01-15 05:00:00,81.1
2024-01-15 06:00:00,86.74
2024-01-15 07:00:00,99.52
2024-01-15 08:00:00,100.33
2024-01-15 09:00:00,94.92
2024-01-15 10:00:00,90.3
2024-01-15 11:00:00,85.7
2024-01-15 12:00:00,82.41
2024-01-15 13:00:00,84.99
2024-01-15 14:00:00,90.1
2024-01-15 15:00:00,98.03
2024-01-15 16:00:00,106.7
2024-01-15 17:00:00,112.85
2024-01-15 18:00:00,113.9
2024-01-15 19:00:00,107.58
2024-01-15 20:00:00,100.0
2024-01-15 21:00:00,97.21
2024-01-15 22:00:00,91.0
2024-01-15 23:00:00,86.59
2024-01-16 00:00:00,83.33
2024-01-16 01:00:00,80.94
2024-01-16 02:00:00,78.65
2024-01-16 03:00:00,78.35
2024-01-16 04:00:00,84.96
2024-01-16 05:00:00,96.1
2024-01-16 06:00:00,117.0
2024-01-16 07:00:00,144.11
2024-01-16 08:00:00,138.6
2024-01-16 09:00:00,122.0
2024-01-16 10:00:00,110.0
2024-01-16 11:00:00,102.62
2024-01-16 12:00:00,95.47
2024-01-16 13:00:00,100.95
2024-01-16 14:00:00,111.85
2024-01-16 15:00:00,113.56
2024-01-16 16:00:00,129.34
2024-01-16 17:00:00,129.98
2024-01-16 18:00:00,116.92
2024-01-16 19:00:00,99.78
2024-01-16 20:00:00,88.75
2024-01-16 21:00:00,83.49
2024-01-16 22:00:00,79.87
2024-01-16 23:00:00,72.79
2024-01-17 00:00:00,72.33
2024-01-17 01:00:00,71.02
2024-01-17 02:00:00,70.07
2024-01-17 03:00:00,69.9
2024-01-17 04:00:00,72.67
2024-01-17 05:00:00,77.67
2024-01-17 06:00:00,87.0
2024-01-17 07:00:00,97.72
2024-01-17 08:00:00,106.24
2024-01-17 09:00:00,110.33
2024-01-17 10:00:00,111.1
2024-01-17 11:00:00,90.12
2024-01-17 12:00:00,83.05
2024-01-17 13:00:00,85.38
2024-01-17 14:00:00,70.98
2024-01-17 15:00:00,70.45
2024-01-17 16:00:00,79.72
2024-01-17 17:00:00,105.49
2024-01-17 18:00:00,107.73
2024-01-17 19:00:00,93.82
2024-01-17 20:00:00,83.96
2024-01-17 21:00:00,79.25
2024-01-17 22:00:00,76.92
2024-01-17 23:00:00,71.3
2024-01-18 00:00:00,75.71
2024-01-18 01:00:00,70.54
2024-01-18 02:00:00,68.71
2024-01-18 03:00:00,63.81
2024-01-18 04:00:00,65.73
2024-01-18 05:00:00,73.05
2024-01-18 06:00:00,88.34
2024-01-18 07:00:00,97.64
2024-01-18 08:00:00,100.57
2024-01-18 09:00:00,106.54
2024-01-18 10:00:00,100.85
2024-01-18 11:00:00,92.5
2024-01-18 12:00:00,84.28
2024-01-18 13:00:00,87.43
2024-01-18 14:00:00,92.41
2024-01-18 15:00:00,90.77
2024-01-18 16:00:00,96.02
2024-01-18 17:00:00,103.71
2024-01-18 18:00:00,99.6
2024-01-18 19:00:00,91.76
2024-01-18 20:00:00,83.23
2024-01-18 21:00:00,83.16
2024-01-18 22:00:00,73.61
2024-01-18 23:00:00,71.82
2024-01-19 00:00:00,67.44
2024-01-19 01:00:00,67.17
2024-01-19 02:00:00,62.76
2024-01-19 03:00:00,63.32
2024-01-19 04:00:00,67.71
2024-01-19 05:00:00,79.18
2024-01-19 06:00:00,88.15
2024-01-19 07:00:00,104.27
2024-01-19 08:00:00,108.3
2024-01-19 09:00:00,100.51
2024-01-19 10:00:00,88.0
2024-01-19 11:00:00,80.12
2024-01-19 12:00:00,73.41
2024-01-19 13:00:00,75.27
2024-01-19 14:00:00,80.53
2024-01-19 15:00:00,85.84
2024-01-19 16:00:00,94.42
2024-01-19 17:00:00,95.62
2024-01-19 18:00:00,93.52
2024-01-19 19:00:00,82.88
2024-01-19 20:00:00,80.5
2024-01-19 21:00:00,82.03
2024-01-19 22:00:00,75.28
2024-01-19 23:00:00,78.97
2024-01-20 00:00:00,66.79
2024-01-20 01:00:00,70.58
2024-01-20 02:00:00,66.09
2024-01-20 03:00:00,63.68
2024-01-20 04:00:00,66.1
2024-01-20 05:00:00,70.3
2024-01-20 06:00:00,75.93
2024-01-20 07:00:00,84.09
2024-01-20 08:00:00,88.31
2024-01-20 09:00:00,82.85
2024-01-20 10:00:00,76.64
2024-01-20 11:00:00,74.65
2024-01-20 12:00:00,69.84
2024-01-20 13:00:00,73.41
2024-01-20 14:00:00,79.21
2024-01-20 15:00:00,87.97
2024-01-20 16:00:00,95.07
2024-01-20 17:00:00,99.94
2024-01-20 18:00:00,91.75
2024-01-20 19:00:00,83.93
2024-01-20 20:00:00,75.8
2024-01-20 21:00:00,77.88
2024-01-20 22:00:00,69.13
2024-01-20 23:00:00,69.07
2024-01-21 00:00:00,57.88
2024-01-21 01:00:00,55.15
2024-01-21 02:00:00,50.89
2024-01-21 03:00:00,48.91
2024-01-21 04:00:00,48.51
2024-01-21 05:00:00,46.81
2024-01-21 06:00:00,48.52
2024-01-21 07:00:00,54.23
2024-01-21 08:00:00,59.0
2024-01-21 09:00:00,58.64
2024-01-21 10:00:00,56.8
2024-01-21 11:00:00,56.36
2024-01-21 12:00:00,47.42
2024-01-21 13:00:00,52.67
2024-01-21 14:00:00,53.75
2024-01-21 15:00:00,56.89
2024-01-21 16:00:00,64.89
2024-01-21 17:00:00,77.19
2024-01-21 18:00:00,78.7
2024-01-21 19:00:00,73.91
2024-01-21 20:00:00,56.44
2024-01-21 21:00:00,63.75
2024-01-21 22:00:00,57.39
2024-01-21 23:00:00,40.66
2024-01-22 00:00:00,33.09
2024-01-22 01:00:00,28.34
2024-01-22 02:00:00,15.08
2024-01-22 03:00:00,13.34
2024-01-22 04:00:00,25.31
2024-01-22 05:00:00,49.01
2024-01-22 06:00:00,69.99
2024-01-22 07:00:00,85.22
2024-01-22 08:00:00,86.66
2024-01-22 09:00:00,71.08
2024-01-22 10:00:00,61.99
2024-01-22 11:00:00,57.67
2024-01-22 12:00:00,58.48
2024-01-22 13:00:00,61.06
2024-01-22 14:00:00,62.99
2024-01-22 15:00:00,66.07
2024-01-22 16:00:00,79.09
2024-01-22 17:00:00,89.87
2024-01-22 18:00:00,81.79
2024-01-22 19:00:00,70.09
2024-01-22 20:00:00,60.87
2024-01-22 21:00:00,58.76
2024-01-22 22:00:00,52.55
2024-01-22 23:00:00,20.45
2024-01-23 00:00:00,15.33
2024-01-23 01:00:00,14.55
2024-01-23 02:00:00,9.66
2024-01-23 03:00:00,15.14
2024-01-23 04:00:00,42.16
2024-01-23 05:00:00,65.55
2024-01-23 06:00:00,83.14
2024-01-23 07:00:00,86.5
2024-01-23 08:00:00,83.36
2024-01-23 09:00:00,81.0
2024-01-23 10:00:00,66.65
2024-01-23 11:00:00,61.91
2024-01-23 12:00:00,61.03
2024-01-23 13:00:00,65.61
2024-01-23 14:00:00,71.96
2024-01-23 15:00:00,66.62
2024-01-23 16:00:00,81.21
2024-01-23 17:00:00,85.89
2024-01-23 18:00:00,77.18
2024-01-23 19:00:00,66.64
2024-01-23 20:00:00,59.66
2024-01-23 21:00:00,49.92
2024-01-23 22:00:00,36.49
2024-01-23 23:00:00,10.74
2024-01-24 00:00:00,8.35
2024-01-24 01:00:00,6.69
2024-01-24 02:00:00,2.27
2024-01-24 03:00:00,0.2
2024-01-24 04:00:00,5.43
2024-01-24 05:00:00,24.52
2024-01-24 06:00:00,55.41
2024-01-24 07:00:00,67.58
2024-01-24 08:00:00,65.89
2024-01-24 09:00:00,59.84
2024-01-24 10:00:00,56.65
2024-01-24 11:00:00,47.21
2024-01-24 12:00:00,44.3
2024-01-24 13:00:00,51.63
2024-01-24 14:00:00,60.5
2024-01-24 15:00:00,64.0
2024-01-24 16:00:00,71.09
2024-01-24 17:00:00,83.14
2024-01-24 18:00:00,83.46
2024-01-24 19:00:00,77.81
2024-01-24 20:00:00,68.8
2024-01-24 21:00:00,70.88
2024-01-24 22:00:00,73.14
2024-01-24 23:00:00,62.78
2024-01-25 00:00:00,59.64
2024-01-25 01:00:00,60.0
2024-01-25 02:00:00,55.36
2024-01-25 03:00:00,57.26
2024-01-25 04:00:00,63.29
2024-01-25 05:00:00,72.45
2024-01-25 06:00:00,83.5
2024-01-25 07:00:00,95.53
2024-01-25 08:00:00,89.84
2024-01-25 09:00:00,83.95
2024-01-25 10:00:00,78.66
2024-01-25 11:00:00,74.95
2024-01-25 12:00:00,69.76
2024-01-25 13:00:00,66.17
2024-01-25 14:00:00,61.85
2024-01-25 15:00:00,67.67
2024-01-25 16:00:00,75.59
2024-01-25 17:00:00,94.72
2024-01-25 18:00:00,96.11
2024-01-25 19:00:00,79.83
2024-01-25 20:00:00,72.14
2024-01-25 21:00:00,71.39
2024-01-25 22:00:00,67.34
2024-01-25 23:00:00,62.8
2024-01-26 00:00:00,62.0
2024-01-26 01:00:00,58.49
2024-01-26 02:00:00,52.99
2024-01-26 03:00:00,39.82
2024-01-26 04:00:00,50.3
2024-01-26 05:00:00,61.53
2024-01-26 06:00:00,74.25
2024-01-26 07:00:00,80.45
2024-01-26 08:00:00,75.34
2024-01-26 09:00:00,66.19
2024-01-26 10:00:00,62.39
2024-01-26 11:00:00,55.78
2024-01-26 12:00:00,50.7
2024-01-26 13:00:00,53.61
2024-01-26 14:00:00,55.52
2024-01-26 15:00:00,63.38
2024-01-26 16:00:00,73.74
2024-01-26 17:00:00,89.62
2024-01-26 18:00:00,89.8
2024-01-26 19:00:00,84.53
2024-01-26 20:00:00,71.13
2024-01-26 21:00:00,74.98
2024-01-26 22:00:00,70.45
2024-01-26 23:00:00,64.97
2024-01-27 00:00:00,61.06
2024-01-27 01:00:00,59.05
2024-01-27 02:00:00,55.9
2024-01-27 03:00:00,55.9
2024-01-27 04:00:00,57.22
2024-01-27 05:00:00,59.36
2024-01-27 06:00:00,66.19
2024-01-27 07:00:00,78.09
2024-01-27 08:00:00,75.7
2024-01-27 09:00:00,64.6
2024-01-27 10:00:00,57.6
2024-01-27 11:00:00,55.84
2024-01-27 12:00:00,53.88
2024-01-27 13:00:00,59.75
2024-01-27 14:00:00,72.63
2024-01-27 15:00:00,72.17
2024-01-27 16:00:00,74.43
2024-01-27 17:00:00,95.97
2024-01-27 18:00:00,92.51
2024-01-27 19:00:00,84.47
2024-01-27 20:00:00,76.36
2024-01-27 21:00:00,75.97
2024-01-27 22:00:00,72.7
2024-01-27 23:00:00,66.77
2024-01-28 00:00:00,58.2
2024-01-28 01:00:00,52.9
2024-01-28 02:00:00,47.21
2024-01-28 03:00:00,44.0
2024-01-28 04:00:00,43.2
2024-01-28 05:00:00,47.05
2024-01-28 06:00:00,51.4
2024-01-28 07:00:00,55.29
2024-01-28 08:00:00,55.8
2024-01-28 09:00:00,52.29
2024-01-28 10:00:00,47.53
2024-01-28 11:00:00,42.49
2024-01-28 12:00:00,40.53
2024-01-28 13:00:00,40.09
2024-01-28 14:00:00,38.03
2024-01-28 15:00:00,43.12
2024-01-28 16:00:00,60.8
2024-01-28 17:00:00,73.34
2024-01-28 18:00:00,71.55
2024-01-28 19:00:00,69.87
2024-01-28 20:00:00,58.86
2024-01-28 21:00:00,60.34
2024-01-28 22:00:00,56.0
2024-01-28 23:00:00,49.97
2024-01-29 00:00:00,47.26
2024-01-29 01:00:00,48.12
2024-01-29 02:00:00,47.97
2024-01-29 03:00:00,51.58
2024-01-29 04:00:00,60.06
2024-01-29 05:00:00,80.66
2024-01-29 06:00:00,88.7
2024-01-29 07:00:00,99.26
2024-01-29 08:00:00,88.39
2024-01-29 09:00:00,78.9
2024-01-29 10:00:00,71.27
2024-01-29 11:00:00,70.24
2024-01-29 12:00:00,73.81
2024-01-29 13:00:00,78.03
2024-01-29 14:00:00,78.78
2024-01-29 15:00:00,82.87
2024-01-29 16:00:00,89.86
2024-01-29 17:00:00,110.0
2024-01-29 18:00:00,107.52
2024-01-29 19:00:00,86.29
2024-01-29 20:00:00,81.09
2024-01-29 21:00:00,82.55
2024-01-29 22:00:00,80.29
2024-01-29 23:00:00,71.94
2024-01-30 00:00:00,68.64
2024-01-30 01:00:00,69.37
2024-01-30 02:00:00,65.1
2024-01-30 03:00:00,64.0
2024-01-30 04:00:00,69.37
2024-01-30 05:00:00,79.02
2024-01-30 06:00:00,91.04
2024-01-30 07:00:00,95.95
2024-01-30 08:00:00,84.93
2024-01-30 09:00:00,77.15
2024-01-30 10:00:00,70.1
2024-01-30 11:00:00,68.1
2024-01-30 12:00:00,68.23
2024-01-30 13:00:00,71.93
2024-01-30 14:00:00,71.95
2024-01-30 15:00:00,78.89
2024-01-30 16:00:00,88.83
2024-01-30 17:00:00,99.76
2024-01-30 18:00:00,98.44
2024-01-30 19:00:00,88.32
2024-01-30 20:00:00,78.99
2024-01-30 21:00:00,78.24
2024-01-30 22:00:00,74.46
2024-01-30 23:00:00,74.09
2024-01-31 00:00:00,71.48
2024-01-31 01:00:00,70.89
2024-01-31 02:00:00,69.82
2024-01-31 03:00:00,69.25
2024-01-31 04:00:00,74.01
2024-01-31 05:00:00,84.44
2024-01-31 06:00:00,93.29
2024-01-31 07:00:00,120.23
2024-01-31 08:00:00,93.23
2024-01-31 09:00:00,82.98
2024-01-31 10:00:00,77.09
2024-01-31 11:00:00,74.91
2024-01-31 12:00:00,66.5
2024-01-31 13:00:00,65.8
2024-01-31 14:00:00,64.95
2024-01-31 15:00:00,66.26
2024-01-31 16:00:00,77.0
2024-01-31 17:00:00,90.16
2024-01-31 18:00:00,80.72
2024-01-31 19:00:00,73.02
2024-01-31 20:00:00,61.67
2024-01-31 21:00:00,58.81
2024-01-31 22:00:00,44.31
2024-01-31 23:00:00,51.9
2024-02-01 00:00:00,46.99
2024-02-01 01:00:00,46.66
2024-02-01 02:00:00,47.04
2024-02-01 03:00:00,51.06
2024-02-01 04:00:00,59.82
2024-02-01 05:00:00,72.42
2024-02-01 06:00:00,88.76
2024-02-01 07:00:00,95.76
2024-02-01 08:00:00,88.77
2024-02-01 09:00:00,83.9
2024-02-01 10:00:00,79.29
2024-02-01 11:00:00,69.75
2024-02-01 12:00:00,62.23
2024-02-01 13:00:00,71.62
2024-02-01 14:00:00,80.6
2024-02-01 15:00:00,80.69
2024-02-01 16:00:00,94.1
2024-02-01 17:00:00,101.89
2024-02-01 18:00:00,99.05
2024-02-01 19:00:00,91.84
2024-02-01 20:00:00,83.66
2024-02-01 21:00:00,82.13
2024-02-01 22:00:00,73.69
2024-02-01 23:00:00,64.62
2024-02-02 00:00:00,60.05
2024-02-02 01:00:00,58.0
2024-02-02 02:00:00,54.69
2024-02-02 03:00:00,52.41
2024-02-02 04:00:00,55.0
2024-02-02 05:00:00,63.27
2024-02-02 06:00:00,80.34
2024-02-02 07:00:00,90.75
2024-02-02 08:00:00,86.39
2024-02-02 09:00:00,80.89
2024-02-02 10:00:00,75.25
2024-02-02 11:00:00,65.25
2024-02-02 12:00:00,59.77
2024-02-02 13:00:00,59.82
2024-02-02 14:00:00,58.3
2024-02-02 15:00:00,63.2
2024-02-02 16:00:00,70.95
2024-02-02 17:00:00,80.16
2024-02-02 18:00:00,81.4
2024-02-02 19:00:00,73.06
2024-02-02 20:00:00,62.27
2024-02-02 21:00:00,62.6
2024-02-02 22:00:00,53.51
2024-02-02 23:00:00,39.99
2024-02-03 00:00:00,38.77
2024-02-03 01:00:00,32.83
2024-02-03 02:00:00,20.22
2024-02-03 03:00:00,15.45
2024-02-03 04:00:00,16.58
2024-02-03 05:00:00,26.33
2024-02-03 06:00:00,42.87
2024-02-03 07:00:00,52.09
2024-02-03 08:00:00,59.1
2024-02-03 09:00:00,53.28
2024-02-03 10:00:00,45.27
2024-02-03 11:00:00,41.58
2024-02-03 12:00:00,39.81
2024-02-03 13:00:00,41.76
2024-02-03 14:00:00,46.44
2024-02-03 15:00:00,53.0
2024-02-03 16:00:00,64.87
2024-02-03 17:00:00,81.43
2024-02-03 18:00:00,77.05
2024-02-03 19:00:00,63.57
2024-02-03 20:00:00,59.08
2024-02-03 21:00:00,52.42
2024-02-03 22:00:00,42.6
2024-02-03 23:00:00,39.91
2024-02-04 00:00:00,24.29
2024-02-04 01:00:00,11.35
2024-02-04 02:00:00,3.47
2024-02-04 03:00:00,1.55
2024-02-04 04:00:00,6.16
2024-02-04 05:00:00,7.04
2024-02-04 06:00:00,12.68
2024-02-04 07:00:00,20.39
2024-02-04 08:00:00,24.16
2024-02-04 09:00:00,26.47
2024-02-04 10:00:00,19.5
2024-02-04 11:00:00,16.68
2024-02-04 12:00:00,6.16
2024-02-04 13:00:00,13.07
2024-02-04 14:00:00,24.69
2024-02-04 15:00:00,34.72
2024-02-04 16:00:00,54.93
2024-02-04 17:00:00,65.25
2024-02-04 18:00:00,69.99
2024-02-04 19:00:00,51.73
2024-02-04 20:00:00,50.06
2024-02-04 21:00:00,48.4
2024-02-04 22:00:00,38.08
2024-02-04 23:00:00,11.28
2024-02-05 00:00:00,15.85
2024-02-05 01:00:00,8.91
2024-02-05 02:00:00,2.71
2024-02-05 03:00:00,1.25
2024-02-05 04:00:00,7.53
2024-02-05 05:00:00,48.09
2024-02-05 06:00:00,83.15
2024-02-05 07:00:00,90.36
2024-02-05 08:00:00,87.36
2024-02-05 09:00:00,76.68
2024-02-05 10:00:00,69.74
2024-02-05 11:00:00,60.0
2024-02-05 12:00:00,42.86
2024-02-05 13:00:00,51.0
2024-02-05 14:00:00,59.71
2024-02-05 15:00:00,64.49
2024-02-05 16:00:00,76.44
2024-02-05 17:00:00,89.13
2024-02-05 18:00:00,86.67
2024-02-05 19:00:00,80.04
2024-02-05 20:00:00,65.69
2024-02-05 21:00:00,57.11
2024-02-05 22:00:00,48.19
2024-02-05 23:00:00,36.8
2024-02-06 00:00:00,30.13
2024-02-06 01:00:00,20.41
2024-02-06 02:00:00,11.83
2024-02-06 03:00:00,7.1
2024-02-06 04:00:00,23.4
2024-02-06 05:00:00,54.26
2024-02-06 06:00:00,71.91
2024-02-06 07:00:00,80.87
2024-02-06 08:00:00,78.68
2024-02-06 09:00:00,74.72
2024-02-06 10:00:00,60.64
2024-02-06 11:00:00,51.08
2024-02-06 12:00:00,48.62
2024-02-06 13:00:00,49.79
2024-02-06 14:00:00,56.44
2024-02-06 15:00:00,61.33
2024-02-06 16:00:00,71.0
2024-02-06 17:00:00,78.77
2024-02-06 18:00:00,80.36
2024-02-06 19:00:00,65.16
2024-02-06 20:00:00,60.17
2024-02-06 21:00:00,57.09
2024-02-06 22:00:00,52.76
2024-02-06 23:00:00,41.7
2024-02-07 00:00:00,39.0
2024-02-07 01:00:00,37.45
2024-02-07 02:00:00,33.21
2024-02-07 03:00:00,16.02
2024-02-07 04:00:00,38.0
2024-02-07 05:00:00,47.28
2024-02-07 06:00:00,69.99
2024-02-07 07:00:00,74.49
2024-02-07 08:00:00,68.61
2024-02-07 09:00:00,66.04
2024-02-07 10:00:00,64.03
2024-02-07 11:00:00,58.87
2024-02-07 12:00:00,50.67
2024-02-07 13:00:00,61.13
2024-02-07 14:00:00,56.65
2024-02-07 15:00:00,57.61
2024-02-07 16:00:00,58.96
2024-02-07 17:00:00,79.34
2024-02-07 18:00:00,92.09
2024-02-07 19:00:00,76.89
2024-02-07 20:00:00,67.72
2024-02-07 21:00:00,62.03
2024-02-07 22:00:00,63.48
2024-02-07 23:00:00,73.7
2024-02-08 00:00:00,73.2
2024-02-08 01:00:00,72.15
2024-02-08 02:00:00,54.34
2024-02-08 03:00:00,45.75
2024-02-08 04:00:00,47.49
2024-02-08 05:00:00,65.24
2024-02-08 06:00:00,72.26
2024-02-08 07:00:00,73.09
2024-02-08 08:00:00,60.17
2024-02-08 09:00:00,50.01
2024-02-08 10:00:00,44.69
2024-02-08 11:00:00,38.0
2024-02-08 12:00:00,31.7
2024-02-08 13:00:00,33.8
2024-02-08 14:00:00,33.08
2024-02-08 15:00:00,39.4
2024-02-08 16:00:00,41.5
2024-02-08 17:00:00,45.5
2024-02-08 18:00:00,61.09
2024-02-08 19:00:00,53.34
2024-02-08 20:00:00,46.21
2024-02-08 21:00:00,43.83
2024-02-08 22:00:00,40.46
2024-02-08 23:00:00,22.04
2024-02-09 00:00:00,11.17
2024-02-09 01:00:00,5.0
2024-02-09 02:00:00,3.2
2024-02-09 03:00:00,3.2
2024-02-09 04:00:00,11.14
2024-02-09 05:00:00,29.62
2024-02-09 06:00:00,54.1
2024-02-09 07:00:00,59.23
2024-02-09 08:00:00,66.9
2024-02-09 09:00:00,66.35
2024-02-09 10:00:00,57.84
2024-02-09 11:00:00,50.56
2024-02-09 12:00:00,46.73
2024-02-09 13:00:00,47.99
2024-02-09 14:00:00,46.73
2024-02-09 15:00:00,44.99
2024-02-09 16:00:00,72.22
2024-02-09 17:00:00,86.46
2024-02-09 18:00:00,87.32
2024-02-09 19:00:00,81.01
2024-02-09 20:00:00,75.33
2024-02-09 21:00:00,74.91
2024-02-09 22:00:00,70.94
2024-02-09 23:00:00,63.1
2024-02-10 00:00:00,64.08
2024-02-10 01:00:00,64.4
2024-02-10 02:00:00,64.39
2024-02-10 03:00:00,64.41
2024-02-10 04:00:00,65.82
2024-02-10 05:00:00,70.91
2024-02-10 06:00:00,74.86
2024-02-10 07:00:00,77.7
2024-02-10 08:00:00,80.38
2024-02-10 09:00:00,74.83
2024-02-10 10:00:00,69.7
2024-02-10 11:00:00,68.36
2024-02-10 12:00:00,66.72
2024-02-10 13:00:00,69.53
2024-02-10 14:00:00,77.17
2024-02-10 15:00:00,78.99
2024-02-10 16:00:00,82.9
2024-02-10 17:00:00,89.85
2024-02-10 18:00:00,82.46
2024-02-10 19:00:00,74.4
2024-02-10 20:00:00,68.54
2024-02-10 21:00:00,69.54
2024-02-10 22:00:00,63.82
2024-02-10 23:00:00,60.48
2024-02-11 00:00:00,55.66
2024-02-11 01:00:00,52.6
2024-02-11 02:00:00,46.83
2024-02-11 03:00:00,39.23
2024-02-11 04:00:00,44.88
2024-02-11 05:00:00,45.47
2024-02-11 06:00:00,48.34
2024-02-11 07:00:00,57.13
2024-02-11 08:00:00,58.82
2024-02-11 09:00:00,61.77
2024-02-11 10:00:00,65.01
2024-02-11 11:00:00,62.63
2024-02-11 12:00:00,44.47
2024-02-11 13:00:00,39.98
2024-02-11 14:00:00,39.99
2024-02-11 15:00:00,46.73
2024-02-11 16:00:00,61.94
2024-02-11 17:00:00,83.56
2024-02-11 18:00:00,83.98
2024-02-11 19:00:00,76.82
2024-02-11 20:00:00,70.72
2024-02-11 21:00:00,68.39
2024-02-11 22:00:00,64.01
2024-02-11 23:00:00,64.35
2024-02-12 00:00:00,61.87
2024-02-12 01:00:00,61.01
2024-02-12 02:00:00,59.75
2024-02-12 03:00:00,59.21
2024-02-12 04:00:00,65.0
2024-02-12 05:00:00,76.0
2024-02-12 06:00:00,85.41
2024-02-12 07:00:00,104.0
2024-02-12 08:00:00,96.5
2024-02-12 09:00:00,85.47
2024-02-12 10:00:00,78.96
2024-02-12 11:00:00,67.64
2024-02-12 12:00:00,64.41
2024-02-12 13:00:00,64.93
2024-02-12 14:00:00,67.25
2024-02-12 15:00:00,69.83
2024-02-12 16:00:00,67.07
2024-02-12 17:00:00,96.0
2024-02-12 18:00:00,89.08
2024-02-12 19:00:00,79.15
2024-02-12 20:00:00,71.54
2024-02-12 21:00:00,65.87
2024-02-12 22:00:00,61.9
2024-02-12 23:00:00,68.59
2024-02-13 00:00:00,65.37
2024-02-13 01:00:00,63.41
2024-02-13 02:00:00,60.49
2024-02-13 03:00:00,60.06
2024-02-13 04:00:00,63.59
2024-02-13 05:00:00,70.74
2024-02-13 06:00:00,82.84
2024-02-13 07:00:00,89.12
2024-02-13 08:00:00,75.12
2024-02-13 09:00:00,69.21
2024-02-13 10:00:00,63.87
2024-02-13 11:00:00,60.53
2024-02-13 12:00:00,60.26
2024-02-13 13:00:00,63.1
2024-02-13 14:00:00,70.7
2024-02-13 15:00:00,74.51
2024-02-13 16:00:00,69.95
2024-02-13 17:00:00,94.53
2024-02-13 18:00:00,91.81
2024-02-13 19:00:00,79.23
2024-02-13 20:00:00,73.17
2024-02-13 21:00:00,69.18
2024-02-13 22:00:00,65.0
2024-02-13 23:00:00,60.63
2024-02-14 00:00:00,59.34
2024-02-14 01:00:00,55.76
2024-02-14 02:00:00,54.79
2024-02-14 03:00:00,55.06
2024-02-14 04:00:00,59.21
2024-02-14 05:00:00,64.95
2024-02-14 06:00:00,74.28
2024-02-14 07:00:00,80.56
2024-02-14 08:00:00,69.65
2024-02-14 09:00:00,63.86
2024-02-14 10:00:00,63.29
2024-02-14 11:00:00,58.41
2024-02-14 12:00:00,46.65
2024-02-14 13:00:00,53.33
2024-02-14 14:00:00,58.89
2024-02-14 15:00:00,58.06
2024-02-14 16:00:00,71.66
2024-02-14 17:00:00,88.11
2024-02-14 18:00:00,85.16
2024-02-14 19:00:00,77.1
2024-02-14 20:00:00,69.59
2024-02-14 21:00:00,68.2
2024-02-14 22:00:00,63.8
2024-02-14 23:00:00,61.52
2024-02-15 00:00:00,54.9
2024-02-15 01:00:00,50.42
2024-02-15 02:00:00,43.77
2024-02-15 03:00:00,38.25
2024-02-15 04:00:00,43.79
2024-02-15 05:00:00,58.08
2024-02-15 06:00:00,67.2
2024-02-15 07:00:00,77.18
2024-02-15 08:00:00,72.32
2024-02-15 09:00:00,68.64
2024-02-15 10:00:00,58.98
2024-02-15 11:00:00,52.65
2024-02-15 12:00:00,48.01
2024-02-15 13:00:00,45.56
2024-02-15 14:00:00,46.89
2024-02-15 15:00:00,45.39
2024-02-15 16:00:00,53.24
2024-02-15 17:00:00,69.13
2024-02-15 18:00:00,71.32
2024-02-15 19:00:00,63.29
2024-02-15 20:00:00,60.0
2024-02-15 21:00:00,59.5
2024-02-15 22:00:00,55.68
2024-02-15 23:00:00,51.76
2024-02-16 00:00:00,51.08
2024-02-16 01:00:00,49.92
2024-02-16 02:00:00,47.06
2024-02-16 03:00:00,42.0
2024-02-16 04:00:00,46.0
2024-02-16 05:00:00,53.48
2024-02-16 06:00:00,69.81
2024-02-16 07:00:00,70.5
2024-02-16 08:00:00,65.52
2024-02-16 09:00:00,56.43
2024-02-16 10:00:00,56.99
2024-02-16 11:00:00,55.56
2024-02-16 12:00:00,54.27
2024-02-16 13:00:00,55.57
2024-02-16 14:00:00,62.58
2024-02-16 15:00:00,70.03
2024-02-16 16:00:00,70.6
2024-02-16 17:00:00,78.13
2024-02-16 18:00:00,77.93
2024-02-16 19:00:00,73.09
2024-02-16 20:00:00,69.66
2024-02-16 21:00:00,68.49
2024-02-16 22:00:00,61.6
2024-02-16 23:00:00,59.94
2024-02-17 00:00:00,58.74
2024-02-17 01:00:00,58.43
2024-02-17 02:00:00,54.66
2024-02-17 03:00:00,53.96
2024-02-17 04:00:00,56.26
2024-02-17 05:00:00,56.46
2024-02-17 06:00:00,59.68
2024-02-17 07:00:00,67.31
2024-02-17 08:00:00,67.08
2024-02-17 09:00:00,63.08
2024-02-17 10:00:00,60.61
2024-02-17 11:00:00,58.18
2024-02-17 12:00:00,55.24
2024-02-17 13:00:00,58.96
2024-02-17 14:00:00,52.44
2024-02-17 15:00:00,49.27
2024-02-17 16:00:00,66.66
2024-02-17 17:00:00,67.45
2024-02-17 18:00:00,82.93
2024-02-17 19:00:00,75.03
2024-02-17 20:00:00,70.75
2024-02-17 21:00:00,68.2
2024-02-17 22:00:00,69.11
2024-02-17 23:00:00,59.98
2024-02-18 00:00:00,54.81
2024-02-18 01:00:00,51.05
2024-02-18 02:00:00,49.16
2024-02-18 03:00:00,47.72
2024-02-18 04:00:00,48.47
2024-02-18 05:00:00,46.02
2024-02-18 06:00:00,48.97
2024-02-18 07:00:00,47.28
2024-02-18 08:00:00,43.03
2024-02-18 09:00:00,40.45
2024-02-18 10:00:00,41.0
2024-02-18 11:00:00,34.8
2024-02-18 12:00:00,33.5
2024-02-18 13:00:00,33.2
2024-02-18 14:00:00,30.18
2024-02-18 15:00:00,32.2
2024-02-18 16:00:00,41.2
2024-02-18 17:00:00,51.96
2024-02-18 18:00:00,66.99
2024-02-18 19:00:00,64.71
2024-02-18 20:00:00,59.83
2024-02-18 21:00:00,57.33
2024-02-18 22:00:00,53.94
2024-02-18 23:00:00,44.0
2024-02-19 00:00:00,44.33
2024-02-19 01:00:00,44.63
2024-02-19 02:00:00,43.91
2024-02-19 03:00:00,44.92
2024-02-19 04:00:00,51.57
2024-02-19 05:00:00,68.87
2024-02-19 06:00:00,79.26
2024-02-19 07:00:00,83.97
2024-02-19 08:00:00,75.14
2024-02-19 09:00:00,71.05
2024-02-19 10:00:00,69.5
2024-02-19 11:00:00,60.55
2024-02-19 12:00:00,50.65
2024-02-19 13:00:00,46.73
2024-02-19 14:00:00,49.08
2024-02-19 15:00:00,56.9
2024-02-19 16:00:00,64.07
2024-02-19 17:00:00,76.13
2024-02-19 18:00:00,80.24
2024-02-19 19:00:00,72.26
2024-02-19 20:00:00,67.57
2024-02-19 21:00:00,66.27
2024-02-19 22:00:00,59.07
2024-02-19 23:00:00,58.06
2024-02-20 00:00:00,54.32
2024-02-20 01:00:00,53.96
2024-02-20 02:00:00,53.66
2024-02-20 03:00:00,53.05
2024-02-20 04:00:00,54.98
2024-02-20 05:00:00,66.58
2024-02-20 06:00:00,72.64
2024-02-20 07:00:00,81.47
2024-02-20 08:00:00,76.88
2024-02-20 09:00:00,69.89
2024-02-20 10:00:00,61.11
2024-02-20 11:00:00,53.81
2024-02-20 12:00:00,51.92
2024-02-20 13:00:00,52.34
2024-02-20 14:00:00,56.86
2024-02-20 15:00:00,61.0
2024-02-20 16:00:00,63.6
2024-02-20 17:00:00,72.64
2024-02-20 18:00:00,75.44
2024-02-20 19:00:00,69.36
2024-02-20 20:00:00,64.7
2024-02-20 21:00:00,63.16
2024-02-20 22:00:00,54.76
2024-02-20 23:00:00,52.84
2024-02-21 00:00:00,49.5
2024-02-21 01:00:00,46.99
2024-02-21 02:00:00,44.95
2024-02-21 03:00:00,45.68
2024-02-21 04:00:00,50.35
2024-02-21 05:00:00,61.69
2024-02-21 06:00:00,69.6
2024-02-21 07:00:00,76.7
2024-02-21 08:00:00,65.61
2024-02-21 09:00:00,64.1
2024-02-21 10:00:00,60.39
2024-02-21 11:00:00,53.01
2024-02-21 12:00:00,51.22
2024-02-21 13:00:00,53.79
2024-02-21 14:00:00,55.94
2024-02-21 15:00:00,50.59
2024-02-21 16:00:00,55.08
2024-02-21 17:00:00,66.19
2024-02-21 18:00:00,63.47
2024-02-21 19:00:00,54.76
2024-02-21 20:00:00,47.91
2024-02-21 21:00:00,43.76
2024-02-21 22:00:00,37.14
2024-02-21 23:00:00,32.79
2024-02-22 00:00:00,29.51
2024-02-22 01:00:00,29.51
2024-02-22 02:00:00,26.78
2024-02-22 03:00:00,15.17
2024-02-22 04:00:00,36.02
2024-02-22 05:00:00,51.57
2024-02-22 06:00:00,62.69
2024-02-22 07:00:00,65.43
2024-02-22 08:00:00,59.14
2024-02-22 09:00:00,46.5
2024-02-22 10:00:00,52.06
2024-02-22 11:00:00,44.25
2024-02-22 12:00:00,34.96
2024-02-22 13:00:00,50.0
2024-02-22 14:00:00,45.36
2024-02-22 15:00:00,36.61
2024-02-22 16:00:00,46.45
2024-02-22 17:00:00,61.42
2024-02-22 18:00:00,55.8
2024-02-22 19:00:00,44.32
2024-02-22 20:00:00,28.9
2024-02-22 21:00:00,16.28
2024-02-22 22:00:00,5.67
2024-02-22 23:00:00,9.57
2024-02-23 00:00:00,4.09
2024-02-23 01:00:00,3.2
2024-02-23 02:00:00,1.83
2024-02-23 03:00:00,2.58
2024-02-23 04:00:00,7.78
2024-02-23 05:00:00,43.84
2024-02-23 06:00:00,60.73
2024-02-23 07:00:00,62.15
2024-02-23 08:00:00,55.21
2024-02-23 09:00:00,48.82
2024-02-23 10:00:00,44.03
2024-02-23 11:00:00,39.96
2024-02-23 12:00:00,36.33
2024-02-23 13:00:00,41.87
2024-02-23 14:00:00,50.97
2024-02-23 15:00:00,63.96
2024-02-23 16:00:00,72.61
2024-02-23 17:00:00,86.44
2024-02-23 18:00:00,84.01
2024-02-23 19:00:00,72.97
2024-02-23 20:00:00,69.26
2024-02-23 21:00:00,67.98
2024-02-23 22:00:00,65.1
2024-02-23 23:00:00,66.47
2024-02-24 00:00:00,63.9
2024-02-24 01:00:00,59.5
2024-02-24 02:00:00,55.2
2024-02-24 03:00:00,55.39
2024-02-24 04:00:00,57.1
2024-02-24 05:00:00,61.67
2024-02-24 06:00:00,66.11
2024-02-24 07:00:00,64.4
2024-02-24 08:00:00,57.6
2024-02-24 09:00:00,49.11
2024-02-24 10:00:00,45.71
2024-02-24 11:00:00,40.3
2024-02-24 12:00:00,32.22
2024-02-24 13:00:00,37.6
2024-02-24 14:00:00,45.0
2024-02-24 15:00:00,55.94
2024-02-24 16:00:00,63.83
2024-02-24 17:00:00,68.16
2024-02-24 18:00:00,74.13
2024-02-24 19:00:00,65.17
2024-02-24 20:00:00,59.94
2024-02-24 21:00:00,58.03
2024-02-24 22:00:00,54.98
2024-02-24 23:00:00,56.57
2024-02-25 00:00:00,55.44
2024-02-25 01:00:00,55.39
2024-02-25 02:00:00,54.9
2024-02-25 03:00:00,55.2
2024-02-25 04:00:00,55.07
2024-02-25 05:00:00,57.02
2024-02-25 06:00:00,59.92
2024-02-25 07:00:00,63.82
2024-02-25 08:00:00,63.42
2024-02-25 09:00:00,56.69
2024-02-25 10:00:00,54.37
2024-02-25 11:00:00,50.0
2024-02-25 12:00:00,46.03
2024-02-25 13:00:00,49.84
2024-02-25 14:00:00,55.0
2024-02-25 15:00:00,60.61
2024-02-25 16:00:00,58.85
2024-02-25 17:00:00,67.75
2024-02-25 18:00:00,76.28
2024-02-25 19:00:00,69.62
2024-02-25 20:00:00,64.49
2024-02-25 21:00:00,65.23
2024-02-25 22:00:00,58.38
2024-02-25 23:00:00,57.83
2024-02-26 00:00:00,56.82
2024-02-26 01:00:00,55.68
2024-02-26 02:00:00,51.8
2024-02-26 03:00:00,52.46
2024-02-26 04:00:00,57.92
2024-02-26 05:00:00,64.85
2024-02-26 06:00:00,74.25
2024-02-26 07:00:00,81.6
2024-02-26 08:00:00,73.83
2024-02-26 09:00:00,66.65
2024-02-26 10:00:00,65.03
2024-02-26 11:00:00,58.42
2024-02-26 12:00:00,58.19
2024-02-26 13:00:00,61.29
2024-02-26 14:00:00,64.95
2024-02-26 15:00:00,69.41
2024-02-26 16:00:00,77.0
2024-02-26 17:00:00,85.48
2024-02-26 18:00:00,81.55
2024-02-26 19:00:00,73.13
2024-02-26 20:00:00,66.12
2024-02-26 21:00:00,65.21
2024-02-26 22:00:00,60.76
2024-02-26 23:00:00,57.62
2024-02-27 00:00:00,57.55
2024-02-27 01:00:00,57.35
2024-02-27 02:00:00,56.87
2024-02-27 03:00:00,57.35
2024-02-27 04:00:00,61.16
2024-02-27 05:00:00,65.76
2024-02-27 06:00:00,69.24
2024-02-27 07:00:00,90.77
2024-02-27 08:00:00,80.81
2024-02-27 09:00:00,68.71
2024-02-27 10:00:00,63.86
2024-02-27 11:00:00,58.19
2024-02-27 12:00:00,58.22
2024-02-27 13:00:00,62.3
2024-02-27 14:00:00,65.97
2024-02-27 15:00:00,58.29
2024-02-27 16:00:00,59.74
2024-02-27 17:00:00,96.67
2024-02-27 18:00:00,105.17
2024-02-27 19:00:00,84.69
2024-02-27 20:00:00,73.05
2024-02-27 21:00:00,70.45
2024-02-27 22:00:00,64.97
2024-02-27 23:00:00,60.36
2024-02-28 00:00:00,59.4
2024-02-28 01:00:00,61.34
2024-02-28 02:00:00,63.46
2024-02-28 03:00:00,63.87
2024-02-28 04:00:00,67.63
2024-02-28 05:00:00,71.04
2024-02-28 06:00:00,80.1
2024-02-28 07:00:00,104.49
2024-02-28 08:00:00,85.46
2024-02-28 09:00:00,73.99
2024-02-28 10:00:00,67.55
2024-02-28 11:00:00,63.93
2024-02-28 12:00:00,56.78
2024-02-28 13:00:00,56.38
2024-02-28 14:00:00,53.64
2024-02-28 15:00:00,49.65
2024-02-28 16:00:00,60.25
2024-02-28 17:00:00,75.86
2024-02-28 18:00:00,79.0
2024-02-28 19:00:00,66.96
2024-02-28 20:00:00,64.07
2024-02-28 21:00:00,64.77
2024-02-28 22:00:00,55.68
2024-02-28 23:00:00,55.78
2024-02-29 00:00:00,54.03
2024-02-29 01:00:00,50.87
2024-02-29 02:00:00,47.97
2024-02-29 03:00:00,47.1
2024-02-29 04:00:00,52.71
2024-02-29 05:00:00,63.5
2024-02-29 06:00:00,74.85
2024-02-29 07:00:00,74.95
2024-02-29 08:00:00,70.71
2024-02-29 09:00:00,64.43
2024-02-29 10:00:00,62.96
2024-02-29 11:00:00,57.36
2024-02-29 12:00:00,56.34
2024-02-29 13:00:00,58.18
2024-02-29 14:00:00,65.39
2024-02-29 15:00:00,66.5
2024-02-29 16:00:00,69.34
2024-02-29 17:00:00,86.26
2024-02-29 18:00:00,80.99
2024-02-29 19:00:00,72.77
2024-02-29 20:00:00,67.25
2024-02-29 21:00:00,64.9
2024-02-29 22:00:00,60.9
2024-02-29 23:00:00,62.04
2024-03-01 00:00:00,61.42
2024-03-01 01:00:00,58.14
2024-03-01 02:00:00,57.83
2024-03-01 03:00:00,58.3
2024-03-01 04:00:00,62.49
2024-03-01 05:00:00,71.58
2024-03-01 06:00:00,79.36
2024-03-01 07:00:00,79.07
2024-03-01 08:00:00,71.34
2024-03-01 09:00:00,66.55
2024-03-01 10:00:00,65.24
2024-03-01 11:00:00,63.87
2024-03-01 12:00:00,59.7
2024-03-01 13:00:00,64.9
2024-03-01 14:00:00,59.83
2024-03-01 15:00:00,55.55
2024-03-01 16:00:00,60.71
2024-03-01 17:00:00,82.45
2024-03-01 18:00:00,87.19
2024-03-01 19:00:00,77.49
2024-03-01 20:00:00,71.62
2024-03-01 21:00:00,70.06
2024-03-01 22:00:00,66.39
2024-03-01 23:00:00,59.95
2024-03-02 00:00:00,56.03
2024-03-02 01:00:00,56.02
2024-03-02 02:00:00,55.48
2024-03-02 03:00:00,54.88
2024-03-02 04:00:00,55.99
2024-03-02 05:00:00,56.58
2024-03-02 06:00:00,60.67
2024-03-02 07:00:00,63.76
2024-03-02 08:00:00,65.75
2024-03-02 09:00:00,60.44
2024-03-02 10:00:00,61.61
2024-03-02 11:00:00,57.66
2024-03-02 12:00:00,54.9
2024-03-02 13:00:00,59.86
2024-03-02 14:00:00,66.08
2024-03-02 15:00:00,73.0
2024-03-02 16:00:00,79.55
2024-03-02 17:00:00,93.6
2024-03-02 18:00:00,89.9
2024-03-02 19:00:00,76.98
2024-03-02 20:00:00,72.28
2024-03-02 21:00:00,79.63
2024-03-02 22:00:00,74.41
2024-03-02 23:00:00,59.74
2024-03-03 00:00:00,61.28
2024-03-03 01:00:00,61.14
2024-03-03 02:00:00,56.91
2024-03-03 03:00:00,55.41
2024-03-03 04:00:00,57.57
2024-03-03 05:00:00,61.13
2024-03-03 06:00:00,63.71
2024-03-03 07:00:00,63.35
2024-03-03 08:00:00,63.01
2024-03-03 09:00:00,62.41
2024-03-03 10:00:00,60.53
2024-03-03 11:00:00,50.96
2024-03-03 12:00:00,42.51
2024-03-03 13:00:00,46.84
2024-03-03 14:00:00,54.93
2024-03-03 15:00:00,60.28
2024-03-03 16:00:00,71.86
2024-03-03 17:00:00,78.53
2024-03-03 18:00:00,86.96
2024-03-03 19:00:00,81.8
2024-03-03 20:00:00,75.0
2024-03-03 21:00:00,72.18
2024-03-03 22:00:00,72.42
2024-03-03 23:00:00,69.13
2024-03-04 00:00:00,67.9
2024-03-04 01:00:00,67.41
2024-03-04 02:00:00,66.22
2024-03-04 03:00:00,65.59
2024-03-04 04:00:00,70.83
2024-03-04 05:00:00,81.18
2024-03-04 06:00:00,96.67
2024-03-04 07:00:00,102.97
2024-03-04 08:00:00,85.02
2024-03-04 09:00:00,73.56
2024-03-04 10:00:00,66.02
2024-03-04 11:00:00,64.69
2024-03-04 12:00:00,61.29
2024-03-04 13:00:00,62.5
2024-03-04 14:00:00,69.86
2024-03-04 15:00:00,68.31
2024-03-04 16:00:00,68.04
2024-03-04 17:00:00,105.18
2024-03-04 18:00:00,99.13
2024-03-04 19:00:00,80.52
2024-03-04 20:00:00,71.39
2024-03-04 21:00:00,67.49
2024-03-04 22:00:00,63.93
2024-03-04 23:00:00,61.96
2024-03-05 00:00:00,61.67
2024-03-05 01:00:00,61.33
2024-03-05 02:00:00,59.86
2024-03-05 03:00:00,60.56
2024-03-05 04:00:00,61.67
2024-03-05 05:00:00,71.53
2024-03-05 06:00:00,79.28
2024-03-05 07:00:00,83.02
2024-03-05 08:00:00,77.0
2024-03-05 09:00:00,71.15
2024-03-05 10:00:00,69.72
2024-03-05 11:00:00,66.17
2024-03-05 12:00:00,66.07
2024-03-05 13:00:00,69.85
2024-03-05 14:00:00,71.15
2024-03-05 15:00:00,76.39
2024-03-05 16:00:00,83.15
2024-03-05 17:00:00,104.66
2024-03-05 18:00:00,125.17
2024-03-05 19:00:00,104.29
2024-03-05 20:00:00,90.11
2024-03-05 21:00:00,85.41
2024-03-05 22:00:00,72.86
2024-03-05 23:00:00,71.0
2024-03-06 00:00:00,70.7
2024-03-06 01:00:00,70.46
2024-03-06 02:00:00,69.74
2024-03-06 03:00:00,70.46
2024-03-06 04:00:00,73.91
2024-03-06 05:00:00,83.98
2024-03-06 06:00:00,106.64
2024-03-06 07:00:00,108.7
2024-03-06 08:00:00,87.21
2024-03-06 09:00:00,76.82
2024-03-06 10:00:00,72.74
2024-03-06 11:00:00,69.37
2024-03-06 12:00:00,69.29
2024-03-06 13:00:00,70.64
2024-03-06 14:00:00,72.35
2024-03-06 15:00:00,74.51
2024-03-06 16:00:00,79.47
2024-03-06 17:00:00,116.74
2024-03-06 18:00:00,119.27
2024-03-06 19:00:00,93.48
2024-03-06 20:00:00,80.15
2024-03-06 21:00:00,77.98
2024-03-06 22:00:00,74.34
2024-03-06 23:00:00,73.33
2024-03-07 00:00:00,72.32
2024-03-07 01:00:00,70.34
2024-03-07 02:00:00,68.71
2024-03-07 03:00:00,69.89
2024-03-07 04:00:00,73.13
2024-03-07 05:00:00,84.27
2024-03-07 06:00:00,103.2
2024-03-07 07:00:00,96.7
2024-03-07 08:00:00,79.09
2024-03-07 09:00:00,71.31
2024-03-07 10:00:00,66.16
2024-03-07 11:00:00,61.58
2024-03-07 12:00:00,59.82
2024-03-07 13:00:00,63.19
2024-03-07 14:00:00,60.97
2024-03-07 15:00:00,57.7
2024-03-07 16:00:00,69.07
2024-03-07 17:00:00,78.06
2024-03-07 18:00:00,89.57
2024-03-07 19:00:00,74.06
2024-03-07 20:00:00,73.78
2024-03-07 21:00:00,73.56
2024-03-07 22:00:00,68.02
2024-03-07 23:00:00,68.69
2024-03-08 00:00:00,66.96
2024-03-08 01:00:00,67.01
2024-03-08 02:00:00,65.99
2024-03-08 03:00:00,62.91
2024-03-08 04:00:00,67.42
2024-03-08 05:00:00,76.72
2024-03-08 06:00:00,94.66
2024-03-08 07:00:00,88.89
2024-03-08 08:00:00,74.36
2024-03-08 09:00:00,59.02
2024-03-08 10:00:00,52.52
2024-03-08 11:00:00,42.33
2024-03-08 12:00:00,29.07
2024-03-08 13:00:00,42.96
2024-03-08 14:00:00,48.91
2024-03-08 15:00:00,58.06
2024-03-08 16:00:00,73.96
2024-03-08 17:00:00,85.55
2024-03-08 18:00:00,81.96
2024-03-08 19:00:00,73.13
2024-03-08 20:00:00,66.03
2024-03-08 21:00:00,65.68
2024-03-08 22:00:00,60.54
2024-03-08 23:00:00,57.31
2024-03-09 00:00:00,55.64
2024-03-09 01:00:00,54.47
2024-03-09 02:00:00,53.25
2024-03-09 03:00:00,49.47
2024-03-09 04:00:00,48.75
2024-03-09 05:00:00,51.34
2024-03-09 06:00:00,53.06
2024-03-09 07:00:00,53.06
2024-03-09 08:00:00,48.12
2024-03-09 09:00:00,36.42
2024-03-09 10:00:00,18.45
2024-03-09 11:00:00,9.22
2024-03-09 12:00:00,7.88
2024-03-09 13:00:00,17.85
2024-03-09 14:00:00,28.9
2024-03-09 15:00:00,52.67
2024-03-09 16:00:00,69.82
2024-03-09 17:00:00,78.32
2024-03-09 18:00:00,77.5
2024-03-09 19:00:00,68.85
2024-03-09 20:00:00,60.47
2024-03-09 21:00:00,64.79
2024-03-09 22:00:00,63.64
2024-03-09 23:00:00,48.65
2024-03-10 00:00:00,46.06
2024-03-10 01:00:00,40.98
2024-03-10 02:00:00,35.55
2024-03-10 03:00:00,32.39
2024-03-10 04:00:00,32.28
2024-03-10 05:00:00,33.91
2024-03-10 06:00:00,39.49
2024-03-10 07:00:00,47.34
2024-03-10 08:00:00,52.11
2024-03-10 09:00:00,44.88
2024-03-10 10:00:00,49.22
2024-03-10 11:00:00,52.04
2024-03-10 12:00:00,45.26
2024-03-10 13:00:00,39.58
2024-03-10 14:00:00,45.81
2024-03-10 15:00:00,61.44
2024-03-10 16:00:00,74.13
2024-03-10 17:00:00,79.54
2024-03-10 18:00:00,89.63
2024-03-10 19:00:00,80.97
2024-03-10 20:00:00,74.72
2024-03-10 21:00:00,73.78
2024-03-10 22:00:00,70.04
2024-03-10 23:00:00,58.59
2024-03-11 00:00:00,58.03
2024-03-11 01:00:00,54.19
2024-03-11 02:00:00,52.69
2024-03-11 03:00:00,52.22
2024-03-11 04:00:00,56.77
2024-03-11 05:00:00,76.75
2024-03-11 06:00:00,82.95
2024-03-11 07:00:00,85.86
2024-03-11 08:00:00,81.92
2024-03-11 09:00:00,74.75
2024-03-11 10:00:00,67.34
2024-03-11 11:00:00,68.42
2024-03-11 12:00:00,66.72
2024-03-11 13:00:00,67.0
2024-03-11 14:00:00,73.17
2024-03-11 15:00:00,67.96
2024-03-11 16:00:00,78.55
2024-03-11 17:00:00,94.53
2024-03-11 18:00:00,107.93
2024-03-11 19:00:00,87.97
2024-03-11 20:00:00,76.64
2024-03-11 21:00:00,75.0
2024-03-11 22:00:00,67.08
2024-03-11 23:00:00,69.16
2024-03-12 00:00:00,65.56
2024-03-12 01:00:00,66.51
2024-03-12 02:00:00,65.2
2024-03-12 03:00:00,61.85
2024-03-12 04:00:00,67.37
2024-03-12 05:00:00,70.53
2024-03-12 06:00:00,89.8
2024-03-12 07:00:00,99.44
2024-03-12 08:00:00,93.57
2024-03-12 09:00:00,79.58
2024-03-12 10:00:00,68.84
2024-03-12 11:00:00,69.17
2024-03-12 12:00:00,64.03
2024-03-12 13:00:00,64.35
2024-03-12 14:00:00,68.03
2024-03-12 15:00:00,57.42
2024-03-12 16:00:00,65.2
2024-03-12 17:00:00,71.32
2024-03-12 18:00:00,98.99
2024-03-12 19:00:00,77.6
2024-03-12 20:00:00,70.12
2024-03-12 21:00:00,70.54
2024-03-12 22:00:00,61.99
2024-03-12 23:00:00,55.09
2024-03-13 00:00:00,50.5
2024-03-13 01:00:00,48.09
2024-03-13 02:00:00,45.97
2024-03-13 03:00:00,44.49
2024-03-13 04:00:00,52.1
2024-03-13 05:00:00,65.68
2024-03-13 06:00:00,88.03
2024-03-13 07:00:00,88.66
2024-03-13 08:00:00,70.07
2024-03-13 09:00:00,61.85
2024-03-13 10:00:00,56.15
2024-03-13 11:00:00,50.16
2024-03-13 12:00:00,40.24
2024-03-13 13:00:00,43.08
2024-03-13 14:00:00,46.93
2024-03-13 15:00:00,49.98
2024-03-13 16:00:00,62.14
2024-03-13 17:00:00,79.09
2024-03-13 18:00:00,98.78
2024-03-13 19:00:00,82.75
2024-03-13 20:00:00,67.44
2024-03-13 21:00:00,68.26
2024-03-13 22:00:00,63.88
2024-03-13 23:00:00,63.29
2024-03-14 00:00:00,56.9
2024-03-14 01:00:00,57.52
2024-03-14 02:00:00,57.0
2024-03-14 03:00:00,48.53
2024-03-14 04:00:00,56.6
2024-03-14 05:00:00,69.26
2024-03-14 06:00:00,87.85
2024-03-14 07:00:00,81.99
2024-03-14 08:00:00,65.71
2024-03-14 09:00:00,54.32
2024-03-14 10:00:00,48.68
2024-03-14 11:00:00,40.73
2024-03-14 12:00:00,42.6
2024-03-14 13:00:00,42.63
2024-03-14 14:00:00,41.56
2024-03-14 15:00:00,39.42
2024-03-14 16:00:00,59.81
2024-03-14 17:00:00,62.91
2024-03-14 18:00:00,85.82
2024-03-14 19:00:00,74.87
2024-03-14 20:00:00,62.8
2024-03-14 21:00:00,59.91
2024-03-14 22:00:00,49.55
2024-03-14 23:00:00,45.97
2024-03-15 00:00:00,39.66
2024-03-15 01:00:00,38.68
2024-03-15 02:00:00,33.93
2024-03-15 03:00:00,21.96
2024-03-15 04:00:00,33.17
2024-03-15 05:00:00,40.36
2024-03-15 06:00:00,51.92
2024-03-15 07:00:00,62.42
2024-03-15 08:00:00,53.8
2024-03-15 09:00:00,43.34
2024-03-15 10:00:00,37.11
2024-03-15 11:00:00,30.56
2024-03-15 12:00:00,26.5
2024-03-15 13:00:00,15.81
2024-03-15 14:00:00,10.55
2024-03-15 15:00:00,25.46
2024-03-15 16:00:00,39.48
2024-03-15 17:00:00,57.52
2024-03-15 18:00:00,88.01
2024-03-15 19:00:00,65.02
2024-03-15 20:00:00,56.28
2024-03-15 21:00:00,57.03
2024-03-15 22:00:00,49.59
2024-03-15 23:00:00,45.18
2024-03-16 00:00:00,42.31
2024-03-16 01:00:00,40.69
2024-03-16 02:00:00,39.03
2024-03-16 03:00:00,39.0
2024-03-16 04:00:00,41.17
2024-03-16 05:00:00,48.28
2024-03-16 06:00:00,53.47
2024-03-16 07:00:00,52.8
2024-03-16 08:00:00,47.01
2024-03-16 09:00:00,44.88
2024-03-16 10:00:00,41.72
2024-03-16 11:00:00,37.0
2024-03-16 12:00:00,22.3
2024-03-16 13:00:00,15.9
2024-03-16 14:00:00,33.81
2024-03-16 15:00:00,50.8
2024-03-16 16:00:00,72.84
2024-03-16 17:00:00,83.02
2024-03-16 18:00:00,92.37
2024-03-16 19:00:00,82.61
2024-03-16 20:00:00,73.35
2024-03-16 21:00:00,72.47
2024-03-16 22:00:00,67.1
2024-03-16 23:00:00,64.99
2024-03-17 00:00:00,54.68
2024-03-17 01:00:00,54.45
2024-03-17 02:00:00,43.72
2024-03-17 03:00:00,38.42
2024-03-17 04:00:00,37.6
2024-03-17 05:00:00,36.17
2024-03-17 06:00:00,37.74
2024-03-17 07:00:00,35.67
2024-03-17 08:00:00,40.59
2024-03-17 09:00:00,30.95
2024-03-17 10:00:00,34.78
2024-03-17 11:00:00,37.71
2024-03-17 12:00:00,29.15
2024-03-17 13:00:00,25.76
2024-03-17 14:00:00,28.24
2024-03-17 15:00:00,36.17
2024-03-17 16:00:00,37.56
2024-03-17 17:00:00,49.26
2024-03-17 18:00:00,79.96
2024-03-17 19:00:00,77.89
2024-03-17 20:00:00,72.33
2024-03-17 21:00:00,72.1
2024-03-17 22:00:00,65.91
2024-03-17 23:00:00,64.12
2024-03-18 00:00:00,57.14
2024-03-18 01:00:00,58.31
2024-03-18 02:00:00,49.93
2024-03-18 03:00:00,46.03
2024-03-18 04:00:00,44.28
2024-03-18 05:00:00,61.71
2024-03-18 06:00:00,94.68
2024-03-18 07:00:00,94.45
2024-03-18 08:00:00,82.8
2024-03-18 09:00:00,72.81
2024-03-18 10:00:00,66.63
2024-03-18 11:00:00,62.52
2024-03-18 12:00:00,49.98
2024-03-18 13:00:00,35.0
2024-03-18 14:00:00,35.85
2024-03-18 15:00:00,43.86
2024-03-18 16:00:00,47.7
2024-03-18 17:00:00,73.45
2024-03-18 18:00:00,125.16
2024-03-18 19:00:00,102.86
2024-03-18 20:00:00,79.42
2024-03-18 21:00:00,77.8
2024-03-18 22:00:00,70.51
2024-03-18 23:00:00,69.14
2024-03-19 00:00:00,65.06
2024-03-19 01:00:00,59.62
2024-03-19 02:00:00,56.18
2024-03-19 03:00:00,53.0
2024-03-19 04:00:00,58.76
2024-03-19 05:00:00,76.18
2024-03-19 06:00:00,101.64
2024-03-19 07:00:00,95.87
2024-03-19 08:00:00,71.75
2024-03-19 09:00:00,51.67
2024-03-19 10:00:00,50.57
2024-03-19 11:00:00,47.82
2024-03-19 12:00:00,38.66
2024-03-19 13:00:00,37.34
2024-03-19 14:00:00,38.07
2024-03-19 15:00:00,45.59
2024-03-19 16:00:00,62.94
2024-03-19 17:00:00,76.62
2024-03-19 18:00:00,128.96
2024-03-19 19:00:00,110.0
2024-03-19 20:00:00,89.11
2024-03-19 21:00:00,81.75
2024-03-19 22:00:00,76.1
2024-03-19 23:00:00,76.01
2024-03-20 00:00:00,69.0
2024-03-20 01:00:00,61.27
2024-03-20 02:00:00,50.53
2024-03-20 03:00:00,42.84
2024-03-20 04:00:00,59.84
2024-03-20 05:00:00,68.0
2024-03-20 06:00:00,88.38
2024-03-20 07:00:00,85.25
2024-03-20 08:00:00,61.76
2024-03-20 09:00:00,39.72
2024-03-20 10:00:00,35.0
2024-03-20 11:00:00,33.26
2024-03-20 12:00:00,27.0
2024-03-20 13:00:00,27.28
2024-03-20 14:00:00,28.69
2024-03-20 15:00:00,34.15
2024-03-20 16:00:00,43.07
2024-03-20 17:00:00,66.87
2024-03-20 18:00:00,124.69
2024-03-20 19:00:00,100.76
2024-03-20 20:00:00,79.25
2024-03-20 21:00:00,68.0
2024-03-20 22:00:00,62.48
2024-03-20 23:00:00,65.6
2024-03-21 00:00:00,43.08
2024-03-21 01:00:00,48.64
2024-03-21 02:00:00,40.4
2024-03-21 03:00:00,35.14
2024-03-21 04:00:00,35.56
2024-03-21 05:00:00,52.71
2024-03-21 06:00:00,80.38
2024-03-21 07:00:00,73.35
2024-03-21 08:00:00,69.71
2024-03-21 09:00:00,50.91
2024-03-21 10:00:00,47.82
2024-03-21 11:00:00,43.08
2024-03-21 12:00:00,44.99
2024-03-21 13:00:00,31.69
2024-03-21 14:00:00,34.81
2024-03-21 15:00:00,35.37
2024-03-21 16:00:00,39.8
2024-03-21 17:00:00,61.45
2024-03-21 18:00:00,108.7
2024-03-21 19:00:00,89.33
2024-03-21 20:00:00,65.86
2024-03-21 21:00:00,54.76
2024-03-21 22:00:00,44.21
2024-03-21 23:00:00,39.6
2024-03-22 00:00:00,37.92
2024-03-22 01:00:00,34.8
2024-03-22 02:00:00,26.95
2024-03-22 03:00:00,20.97
2024-03-22 04:00:00,25.0
2024-03-22 05:00:00,35.0
2024-03-22 06:00:00,59.46
2024-03-22 07:00:00,60.96
2024-03-22 08:00:00,32.87
2024-03-22 09:00:00,21.99
2024-03-22 10:00:00,24.43
2024-03-22 11:00:00,25.84
2024-03-22 12:00:00,30.68
2024-03-22 13:00:00,32.37
2024-03-22 14:00:00,25.58
2024-03-22 15:00:00,27.2
2024-03-22 16:00:00,37.84
2024-03-22 17:00:00,48.78
2024-03-22 18:00:00,74.73
2024-03-22 19:00:00,53.92
2024-03-22 20:00:00,35.0
2024-03-22 21:00:00,29.16
2024-03-22 22:00:00,24.13
2024-03-22 23:00:00,14.7
2024-03-23 00:00:00,14.22
2024-03-23 01:00:00,7.93
2024-03-23 02:00:00,3.04
2024-03-23 03:00:00,2.05
2024-03-23 04:00:00,2.03
2024-03-23 05:00:00,5.36
2024-03-23 06:00:00,7.57
2024-03-23 07:00:00,9.64
2024-03-23 08:00:00,1.58
2024-03-23 09:00:00,0.02
2024-03-23 10:00:00,-0.03
2024-03-23 11:00:00,-0.08
2024-03-23 12:00:00,-1.88
2024-03-23 13:00:00,-7.1
2024-03-23 14:00:00,-0.07
2024-03-23 15:00:00,0.0
2024-03-23 16:00:00,4.39
2024-03-23 17:00:00,14.8
2024-03-23 18:00:00,37.01
2024-03-23 19:00:00,37.06
2024-03-23 20:00:00,27.07
2024-03-23 21:00:00,29.6
2024-03-23 22:00:00,22.24
2024-03-23 23:00:00,6.98
2024-03-24 00:00:00,2.36
2024-03-24 01:00:00,5.19
2024-03-24 02:00:00,0.0
2024-03-24 03:00:00,0.0
2024-03-24 04:00:00,0.0
2024-03-24 05:00:00,0.23
2024-03-24 06:00:00,1.19
2024-03-24 07:00:00,0.0
2024-03-24 08:00:00,0.0
2024-03-24 09:00:00,0.0
2024-03-24 10:00:00,0.0
2024-03-24 11:00:00,0.0
2024-03-24 12:00:00,0.0
2024-03-24 13:00:00,0.0
2024-03-24 14:00:00,0.0
2024-03-24 15:00:00,0.1
2024-03-24 16:00:00,11.27
2024-03-24 17:00:00,46.54
2024-03-24 18:00:00,74.46
2024-03-24 19:00:00,66.47
2024-03-24 20:00:00,48.72
2024-03-24 21:00:00,60.6
2024-03-24 22:00:00,63.05
2024-03-24 23:00:00,62.51
2024-03-25 00:00:00,42.85
2024-03-25 01:00:00,40.64
2024-03-25 02:00:00,38.7
2024-03-25 03:00:00,33.19
2024-03-25 04:00:00,52.41
2024-03-25 05:00:00,84.91
2024-03-25 06:00:00,113.87
2024-03-25 07:00:00,99.68
2024-03-25 08:00:00,49.65
2024-03-25 09:00:00,37.27
2024-03-25 10:00:00,32.87
2024-03-25 11:00:00,32.85
2024-03-25 12:00:00,26.07
2024-03-25 13:00:00,27.92
2024-03-25 14:00:00,27.54
2024-03-25 15:00:00,21.14
2024-03-25 16:00:00,19.25
2024-03-25 17:00:00,48.74
2024-03-25 18:00:00,106.19
2024-03-25 19:00:00,40.26
2024-03-25 20:00:00,29.11
2024-03-25 21:00:00,31.56
2024-03-25 22:00:00,44.07
2024-03-25 23:00:00,16.44
2024-03-26 00:00:00,26.86
2024-03-26 01:00:00,26.14
2024-03-26 02:00:00,19.57
2024-03-26 03:00:00,24.49
2024-03-26 04:00:00,29.04
2024-03-26 05:00:00,62.4
2024-03-26 06:00:00,79.19
2024-03-26 07:00:00,72.05
2024-03-26 08:00:00,62.0
2024-03-26 09:00:00,49.5
2024-03-26 10:00:00,37.03
2024-03-26 11:00:00,29.31
2024-03-26 12:00:00,29.76
2024-03-26 13:00:00,37.1
2024-03-26 14:00:00,43.08
2024-03-26 15:00:00,33.57
2024-03-26 16:00:00,36.81
2024-03-26 17:00:00,92.45
2024-03-26 18:00:00,100.3
2024-03-26 19:00:00,75.72
2024-03-26 20:00:00,37.57
2024-03-26 21:00:00,46.99
2024-03-26 22:00:00,51.35
2024-03-26 23:00:00,58.35
2024-03-27 00:00:00,57.09
2024-03-27 01:00:00,57.28
2024-03-27 02:00:00,48.13
2024-03-27 03:00:00,46.15
2024-03-27 04:00:00,32.09
2024-03-27 05:00:00,68.21
2024-03-27 06:00:00,82.78
2024-03-27 07:00:00,79.99
2024-03-27 08:00:00,67.73
2024-03-27 09:00:00,63.52
2024-03-27 10:00:00,43.78
2024-03-27 11:00:00,41.02
2024-03-27 12:00:00,38.1
2024-03-27 13:00:00,21.07
2024-03-27 14:00:00,19.41
2024-03-27 15:00:00,29.6
2024-03-27 16:00:00,29.96
2024-03-27 17:00:00,47.35
2024-03-27 18:00:00,95.41
2024-03-27 19:00:00,60.95
2024-03-27 20:00:00,49.5
2024-03-27 21:00:00,46.21
2024-03-27 22:00:00,32.66
2024-03-27 23:00:00,21.24
2024-03-28 00:00:00,12.82
2024-03-28 01:00:00,11.19
2024-03-28 02:00:00,10.37
2024-03-28 03:00:00,5.16
2024-03-28 04:00:00,12.43
2024-03-28 05:00:00,17.92
2024-03-28 06:00:00,28.62
2024-03-28 07:00:00,19.39
2024-03-28 08:00:00,22.91
2024-03-28 09:00:00,8.98
2024-03-28 10:00:00,3.68
2024-03-28 11:00:00,6.71
2024-03-28 12:00:00,0.05
2024-03-28 13:00:00,0.15
2024-03-28 14:00:00,5.57
2024-03-28 15:00:00,7.89
2024-03-28 16:00:00,15.03
2024-03-28 17:00:00,26.64
2024-03-28 18:00:00,59.87
2024-03-28 19:00:00,34.46
2024-03-28 20:00:00,18.71
2024-03-28 21:00:00,32.06
2024-03-28 22:00:00,25.0
2024-03-28 23:00:00,20.6
2024-03-29 00:00:00,18.83
2024-03-29 01:00:00,12.43
2024-03-29 02:00:00,10.24
2024-03-29 03:00:00,12.59
2024-03-29 04:00:00,14.32
2024-03-29 05:00:00,22.02
2024-03-29 06:00:00,28.65
2024-03-29 07:00:00,29.09
2024-03-29 08:00:00,27.25
2024-03-29 09:00:00,20.9
2024-03-29 10:00:00,18.75
2024-03-29 11:00:00,12.96
2024-03-29 12:00:00,9.86
2024-03-29 13:00:00,13.44
2024-03-29 14:00:00,19.61
2024-03-29 15:00:00,23.45
2024-03-29 16:00:00,44.46
2024-03-29 17:00:00,74.71
2024-03-29 18:00:00,105.5
2024-03-29 19:00:00,87.4
2024-03-29 20:00:00,59.64
2024-03-29 21:00:00,75.89
2024-03-29 22:00:00,70.0
2024-03-29 23:00:00,69.3
2024-03-30 00:00:00,58.16
2024-03-30 01:00:00,48.54
2024-03-30 02:00:00,59.09
2024-03-30 03:00:00,59.74
2024-03-30 04:00:00,65.05
2024-03-30 05:00:00,52.81
2024-03-30 06:00:00,45.85
2024-03-30 07:00:00,38.47
2024-03-30 08:00:00,43.38
2024-03-30 09:00:00,35.74
2024-03-30 10:00:00,24.48
2024-03-30 11:00:00,20.26
2024-03-30 12:00:00,9.93
2024-03-30 13:00:00,15.93
2024-03-30 14:00:00,28.91
2024-03-30 15:00:00,52.52
2024-03-30 16:00:00,59.64
2024-03-30 17:00:00,76.23
2024-03-30 18:00:00,94.24
2024-03-30 19:00:00,82.4
2024-03-30 20:00:00,71.61
2024-03-30 21:00:00,70.83
2024-03-30 22:00:00,65.74
2024-03-30 23:00:00,60.13
2024-03-31 00:00:00,48.46
2024-03-31 01:00:00,17.66
2024-03-31 02:00:00,15.96
2024-03-31 03:00:00,29.91
2024-03-31 04:00:00,23.52
2024-03-31 05:00:00,33.29
2024-03-31 06:00:00,29.83
2024-03-31 07:00:00,24.53
2024-03-31 08:00:00,31.25
2024-03-31 09:00:00,29.25
2024-03-31 10:00:00,20.47
2024-03-31 11:00:00,3.2
2024-03-31 12:00:00,1.03
2024-03-31 13:00:00,10.88
2024-03-31 14:00:00,8.19
2024-03-31 15:00:00,10.15
2024-03-31 16:00:00,14.41
2024-03-31 17:00:00,21.76
2024-03-31 18:00:00,31.62
2024-03-31 19:00:00,26.12
2024-03-31 20:00:00,24.53
2024-03-31 21:00:00,32.35
2024-03-31 22:00:00,40.7
2024-03-31 23:00:00,32.1
2024-04-01 00:00:00,29.36
2024-04-01 01:00:00,21.19
2024-04-01 02:00:00,11.84
2024-04-01 03:00:00,17.04
2024-04-01 04:00:00,17.65
2024-04-01 05:00:00,15.39
2024-04-01 06:00:00,19.64
2024-04-01 07:00:00,13.69
2024-04-01 08:00:00,10.44
2024-04-01 09:00:00,7.67
2024-04-01 10:00:00,6.9
2024-04-01 11:00:00,0.03
2024-04-01 12:00:00,-0.01
2024-04-01 13:00:00,-0.01
2024-04-01 14:00:00,-0.01
2024-04-01 15:00:00,5.8
2024-04-01 16:00:00,14.94
2024-04-01 17:00:00,42.93
2024-04-01 18:00:00,40.14
2024-04-01 19:00:00,31.23
2024-04-01 20:00:00,26.72
2024-04-01 21:00:00,12.58
2024-04-01 22:00:00,10.07
2024-04-01 23:00:00,3.77
2024-04-02 00:00:00,3.25
2024-04-02 01:00:00,1.63
2024-04-02 02:00:00,2.0
2024-04-02 03:00:00,7.29
2024-04-02 04:00:00,25.98
2024-04-02 05:00:00,47.42
2024-04-02 06:00:00,35.0
2024-04-02 07:00:00,10.02
2024-04-02 08:00:00,1.63
2024-04-02 09:00:00,1.42
2024-04-02 10:00:00,0.93
2024-04-02 11:00:00,0.01
2024-04-02 12:00:00,0.0
2024-04-02 13:00:00,0.0
2024-04-02 14:00:00,4.31
2024-04-02 15:00:00,11.37
2024-04-02 16:00:00,43.7
2024-04-02 17:00:00,52.03
2024-04-02 18:00:00,81.45
2024-04-02 19:00:00,39.6
2024-04-02 20:00:00,43.54
2024-04-02 21:00:00,43.58
2024-04-02 22:00:00,7.36
2024-04-02 23:00:00,9.43
2024-04-03 00:00:00,8.95
2024-04-03 01:00:00,2.88
2024-04-03 02:00:00,0.09
2024-04-03 03:00:00,1.0
2024-04-03 04:00:00,8.49
2024-04-03 05:00:00,28.07
2024-04-03 06:00:00,37.38
2024-04-03 07:00:00,24.37
2024-04-03 08:00:00,16.95
2024-04-03 09:00:00,9.37
2024-04-03 10:00:00,9.12
2024-04-03 11:00:00,5.08
2024-04-03 12:00:00,3.99
2024-04-03 13:00:00,0.01
2024-04-03 14:00:00,0.0
2024-04-03 15:00:00,0.02
2024-04-03 16:00:00,9.97
2024-04-03 17:00:00,15.08
2024-04-03 18:00:00,35.0
2024-04-03 19:00:00,35.0
2024-04-03 20:00:00,31.62
2024-04-03 21:00:00,25.43
2024-04-03 22:00:00,2.6
2024-04-03 23:00:00,0.44
2024-04-04 00:00:00,4.42
2024-04-04 01:00:00,4.99
2024-04-04 02:00:00,3.25
2024-04-04 03:00:00,5.87
2024-04-04 04:00:00,3.25
2024-04-04 05:00:00,11.19
2024-04-04 06:00:00,13.47
2024-04-04 07:00:00,3.74
2024-04-04 08:00:00,1.91
2024-04-04 09:00:00,0.0
2024-04-04 10:00:00,0.0
2024-04-04 11:00:00,0.0
2024-04-04 12:00:00,0.0
2024-04-04 13:00:00,0.0
2024-04-04 14:00:00,0.0
2024-04-04 15:00:00,0.02
2024-04-04 16:00:00,19.14
2024-04-04 17:00:00,36.77
2024-04-04 18:00:00,42.3
2024-04-04 19:00:00,28.97
2024-04-04 20:00:00,27.85
2024-04-04 21:00:00,18.78
2024-04-04 22:00:00,11.2
2024-04-04 23:00:00,7.37
2024-04-05 00:00:00,8.35
2024-04-05 01:00:00,4.77
2024-04-05 02:00:00,2.42
2024-04-05 03:00:00,3.71
2024-04-05 04:00:00,9.34
2024-04-05 05:00:00,5.15
2024-04-05 06:00:00,12.65
2024-04-05 07:00:00,3.86
2024-04-05 08:00:00,3.4
2024-04-05 09:00:00,2.0
2024-04-05 10:00:00,2.09
2024-04-05 11:00:00,0.0
2024-04-05 12:00:00,-0.02
2024-04-05 13:00:00,-0.05
2024-04-05 14:00:00,0.0
2024-04-05 15:00:00,0.08
2024-04-05 16:00:00,7.54
2024-04-05 17:00:00,11.3
2024-04-05 18:00:00,14.4
2024-04-05 19:00:00,5.14
2024-04-05 20:00:00,14.75
2024-04-05 21:00:00,15.78
2024-04-05 22:00:00,5.35
2024-04-05 23:00:00,0.0
2024-04-06 00:00:00,0.0
2024-04-06 01:00:00,0.0
2024-04-06 02:00:00,0.0
2024-04-06 03:00:00,0.0
2024-04-06 04:00:00,0.0
2024-04-06 05:00:00,0.0
2024-04-06 06:00:00,0.0
2024-04-06 07:00:00,0.0
2024-04-06 08:00:00,-0.01
2024-04-06 09:00:00,-5.55
2024-04-06 10:00:00,-5.48
2024-04-06 11:00:00,-4.81
2024-04-06 12:00:00,-13.78
2024-04-06 13:00:00,-18.58
2024-04-06 14:00:00,-1.68
2024-04-06 15:00:00,-0.01
2024-04-06 16:00:00,0.0
2024-04-06 17:00:00,3.03
2024-04-06 18:00:00,4.23
2024-04-06 19:00:00,8.0
2024-04-06 20:00:00,7.97
2024-04-06 21:00:00,4.27
2024-04-06 22:00:00,0.97
2024-04-06 23:00:00,0.15
2024-04-07 00:00:00,0.0
2024-04-07 01:00:00,0.0
2024-04-07 02:00:00,0.0
2024-04-07 03:00:00,0.0
2024-04-07 04:00:00,0.0
2024-04-07 05:00:00,0.0
2024-04-07 06:00:00,0.0
2024-04-07 07:00:00,-0.01
2024-04-07 08:00:00,-0.16
2024-04-07 09:00:00,-3.25
2024-04-07 10:00:00,-0.07
2024-04-07 11:00:00,-1.69
2024-04-07 12:00:00,-19.25
2024-04-07 13:00:00,-5.04
2024-04-07 14:00:00,-0.15
2024-04-07 15:00:00,2.66
2024-04-07 16:00:00,3.87
2024-04-07 17:00:00,16.14
2024-04-07 18:00:00,25.0
2024-04-07 19:00:00,35.0
2024-04-07 20:00:00,25.0
2024-04-07 21:00:00,10.66
2024-04-07 22:00:00,7.65
2024-04-07 23:00:00,8.2
2024-04-08 00:00:00,7.26
2024-04-08 01:00:00,0.09
2024-04-08 02:00:00,0.0
2024-04-08 03:00:00,0.41
2024-04-08 04:00:00,11.53
2024-04-08 05:00:00,17.17
2024-04-08 06:00:00,22.72
2024-04-08 07:00:00,17.14
2024-04-08 08:00:00,0.09
2024-04-08 09:00:00,0.0
2024-04-08 10:00:00,0.08
2024-04-08 11:00:00,0.0
2024-04-08 12:00:00,0.0
2024-04-08 13:00:00,0.0
2024-04-08 14:00:00,-0.01
2024-04-08 15:00:00,0.0
2024-04-08 16:00:00,0.0
2024-04-08 17:00:00,1.04
2024-04-08 18:00:00,18.26
2024-04-08 19:00:00,14.4
2024-04-08 20:00:00,2.36
2024-04-08 21:00:00,0.0
2024-04-08 22:00:00,0.0
2024-04-08 23:00:00,0.0
2024-04-09 00:00:00,-0.02
2024-04-09 01:00:00,-2.94
2024-04-09 02:00:00,-1.06
2024-04-09 03:00:00,-0.01
2024-04-09 04:00:00,0.0
2024-04-09 05:00:00,0.0
2024-04-09 06:00:00,0.0
2024-04-09 07:00:00,0.0
2024-04-09 08:00:00,0.0
2024-04-09 09:00:00,-0.01
2024-04-09 10:00:00,-0.02
2024-04-09 11:00:00,-0.05
2024-04-09 12:00:00,-0.07
2024-04-09 13:00:00,-0.07
2024-04-09 14:00:00,-0.07
2024-04-09 15:00:00,-0.02
2024-04-09 16:00:00,0.0
2024-04-09 17:00:00,11.74
2024-04-09 18:00:00,5.0
2024-04-09 19:00:00,14.72
2024-04-09 20:00:00,6.35
2024-04-09 21:00:00,7.15
2024-04-09 22:00:00,20.98
2024-04-09 23:00:00,6.69
2024-04-10 00:00:00,6.7
2024-04-10 01:00:00,9.06
2024-04-10 02:00:00,9.76
2024-04-10 03:00:00,18.71
2024-04-10 04:00:00,46.16
2024-04-10 05:00:00,99.63
2024-04-10 06:00:00,108.69
2024-04-10 07:00:00,83.56
2024-04-10 08:00:00,67.5
2024-04-10 09:00:00,49.03
2024-04-10 10:00:00,35.86
2024-04-10 11:00:00,27.96
2024-04-10 12:00:00,23.37
2024-04-10 13:00:00,21.84
2024-04-10 14:00:00,17.93
2024-04-10 15:00:00,52.7
2024-04-10 16:00:00,31.85
2024-04-10 17:00:00,46.49
2024-04-10 18:00:00,35.71
2024-04-10 19:00:00,34.45
2024-04-10 20:00:00,48.22
2024-04-10 21:00:00,27.59
2024-04-10 22:00:00,3.25
2024-04-10 23:00:00,1.0
2024-04-11 00:00:00,0.04
2024-04-11 01:00:00,0.0
2024-04-11 02:00:00,0.0
2024-04-11 03:00:00,1.47
2024-04-11 04:00:00,13.21
2024-04-11 05:00:00,22.42
2024-04-11 06:00:00,52.2
2024-04-11 07:00:00,19.66
2024-04-11 08:00:00,0.03
2024-04-11 09:00:00,0.0
2024-04-11 10:00:00,1.81
2024-04-11 11:00:00,1.73
2024-04-11 12:00:00,0.09
2024-04-11 13:00:00,0.02
2024-04-11 14:00:00,0.77
2024-04-11 15:00:00,6.42
2024-04-11 16:00:00,8.76
2024-04-11 17:00:00,24.22
2024-04-11 18:00:00,60.0
2024-04-11 19:00:00,70.95
2024-04-11 20:00:00,70.01
2024-04-11 21:00:00,34.08
2024-04-11 22:00:00,23.77
2024-04-11 23:00:00,15.37
2024-04-12 00:00:00,12.5
2024-04-12 01:00:00,11.94
2024-04-12 02:00:00,12.49
2024-04-12 03:00:00,16.93
2024-04-12 04:00:00,33.47
2024-04-12 05:00:00,78.44
2024-04-12 06:00:00,74.04
2024-04-12 07:00:00,14.86
2024-04-12 08:00:00,11.8
2024-04-12 09:00:00,18.7
2024-04-12 10:00:00,0.0
2024-04-12 11:00:00,-0.06
2024-04-12 12:00:00,-0.09
2024-04-12 13:00:00,-0.37
2024-04-12 14:00:00,-0.03
2024-04-12 15:00:00,4.69
2024-04-12 16:00:00,8.46
2024-04-12 17:00:00,25.61
2024-04-12 18:00:00,39.35
2024-04-12 19:00:00,38.47
2024-04-12 20:00:00,38.05
2024-04-12 21:00:00,26.67
2024-04-12 22:00:00,24.15
2024-04-12 23:00:00,17.73
2024-04-13 00:00:00,17.15
2024-04-13 01:00:00,11.13
2024-04-13 02:00:00,7.74
2024-04-13 03:00:00,6.79
2024-04-13 04:00:00,10.39
2024-04-13 05:00:00,11.76
2024-04-13 06:00:00,13.26
2024-04-13 07:00:00,8.8
2024-04-13 08:00:00,-0.02
2024-04-13 09:00:00,-9.79
2024-04-13 10:00:00,-20.64
2024-04-13 11:00:00,-50.0
2024-04-13 12:00:00,-55.01
2024-04-13 13:00:00,-49.91
2024-04-13 14:00:00,-19.0
2024-04-13 15:00:00,-0.08
2024-04-13 16:00:00,1.2
2024-04-13 17:00:00,11.66
2024-04-13 18:00:00,24.96
2024-04-13 19:00:00,33.82
2024-04-13 20:00:00,24.26
2024-04-13 21:00:00,13.83
2024-04-13 22:00:00,5.79
2024-04-13 23:00:00,2.74
2024-04-14 00:00:00,1.69
2024-04-14 01:00:00,1.51
2024-04-14 02:00:00,3.25
2024-04-14 03:00:00,6.35
2024-04-14 04:00:00,12.86
2024-04-14 05:00:00,13.0
2024-04-14 06:00:00,7.65
2024-04-14 07:00:00,0.0
2024-04-14 08:00:00,-0.53
2024-04-14 09:00:00,-7.37
2024-04-14 10:00:00,-2.16
2024-04-14 11:00:00,-10.58
2024-04-14 12:00:00,-23.62
2024-04-14 13:00:00,-39.89
2024-04-14 14:00:00,-6.25
2024-04-14 15:00:00,1.57
2024-04-14 16:00:00,7.96
2024-04-14 17:00:00,2.5
2024-04-14 18:00:00,18.41
2024-04-14 19:00:00,30.77
2024-04-14 20:00:00,19.72
2024-04-14 21:00:00,17.0
2024-04-14 22:00:00,7.3
2024-04-14 23:00:00,3.25
2024-04-15 00:00:00,1.77
2024-04-15 01:00:00,0.44
2024-04-15 02:00:00,0.03
2024-04-15 03:00:00,0.07
2024-04-15 04:00:00,1.0
2024-04-15 05:00:00,10.75
2024-04-15 06:00:00,18.7
2024-04-15 07:00:00,13.65
2024-04-15 08:00:00,0.0
2024-04-15 09:00:00,0.0
2024-04-15 10:00:00,-0.01
2024-04-15 11:00:00,-0.04
2024-04-15 12:00:00,-0.1
2024-04-15 13:00:00,-0.32
2024-04-15 14:00:00,-1.0
2024-04-15 15:00:00,-0.09
2024-04-15 16:00:00,0.0
2024-04-15 17:00:00,0.44
2024-04-15 18:00:00,10.0
2024-04-15 19:00:00,19.72
2024-04-15 20:00:00,6.0
2024-04-15 21:00:00,4.2
2024-04-15 22:00:00,0.44
2024-04-15 23:00:00,0.0
2024-04-16 00:00:00,0.0
2024-04-16 01:00:00,-0.01
2024-04-16 02:00:00,0.0
2024-04-16 03:00:00,0.0
2024-04-16 04:00:00,0.08
2024-04-16 05:00:00,6.0
2024-04-16 06:00:00,4.47
2024-04-16 07:00:00,0.0
2024-04-16 08:00:00,-0.01
2024-04-16 09:00:00,0.0
2024-04-16 10:00:00,0.0
2024-04-16 11:00:00,0.0
2024-04-16 12:00:00,-0.02
2024-04-16 13:00:00,-0.04
2024-04-16 14:00:00,-0.05
2024-04-16 15:00:00,-0.04
2024-04-16 16:00:00,0.13
2024-04-16 17:00:00,4.78
2024-04-16 18:00:00,6.67
2024-04-16 19:00:00,10.01
2024-04-16 20:00:00,18.59
2024-04-16 21:00:00,25.71
2024-04-16 22:00:00,7.57
2024-04-16 23:00:00,12.38
2024-04-17 00:00:00,9.62
2024-04-17 01:00:00,4.84
2024-04-17 02:00:00,8.03
2024-04-17 03:00:00,22.03
2024-04-17 04:00:00,65.62
2024-04-17 05:00:00,140.0
2024-04-17 06:00:00,101.53
2024-04-17 07:00:00,48.78
2024-04-17 08:00:00,15.68
2024-04-17 09:00:00,1.15
2024-04-17 10:00:00,0.0
2024-04-17 11:00:00,0.04
2024-04-17 12:00:00,6.7
2024-04-17 13:00:00,6.36
2024-04-17 14:00:00,0.96
2024-04-17 15:00:00,18.91
2024-04-17 16:00:00,35.8
2024-04-17 17:00:00,96.46
2024-04-17 18:00:00,113.9
2024-04-17 19:00:00,115.63
2024-04-17 20:00:00,52.63
2024-04-17 21:00:00,54.83
2024-04-17 22:00:00,89.04
2024-04-17 23:00:00,74.94
2024-04-18 00:00:00,52.58
2024-04-18 01:00:00,25.27
2024-04-18 02:00:00,38.86
2024-04-18 03:00:00,19.22
2024-04-18 04:00:00,62.47
2024-04-18 05:00:00,114.87
2024-04-18 06:00:00,131.19
2024-04-18 07:00:00,101.12
2024-04-18 08:00:00,49.74
2024-04-18 09:00:00,21.72
2024-04-18 10:00:00,23.17
2024-04-18 11:00:00,33.29
2024-04-18 12:00:00,26.02
2024-04-18 13:00:00,12.23
2024-04-18 14:00:00,13.21
2024-04-18 15:00:00,13.27
2024-04-18 16:00:00,29.08
2024-04-18 17:00:00,112.33
2024-04-18 18:00:00,115.6
2024-04-18 19:00:00,95.07
2024-04-18 20:00:00,89.68
2024-04-18 21:00:00,75.67
2024-04-18 22:00:00,36.21
2024-04-18 23:00:00,15.82
2024-04-19 00:00:00,23.11
2024-04-19 01:00:00,21.65
2024-04-19 02:00:00,9.02
2024-04-19 03:00:00,17.59
2024-04-19 04:00:00,25.73
2024-04-19 05:00:00,35.07
2024-04-19 06:00:00,38.43
2024-04-19 07:00:00,14.09
2024-04-19 08:00:00,21.16
2024-04-19 09:00:00,7.95
2024-04-19 10:00:00,0.6
2024-04-19 11:00:00,0.04
2024-04-19 12:00:00,0.02
2024-04-19 13:00:00,0.0
2024-04-19 14:00:00,0.0
2024-04-19 15:00:00,2.5
2024-04-19 16:00:00,8.11
2024-04-19 17:00:00,21.96
2024-04-19 18:00:00,34.96
2024-04-19 19:00:00,37.52
2024-04-19 20:00:00,35.0
2024-04-19 21:00:00,35.0
2024-04-19 22:00:00,24.69
2024-04-19 23:00:00,10.0
2024-04-20 00:00:00,11.39
2024-04-20 01:00:00,10.0
2024-04-20 02:00:00,9.57
2024-04-20 03:00:00,7.0
2024-04-20 04:00:00,7.54
2024-04-20 05:00:00,8.43
2024-04-20 06:00:00,13.31
2024-04-20 07:00:00,6.27
2024-04-20 08:00:00,3.45
2024-04-20 09:00:00,0.05
2024-04-20 10:00:00,0.79
2024-04-20 11:00:00,0.0
2024-04-20 12:00:00,0.0
2024-04-20 13:00:00,-0.04
2024-04-20 14:00:00,-0.07
2024-04-20 15:00:00,-0.01
2024-04-20 16:00:00,0.04
2024-04-20 17:00:00,10.47
2024-04-20 18:00:00,15.3
2024-04-20 19:00:00,10.0
2024-04-20 20:00:00,14.5
2024-04-20 21:00:00,39.32
2024-04-20 22:00:00,36.93
2024-04-20 23:00:00,30.65
2024-04-21 00:00:00,44.07
2024-04-21 01:00:00,44.88
2024-04-21 02:00:00,30.0
2024-04-21 03:00:00,17.14
2024-04-21 04:00:00,18.93
2024-04-21 05:00:00,9.36
2024-04-21 06:00:00,9.72
2024-04-21 07:00:00,6.22
2024-04-21 08:00:00,0.0
2024-04-21 09:00:00,-0.01
2024-04-21 10:00:00,-0.07
2024-04-21 11:00:00,-1.21
2024-04-21 12:00:00,-1.49
2024-04-21 13:00:00,-1.5
2024-04-21 14:00:00,-1.32
2024-04-21 15:00:00,-0.19
2024-04-21 16:00:00,3.88
2024-04-21 17:00:00,42.05
2024-04-21 18:00:00,31.74
2024-04-21 19:00:00,35.88
2024-04-21 20:00:00,34.18
2024-04-21 21:00:00,27.65
2024-04-21 22:00:00,32.08
2024-04-21 23:00:00,78.05
2024-04-22 00:00:00,78.44
2024-04-22 01:00:00,26.29
2024-04-22 02:00:00,10.78
2024-04-22 03:00:00,36.17
2024-04-22 04:00:00,90.5
2024-04-22 05:00:00,125.48
2024-04-22 06:00:00,117.46
2024-04-22 07:00:00,97.05
2024-04-22 08:00:00,48.22
2024-04-22 09:00:00,14.64
2024-04-22 10:00:00,33.07
2024-04-22 11:00:00,44.17
2024-04-22 12:00:00,18.99
2024-04-22 13:00:00,11.88
2024-04-22 14:00:00,13.73
2024-04-22 15:00:00,40.05
2024-04-22 16:00:00,56.81
2024-04-22 17:00:00,73.78
2024-04-22 18:00:00,93.48
2024-04-22 19:00:00,100.33
2024-04-22 20:00:00,95.67
2024-04-22 21:00:00,93.45
2024-04-22 22:00:00,88.32
2024-04-22 23:00:00,86.69
2024-04-23 00:00:00,85.95
2024-04-23 01:00:00,77.99
2024-04-23 02:00:00,69.73
2024-04-23 03:00:00,62.56
2024-04-23 04:00:00,99.92
2024-04-23 05:00:00,131.47
2024-04-23 06:00:00,136.28
2024-04-23 07:00:00,98.42
2024-04-23 08:00:00,82.9
2024-04-23 09:00:00,78.03
2024-04-23 10:00:00,76.5
2024-04-23 11:00:00,67.84
2024-04-23 12:00:00,78.62
2024-04-23 13:00:00,66.4
2024-04-23 14:00:00,65.39
2024-04-23 15:00:00,75.12
2024-04-23 16:00:00,79.08
2024-04-23 17:00:00,80.16
2024-04-23 18:00:00,81.0
2024-04-23 19:00:00,86.69
2024-04-23 20:00:00,95.37
2024-04-23 21:00:00,81.58
2024-04-23 22:00:00,68.73
2024-04-23 23:00:00,60.47
2024-04-24 00:00:00,64.94
2024-04-24 01:00:00,51.73
2024-04-24 02:00:00,49.32
2024-04-24 03:00:00,62.35
2024-04-24 04:00:00,74.67
2024-04-24 05:00:00,98.86
2024-04-24 06:00:00,107.62
2024-04-24 07:00:00,89.1
2024-04-24 08:00:00,61.53
2024-04-24 09:00:00,68.62
2024-04-24 10:00:00,79.01
2024-04-24 11:00:00,44.72
2024-04-24 12:00:00,39.81
2024-04-24 13:00:00,34.24
2024-04-24 14:00:00,14.8
2024-04-24 15:00:00,42.88
2024-04-24 16:00:00,52.38
2024-04-24 17:00:00,74.7
2024-04-24 18:00:00,92.45
2024-04-24 19:00:00,101.48
2024-04-24 20:00:00,93.06
2024-04-24 21:00:00,88.28
2024-04-24 22:00:00,83.5
2024-04-24 23:00:00,80.0
2024-04-25 00:00:00,77.39
2024-04-25 01:00:00,69.18
2024-04-25 02:00:00,64.31
2024-04-25 03:00:00,79.97
2024-04-25 04:00:00,77.13
2024-04-25 05:00:00,102.24
2024-04-25 06:00:00,105.05
2024-04-25 07:00:00,92.1
2024-04-25 08:00:00,80.01
2024-04-25 09:00:00,78.2
2024-04-25 10:00:00,73.92
2024-04-25 11:00:00,61.32
2024-04-25 12:00:00,57.04
2024-04-25 13:00:00,60.0
2024-04-25 14:00:00,61.19
2024-04-25 15:00:00,66.64
2024-04-25 16:00:00,88.59
2024-04-25 17:00:00,71.86
2024-04-25 18:00:00,88.61
2024-04-25 19:00:00,109.9
2024-04-25 20:00:00,91.35
2024-04-25 21:00:00,79.74
2024-04-25 22:00:00,79.87
2024-04-25 23:00:00,74.0
2024-04-26 00:00:00,67.81
2024-04-26 01:00:00,74.07
2024-04-26 02:00:00,77.1
2024-04-26 03:00:00,73.88
2024-04-26 04:00:00,91.82
2024-04-26 05:00:00,104.06
2024-04-26 06:00:00,96.06
2024-04-26 07:00:00,81.08
2024-04-26 08:00:00,79.11
2024-04-26 09:00:00,72.95
2024-04-26 10:00:00,70.35
2024-04-26 11:00:00,68.74
2024-04-26 12:00:00,65.37
2024-04-26 13:00:00,69.92
2024-04-26 14:00:00,69.86
2024-04-26 15:00:00,76.07
2024-04-26 16:00:00,81.36
2024-04-26 17:00:00,101.16
2024-04-26 18:00:00,95.09
2024-04-26 19:00:00,96.06
2024-04-26 20:00:00,81.49
2024-04-26 21:00:00,88.26
2024-04-26 22:00:00,88.04
2024-04-26 23:00:00,72.39
2024-04-27 00:00:00,66.76
2024-04-27 01:00:00,41.66
2024-04-27 02:00:00,38.0
2024-04-27 03:00:00,40.41
2024-04-27 04:00:00,36.82
2024-04-27 05:00:00,47.45
2024-04-27 06:00:00,43.36
2024-04-27 07:00:00,47.06
2024-04-27 08:00:00,36.02
2024-04-27 09:00:00,8.43
2024-04-27 10:00:00,0.03
2024-04-27 11:00:00,0.0
2024-04-27 12:00:00,0.0
2024-04-27 13:00:00,0.0
2024-04-27 14:00:00,8.51
2024-04-27 15:00:00,8.73
2024-04-27 16:00:00,38.99
2024-04-27 17:00:00,33.47
2024-04-27 18:00:00,45.51
2024-04-27 19:00:00,65.27
2024-04-27 20:00:00,62.78
2024-04-27 21:00:00,58.52
2024-04-27 22:00:00,56.39
2024-04-27 23:00:00,38.96
2024-04-28 00:00:00,39.6
2024-04-28 01:00:00,20.97
2024-04-28 02:00:00,5.7
2024-04-28 03:00:00,8.43
2024-04-28 04:00:00,9.92
2024-04-28 05:00:00,0.1
2024-04-28 06:00:00,-0.07
2024-04-28 07:00:00,-1.02
2024-04-28 08:00:00,-16.64
2024-04-28 09:00:00,-36.74
2024-04-28 10:00:00,-13.14
2024-04-28 11:00:00,-26.98
2024-04-28 12:00:00,-65.06
2024-04-28 13:00:00,-52.43
2024-04-28 14:00:00,-23.25
2024-04-28 15:00:00,-0.02
2024-04-28 16:00:00,20.66
2024-04-28 17:00:00,53.18
2024-04-28 18:00:00,62.32
2024-04-28 19:00:00,78.56
2024-04-28 20:00:00,72.21
2024-04-28 21:00:00,66.94
2024-04-28 22:00:00,63.15
2024-04-28 23:00:00,60.05
2024-04-29 00:00:00,58.93
2024-04-29 01:00:00,58.87
2024-04-29 02:00:00,56.0
2024-04-29 03:00:00,58.52
2024-04-29 04:00:00,52.25
2024-04-29 05:00:00,102.26
2024-04-29 06:00:00,99.96
2024-04-29 07:00:00,74.49
2024-04-29 08:00:00,59.36
2024-04-29 09:00:00,36.73
2024-04-29 10:00:00,37.45
2024-04-29 11:00:00,42.39
2024-04-29 12:00:00,35.53
2024-04-29 13:00:00,35.45
2024-04-29 14:00:00,47.68
2024-04-29 15:00:00,41.74
2024-04-29 16:00:00,49.67
2024-04-29 17:00:00,60.53
2024-04-29 18:00:00,87.21
2024-04-29 19:00:00,97.92
2024-04-29 20:00:00,83.75
2024-04-29 21:00:00,69.77
2024-04-29 22:00:00,73.73
2024-04-29 23:00:00,57.83
2024-04-30 00:00:00,58.99
2024-04-30 01:00:00,68.81
2024-04-30 02:00:00,64.77
2024-04-30 03:00:00,77.13
2024-04-30 04:00:00,85.36
2024-04-30 05:00:00,99.32
2024-04-30 06:00:00,84.41
2024-04-30 07:00:00,58.0
2024-04-30 08:00:00,61.61
2024-04-30 09:00:00,44.89
2024-04-30 10:00:00,28.26
2024-04-30 11:00:00,15.1
2024-04-30 12:00:00,17.5
2024-04-30 13:00:00,19.14
2024-04-30 14:00:00,27.33
2024-04-30 15:00:00,39.07
2024-04-30 16:00:00,86.2
2024-04-30 17:00:00,55.2
2024-04-30 18:00:00,60.1
2024-04-30 19:00:00,83.91
2024-04-30 20:00:00,70.98
2024-04-30 21:00:00,75.79
2024-04-30 22:00:00,35.01
2024-04-30 23:00:00,34.99
2024-05-01 00:00:00,21.07
2024-05-01 01:00:00,19.77
2024-05-01 02:00:00,17.83
2024-05-01 03:00:00,17.83
2024-05-01 04:00:00,18.97
2024-05-01 05:00:00,17.83
2024-05-01 06:00:00,10.26
2024-05-01 07:00:00,4.32
2024-05-01 08:00:00,-0.01
2024-05-01 09:00:00,-0.07
2024-05-01 10:00:00,-0.06
2024-05-01 11:00:00,-1.0
2024-05-01 12:00:00,-9.34
2024-05-01 13:00:00,-9.62
2024-05-01 14:00:00,-11.0
2024-05-01 15:00:00,-0.13
2024-05-01 16:00:00,16.49
2024-05-01 17:00:00,37.24
2024-05-01 18:00:00,22.03
2024-05-01 19:00:00,35.0
2024-05-01 20:00:00,33.4
2024-05-01 21:00:00,23.71
2024-05-01 22:00:00,14.56
2024-05-01 23:00:00,10.94
2024-05-02 00:00:00,10.0
2024-05-02 01:00:00,7.8
2024-05-02 02:00:00,8.0
2024-05-02 03:00:00,10.94
2024-05-02 04:00:00,22.9
2024-05-02 05:00:00,35.01
2024-05-02 06:00:00,35.0
2024-05-02 07:00:00,31.45
2024-05-02 08:00:00,10.89
2024-05-02 09:00:00,7.1
2024-05-02 10:00:00,7.78
2024-05-02 11:00:00,4.46
2024-05-02 12:00:00,0.0
2024-05-02 13:00:00,0.88
2024-05-02 14:00:00,5.17
2024-05-02 15:00:00,0.44
2024-05-02 16:00:00,5.39
2024-05-02 17:00:00,17.6
2024-05-02 18:00:00,35.4
2024-05-02 19:00:00,59.14
2024-05-02 20:00:00,43.9
2024-05-02 21:00:00,35.64
2024-05-02 22:00:00,17.85
2024-05-02 23:00:00,31.2
2024-05-03 00:00:00,24.96
2024-05-03 01:00:00,16.72
2024-05-03 02:00:00,4.98
2024-05-03 03:00:00,10.28
2024-05-03 04:00:00,20.47
2024-05-03 05:00:00,41.0
2024-05-03 06:00:00,35.0
2024-05-03 07:00:00,28.9
2024-05-03 08:00:00,16.26
2024-05-03 09:00:00,14.21
2024-05-03 10:00:00,9.06
2024-05-03 11:00:00,11.89
2024-05-03 12:00:00,13.39
2024-05-03 13:00:00,2.51
2024-05-03 14:00:00,10.82
2024-05-03 15:00:00,16.19
2024-05-03 16:00:00,20.4
2024-05-03 17:00:00,36.95
2024-05-03 18:00:00,40.0
2024-05-03 19:00:00,66.52
2024-05-03 20:00:00,50.02
2024-05-03 21:00:00,47.8
2024-05-03 22:00:00,64.32
2024-05-03 23:00:00,40.06
2024-05-04 00:00:00,28.59
2024-05-04 01:00:00,20.04
2024-05-04 02:00:00,16.2
2024-05-04 03:00:00,20.65
2024-05-04 04:00:00,22.23
2024-05-04 05:00:00,26.22
2024-05-04 06:00:00,43.4
2024-05-04 07:00:00,52.05
2024-05-04 08:00:00,41.17
2024-05-04 09:00:00,30.98
2024-05-04 10:00:00,24.46
2024-05-04 11:00:00,14.2
2024-05-04 12:00:00,13.17
2024-05-04 13:00:00,25.22
2024-05-04 14:00:00,32.08
2024-05-04 15:00:00,31.71
2024-05-04 16:00:00,35.19
2024-05-04 17:00:00,28.84
2024-05-04 18:00:00,30.0
2024-05-04 19:00:00,35.01
2024-05-04 20:00:00,35.02
2024-05-04 21:00:00,52.51
2024-05-04 22:00:00,45.81
2024-05-04 23:00:00,31.36
2024-05-05 00:00:00,40.09
2024-05-05 01:00:00,29.55
2024-05-05 02:00:00,29.06
2024-05-05 03:00:00,30.92
2024-05-05 04:00:00,35.65
2024-05-05 05:00:00,37.98
2024-05-05 06:00:00,33.72
2024-05-05 07:00:00,25.94
2024-05-05 08:00:00,8.71
2024-05-05 09:00:00,0.44
2024-05-05 10:00:00,0.0
2024-05-05 11:00:00,-0.04
2024-05-05 12:00:00,-0.97
2024-05-05 13:00:00,-0.1
2024-05-05 14:00:00,0.0
2024-05-05 15:00:00,32.0
2024-05-05 16:00:00,45.82
2024-05-05 17:00:00,55.76
2024-05-05 18:00:00,50.55
2024-05-05 19:00:00,54.33
2024-05-05 20:00:00,51.61
2024-05-05 21:00:00,58.48
2024-05-05 22:00:00,82.86
2024-05-05 23:00:00,55.99
2024-05-06 00:00:00,51.91
2024-05-06 01:00:00,53.96
2024-05-06 02:00:00,51.08
2024-05-06 03:00:00,53.96
2024-05-06 04:00:00,57.1
2024-05-06 05:00:00,84.03
2024-05-06 06:00:00,101.13
2024-05-06 07:00:00,89.0
2024-05-06 08:00:00,71.7
2024-05-06 09:00:00,71.89
2024-05-06 10:00:00,69.29
2024-05-06 11:00:00,58.72
2024-05-06 12:00:00,51.95
2024-05-06 13:00:00,55.03
2024-05-06 14:00:00,52.88
2024-05-06 15:00:00,43.24
2024-05-06 16:00:00,58.28
2024-05-06 17:00:00,79.12
2024-05-06 18:00:00,75.1
2024-05-06 19:00:00,97.69
2024-05-06 20:00:00,93.2
2024-05-06 21:00:00,84.42
2024-05-06 22:00:00,81.73
2024-05-06 23:00:00,77.64
2024-05-07 00:00:00,74.77
2024-05-07 01:00:00,68.24
2024-05-07 02:00:00,66.82
2024-05-07 03:00:00,69.09
2024-05-07 04:00:00,75.98
2024-05-07 05:00:00,99.87
2024-05-07 06:00:00,112.66
2024-05-07 07:00:00,91.75
2024-05-07 08:00:00,70.36
2024-05-07 09:00:00,46.71
2024-05-07 10:00:00,55.61
2024-05-07 11:00:00,42.05
2024-05-07 12:00:00,32.3
2024-05-07 13:00:00,30.88
2024-05-07 14:00:00,35.28
2024-05-07 15:00:00,40.07
2024-05-07 16:00:00,61.83
2024-05-07 17:00:00,61.11
2024-05-07 18:00:00,56.18
2024-05-07 19:00:00,67.44
2024-05-07 20:00:00,62.0
2024-05-07 21:00:00,50.01
2024-05-07 22:00:00,30.0
2024-05-07 23:00:00,20.18
2024-05-08 00:00:00,19.47
2024-05-08 01:00:00,17.27
2024-05-08 02:00:00,19.47
2024-05-08 03:00:00,18.67
2024-05-08 04:00:00,21.07
2024-05-08 05:00:00,35.01
2024-05-08 06:00:00,30.0
2024-05-08 07:00:00,18.67
2024-05-08 08:00:00,20.76
2024-05-08 09:00:00,13.94
2024-05-08 10:00:00,11.68
2024-05-08 11:00:00,7.67
2024-05-08 12:00:00,6.14
2024-05-08 13:00:00,5.05
2024-05-08 14:00:00,4.78
2024-05-08 15:00:00,3.6
2024-05-08 16:00:00,10.0
2024-05-08 17:00:00,24.5
2024-05-08 18:00:00,39.52
2024-05-08 19:00:00,43.8
2024-05-08 20:00:00,54.36
2024-05-08 21:00:00,51.91
2024-05-08 22:00:00,35.01
2024-05-08 23:00:00,31.31
2024-05-09 00:00:00,32.19
2024-05-09 01:00:00,26.24
2024-05-09 02:00:00,15.58
2024-05-09 03:00:00,16.61
2024-05-09 04:00:00,27.51
2024-05-09 05:00:00,19.85
2024-05-09 06:00:00,21.07
2024-05-09 07:00:00,23.77
2024-05-09 08:00:00,6.01
2024-05-09 09:00:00,0.34
2024-05-09 10:00:00,-0.01
2024-05-09 11:00:00,-0.53
2024-05-09 12:00:00,-1.15
2024-05-09 13:00:00,-0.01
2024-05-09 14:00:00,1.74
2024-05-09 15:00:00,5.89
2024-05-09 16:00:00,13.01
2024-05-09 17:00:00,27.47
2024-05-09 18:00:00,36.72
2024-05-09 19:00:00,31.97
2024-05-09 20:00:00,32.25
2024-05-09 21:00:00,32.12
2024-05-09 22:00:00,18.43
2024-05-09 23:00:00,9.66
2024-05-10 00:00:00,10.09
2024-05-10 01:00:00,4.35
2024-05-10 02:00:00,11.6
2024-05-10 03:00:00,19.04
2024-05-10 04:00:00,19.7
2024-05-10 05:00:00,30.13
2024-05-10 06:00:00,33.55
2024-05-10 07:00:00,22.98
2024-05-10 08:00:00,12.1
2024-05-10 09:00:00,3.25
2024-05-10 10:00:00,0.98
2024-05-10 11:00:00,0.44
2024-05-10 12:00:00,0.44
2024-05-10 13:00:00,0.88
2024-05-10 14:00:00,3.25
2024-05-10 15:00:00,6.31
2024-05-10 16:00:00,9.76
2024-05-10 17:00:00,14.99
2024-05-10 18:00:00,11.76
2024-05-10 19:00:00,18.22
2024-05-10 20:00:00,33.9
2024-05-10 21:00:00,38.28
2024-05-10 22:00:00,15.91
2024-05-10 23:00:00,11.86
2024-05-11 00:00:00,10.19
2024-05-11 01:00:00,9.91
2024-05-11 02:00:00,8.34
2024-05-11 03:00:00,9.81
2024-05-11 04:00:00,21.73
2024-05-11 05:00:00,13.07
2024-05-11 06:00:00,12.95
2024-05-11 07:00:00,6.4
2024-05-11 08:00:00,0.0
2024-05-11 09:00:00,-10.37
2024-05-11 10:00:00,-16.69
2024-05-11 11:00:00,-22.76
2024-05-11 12:00:00,-18.79
2024-05-11 13:00:00,-11.64
2024-05-11 14:00:00,-0.41
2024-05-11 15:00:00,0.83
2024-05-11 16:00:00,7.1
2024-05-11 17:00:00,11.1
2024-05-11 18:00:00,35.0
2024-05-11 19:00:00,26.85
2024-05-11 20:00:00,36.92
2024-05-11 21:00:00,41.46
2024-05-11 22:00:00,35.01
2024-05-11 23:00:00,17.85
2024-05-12 00:00:00,24.06
2024-05-12 01:00:00,17.39
2024-05-12 02:00:00,11.66
2024-05-12 03:00:00,7.55
2024-05-12 04:00:00,17.61
2024-05-12 05:00:00,4.79
2024-05-12 06:00:00,2.35
2024-05-12 07:00:00,-2.78
2024-05-12 08:00:00,-23.49
2024-05-12 09:00:00,-39.97
2024-05-12 10:00:00,-27.61
2024-05-12 11:00:00,-66.52
2024-05-12 12:00:00,-87.29
2024-05-12 13:00:00,-64.39
2024-05-12 14:00:00,-26.87
2024-05-12 15:00:00,0.0
2024-05-12 16:00:00,21.23
2024-05-12 17:00:00,35.0
2024-05-12 18:00:00,39.53
2024-05-12 19:00:00,61.5
2024-05-12 20:00:00,49.18
2024-05-12 21:00:00,39.68
2024-05-12 22:00:00,28.33
2024-05-12 23:00:00,27.11
2024-05-13 00:00:00,26.53
2024-05-13 01:00:00,25.57
2024-05-13 02:00:00,28.22
2024-05-13 03:00:00,34.0
2024-05-13 04:00:00,32.06
2024-05-13 05:00:00,49.35
2024-05-13 06:00:00,50.0
2024-05-13 07:00:00,38.03
2024-05-13 08:00:00,11.7
2024-05-13 09:00:00,1.52
2024-05-13 10:00:00,-0.01
2024-05-13 11:00:00,-0.03
2024-05-13 12:00:00,-0.01
2024-05-13 13:00:00,0.0
2024-05-13 14:00:00,3.08
2024-05-13 15:00:00,12.06
2024-05-13 16:00:00,17.93
2024-05-13 17:00:00,32.14
2024-05-13 18:00:00,35.0
2024-05-13 19:00:00,38.03
2024-05-13 20:00:00,39.68
2024-05-13 21:00:00,35.01
2024-05-13 22:00:00,11.1
2024-05-13 23:00:00,5.0
2024-05-14 00:00:00,4.16
2024-05-14 01:00:00,2.0
2024-05-14 02:00:00,0.01
2024-05-14 03:00:00,0.49
2024-05-14 04:00:00,0.09
2024-05-14 05:00:00,22.0
2024-05-14 06:00:00,26.63
2024-05-14 07:00:00,7.67
2024-05-14 08:00:00,7.67
2024-05-14 09:00:00,-5.47
2024-05-14 10:00:00,-26.85
2024-05-14 11:00:00,-29.66
2024-05-14 12:00:00,-29.64
2024-05-14 13:00:00,-11.42
2024-05-14 14:00:00,-11.42
2024-05-14 15:00:00,-11.42
2024-05-14 16:00:00,24.64
2024-05-14 17:00:00,39.01
2024-05-14 18:00:00,21.96
2024-05-14 19:00:00,35.0
2024-05-14 20:00:00,35.0
2024-05-14 21:00:00,28.07
2024-05-14 22:00:00,17.84
2024-05-14 23:00:00,14.99
2024-05-15 00:00:00,12.03
2024-05-15 01:00:00,10.96
2024-05-15 02:00:00,11.0
2024-05-15 03:00:00,16.55
2024-05-15 04:00:00,17.27
2024-05-15 05:00:00,34.56
2024-05-15 06:00:00,30.0
2024-05-15 07:00:00,16.62
2024-05-15 08:00:00,10.44
2024-05-15 09:00:00,8.65
2024-05-15 10:00:00,3.98
2024-05-15 11:00:00,2.65
2024-05-15 12:00:00,2.85
2024-05-15 13:00:00,6.66
2024-05-15 14:00:00,9.65
2024-05-15 15:00:00,5.48
2024-05-15 16:00:00,25.3
2024-05-15 17:00:00,36.11
2024-05-15 18:00:00,32.79
2024-05-15 19:00:00,43.12
2024-05-15 20:00:00,51.29
2024-05-15 21:00:00,35.01
2024-05-15 22:00:00,53.52
2024-05-15 23:00:00,39.52
2024-05-16 00:00:00,35.5
2024-05-16 01:00:00,35.01
2024-05-16 02:00:00,12.84
2024-05-16 03:00:00,3.55
2024-05-16 04:00:00,16.2
2024-05-16 05:00:00,35.01
2024-05-16 06:00:00,44.03
2024-05-16 07:00:00,65.43
2024-05-16 08:00:00,26.75
2024-05-16 09:00:00,9.0
2024-05-16 10:00:00,5.97
2024-05-16 11:00:00,2.95
2024-05-16 12:00:00,4.32
2024-05-16 13:00:00,6.93
2024-05-16 14:00:00,8.24
2024-05-16 15:00:00,15.59
2024-05-16 16:00:00,14.52
2024-05-16 17:00:00,30.0
2024-05-16 18:00:00,39.52
2024-05-16 19:00:00,78.66
2024-05-16 20:00:00,82.57
2024-05-16 21:00:00,69.18
2024-05-16 22:00:00,68.85
2024-05-16 23:00:00,24.96
2024-05-17 00:00:00,24.91
2024-05-17 01:00:00,37.26
2024-05-17 02:00:00,44.49
2024-05-17 03:00:00,27.41
2024-05-17 04:00:00,40.05
2024-05-17 05:00:00,89.92
2024-05-17 06:00:00,89.46
2024-05-17 07:00:00,34.35
2024-05-17 08:00:00,27.79
2024-05-17 09:00:00,33.49
2024-05-17 10:00:00,35.01
2024-05-17 11:00:00,20.39
2024-05-17 12:00:00,16.84
2024-05-17 13:00:00,11.9
2024-05-17 14:00:00,10.61
2024-05-17 15:00:00,17.74
2024-05-17 16:00:00,29.57
2024-05-17 17:00:00,37.93
2024-05-17 18:00:00,64.8
2024-05-17 19:00:00,84.24
2024-05-17 20:00:00,89.4
2024-05-17 21:00:00,77.18
2024-05-17 22:00:00,71.37
2024-05-17 23:00:00,63.23
2024-05-18 00:00:00,31.13
2024-05-18 01:00:00,32.9
2024-05-18 02:00:00,25.5
2024-05-18 03:00:00,28.09
2024-05-18 04:00:00,31.52
2024-05-18 05:00:00,35.64
2024-05-18 06:00:00,31.96
2024-05-18 07:00:00,20.6
2024-05-18 08:00:00,9.43
2024-05-18 09:00:00,0.71
2024-05-18 10:00:00,-0.02
2024-05-18 11:00:00,-1.27
2024-05-18 12:00:00,-2.73
2024-05-18 13:00:00,-1.78
2024-05-18 14:00:00,0.0
2024-05-18 15:00:00,4.9
2024-05-18 16:00:00,15.25
2024-05-18 17:00:00,35.0
2024-05-18 18:00:00,45.42
2024-05-18 19:00:00,35.32
2024-05-18 20:00:00,74.46
2024-05-18 21:00:00,66.17
2024-05-18 22:00:00,58.15
2024-05-18 23:00:00,23.94
2024-05-19 00:00:00,25.84
2024-05-19 01:00:00,21.73
2024-05-19 02:00:00,15.76
2024-05-19 03:00:00,18.97
2024-05-19 04:00:00,29.35
2024-05-19 05:00:00,49.19
2024-05-19 06:00:00,35.0
2024-05-19 07:00:00,6.69
2024-05-19 08:00:00,-0.01
2024-05-19 09:00:00,-12.4
2024-05-19 10:00:00,-17.34
2024-05-19 11:00:00,-24.95
2024-05-19 12:00:00,-28.27
2024-05-19 13:00:00,-18.8
2024-05-19 14:00:00,-6.22
2024-05-19 15:00:00,0.0
2024-05-19 16:00:00,8.18
2024-05-19 17:00:00,20.8
2024-05-19 18:00:00,31.99
2024-05-19 19:00:00,35.03
2024-05-19 20:00:00,45.54
2024-05-19 21:00:00,48.15
2024-05-19 22:00:00,49.12
2024-05-19 23:00:00,21.43
2024-05-20 00:00:00,15.26
2024-05-20 01:00:00,12.72
2024-05-20 02:00:00,13.77
2024-05-20 03:00:00,17.23
2024-05-20 04:00:00,13.76
2024-05-20 05:00:00,18.54
2024-05-20 06:00:00,30.16
2024-05-20 07:00:00,22.14
2024-05-20 08:00:00,13.5
2024-05-20 09:00:00,8.33
2024-05-20 10:00:00,3.26
2024-05-20 11:00:00,1.09
2024-05-20 12:00:00,0.78
2024-05-20 13:00:00,0.54
2024-05-20 14:00:00,7.36
2024-05-20 15:00:00,8.3
2024-05-20 16:00:00,15.17
2024-05-20 17:00:00,33.8
2024-05-20 18:00:00,43.67
2024-05-20 19:00:00,33.78
2024-05-20 20:00:00,36.85
2024-05-20 21:00:00,47.34
2024-05-20 22:00:00,39.42
2024-05-20 23:00:00,21.46
2024-05-21 00:00:00,26.47
2024-05-21 01:00:00,25.57
2024-05-21 02:00:00,21.71
2024-05-21 03:00:00,21.67
2024-05-21 04:00:00,24.15
2024-05-21 05:00:00,67.92
2024-05-21 06:00:00,72.87
2024-05-21 07:00:00,41.7
2024-05-21 08:00:00,30.0
2024-05-21 09:00:00,18.82
2024-05-21 10:00:00,20.43
2024-05-21 11:00:00,14.7
2024-05-21 12:00:00,9.66
2024-05-21 13:00:00,8.21
2024-05-21 14:00:00,7.44
2024-05-21 15:00:00,14.7
2024-05-21 16:00:00,19.44
2024-05-21 17:00:00,34.79
2024-05-21 18:00:00,62.73
2024-05-21 19:00:00,67.22
2024-05-21 20:00:00,65.07
2024-05-21 21:00:00,34.07
2024-05-21 22:00:00,26.85
2024-05-21 23:00:00,35.3
2024-05-22 00:00:00,28.25
2024-05-22 01:00:00,17.0
2024-05-22 02:00:00,19.88
2024-05-22 03:00:00,29.98
2024-05-22 04:00:00,30.1
2024-05-22 05:00:00,61.36
2024-05-22 06:00:00,58.58
2024-05-22 07:00:00,38.65
2024-05-22 08:00:00,24.17
2024-05-22 09:00:00,6.24
2024-05-22 10:00:00,21.76
2024-05-22 11:00:00,11.72
2024-05-22 12:00:00,10.23
2024-05-22 13:00:00,3.25
2024-05-22 14:00:00,3.25
2024-05-22 15:00:00,8.47
2024-05-22 16:00:00,25.1
2024-05-22 17:00:00,41.2
2024-05-22 18:00:00,57.24
2024-05-22 19:00:00,35.55
2024-05-22 20:00:00,63.88
2024-05-22 21:00:00,59.57
2024-05-22 22:00:00,51.61
2024-05-22 23:00:00,34.78
2024-05-23 00:00:00,15.99
2024-05-23 01:00:00,25.56
2024-05-23 02:00:00,14.15
2024-05-23 03:00:00,27.4
2024-05-23 04:00:00,29.15
2024-05-23 05:00:00,76.75
2024-05-23 06:00:00,82.67
2024-05-23 07:00:00,71.74
2024-05-23 08:00:00,49.21
2024-05-23 09:00:00,42.63
2024-05-23 10:00:00,35.01
2024-05-23 11:00:00,35.0
2024-05-23 12:00:00,30.39
2024-05-23 13:00:00,26.1
2024-05-23 14:00:00,26.31
2024-05-23 15:00:00,35.01
2024-05-23 16:00:00,43.56
2024-05-23 17:00:00,71.12
2024-05-23 18:00:00,68.43
2024-05-23 19:00:00,91.73
2024-05-23 20:00:00,92.3
2024-05-23 21:00:00,85.65
2024-05-23 22:00:00,85.0
2024-05-23 23:00:00,78.34
2024-05-24 00:00:00,77.51
2024-05-24 01:00:00,72.0
2024-05-24 02:00:00,67.5
2024-05-24 03:00:00,81.09
2024-05-24 04:00:00,83.34
2024-05-24 05:00:00,89.72
2024-05-24 06:00:00,86.84
2024-05-24 07:00:00,74.9
2024-05-24 08:00:00,61.22
2024-05-24 09:00:00,48.1
2024-05-24 10:00:00,48.3
2024-05-24 11:00:00,40.8
2024-05-24 12:00:00,36.76
2024-05-24 13:00:00,35.01
2024-05-24 14:00:00,38.5
2024-05-24 15:00:00,41.1
2024-05-24 16:00:00,68.0
2024-05-24 17:00:00,81.56
2024-05-24 18:00:00,92.76
2024-05-24 19:00:00,115.92
2024-05-24 20:00:00,109.67
2024-05-24 21:00:00,99.84
2024-05-24 22:00:00,94.88
2024-05-24 23:00:00,85.74
2024-05-25 00:00:00,63.95
2024-05-25 01:00:00,48.94
2024-05-25 02:00:00,43.58
2024-05-25 03:00:00,52.72
2024-05-25 04:00:00,51.01
2024-05-25 05:00:00,48.13
2024-05-25 06:00:00,30.52
2024-05-25 07:00:00,24.44
2024-05-25 08:00:00,16.5
2024-05-25 09:00:00,9.32
2024-05-25 10:00:00,3.24
2024-05-25 11:00:00,0.04
2024-05-25 12:00:00,0.0
2024-05-25 13:00:00,0.02
2024-05-25 14:00:00,5.54
2024-05-25 15:00:00,4.96
2024-05-25 16:00:00,27.31
2024-05-25 17:00:00,35.57
2024-05-25 18:00:00,70.99
2024-05-25 19:00:00,80.54
2024-05-25 20:00:00,86.85
2024-05-25 21:00:00,84.68
2024-05-25 22:00:00,37.08
2024-05-25 23:00:00,13.52
2024-05-26 00:00:00,28.04
2024-05-26 01:00:00,25.15
2024-05-26 02:00:00,20.02
2024-05-26 03:00:00,21.16
2024-05-26 04:00:00,17.72
2024-05-26 05:00:00,11.22
2024-05-26 06:00:00,13.25
2024-05-26 07:00:00,0.02
2024-05-26 08:00:00,0.0
2024-05-26 09:00:00,-0.09
2024-05-26 10:00:00,-2.11
2024-05-26 11:00:00,-10.62
2024-05-26 12:00:00,-23.79
2024-05-26 13:00:00,-9.87
2024-05-26 14:00:00,-0.6
2024-05-26 15:00:00,0.0
2024-05-26 16:00:00,1.59
2024-05-26 17:00:00,16.72
2024-05-26 18:00:00,35.23
2024-05-26 19:00:00,46.0
2024-05-26 20:00:00,55.52
2024-05-26 21:00:00,35.6
2024-05-26 22:00:00,32.3
2024-05-26 23:00:00,33.0
2024-05-27 00:00:00,31.0
2024-05-27 01:00:00,30.9
2024-05-27 02:00:00,28.0
2024-05-27 03:00:00,30.8
2024-05-27 04:00:00,35.01
2024-05-27 05:00:00,43.01
2024-05-27 06:00:00,35.0
2024-05-27 07:00:00,33.5
2024-05-27 08:00:00,31.53
2024-05-27 09:00:00,26.12
2024-05-27 10:00:00,30.6
2024-05-27 11:00:00,25.0
2024-05-27 12:00:00,22.23
2024-05-27 13:00:00,14.33
2024-05-27 14:00:00,6.0
2024-05-27 15:00:00,17.72
2024-05-27 16:00:00,25.57
2024-05-27 17:00:00,31.66
2024-05-27 18:00:00,35.01
2024-05-27 19:00:00,35.8
2024-05-27 20:00:00,52.82
2024-05-27 21:00:00,35.05
2024-05-27 22:00:00,35.0
2024-05-27 23:00:00,35.0
2024-05-28 00:00:00,29.06
2024-05-28 01:00:00,23.28
2024-05-28 02:00:00,19.24
2024-05-28 03:00:00,22.19
2024-05-28 04:00:00,8.87
2024-05-28 05:00:00,24.88
2024-05-28 06:00:00,40.74
2024-05-28 07:00:00,35.0
2024-05-28 08:00:00,28.2
2024-05-28 09:00:00,0.07
2024-05-28 10:00:00,0.08
2024-05-28 11:00:00,0.0
2024-05-28 12:00:00,0.0
2024-05-28 13:00:00,0.0
2024-05-28 14:00:00,0.01
2024-05-28 15:00:00,5.0
2024-05-28 16:00:00,8.0
2024-05-28 17:00:00,29.6
2024-05-28 18:00:00,31.43
2024-05-28 19:00:00,26.69
2024-05-28 20:00:00,34.22
2024-05-28 21:00:00,26.69
2024-05-28 22:00:00,43.66
2024-05-28 23:00:00,30.98
2024-05-29 00:00:00,23.5
2024-05-29 01:00:00,14.6
2024-05-29 02:00:00,5.7
2024-05-29 03:00:00,24.98
2024-05-29 04:00:00,30.5
2024-05-29 05:00:00,49.22
2024-05-29 06:00:00,52.19
2024-05-29 07:00:00,38.5
2024-05-29 08:00:00,29.0
2024-05-29 09:00:00,20.5
2024-05-29 10:00:00,24.08
2024-05-29 11:00:00,18.4
2024-05-29 12:00:00,17.47
2024-05-29 13:00:00,11.98
2024-05-29 14:00:00,11.0
2024-05-29 15:00:00,19.76
2024-05-29 16:00:00,29.38
2024-05-29 17:00:00,35.01
2024-05-29 18:00:00,40.94
2024-05-29 19:00:00,67.94
2024-05-29 20:00:00,69.87
2024-05-29 21:00:00,63.95
2024-05-29 22:00:00,50.94
2024-05-29 23:00:00,28.97
2024-05-30 00:00:00,27.06
2024-05-30 01:00:00,20.2
2024-05-30 02:00:00,9.72
2024-05-30 03:00:00,2.36
2024-05-30 04:00:00,21.59
2024-05-30 05:00:00,44.68
2024-05-30 06:00:00,38.64
2024-05-30 07:00:00,27.42
2024-05-30 08:00:00,10.27
2024-05-30 09:00:00,3.82
2024-05-30 10:00:00,3.25
2024-05-30 11:00:00,0.44
2024-05-30 12:00:00,0.0
2024-05-30 13:00:00,0.0
2024-05-30 14:00:00,0.0
2024-05-30 15:00:00,0.0
2024-05-30 16:00:00,11.1
2024-05-30 17:00:00,28.86
2024-05-30 18:00:00,37.5
2024-05-30 19:00:00,35.01
2024-05-30 20:00:00,37.92
2024-05-30 21:00:00,30.33
2024-05-30 22:00:00,10.0
2024-05-30 23:00:00,5.5
2024-05-31 00:00:00,4.77
2024-05-31 01:00:00,3.25
2024-05-31 02:00:00,3.25
2024-05-31 03:00:00,4.37
2024-05-31 04:00:00,6.67
2024-05-31 05:00:00,5.0
2024-05-31 06:00:00,2.47
2024-05-31 07:00:00,0.0
2024-05-31 08:00:00,7.04
2024-05-31 09:00:00,18.43
2024-05-31 10:00:00,3.51
2024-05-31 11:00:00,0.01
2024-05-31 12:00:00,-0.01
2024-05-31 13:00:00,-0.01
2024-05-31 14:00:00,-0.01
2024-05-31 15:00:00,-0.01
2024-05-31 16:00:00,12.48
2024-05-31 17:00:00,22.24
2024-05-31 18:00:00,3.25
2024-05-31 19:00:00,7.3
2024-05-31 20:00:00,23.44
2024-05-31 21:00:00,16.89
2024-05-31 22:00:00,4.99
2024-05-31 23:00:00,3.25
2024-06-01 00:00:00,3.25
2024-06-01 01:00:00,1.23
2024-06-01 02:00:00,0.09
2024-06-01 03:00:00,3.25
2024-06-01 04:00:00,3.25
2024-06-01 05:00:00,9.07
2024-06-01 06:00:00,8.35
2024-06-01 07:00:00,7.19
2024-06-01 08:00:00,-0.01
2024-06-01 09:00:00,-0.02
2024-06-01 10:00:00,0.0
2024-06-01 11:00:00,-0.07
2024-06-01 12:00:00,-0.1
2024-06-01 13:00:00,-0.62
2024-06-01 14:00:00,-0.66
2024-06-01 15:00:00,-0.07
2024-06-01 16:00:00,1.24
2024-06-01 17:00:00,0.01
2024-06-01 18:00:00,7.55
2024-06-01 19:00:00,7.2
2024-06-01 20:00:00,8.44
2024-06-01 21:00:00,19.36
2024-06-01 22:00:00,19.42
2024-06-01 23:00:00,6.43
2024-06-02 00:00:00,6.15
2024-06-02 01:00:00,4.78
2024-06-02 02:00:00,5.22
2024-06-02 03:00:00,5.3
2024-06-02 04:00:00,4.91
2024-06-02 05:00:00,4.11
2024-06-02 06:00:00,0.97
2024-06-02 07:00:00,-0.01
2024-06-02 08:00:00,-1.05
2024-06-02 09:00:00,-4.0
2024-06-02 10:00:00,-3.58
2024-06-02 11:00:00,-16.82
2024-06-02 12:00:00,-29.26
2024-06-02 13:00:00,-40.74
2024-06-02 14:00:00,-14.64
2024-06-02 15:00:00,-1.0
2024-06-02 16:00:00,0.03
2024-06-02 17:00:00,7.27
2024-06-02 18:00:00,11.35
2024-06-02 19:00:00,25.01
2024-06-02 20:00:00,28.87
2024-06-02 21:00:00,17.34
2024-06-02 22:00:00,9.16
2024-06-02 23:00:00,14.1
2024-06-03 00:00:00,14.1
2024-06-03 01:00:00,12.5
2024-06-03 02:00:00,14.32
2024-06-03 03:00:00,10.15
2024-06-03 04:00:00,35.01
2024-06-03 05:00:00,37.94
2024-06-03 06:00:00,41.93
2024-06-03 07:00:00,35.0
2024-06-03 08:00:00,16.9
2024-06-03 09:00:00,5.44
2024-06-03 10:00:00,12.22
2024-06-03 11:00:00,8.3
2024-06-03 12:00:00,3.25
2024-06-03 13:00:00,1.31
2024-06-03 14:00:00,3.25
2024-06-03 15:00:00,11.86
2024-06-03 16:00:00,35.0
2024-06-03 17:00:00,49.22
2024-06-03 18:00:00,75.37
2024-06-03 19:00:00,74.94
2024-06-03 20:00:00,81.31
2024-06-03 21:00:00,63.3
2024-06-03 22:00:00,99.2
2024-06-03 23:00:00,87.99
2024-06-04 00:00:00,75.92
2024-06-04 01:00:00,36.8
2024-06-04 02:00:00,27.82
2024-06-04 03:00:00,48.69
2024-06-04 04:00:00,90.41
2024-06-04 05:00:00,96.64
2024-06-04 06:00:00,113.22
2024-06-04 07:00:00,81.82
2024-06-04 08:00:00,70.0
2024-06-04 09:00:00,37.3
2024-06-04 10:00:00,35.01
2024-06-04 11:00:00,14.84
2024-06-04 12:00:00,1.17
2024-06-04 13:00:00,-0.01
2024-06-04 14:00:00,0.0
2024-06-04 15:00:00,10.62
2024-06-04 16:00:00,31.78
2024-06-04 17:00:00,45.71
2024-06-04 18:00:00,40.05
2024-06-04 19:00:00,39.47
2024-06-04 20:00:00,55.95
2024-06-04 21:00:00,49.51
2024-06-04 22:00:00,57.02
2024-06-04 23:00:00,46.6
2024-06-05 00:00:00,47.14
2024-06-05 01:00:00,39.65
2024-06-05 02:00:00,48.23
2024-06-05 03:00:00,46.94
2024-06-05 04:00:00,48.9
2024-06-05 05:00:00,35.13
2024-06-05 06:00:00,43.72
2024-06-05 07:00:00,29.19
2024-06-05 08:00:00,4.4
2024-06-05 09:00:00,3.63
2024-06-05 10:00:00,0.06
2024-06-05 11:00:00,1.48
2024-06-05 12:00:00,-0.01
2024-06-05 13:00:00,0.0
2024-06-05 14:00:00,-0.01
2024-06-05 15:00:00,15.51
2024-06-05 16:00:00,44.32
2024-06-05 17:00:00,76.06
2024-06-05 18:00:00,79.26
2024-06-05 19:00:00,87.0
2024-06-05 20:00:00,90.56
2024-06-05 21:00:00,93.25
2024-06-05 22:00:00,59.59
2024-06-05 23:00:00,38.76
2024-06-06 00:00:00,35.35
2024-06-06 01:00:00,27.95
2024-06-06 02:00:00,27.83
2024-06-06 03:00:00,32.37
2024-06-06 04:00:00,59.76
2024-06-06 05:00:00,74.13
2024-06-06 06:00:00,79.12
2024-06-06 07:00:00,68.55
2024-06-06 08:00:00,57.8
2024-06-06 09:00:00,30.42
2024-06-06 10:00:00,26.35
2024-06-06 11:00:00,20.08
2024-06-06 12:00:00,7.68
2024-06-06 13:00:00,4.97
2024-06-06 14:00:00,19.32
2024-06-06 15:00:00,47.44
2024-06-06 16:00:00,81.59
2024-06-06 17:00:00,92.53
2024-06-06 18:00:00,88.01
2024-06-06 19:00:00,84.05
2024-06-06 20:00:00,88.98
2024-06-06 21:00:00,83.19
2024-06-06 22:00:00,84.92
2024-06-06 23:00:00,81.68
2024-06-07 00:00:00,64.92
2024-06-07 01:00:00,48.11
2024-06-07 02:00:00,41.04
2024-06-07 03:00:00,62.59
2024-06-07 04:00:00,71.49
2024-06-07 05:00:00,71.52
2024-06-07 06:00:00,82.56
2024-06-07 07:00:00,72.04
2024-06-07 08:00:00,48.98
2024-06-07 09:00:00,41.39
2024-06-07 10:00:00,33.91
2024-06-07 11:00:00,25.36
2024-06-07 12:00:00,18.34
2024-06-07 13:00:00,19.58
2024-06-07 14:00:00,27.08
2024-06-07 15:00:00,37.54
2024-06-07 16:00:00,56.2
2024-06-07 17:00:00,82.84
2024-06-07 18:00:00,69.29
2024-06-07 19:00:00,61.33
2024-06-07 20:00:00,78.62
2024-06-07 21:00:00,84.29
2024-06-07 22:00:00,72.52
2024-06-07 23:00:00,41.36
2024-06-08 00:00:00,32.24
2024-06-08 01:00:00,23.3
2024-06-08 02:00:00,11.25
2024-06-08 03:00:00,10.53
2024-06-08 04:00:00,17.57
2024-06-08 05:00:00,12.7
2024-06-08 06:00:00,21.84
2024-06-08 07:00:00,12.82
2024-06-08 08:00:00,0.23
2024-06-08 09:00:00,-2.2
2024-06-08 10:00:00,-9.46
2024-06-08 11:00:00,-22.13
2024-06-08 12:00:00,-28.4
2024-06-08 13:00:00,-19.22
2024-06-08 14:00:00,-6.5
2024-06-08 15:00:00,4.13
2024-06-08 16:00:00,31.23
2024-06-08 17:00:00,47.7
2024-06-08 18:00:00,58.07
2024-06-08 19:00:00,60.09
2024-06-08 20:00:00,59.09
2024-06-08 21:00:00,56.59
2024-06-08 22:00:00,43.48
2024-06-08 23:00:00,22.41
2024-06-09 00:00:00,12.76
2024-06-09 01:00:00,8.46
2024-06-09 02:00:00,8.94
2024-06-09 03:00:00,9.8
2024-06-09 04:00:00,7.32
2024-06-09 05:00:00,4.4
2024-06-09 06:00:00,0.22
2024-06-09 07:00:00,-1.88
2024-06-09 08:00:00,-7.27
2024-06-09 09:00:00,-14.35
2024-06-09 10:00:00,-8.91
2024-06-09 11:00:00,-14.35
2024-06-09 12:00:00,-25.4
2024-06-09 13:00:00,-28.52
2024-06-09 14:00:00,-4.84
2024-06-09 15:00:00,2.07
2024-06-09 16:00:00,23.74
2024-06-09 17:00:00,47.2
2024-06-09 18:00:00,41.8
2024-06-09 19:00:00,58.76
2024-06-09 20:00:00,69.64
2024-06-09 21:00:00,56.9
2024-06-09 22:00:00,69.41
2024-06-09 23:00:00,35.5
2024-06-10 00:00:00,38.2
2024-06-10 01:00:00,30.86
2024-06-10 02:00:00,17.74
2024-06-10 03:00:00,35.01
2024-06-10 04:00:00,31.98
2024-06-10 05:00:00,55.05
2024-06-10 06:00:00,35.5
2024-06-10 07:00:00,38.3
2024-06-10 08:00:00,18.08
2024-06-10 09:00:00,8.04
2024-06-10 10:00:00,10.6
2024-06-10 11:00:00,3.36
2024-06-10 12:00:00,0.03
2024-06-10 13:00:00,0.0
2024-06-10 14:00:00,-0.01
2024-06-10 15:00:00,0.09
2024-06-10 16:00:00,21.06
2024-06-10 17:00:00,40.56
2024-06-10 18:00:00,25.34
2024-06-10 19:00:00,28.78
2024-06-10 20:00:00,68.01
2024-06-10 21:00:00,70.06
2024-06-10 22:00:00,62.28
2024-06-10 23:00:00,58.69
2024-06-11 00:00:00,51.85
2024-06-11 01:00:00,37.03
2024-06-11 02:00:00,22.74
2024-06-11 03:00:00,55.02
2024-06-11 04:00:00,44.81
2024-06-11 05:00:00,68.77
2024-06-11 06:00:00,70.0
2024-06-11 07:00:00,66.84
2024-06-11 08:00:00,42.39
2024-06-11 09:00:00,37.05
2024-06-11 10:00:00,19.51
2024-06-11 11:00:00,7.65
2024-06-11 12:00:00,6.62
2024-06-11 13:00:00,9.26
2024-06-11 14:00:00,13.89
2024-06-11 15:00:00,35.13
2024-06-11 16:00:00,46.0
2024-06-11 17:00:00,66.05
2024-06-11 18:00:00,71.12
2024-06-11 19:00:00,85.41
2024-06-11 20:00:00,77.29
2024-06-11 21:00:00,70.13
2024-06-11 22:00:00,27.82
2024-06-11 23:00:00,30.13
2024-06-12 00:00:00,30.31
2024-06-12 01:00:00,24.89
2024-06-12 02:00:00,19.98
2024-06-12 03:00:00,30.48
2024-06-12 04:00:00,40.08
2024-06-12 05:00:00,44.88
2024-06-12 06:00:00,44.45
2024-06-12 07:00:00,29.93
2024-06-12 08:00:00,15.29
2024-06-12 09:00:00,11.68
2024-06-12 10:00:00,20.06
2024-06-12 11:00:00,25.97
2024-06-12 12:00:00,24.35
2024-06-12 13:00:00,12.25
2024-06-12 14:00:00,10.43
2024-06-12 15:00:00,25.73
2024-06-12 16:00:00,40.0
2024-06-12 17:00:00,55.1
2024-06-12 18:00:00,52.77
2024-06-12 19:00:00,45.59
2024-06-12 20:00:00,66.09
2024-06-12 21:00:00,70.4
2024-06-12 22:00:00,65.68
2024-06-12 23:00:00,34.24
2024-06-13 00:00:00,27.01
2024-06-13 01:00:00,10.35
2024-06-13 02:00:00,1.18
2024-06-13 03:00:00,10.52
2024-06-13 04:00:00,32.1
2024-06-13 05:00:00,44.58
2024-06-13 06:00:00,54.44
2024-06-13 07:00:00,28.43
2024-06-13 08:00:00,0.08
2024-06-13 09:00:00,0.08
2024-06-13 10:00:00,0.07
2024-06-13 11:00:00,0.01
2024-06-13 12:00:00,0.0
2024-06-13 13:00:00,0.0
2024-06-13 14:00:00,0.0
2024-06-13 15:00:00,5.49
2024-06-13 16:00:00,14.74
2024-06-13 17:00:00,35.45
2024-06-13 18:00:00,65.18
2024-06-13 19:00:00,40.95
2024-06-13 20:00:00,67.17
2024-06-13 21:00:00,60.06
2024-06-13 22:00:00,10.41
2024-06-13 23:00:00,2.7
2024-06-14 00:00:00,5.9
2024-06-14 01:00:00,0.08
2024-06-14 02:00:00,0.03
2024-06-14 03:00:00,2.35
2024-06-14 04:00:00,10.64
2024-06-14 05:00:00,51.21
2024-06-14 06:00:00,64.13
2024-06-14 07:00:00,45.91
2024-06-14 08:00:00,22.11
2024-06-14 09:00:00,11.91
2024-06-14 10:00:00,2.52
2024-06-14 11:00:00,0.44
2024-06-14 12:00:00,0.02
2024-06-14 13:00:00,0.0
2024-06-14 14:00:00,0.0
2024-06-14 15:00:00,0.0
2024-06-14 16:00:00,0.96
2024-06-14 17:00:00,7.0
2024-06-14 18:00:00,24.56
2024-06-14 19:00:00,57.32
2024-06-14 20:00:00,45.02
2024-06-14 21:00:00,28.61
2024-06-14 22:00:00,16.2
2024-06-14 23:00:00,6.39
2024-06-15 00:00:00,0.08
2024-06-15 01:00:00,0.09
2024-06-15 02:00:00,2.47
2024-06-15 03:00:00,0.26
2024-06-15 04:00:00,1.54
2024-06-15 05:00:00,0.09
2024-06-15 06:00:00,0.0
2024-06-15 07:00:00,-0.06
2024-06-15 08:00:00,-10.08
2024-06-15 09:00:00,-28.87
2024-06-15 10:00:00,-44.68
2024-06-15 11:00:00,-65.47
2024-06-15 12:00:00,-80.02
2024-06-15 13:00:00,-55.93
2024-06-15 14:00:00,-28.08
2024-06-15 15:00:00,-2.36
2024-06-15 16:00:00,0.0
2024-06-15 17:00:00,9.59
2024-06-15 18:00:00,23.22
2024-06-15 19:00:00,28.0
2024-06-15 20:00:00,47.7
2024-06-15 21:00:00,41.76
2024-06-15 22:00:00,27.49
2024-06-15 23:00:00,10.62
2024-06-16 00:00:00,7.92
2024-06-16 01:00:00,5.94
2024-06-16 02:00:00,4.81
2024-06-16 03:00:00,4.39
2024-06-16 04:00:00,4.53
2024-06-16 05:00:00,0.71
2024-06-16 06:00:00,-0.02
2024-06-16 07:00:00,-1.26
2024-06-16 08:00:00,-10.01
2024-06-16 09:00:00,-13.34
2024-06-16 10:00:00,-20.01
2024-06-16 11:00:00,-30.01
2024-06-16 12:00:00,-35.68
2024-06-16 13:00:00,-29.05
2024-06-16 14:00:00,-9.52
2024-06-16 15:00:00,-0.06
2024-06-16 16:00:00,6.47
2024-06-16 17:00:00,11.33
2024-06-16 18:00:00,16.8
2024-06-16 19:00:00,35.02
2024-06-16 20:00:00,41.26
2024-06-16 21:00:00,41.62
2024-06-16 22:00:00,41.49
2024-06-16 23:00:00,35.01
2024-06-17 00:00:00,29.53
2024-06-17 01:00:00,14.79
2024-06-17 02:00:00,7.21
2024-06-17 03:00:00,23.0
2024-06-17 04:00:00,24.48
2024-06-17 05:00:00,46.5
2024-06-17 06:00:00,46.5
2024-06-17 07:00:00,35.01
2024-06-17 08:00:00,22.28
2024-06-17 09:00:00,7.39
2024-06-17 10:00:00,7.39
2024-06-17 11:00:00,7.39
2024-06-17 12:00:00,6.13
2024-06-17 13:00:00,6.58
2024-06-17 14:00:00,7.42
2024-06-17 15:00:00,30.87
2024-06-17 16:00:00,47.36
2024-06-17 17:00:00,59.92
2024-06-17 18:00:00,57.15
2024-06-17 19:00:00,72.75
2024-06-17 20:00:00,91.27
2024-06-17 21:00:00,62.78
2024-06-17 22:00:00,51.76
2024-06-17 23:00:00,37.0
2024-06-18 00:00:00,34.15
2024-06-18 01:00:00,35.65
2024-06-18 02:00:00,29.26
2024-06-18 03:00:00,27.0
2024-06-18 04:00:00,37.36
2024-06-18 05:00:00,55.71
2024-06-18 06:00:00,59.1
2024-06-18 07:00:00,52.21
2024-06-18 08:00:00,39.0
2024-06-18 09:00:00,33.25
2024-06-18 10:00:00,26.56
2024-06-18 11:00:00,8.6
2024-06-18 12:00:00,11.21
2024-06-18 13:00:00,10.6
2024-06-18 14:00:00,9.99
2024-06-18 15:00:00,20.27
2024-06-18 16:00:00,35.0
2024-06-18 17:00:00,45.28
2024-06-18 18:00:00,49.65
2024-06-18 19:00:00,18.61
2024-06-18 20:00:00,54.98
2024-06-18 21:00:00,57.9
2024-06-18 22:00:00,99.83
2024-06-18 23:00:00,54.0
2024-06-19 00:00:00,44.1
2024-06-19 01:00:00,34.92
2024-06-19 02:00:00,24.0
2024-06-19 03:00:00,33.19
2024-06-19 04:00:00,55.51
2024-06-19 05:00:00,93.36
2024-06-19 06:00:00,91.79
2024-06-19 07:00:00,59.38
2024-06-19 08:00:00,55.8
2024-06-19 09:00:00,46.41
2024-06-19 10:00:00,43.54
2024-06-19 11:00:00,37.0
2024-06-19 12:00:00,22.43
2024-06-19 13:00:00,23.56
2024-06-19 14:00:00,28.6
2024-06-19 15:00:00,35.02
2024-06-19 16:00:00,38.47
2024-06-19 17:00:00,79.83
2024-06-19 18:00:00,69.04
2024-06-19 19:00:00,109.01
2024-06-19 20:00:00,109.0
2024-06-19 21:00:00,89.59
2024-06-19 22:00:00,85.89
2024-06-19 23:00:00,68.92
2024-06-20 00:00:00,61.45
2024-06-20 01:00:00,46.72
2024-06-20 02:00:00,48.49
2024-06-20 03:00:00,61.45
2024-06-20 04:00:00,99.0
2024-06-20 05:00:00,111.72
2024-06-20 06:00:00,103.0
2024-06-20 07:00:00,81.94
2024-06-20 08:00:00,71.87
2024-06-20 09:00:00,63.04
2024-06-20 10:00:00,59.94
2024-06-20 11:00:00,58.35
2024-06-20 12:00:00,61.42
2024-06-20 13:00:00,61.93
2024-06-20 14:00:00,61.42
2024-06-20 15:00:00,62.15
2024-06-20 16:00:00,77.46
2024-06-20 17:00:00,107.0
2024-06-20 18:00:00,115.28
2024-06-20 19:00:00,122.78
2024-06-20 20:00:00,114.59
2024-06-20 21:00:00,95.85
2024-06-20 22:00:00,101.38
2024-06-20 23:00:00,91.2
2024-06-21 00:00:00,89.95
2024-06-21 01:00:00,85.8
2024-06-21 02:00:00,76.22
2024-06-21 03:00:00,81.14
2024-06-21 04:00:00,96.06
2024-06-21 05:00:00,113.47
2024-06-21 06:00:00,114.32
2024-06-21 07:00:00,107.42
2024-06-21 08:00:00,96.74
2024-06-21 09:00:00,84.21
2024-06-21 10:00:00,61.34
2024-06-21 11:00:00,57.4
2024-06-21 12:00:00,55.1
2024-06-21 13:00:00,43.17
2024-06-21 14:00:00,40.0
2024-06-21 15:00:00,49.8
2024-06-21 16:00:00,56.75
2024-06-21 17:00:00,77.46
2024-06-21 18:00:00,100.01
2024-06-21 19:00:00,105.14
2024-06-21 20:00:00,96.49
2024-06-21 21:00:00,83.26
2024-06-21 22:00:00,81.53
2024-06-21 23:00:00,70.19
2024-06-22 00:00:00,56.12
2024-06-22 01:00:00,46.93
2024-06-22 02:00:00,46.16
2024-06-22 03:00:00,42.96
2024-06-22 04:00:00,44.48
2024-06-22 05:00:00,47.76
2024-06-22 06:00:00,36.95
2024-06-22 07:00:00,34.65
2024-06-22 08:00:00,12.54
2024-06-22 09:00:00,3.59
2024-06-22 10:00:00,2.68
2024-06-22 11:00:00,0.03
2024-06-22 12:00:00,0.0
2024-06-22 13:00:00,0.8
2024-06-22 14:00:00,5.36
2024-06-22 15:00:00,14.93
2024-06-22 16:00:00,47.06
2024-06-22 17:00:00,87.04
2024-06-22 18:00:00,66.72
2024-06-22 19:00:00,76.79
2024-06-22 20:00:00,101.53
2024-06-22 21:00:00,84.18
2024-06-22 22:00:00,77.0
2024-06-22 23:00:00,56.99
2024-06-23 00:00:00,46.19
2024-06-23 01:00:00,35.01
2024-06-23 02:00:00,35.0
2024-06-23 03:00:00,35.0
2024-06-23 04:00:00,35.0
2024-06-23 05:00:00,30.65
2024-06-23 06:00:00,9.76
2024-06-23 07:00:00,4.24
2024-06-23 08:00:00,0.0
2024-06-23 09:00:00,-0.05
2024-06-23 10:00:00,-0.09
2024-06-23 11:00:00,-1.0
2024-06-23 12:00:00,-2.2
2024-06-23 13:00:00,-2.0
2024-06-23 14:00:00,-0.08
2024-06-23 15:00:00,2.75
2024-06-23 16:00:00,27.17
2024-06-23 17:00:00,54.98
2024-06-23 18:00:00,65.31
2024-06-23 19:00:00,77.0
2024-06-23 20:00:00,95.62
2024-06-23 21:00:00,80.15
2024-06-23 22:00:00,51.8
2024-06-23 23:00:00,43.6
2024-06-24 00:00:00,40.0
2024-06-24 01:00:00,35.4
2024-06-24 02:00:00,35.02
2024-06-24 03:00:00,49.07
2024-06-24 04:00:00,55.03
2024-06-24 05:00:00,70.0
2024-06-24 06:00:00,77.04
2024-06-24 07:00:00,52.86
2024-06-24 08:00:00,35.0
2024-06-24 09:00:00,18.73
2024-06-24 10:00:00,30.7
2024-06-24 11:00:00,19.32
2024-06-24 12:00:00,18.78
2024-06-24 13:00:00,15.95
2024-06-24 14:00:00,24.17
2024-06-24 15:00:00,49.06
2024-06-24 16:00:00,65.92
2024-06-24 17:00:00,115.48
2024-06-24 18:00:00,92.41
2024-06-24 19:00:00,117.33
2024-06-24 20:00:00,113.7
2024-06-24 21:00:00,91.54
2024-06-24 22:00:00,44.55
2024-06-24 23:00:00,40.08
2024-06-25 00:00:00,45.1
2024-06-25 01:00:00,28.12
2024-06-25 02:00:00,12.49
2024-06-25 03:00:00,38.28
2024-06-25 04:00:00,45.6
2024-06-25 05:00:00,62.91
2024-06-25 06:00:00,74.77
2024-06-25 07:00:00,64.9
2024-06-25 08:00:00,35.69
2024-06-25 09:00:00,12.83
2024-06-25 10:00:00,0.0
2024-06-25 11:00:00,-0.05
2024-06-25 12:00:00,-0.04
2024-06-25 13:00:00,11.59
2024-06-25 14:00:00,25.0
2024-06-25 15:00:00,35.02
2024-06-25 16:00:00,48.99
2024-06-25 17:00:00,77.0
2024-06-25 18:00:00,105.0
2024-06-25 19:00:00,96.37
2024-06-25 20:00:00,106.57
2024-06-25 21:00:00,87.03
2024-06-25 22:00:00,107.43
2024-06-25 23:00:00,99.96
2024-06-26 00:00:00,95.32
2024-06-26 01:00:00,95.46
2024-06-26 02:00:00,91.7
2024-06-26 03:00:00,97.12
2024-06-26 04:00:00,109.59
2024-06-26 05:00:00,130.0
2024-06-26 06:00:00,121.1
2024-06-26 07:00:00,101.76
2024-06-26 08:00:00,90.98
2024-06-26 09:00:00,85.99
2024-06-26 10:00:00,79.41
2024-06-26 11:00:00,77.24
2024-06-26 12:00:00,80.62
2024-06-26 13:00:00,90.59
2024-06-26 14:00:00,100.08
2024-06-26 15:00:00,105.96
2024-06-26 16:00:00,114.98
2024-06-26 17:00:00,145.0
2024-06-26 18:00:00,156.98
2024-06-26 19:00:00,137.18
2024-06-26 20:00:00,118.98
2024-06-26 21:00:00,110.0
2024-06-26 22:00:00,96.0
2024-06-26 23:00:00,86.92
2024-06-27 00:00:00,80.64
2024-06-27 01:00:00,67.3
2024-06-27 02:00:00,59.82
2024-06-27 03:00:00,61.93
2024-06-27 04:00:00,76.05
2024-06-27 05:00:00,109.98
2024-06-27 06:00:00,115.0
2024-06-27 07:00:00,88.92
2024-06-27 08:00:00,68.5
2024-06-27 09:00:00,54.48
2024-06-27 10:00:00,43.22
2024-06-27 11:00:00,32.38
2024-06-27 12:00:00,27.15
2024-06-27 13:00:00,18.75
2024-06-27 14:00:00,23.34
2024-06-27 15:00:00,41.88
2024-06-27 16:00:00,63.43
2024-06-27 17:00:00,75.39
2024-06-27 18:00:00,93.5
2024-06-27 19:00:00,88.91
2024-06-27 20:00:00,92.81
2024-06-27 21:00:00,75.06
2024-06-27 22:00:00,22.35
2024-06-27 23:00:00,20.67
2024-06-28 00:00:00,15.66
2024-06-28 01:00:00,12.88
2024-06-28 02:00:00,9.63
2024-06-28 03:00:00,8.54
2024-06-28 04:00:00,10.02
2024-06-28 05:00:00,41.79
2024-06-28 06:00:00,51.18
2024-06-28 07:00:00,45.67
2024-06-28 08:00:00,14.36
2024-06-28 09:00:00,1.94
2024-06-28 10:00:00,0.77
2024-06-28 11:00:00,-0.01
2024-06-28 12:00:00,-2.06
2024-06-28 13:00:00,-0.01
2024-06-28 14:00:00,4.64
2024-06-28 15:00:00,13.0
2024-06-28 16:00:00,48.64
2024-06-28 17:00:00,88.5
2024-06-28 18:00:00,94.04
2024-06-28 19:00:00,105.42
2024-06-28 20:00:00,113.3
2024-06-28 21:00:00,105.18
2024-06-28 22:00:00,62.19
2024-06-28 23:00:00,32.38
2024-06-29 00:00:00,24.1
2024-06-29 01:00:00,28.84
2024-06-29 02:00:00,16.16
2024-06-29 03:00:00,20.61
2024-06-29 04:00:00,18.52
2024-06-29 05:00:00,15.75
2024-06-29 06:00:00,27.79
2024-06-29 07:00:00,29.58
2024-06-29 08:00:00,5.04
2024-06-29 09:00:00,0.05
2024-06-29 10:00:00,0.0
2024-06-29 11:00:00,-0.19
2024-06-29 12:00:00,-0.06
2024-06-29 13:00:00,1.5
2024-06-29 14:00:00,12.76
2024-06-29 15:00:00,31.86
2024-06-29 16:00:00,35.02
2024-06-29 17:00:00,46.6
2024-06-29 18:00:00,48.65
2024-06-29 19:00:00,38.29
2024-06-29 20:00:00,60.23
2024-06-29 21:00:00,53.9
2024-06-29 22:00:00,43.25
2024-06-29 23:00:00,25.3
2024-06-30 00:00:00,10.98
2024-06-30 01:00:00,7.93
2024-06-30 02:00:00,5.08
2024-06-30 03:00:00,8.14
2024-06-30 04:00:00,7.22
2024-06-30 05:00:00,9.14
2024-06-30 06:00:00,6.83
2024-06-30 07:00:00,0.82
2024-06-30 08:00:00,0.0
2024-06-30 09:00:00,0.0
2024-06-30 10:00:00,-0.02
2024-06-30 11:00:00,-1.51
2024-06-30 12:00:00,-1.09
2024-06-30 13:00:00,0.0
2024-06-30 14:00:00,0.94
2024-06-30 15:00:00,3.6
2024-06-30 16:00:00,27.43
2024-06-30 17:00:00,46.62
2024-06-30 18:00:00,59.1
2024-06-30 19:00:00,83.42
2024-06-30 20:00:00,103.22
2024-06-30 21:00:00,93.4
2024-06-30 22:00:00,73.37
2024-06-30 23:00:00,67.3
2024-07-01 00:00:00,52.95
2024-07-01 01:00:00,46.05
2024-07-01 02:00:00,45.83
2024-07-01 03:00:00,51.9
2024-07-01 04:00:00,59.26
2024-07-01 05:00:00,87.57
2024-07-01 06:00:00,71.18
2024-07-01 07:00:00,50.03
2024-07-01 08:00:00,44.52
2024-07-01 09:00:00,40.15
2024-07-01 10:00:00,39.71
2024-07-01 11:00:00,35.0
2024-07-01 12:00:00,21.17
2024-07-01 13:00:00,15.02
2024-07-01 14:00:00,10.15
2024-07-01 15:00:00,21.17
2024-07-01 16:00:00,39.65
2024-07-01 17:00:00,49.28
2024-07-01 18:00:00,71.18
2024-07-01 19:00:00,80.79
2024-07-01 20:00:00,99.26
2024-07-01 21:00:00,87.46
2024-07-01 22:00:00,65.53
2024-07-01 23:00:00,49.9
2024-07-02 00:00:00,34.63
2024-07-02 01:00:00,37.52
2024-07-02 02:00:00,35.15
2024-07-02 03:00:00,41.07
2024-07-02 04:00:00,52.97
2024-07-02 05:00:00,81.82
2024-07-02 06:00:00,92.99
2024-07-02 07:00:00,51.2
2024-07-02 08:00:00,48.63
2024-07-02 09:00:00,47.16
2024-07-02 10:00:00,26.79
2024-07-02 11:00:00,24.99
2024-07-02 12:00:00,17.95
2024-07-02 13:00:00,4.0
2024-07-02 14:00:00,18.01
2024-07-02 15:00:00,20.32
2024-07-02 16:00:00,49.57
2024-07-02 17:00:00,67.87
2024-07-02 18:00:00,74.64
2024-07-02 19:00:00,110.41
2024-07-02 20:00:00,109.45
2024-07-02 21:00:00,89.99
2024-07-02 22:00:00,78.97
2024-07-02 23:00:00,69.53
2024-07-03 00:00:00,54.78
2024-07-03 01:00:00,46.25
2024-07-03 02:00:00,33.0
2024-07-03 03:00:00,27.48
2024-07-03 04:00:00,47.9
2024-07-03 05:00:00,90.54
2024-07-03 06:00:00,95.75
2024-07-03 07:00:00,76.0
2024-07-03 08:00:00,54.08
2024-07-03 09:00:00,40.25
2024-07-03 10:00:00,35.0
2024-07-03 11:00:00,21.34
2024-07-03 12:00:00,14.0
2024-07-03 13:00:00,8.68
2024-07-03 14:00:00,3.6
2024-07-03 15:00:00,12.17
2024-07-03 16:00:00,34.27
2024-07-03 17:00:00,27.83
2024-07-03 18:00:00,14.77
2024-07-03 19:00:00,4.6
2024-07-03 20:00:00,18.85
2024-07-03 21:00:00,4.88
2024-07-03 22:00:00,5.24
2024-07-03 23:00:00,0.0
2024-07-04 00:00:00,-0.01
2024-07-04 01:00:00,-0.53
2024-07-04 02:00:00,-0.84
2024-07-04 03:00:00,-0.01
2024-07-04 04:00:00,0.0
2024-07-04 05:00:00,10.63
2024-07-04 06:00:00,31.04
2024-07-04 07:00:00,24.4
2024-07-04 08:00:00,4.83
2024-07-04 09:00:00,0.0
2024-07-04 10:00:00,-0.01
2024-07-04 11:00:00,-9.8
2024-07-04 12:00:00,-20.93
2024-07-04 13:00:00,-18.03
2024-07-04 14:00:00,-12.21
2024-07-04 15:00:00,0.0
2024-07-04 16:00:00,6.77
2024-07-04 17:00:00,42.38
2024-07-04 18:00:00,47.46
2024-07-04 19:00:00,47.94
2024-07-04 20:00:00,52.71
2024-07-04 21:00:00,41.74
2024-07-04 22:00:00,5.86
2024-07-04 23:00:00,5.76
2024-07-05 00:00:00,10.44
2024-07-05 01:00:00,12.58
2024-07-05 02:00:00,9.08
2024-07-05 03:00:00,6.78
2024-07-05 04:00:00,12.0
2024-07-05 05:00:00,40.9
2024-07-05 06:00:00,40.64
2024-07-05 07:00:00,18.57
2024-07-05 08:00:00,3.04
2024-07-05 09:00:00,0.63
2024-07-05 10:00:00,0.92
2024-07-05 11:00:00,0.21
2024-07-05 12:00:00,0.1
2024-07-05 13:00:00,1.23
2024-07-05 14:00:00,3.32
2024-07-05 15:00:00,17.42
2024-07-05 16:00:00,38.0
2024-07-05 17:00:00,63.31
2024-07-05 18:00:00,82.7
2024-07-05 19:00:00,95.0
2024-07-05 20:00:00,106.33
2024-07-05 21:00:00,85.45
2024-07-05 22:00:00,45.55
2024-07-05 23:00:00,14.77
2024-07-06 00:00:00,10.09
2024-07-06 01:00:00,8.49
2024-07-06 02:00:00,4.23
2024-07-06 03:00:00,4.2
2024-07-06 04:00:00,6.63
2024-07-06 05:00:00,5.38
2024-07-06 06:00:00,3.4
2024-07-06 07:00:00,0.0
2024-07-06 08:00:00,-9.57
2024-07-06 09:00:00,-28.12
2024-07-06 10:00:00,-28.91
2024-07-06 11:00:00,-28.33
2024-07-06 12:00:00,-48.08
2024-07-06 13:00:00,-54.63
2024-07-06 14:00:00,-45.93
2024-07-06 15:00:00,-20.09
2024-07-06 16:00:00,-0.82
2024-07-06 17:00:00,2.38
2024-07-06 18:00:00,9.23
2024-07-06 19:00:00,10.44
2024-07-06 20:00:00,20.39
2024-07-06 21:00:00,16.43
2024-07-06 22:00:00,2.69
2024-07-06 23:00:00,2.39
2024-07-07 00:00:00,1.7
2024-07-07 01:00:00,1.89
2024-07-07 02:00:00,1.98
2024-07-07 03:00:00,1.42
2024-07-07 04:00:00,1.29
2024-07-07 05:00:00,0.29
2024-07-07 06:00:00,-0.52
2024-07-07 07:00:00,-6.08
2024-07-07 08:00:00,-9.28
2024-07-07 09:00:00,-11.36
2024-07-07 10:00:00,-12.36
2024-07-07 11:00:00,-20.84
2024-07-07 12:00:00,-19.67
2024-07-07 13:00:00,-10.51
2024-07-07 14:00:00,-3.5
2024-07-07 15:00:00,0.0
2024-07-07 16:00:00,4.95
2024-07-07 17:00:00,35.94
2024-07-07 18:00:00,48.94
2024-07-07 19:00:00,61.36
2024-07-07 20:00:00,104.58
2024-07-07 21:00:00,92.58
2024-07-07 22:00:00,81.72
2024-07-07 23:00:00,76.33
2024-07-08 00:00:00,63.88
2024-07-08 01:00:00,64.42
2024-07-08 02:00:00,66.92
2024-07-08 03:00:00,65.5
2024-07-08 04:00:00,76.11
2024-07-08 05:00:00,101.38
2024-07-08 06:00:00,100.61
2024-07-08 07:00:00,78.22
2024-07-08 08:00:00,54.6
2024-07-08 09:00:00,40.88
2024-07-08 10:00:00,35.0
2024-07-08 11:00:00,32.65
2024-07-08 12:00:00,31.98
2024-07-08 13:00:00,38.0
2024-07-08 14:00:00,37.72
2024-07-08 15:00:00,50.09
2024-07-08 16:00:00,81.38
2024-07-08 17:00:00,93.58
2024-07-08 18:00:00,103.21
2024-07-08 19:00:00,115.15
2024-07-08 20:00:00,109.0
2024-07-08 21:00:00,87.25
2024-07-08 22:00:00,58.29
2024-07-08 23:00:00,43.69
2024-07-09 00:00:00,28.64
2024-07-09 01:00:00,10.69
2024-07-09 02:00:00,8.71
2024-07-09 03:00:00,21.23
2024-07-09 04:00:00,25.7
2024-07-09 05:00:00,56.67
2024-07-09 06:00:00,63.44
2024-07-09 07:00:00,54.49
2024-07-09 08:00:00,46.63
2024-07-09 09:00:00,33.71
2024-07-09 10:00:00,21.95
2024-07-09 11:00:00,9.63
2024-07-09 12:00:00,8.3
2024-07-09 13:00:00,15.59
2024-07-09 14:00:00,29.39
2024-07-09 15:00:00,48.8
2024-07-09 16:00:00,60.7
2024-07-09 17:00:00,84.77
2024-07-09 18:00:00,106.18
2024-07-09 19:00:00,108.02
2024-07-09 20:00:00,88.92
2024-07-09 21:00:00,77.87
2024-07-09 22:00:00,67.91
2024-07-09 23:00:00,61.33
2024-07-10 00:00:00,62.79
2024-07-10 01:00:00,57.08
2024-07-10 02:00:00,50.32
2024-07-10 03:00:00,53.82
2024-07-10 04:00:00,67.81
2024-07-10 05:00:00,78.45
2024-07-10 06:00:00,101.92
2024-07-10 07:00:00,84.93
2024-07-10 08:00:00,65.0
2024-07-10 09:00:00,55.83
2024-07-10 10:00:00,48.7
2024-07-10 11:00:00,43.25
2024-07-10 12:00:00,38.63
2024-07-10 13:00:00,31.56
2024-07-10 14:00:00,40.08
2024-07-10 15:00:00,52.5
2024-07-10 16:00:00,75.0
2024-07-10 17:00:00,99.58
2024-07-10 18:00:00,105.0
2024-07-10 19:00:00,94.72
2024-07-10 20:00:00,102.75
2024-07-10 21:00:00,92.45
2024-07-10 22:00:00,91.01
2024-07-10 23:00:00,75.41
2024-07-11 00:00:00,75.09
2024-07-11 01:00:00,59.57
2024-07-11 02:00:00,55.09
2024-07-11 03:00:00,80.06
2024-07-11 04:00:00,58.47
2024-07-11 05:00:00,87.0
2024-07-11 06:00:00,100.96
2024-07-11 07:00:00,89.69
2024-07-11 08:00:00,81.0
2024-07-11 09:00:00,68.49
2024-07-11 10:00:00,60.0
2024-07-11 11:00:00,51.14
2024-07-11 12:00:00,46.8
2024-07-11 13:00:00,50.98
2024-07-11 14:00:00,61.24
2024-07-11 15:00:00,71.53
2024-07-11 16:00:00,86.5
2024-07-11 17:00:00,105.22
2024-07-11 18:00:00,108.68
2024-07-11 19:00:00,109.55
2024-07-11 20:00:00,111.39
2024-07-11 21:00:00,97.15
2024-07-11 22:00:00,85.0
2024-07-11 23:00:00,60.15
2024-07-12 00:00:00,61.46
2024-07-12 01:00:00,53.45
2024-07-12 02:00:00,27.71
2024-07-12 03:00:00,41.5
2024-07-12 04:00:00,38.08
2024-07-12 05:00:00,53.29
2024-07-12 06:00:00,73.72
2024-07-12 07:00:00,49.0
2024-07-12 08:00:00,47.35
2024-07-12 09:00:00,49.98
2024-07-12 10:00:00,53.13
2024-07-12 11:00:00,42.16
2024-07-12 12:00:00,41.59
2024-07-12 13:00:00,36.03
2024-07-12 14:00:00,24.45
2024-07-12 15:00:00,38.36
2024-07-12 16:00:00,46.38
2024-07-12 17:00:00,52.8
2024-07-12 18:00:00,75.58
2024-07-12 19:00:00,89.93
2024-07-12 20:00:00,87.0
2024-07-12 21:00:00,79.97
2024-07-12 22:00:00,64.92
2024-07-12 23:00:00,57.52
2024-07-13 00:00:00,43.46
2024-07-13 01:00:00,39.12
2024-07-13 02:00:00,33.11
2024-07-13 03:00:00,31.44
2024-07-13 04:00:00,31.63
2024-07-13 05:00:00,28.21
2024-07-13 06:00:00,26.6
2024-07-13 07:00:00,20.97
2024-07-13 08:00:00,5.16
2024-07-13 09:00:00,0.04
2024-07-13 10:00:00,0.0
2024-07-13 11:00:00,-4.97
2024-07-13 12:00:00,-14.8
2024-07-13 13:00:00,-11.24
2024-07-13 14:00:00,-2.54
2024-07-13 15:00:00,0.9
2024-07-13 16:00:00,30.51
2024-07-13 17:00:00,49.38
2024-07-13 18:00:00,75.45
2024-07-13 19:00:00,76.02
2024-07-13 20:00:00,79.66
2024-07-13 21:00:00,65.04
2024-07-13 22:00:00,89.19
2024-07-13 23:00:00,63.52
2024-07-14 00:00:00,55.69
2024-07-14 01:00:00,44.57
2024-07-14 02:00:00,37.42
2024-07-14 03:00:00,37.3
2024-07-14 04:00:00,30.36
2024-07-14 05:00:00,14.28
2024-07-14 06:00:00,0.29
2024-07-14 07:00:00,-3.29
2024-07-14 08:00:00,-21.03
2024-07-14 09:00:00,-40.51
2024-07-14 10:00:00,-59.43
2024-07-14 11:00:00,-73.83
2024-07-14 12:00:00,-74.02
2024-07-14 13:00:00,-51.43
2024-07-14 14:00:00,-19.34
2024-07-14 15:00:00,0.0
2024-07-14 16:00:00,17.6
2024-07-14 17:00:00,44.81
2024-07-14 18:00:00,74.57
2024-07-14 19:00:00,95.73
2024-07-14 20:00:00,106.12
2024-07-14 21:00:00,87.53
2024-07-14 22:00:00,80.02
2024-07-14 23:00:00,66.64
2024-07-15 00:00:00,58.98
2024-07-15 01:00:00,50.01
2024-07-15 02:00:00,48.28
2024-07-15 03:00:00,50.08
2024-07-15 04:00:00,53.8
2024-07-15 05:00:00,66.61
2024-07-15 06:00:00,82.15
2024-07-15 07:00:00,62.01
2024-07-15 08:00:00,39.49
2024-07-15 09:00:00,15.84
2024-07-15 10:00:00,6.06
2024-07-15 11:00:00,3.74
2024-07-15 12:00:00,3.9
2024-07-15 13:00:00,9.18
2024-07-15 14:00:00,26.52
2024-07-15 15:00:00,31.5
2024-07-15 16:00:00,44.85
2024-07-15 17:00:00,60.0
2024-07-15 18:00:00,80.0
2024-07-15 19:00:00,86.08
2024-07-15 20:00:00,93.93
2024-07-15 21:00:00,80.65
2024-07-15 22:00:00,45.49
2024-07-15 23:00:00,19.63
2024-07-16 00:00:00,31.53
2024-07-16 01:00:00,31.25
2024-07-16 02:00:00,24.57
2024-07-16 03:00:00,26.5
2024-07-16 04:00:00,32.9
2024-07-16 05:00:00,26.72
2024-07-16 06:00:00,41.62
2024-07-16 07:00:00,38.96
2024-07-16 08:00:00,21.18
2024-07-16 09:00:00,3.96
2024-07-16 10:00:00,0.7
2024-07-16 11:00:00,0.0
2024-07-16 12:00:00,0.0
2024-07-16 13:00:00,0.0
2024-07-16 14:00:00,1.43
2024-07-16 15:00:00,35.04
2024-07-16 16:00:00,67.77
2024-07-16 17:00:00,94.5
2024-07-16 18:00:00,109.11
2024-07-16 19:00:00,117.23
2024-07-16 20:00:00,108.44
2024-07-16 21:00:00,89.34
2024-07-16 22:00:00,88.47
2024-07-16 23:00:00,73.58
2024-07-17 00:00:00,73.14
2024-07-17 01:00:00,70.76
2024-07-17 02:00:00,71.23
2024-07-17 03:00:00,77.84
2024-07-17 04:00:00,91.02
2024-07-17 05:00:00,100.9
2024-07-17 06:00:00,105.7
2024-07-17 07:00:00,79.04
2024-07-17 08:00:00,60.26
2024-07-17 09:00:00,44.8
2024-07-17 10:00:00,36.48
2024-07-17 11:00:00,26.62
2024-07-17 12:00:00,17.04
2024-07-17 13:00:00,19.58
2024-07-17 14:00:00,44.73
2024-07-17 15:00:00,65.94
2024-07-17 16:00:00,87.69
2024-07-17 17:00:00,104.63
2024-07-17 18:00:00,115.75
2024-07-17 19:00:00,125.26
2024-07-17 20:00:00,113.51
2024-07-17 21:00:00,88.48
2024-07-17 22:00:00,91.06
2024-07-17 23:00:00,80.65
2024-07-18 00:00:00,67.9
2024-07-18 01:00:00,74.06
2024-07-18 02:00:00,66.4
2024-07-18 03:00:00,69.35
2024-07-18 04:00:00,79.46
2024-07-18 05:00:00,98.83
2024-07-18 06:00:00,97.41
2024-07-18 07:00:00,80.78
2024-07-18 08:00:00,66.18
2024-07-18 09:00:00,50.25
2024-07-18 10:00:00,38.66
2024-07-18 11:00:00,37.79
2024-07-18 12:00:00,40.97
2024-07-18 13:00:00,52.36
2024-07-18 14:00:00,70.97
2024-07-18 15:00:00,88.98
2024-07-18 16:00:00,102.85
2024-07-18 17:00:00,121.22
2024-07-18 18:00:00,130.05
2024-07-18 19:00:00,138.23
2024-07-18 20:00:00,121.89
2024-07-18 21:00:00,102.25
2024-07-18 22:00:00,91.24
2024-07-18 23:00:00,80.86
2024-07-19 00:00:00,80.31
2024-07-19 01:00:00,70.62
2024-07-19 02:00:00,66.8
2024-07-19 03:00:00,75.71
2024-07-19 04:00:00,78.7
2024-07-19 05:00:00,96.94
2024-07-19 06:00:00,98.4
2024-07-19 07:00:00,81.43
2024-07-19 08:00:00,70.75
2024-07-19 09:00:00,60.77
2024-07-19 10:00:00,47.39
2024-07-19 11:00:00,40.03
2024-07-19 12:00:00,39.84
2024-07-19 13:00:00,46.02
2024-07-19 14:00:00,66.49
2024-07-19 15:00:00,78.05
2024-07-19 16:00:00,85.06
2024-07-19 17:00:00,98.1
2024-07-19 18:00:00,111.9
2024-07-19 19:00:00,121.22
2024-07-19 20:00:00,107.39
2024-07-19 21:00:00,91.88
2024-07-19 22:00:00,95.24
2024-07-19 23:00:00,89.74
2024-07-20 00:00:00,86.08
2024-07-20 01:00:00,77.73
2024-07-20 02:00:00,78.09
2024-07-20 03:00:00,81.83
2024-07-20 04:00:00,76.29
2024-07-20 05:00:00,65.6
2024-07-20 06:00:00,67.74
2024-07-20 07:00:00,50.0
2024-07-20 08:00:00,9.96
2024-07-20 09:00:00,1.57
2024-07-20 10:00:00,0.44
2024-07-20 11:00:00,0.0
2024-07-20 12:00:00,-0.01
2024-07-20 13:00:00,1.5
2024-07-20 14:00:00,3.97
2024-07-20 15:00:00,41.3
2024-07-20 16:00:00,52.02
2024-07-20 17:00:00,60.64
2024-07-20 18:00:00,60.05
2024-07-20 19:00:00,87.93
2024-07-20 20:00:00,88.31
2024-07-20 21:00:00,80.68
2024-07-20 22:00:00,67.98
2024-07-20 23:00:00,49.77
2024-07-21 00:00:00,42.26
2024-07-21 01:00:00,43.41
2024-07-21 02:00:00,35.35
2024-07-21 03:00:00,30.8
2024-07-21 04:00:00,32.0
2024-07-21 05:00:00,34.57
2024-07-21 06:00:00,25.07
2024-07-21 07:00:00,0.49
2024-07-21 08:00:00,0.04
2024-07-21 09:00:00,0.0
2024-07-21 10:00:00,-0.01
2024-07-21 11:00:00,-0.1
2024-07-21 12:00:00,-0.25
2024-07-21 13:00:00,-0.01
2024-07-21 14:00:00,0.0
2024-07-21 15:00:00,0.0
2024-07-21 16:00:00,0.1
2024-07-21 17:00:00,25.06
2024-07-21 18:00:00,50.23
2024-07-21 19:00:00,59.83
2024-07-21 20:00:00,57.52
2024-07-21 21:00:00,65.0
2024-07-21 22:00:00,52.82
2024-07-21 23:00:00,51.66
2024-07-22 00:00:00,58.84
2024-07-22 01:00:00,49.99
2024-07-22 02:00:00,48.17
2024-07-22 03:00:00,57.87
2024-07-22 04:00:00,54.0
2024-07-22 05:00:00,56.96
2024-07-22 06:00:00,68.2
2024-07-22 07:00:00,53.68
2024-07-22 08:00:00,56.18
2024-07-22 09:00:00,51.4
2024-07-22 10:00:00,51.39
2024-07-22 11:00:00,37.03
2024-07-22 12:00:00,23.18
2024-07-22 13:00:00,24.13
2024-07-22 14:00:00,41.89
2024-07-22 15:00:00,56.31
2024-07-22 16:00:00,62.27
2024-07-22 17:00:00,82.87
2024-07-22 18:00:00,88.79
2024-07-22 19:00:00,77.46
2024-07-22 20:00:00,100.59
2024-07-22 21:00:00,77.05
2024-07-22 22:00:00,76.67
2024-07-22 23:00:00,54.46
2024-07-23 00:00:00,44.61
2024-07-23 01:00:00,44.57
2024-07-23 02:00:00,38.32
2024-07-23 03:00:00,44.49
2024-07-23 04:00:00,52.2
2024-07-23 05:00:00,52.0
2024-07-23 06:00:00,72.69
2024-07-23 07:00:00,62.46
2024-07-23 08:00:00,48.68
2024-07-23 09:00:00,36.95
2024-07-23 10:00:00,7.36
2024-07-23 11:00:00,10.04
2024-07-23 12:00:00,9.37
2024-07-23 13:00:00,4.84
2024-07-23 14:00:00,19.82
2024-07-23 15:00:00,41.99
2024-07-23 16:00:00,84.32
2024-07-23 17:00:00,90.67
2024-07-23 18:00:00,105.11
2024-07-23 19:00:00,97.61
2024-07-23 20:00:00,102.05
2024-07-23 21:00:00,91.73
2024-07-23 22:00:00,83.05
2024-07-23 23:00:00,78.11
2024-07-24 00:00:00,73.95
2024-07-24 01:00:00,58.6
2024-07-24 02:00:00,56.04
2024-07-24 03:00:00,65.01
2024-07-24 04:00:00,72.0
2024-07-24 05:00:00,75.85
2024-07-24 06:00:00,99.8
2024-07-24 07:00:00,75.11
2024-07-24 08:00:00,57.1
2024-07-24 09:00:00,24.06
2024-07-24 10:00:00,6.16
2024-07-24 11:00:00,3.35
2024-07-24 12:00:00,0.01
2024-07-24 13:00:00,5.5
2024-07-24 14:00:00,12.8
2024-07-24 15:00:00,12.8
2024-07-24 16:00:00,12.8
2024-07-24 17:00:00,12.8
2024-07-24 18:00:00,12.8
2024-07-24 19:00:00,12.8
2024-07-24 20:00:00,99.24
2024-07-24 21:00:00,75.12
2024-07-24 22:00:00,40.64
2024-07-24 23:00:00,39.79
2024-07-25 00:00:00,45.42
2024-07-25 01:00:00,48.1
2024-07-25 02:00:00,45.06
2024-07-25 03:00:00,40.78
2024-07-25 04:00:00,53.59
2024-07-25 05:00:00,53.21
2024-07-25 06:00:00,61.26
2024-07-25 07:00:00,44.89
2024-07-25 08:00:00,48.11
2024-07-25 09:00:00,36.95
2024-07-25 10:00:00,24.31
2024-07-25 11:00:00,17.36
2024-07-25 12:00:00,13.27
2024-07-25 13:00:00,26.2
2024-07-25 14:00:00,51.58
2024-07-25 15:00:00,54.3
2024-07-25 16:00:00,70.92
2024-07-25 17:00:00,86.93
2024-07-25 18:00:00,106.44
2024-07-25 19:00:00,99.5
2024-07-25 20:00:00,100.0
2024-07-25 21:00:00,84.86
2024-07-25 22:00:00,59.07
2024-07-25 23:00:00,70.65
2024-07-26 00:00:00,51.42
2024-07-26 01:00:00,53.63
2024-07-26 02:00:00,52.27
2024-07-26 03:00:00,55.16
2024-07-26 04:00:00,55.9
2024-07-26 05:00:00,57.51
2024-07-26 06:00:00,78.28
2024-07-26 07:00:00,84.77
2024-07-26 08:00:00,75.84
2024-07-26 09:00:00,62.91
2024-07-26 10:00:00,64.4
2024-07-26 11:00:00,46.51
2024-07-26 12:00:00,46.67
2024-07-26 13:00:00,48.7
2024-07-26 14:00:00,57.21
2024-07-26 15:00:00,72.8
2024-07-26 16:00:00,76.0
2024-07-26 17:00:00,82.22
2024-07-26 18:00:00,68.28
2024-07-26 19:00:00,62.79
2024-07-26 20:00:00,80.39
2024-07-26 21:00:00,91.02
2024-07-26 22:00:00,74.94
2024-07-26 23:00:00,52.7
2024-07-27 00:00:00,42.8
2024-07-27 01:00:00,41.28
2024-07-27 02:00:00,39.43
2024-07-27 03:00:00,43.78
2024-07-27 04:00:00,37.86
2024-07-27 05:00:00,29.06
2024-07-27 06:00:00,39.28
2024-07-27 07:00:00,40.86
2024-07-27 08:00:00,47.09
2024-07-27 09:00:00,39.9
2024-07-27 10:00:00,28.0
2024-07-27 11:00:00,17.8
2024-07-27 12:00:00,17.92
2024-07-27 13:00:00,18.8
2024-07-27 14:00:00,15.0
2024-07-27 15:00:00,31.51
2024-07-27 16:00:00,55.24
2024-07-27 17:00:00,56.7
2024-07-27 18:00:00,52.13
2024-07-27 19:00:00,53.85
2024-07-27 20:00:00,60.69
2024-07-27 21:00:00,56.71
2024-07-27 22:00:00,30.0
2024-07-27 23:00:00,39.46
2024-07-28 00:00:00,37.99
2024-07-28 01:00:00,24.46
2024-07-28 02:00:00,14.29
2024-07-28 03:00:00,28.97
2024-07-28 04:00:00,16.61
2024-07-28 05:00:00,10.59
2024-07-28 06:00:00,25.49
2024-07-28 07:00:00,4.79
2024-07-28 08:00:00,0.0
2024-07-28 09:00:00,-0.01
2024-07-28 10:00:00,-0.01
2024-07-28 11:00:00,-14.84
2024-07-28 12:00:00,-36.15
2024-07-28 13:00:00,-30.05
2024-07-28 14:00:00,-7.9
2024-07-28 15:00:00,0.15
2024-07-28 16:00:00,41.26
2024-07-28 17:00:00,47.54
2024-07-28 18:00:00,47.49
2024-07-28 19:00:00,44.48
2024-07-28 20:00:00,51.88
2024-07-28 21:00:00,47.85
2024-07-28 22:00:00,16.98
2024-07-28 23:00:00,14.86
2024-07-29 00:00:00,12.69
2024-07-29 01:00:00,7.43
2024-07-29 02:00:00,6.69
2024-07-29 03:00:00,7.07
2024-07-29 04:00:00,11.24
2024-07-29 05:00:00,17.6
2024-07-29 06:00:00,27.02
2024-07-29 07:00:00,23.92
2024-07-29 08:00:00,15.2
2024-07-29 09:00:00,5.4
2024-07-29 10:00:00,0.0
2024-07-29 11:00:00,0.0
2024-07-29 12:00:00,0.0
2024-07-29 13:00:00,1.4
2024-07-29 14:00:00,15.36
2024-07-29 15:00:00,59.59
2024-07-29 16:00:00,71.34
2024-07-29 17:00:00,93.66
2024-07-29 18:00:00,87.89
2024-07-29 19:00:00,82.82
2024-07-29 20:00:00,90.8
2024-07-29 21:00:00,90.2
2024-07-29 22:00:00,58.3
2024-07-29 23:00:00,52.42
2024-07-30 00:00:00,42.91
2024-07-30 01:00:00,40.63
2024-07-30 02:00:00,36.36
2024-07-30 03:00:00,43.66
2024-07-30 04:00:00,48.13
2024-07-30 05:00:00,55.08
2024-07-30 06:00:00,61.31
2024-07-30 07:00:00,51.87
2024-07-30 08:00:00,37.52
2024-07-30 09:00:00,7.84
2024-07-30 10:00:00,1.13
2024-07-30 11:00:00,0.04
2024-07-30 12:00:00,0.71
2024-07-30 13:00:00,13.65
2024-07-30 14:00:00,41.6
2024-07-30 15:00:00,68.1
2024-07-30 16:00:00,83.74
2024-07-30 17:00:00,108.31
2024-07-30 18:00:00,100.25
2024-07-30 19:00:00,109.53
2024-07-30 20:00:00,105.73
2024-07-30 21:00:00,99.04
2024-07-30 22:00:00,93.97
2024-07-30 23:00:00,69.03
2024-07-31 00:00:00,62.25
2024-07-31 01:00:00,49.15
2024-07-31 02:00:00,43.27
2024-07-31 03:00:00,48.18
2024-07-31 04:00:00,60.39
2024-07-31 05:00:00,60.71
2024-07-31 06:00:00,91.57
2024-07-31 07:00:00,71.81
2024-07-31 08:00:00,55.89
2024-07-31 09:00:00,33.46
2024-07-31 10:00:00,26.75
2024-07-31 11:00:00,16.95
2024-07-31 12:00:00,22.63
2024-07-31 13:00:00,33.39
2024-07-31 14:00:00,46.09
2024-07-31 15:00:00,76.52
2024-07-31 16:00:00,94.37
2024-07-31 17:00:00,111.14
2024-07-31 18:00:00,108.57
2024-07-31 19:00:00,97.1
2024-07-31 20:00:00,103.46
2024-07-31 21:00:00,96.78
2024-07-31 22:00:00,96.91
2024-07-31 23:00:00,81.91
2024-08-01 00:00:00,86.95
2024-08-01 01:00:00,72.24
2024-08-01 02:00:00,66.69
2024-08-01 03:00:00,62.13
2024-08-01 04:00:00,57.2
2024-08-01 05:00:00,71.99
2024-08-01 06:00:00,105.95
2024-08-01 07:00:00,90.1
2024-08-01 08:00:00,76.95
2024-08-01 09:00:00,67.64
2024-08-01 10:00:00,64.03
2024-08-01 11:00:00,60.0
2024-08-01 12:00:00,59.96
2024-08-01 13:00:00,65.43
2024-08-01 14:00:00,47.26
2024-08-01 15:00:00,65.83
2024-08-01 16:00:00,94.37
2024-08-01 17:00:00,106.07
2024-08-01 18:00:00,101.75
2024-08-01 19:00:00,103.3
2024-08-01 20:00:00,108.95
2024-08-01 21:00:00,91.99
2024-08-01 22:00:00,93.93
2024-08-01 23:00:00,79.36
2024-08-02 00:00:00,82.25
2024-08-02 01:00:00,69.34
2024-08-02 02:00:00,61.16
2024-08-02 03:00:00,58.33
2024-08-02 04:00:00,76.77
2024-08-02 05:00:00,107.14
2024-08-02 06:00:00,109.7
2024-08-02 07:00:00,104.42
2024-08-02 08:00:00,75.59
2024-08-02 09:00:00,65.16
2024-08-02 10:00:00,69.83
2024-08-02 11:00:00,58.09
2024-08-02 12:00:00,53.06
2024-08-02 13:00:00,51.24
2024-08-02 14:00:00,49.95
2024-08-02 15:00:00,58.77
2024-08-02 16:00:00,65.0
2024-08-02 17:00:00,88.0
2024-08-02 18:00:00,100.2
2024-08-02 19:00:00,105.51
2024-08-02 20:00:00,102.51
2024-08-02 21:00:00,98.57
2024-08-02 22:00:00,62.52
2024-08-02 23:00:00,45.41
2024-08-03 00:00:00,43.01
2024-08-03 01:00:00,32.81
2024-08-03 02:00:00,29.95
2024-08-03 03:00:00,35.48
2024-08-03 04:00:00,32.63
2024-08-03 05:00:00,33.89
2024-08-03 06:00:00,33.9
2024-08-03 07:00:00,26.34
2024-08-03 08:00:00,32.44
2024-08-03 09:00:00,20.36
2024-08-03 10:00:00,14.66
2024-08-03 11:00:00,6.41
2024-08-03 12:00:00,4.17
2024-08-03 13:00:00,10.07
2024-08-03 14:00:00,10.2
2024-08-03 15:00:00,20.0
2024-08-03 16:00:00,37.91
2024-08-03 17:00:00,52.03
2024-08-03 18:00:00,53.09
2024-08-03 19:00:00,52.26
2024-08-03 20:00:00,63.71
2024-08-03 21:00:00,57.59
2024-08-03 22:00:00,45.16
2024-08-03 23:00:00,41.5
2024-08-04 00:00:00,37.63
2024-08-04 01:00:00,18.42
2024-08-04 02:00:00,14.62
2024-08-04 03:00:00,19.91
2024-08-04 04:00:00,20.15
2024-08-04 05:00:00,24.98
2024-08-04 06:00:00,26.53
2024-08-04 07:00:00,20.01
2024-08-04 08:00:00,8.05
2024-08-04 09:00:00,2.05
2024-08-04 10:00:00,0.06
2024-08-04 11:00:00,-0.04
2024-08-04 12:00:00,-2.16
2024-08-04 13:00:00,-0.01
2024-08-04 14:00:00,1.13
2024-08-04 15:00:00,22.05
2024-08-04 16:00:00,55.29
2024-08-04 17:00:00,70.41
2024-08-04 18:00:00,87.29
2024-08-04 19:00:00,87.44
2024-08-04 20:00:00,96.02
2024-08-04 21:00:00,76.86
2024-08-04 22:00:00,29.56
2024-08-04 23:00:00,25.82
2024-08-05 00:00:00,29.31
2024-08-05 01:00:00,19.44
2024-08-05 02:00:00,23.8
2024-08-05 03:00:00,25.51
2024-08-05 04:00:00,36.06
2024-08-05 05:00:00,40.9
2024-08-05 06:00:00,55.1
2024-08-05 07:00:00,47.96
2024-08-05 08:00:00,26.7
2024-08-05 09:00:00,24.23
2024-08-05 10:00:00,35.05
2024-08-05 11:00:00,6.97
2024-08-05 12:00:00,9.74
2024-08-05 13:00:00,9.97
2024-08-05 14:00:00,17.78
2024-08-05 15:00:00,40.4
2024-08-05 16:00:00,86.69
2024-08-05 17:00:00,107.6
2024-08-05 18:00:00,109.62
2024-08-05 19:00:00,107.76
2024-08-05 20:00:00,104.73
2024-08-05 21:00:00,95.75
2024-08-05 22:00:00,59.55
2024-08-05 23:00:00,42.59
2024-08-06 00:00:00,37.77
2024-08-06 01:00:00,29.61
2024-08-06 02:00:00,28.41
2024-08-06 03:00:00,38.07
2024-08-06 04:00:00,35.79
2024-08-06 05:00:00,40.67
2024-08-06 06:00:00,63.5
2024-08-06 07:00:00,52.11
2024-08-06 08:00:00,36.1
2024-08-06 09:00:00,21.44
2024-08-06 10:00:00,15.95
2024-08-06 11:00:00,3.12
2024-08-06 12:00:00,4.99
2024-08-06 13:00:00,19.53
2024-08-06 14:00:00,10.91
2024-08-06 15:00:00,41.61
2024-08-06 16:00:00,54.7
2024-08-06 17:00:00,88.61
2024-08-06 18:00:00,77.01
2024-08-06 19:00:00,80.84
2024-08-06 20:00:00,87.72
2024-08-06 21:00:00,75.95
2024-08-06 22:00:00,49.4
2024-08-06 23:00:00,37.0
2024-08-07 00:00:00,32.75
2024-08-07 01:00:00,18.81
2024-08-07 02:00:00,20.12
2024-08-07 03:00:00,21.85
2024-08-07 04:00:00,29.02
2024-08-07 05:00:00,30.57
2024-08-07 06:00:00,43.68
2024-08-07 07:00:00,38.8
2024-08-07 08:00:00,34.72
2024-08-07 09:00:00,14.96
2024-08-07 10:00:00,19.62
2024-08-07 11:00:00,19.68
2024-08-07 12:00:00,16.79
2024-08-07 13:00:00,18.3
2024-08-07 14:00:00,6.17
2024-08-07 15:00:00,11.37
2024-08-07 16:00:00,44.58
2024-08-07 17:00:00,62.5
2024-08-07 18:00:00,62.61
2024-08-07 19:00:00,59.43
2024-08-07 20:00:00,67.68
2024-08-07 21:00:00,65.14
2024-08-07 22:00:00,42.9
2024-08-07 23:00:00,35.58
2024-08-08 00:00:00,24.32
2024-08-08 01:00:00,18.31
2024-08-08 02:00:00,17.17
2024-08-08 03:00:00,25.71
2024-08-08 04:00:00,27.96
2024-08-08 05:00:00,42.11
2024-08-08 06:00:00,52.12
2024-08-08 07:00:00,44.85
2024-08-08 08:00:00,23.78
2024-08-08 09:00:00,18.35
2024-08-08 10:00:00,29.69
2024-08-08 11:00:00,0.08
2024-08-08 12:00:00,1.19
2024-08-08 13:00:00,0.1
2024-08-08 14:00:00,15.0
2024-08-08 15:00:00,26.71
2024-08-08 16:00:00,51.9
2024-08-08 17:00:00,52.09
2024-08-08 18:00:00,48.55
2024-08-08 19:00:00,44.73
2024-08-08 20:00:00,52.19
2024-08-08 21:00:00,48.95
2024-08-08 22:00:00,22.4
2024-08-08 23:00:00,13.02
2024-08-09 00:00:00,3.2
2024-08-09 01:00:00,-0.01
2024-08-09 02:00:00,-0.02
2024-08-09 03:00:00,0.01
2024-08-09 04:00:00,4.05
2024-08-09 05:00:00,14.66
2024-08-09 06:00:00,35.05
2024-08-09 07:00:00,26.8
2024-08-09 08:00:00,4.85
2024-08-09 09:00:00,0.1
2024-08-09 10:00:00,0.07
2024-08-09 11:00:00,0.0
2024-08-09 12:00:00,-0.72
2024-08-09 13:00:00,-0.01
2024-08-09 14:00:00,0.0
2024-08-09 15:00:00,5.64
2024-08-09 16:00:00,42.37
2024-08-09 17:00:00,72.47
2024-08-09 18:00:00,80.75
2024-08-09 19:00:00,89.9
2024-08-09 20:00:00,89.22
2024-08-09 21:00:00,67.08
2024-08-09 22:00:00,51.7
2024-08-09 23:00:00,26.41
2024-08-10 00:00:00,16.38
2024-08-10 01:00:00,14.08
2024-08-10 02:00:00,10.21
2024-08-10 03:00:00,14.33
2024-08-10 04:00:00,16.14
2024-08-10 05:00:00,21.21
2024-08-10 06:00:00,28.2
2024-08-10 07:00:00,0.24
2024-08-10 08:00:00,-2.97
2024-08-10 09:00:00,-12.13
2024-08-10 10:00:00,-22.39
2024-08-10 11:00:00,-29.87
2024-08-10 12:00:00,-21.92
2024-08-10 13:00:00,-28.93
2024-08-10 14:00:00,-7.94
2024-08-10 15:00:00,0.65
2024-08-10 16:00:00,49.49
2024-08-10 17:00:00,81.67
2024-08-10 18:00:00,71.91
2024-08-10 19:00:00,64.03
2024-08-10 20:00:00,88.35
2024-08-10 21:00:00,83.04
2024-08-10 22:00:00,45.03
2024-08-10 23:00:00,40.59
2024-08-11 00:00:00,31.88
2024-08-11 01:00:00,23.57
2024-08-11 02:00:00,12.54
2024-08-11 03:00:00,13.48
2024-08-11 04:00:00,10.44
2024-08-11 05:00:00,4.79
2024-08-11 06:00:00,13.05
2024-08-11 07:00:00,0.0
2024-08-11 08:00:00,-4.98
2024-08-11 09:00:00,-14.91
2024-08-11 10:00:00,-30.64
2024-08-11 11:00:00,-59.67
2024-08-11 12:00:00,-50.03
2024-08-11 13:00:00,-30.98
2024-08-11 14:00:00,-4.99
2024-08-11 15:00:00,4.12
2024-08-11 16:00:00,36.42
2024-08-11 17:00:00,50.5
2024-08-11 18:00:00,59.34
2024-08-11 19:00:00,53.74
2024-08-11 20:00:00,54.24
2024-08-11 21:00:00,49.49
2024-08-11 22:00:00,28.74
2024-08-11 23:00:00,15.0
2024-08-12 00:00:00,2.81
2024-08-12 01:00:00,1.15
2024-08-12 02:00:00,0.0
2024-08-12 03:00:00,0.03
2024-08-12 04:00:00,16.26
2024-08-12 05:00:00,15.3
2024-08-12 06:00:00,45.78
2024-08-12 07:00:00,45.69
2024-08-12 08:00:00,40.12
2024-08-12 09:00:00,16.04
2024-08-12 10:00:00,10.06
2024-08-12 11:00:00,6.98
2024-08-12 12:00:00,18.03
2024-08-12 13:00:00,27.49
2024-08-12 14:00:00,49.03
2024-08-12 15:00:00,82.1
2024-08-12 16:00:00,90.57
2024-08-12 17:00:00,117.15
2024-08-12 18:00:00,124.95
2024-08-12 19:00:00,130.6
2024-08-12 20:00:00,108.51
2024-08-12 21:00:00,100.16
2024-08-12 22:00:00,100.07
2024-08-12 23:00:00,88.27
2024-08-13 00:00:00,65.15
2024-08-13 01:00:00,62.37
2024-08-13 02:00:00,60.94
2024-08-13 03:00:00,68.0
2024-08-13 04:00:00,95.16
2024-08-13 05:00:00,113.58
2024-08-13 06:00:00,117.89
2024-08-13 07:00:00,92.94
2024-08-13 08:00:00,70.74
2024-08-13 09:00:00,58.44
2024-08-13 10:00:00,46.76
2024-08-13 11:00:00,43.87
2024-08-13 12:00:00,50.97
2024-08-13 13:00:00,66.73
2024-08-13 14:00:00,80.05
2024-08-13 15:00:00,84.5
2024-08-13 16:00:00,96.02
2024-08-13 17:00:00,101.51
2024-08-13 18:00:00,108.29
2024-08-13 19:00:00,100.87
2024-08-13 20:00:00,113.76
2024-08-13 21:00:00,102.92
2024-08-13 22:00:00,88.5
2024-08-13 23:00:00,78.5
2024-08-14 00:00:00,76.56
2024-08-14 01:00:00,64.0
2024-08-14 02:00:00,71.51
2024-08-14 03:00:00,70.2
2024-08-14 04:00:00,80.38
2024-08-14 05:00:00,102.07
2024-08-14 06:00:00,109.87
2024-08-14 07:00:00,90.0
2024-08-14 08:00:00,75.0
2024-08-14 09:00:00,76.01
2024-08-14 10:00:00,75.78
2024-08-14 11:00:00,76.44
2024-08-14 12:00:00,75.59
2024-08-14 13:00:00,65.61
2024-08-14 14:00:00,69.98
2024-08-14 15:00:00,69.47
2024-08-14 16:00:00,110.44
2024-08-14 17:00:00,115.77
2024-08-14 18:00:00,109.02
2024-08-14 19:00:00,114.26
2024-08-14 20:00:00,108.54
2024-08-14 21:00:00,94.18
2024-08-14 22:00:00,69.47
2024-08-14 23:00:00,59.32
2024-08-15 00:00:00,55.29
2024-08-15 01:00:00,55.89
2024-08-15 02:00:00,44.91
2024-08-15 03:00:00,49.55
2024-08-15 04:00:00,53.94
2024-08-15 05:00:00,61.67
2024-08-15 06:00:00,49.65
2024-08-15 07:00:00,24.57
2024-08-15 08:00:00,18.66
2024-08-15 09:00:00,9.09
2024-08-15 10:00:00,10.21
2024-08-15 11:00:00,0.9
2024-08-15 12:00:00,0.9
2024-08-15 13:00:00,4.13
2024-08-15 14:00:00,10.19
2024-08-15 15:00:00,6.03
2024-08-15 16:00:00,15.98
2024-08-15 17:00:00,62.0
2024-08-15 18:00:00,84.29
2024-08-15 19:00:00,83.89
2024-08-15 20:00:00,96.42
2024-08-15 21:00:00,85.36
2024-08-15 22:00:00,74.47
2024-08-15 23:00:00,68.81
2024-08-16 00:00:00,68.5
2024-08-16 01:00:00,65.32
2024-08-16 02:00:00,59.59
2024-08-16 03:00:00,67.4
2024-08-16 04:00:00,63.96
2024-08-16 05:00:00,77.6
2024-08-16 06:00:00,91.06
2024-08-16 07:00:00,70.0
2024-08-16 08:00:00,63.87
2024-08-16 09:00:00,63.37
2024-08-16 10:00:00,59.22
2024-08-16 11:00:00,53.93
2024-08-16 12:00:00,50.72
2024-08-16 13:00:00,56.27
2024-08-16 14:00:00,62.17
2024-08-16 15:00:00,63.37
2024-08-16 16:00:00,65.4
2024-08-16 17:00:00,103.52
2024-08-16 18:00:00,107.96
2024-08-16 19:00:00,114.51
2024-08-16 20:00:00,119.99
2024-08-16 21:00:00,116.16
2024-08-16 22:00:00,107.05
2024-08-16 23:00:00,90.86
2024-08-17 00:00:00,90.6
2024-08-17 01:00:00,81.87
2024-08-17 02:00:00,71.04
2024-08-17 03:00:00,71.39
2024-08-17 04:00:00,75.52
2024-08-17 05:00:00,73.6
2024-08-17 06:00:00,84.01
2024-08-17 07:00:00,71.74
2024-08-17 08:00:00,68.01
2024-08-17 09:00:00,52.66
2024-08-17 10:00:00,43.31
2024-08-17 11:00:00,37.37
2024-08-17 12:00:00,34.72
2024-08-17 13:00:00,37.57
2024-08-17 14:00:00,47.81
2024-08-17 15:00:00,69.24
2024-08-17 16:00:00,71.51
2024-08-17 17:00:00,87.41
2024-08-17 18:00:00,103.92
2024-08-17 19:00:00,114.07
2024-08-17 20:00:00,113.2
2024-08-17 21:00:00,105.02
2024-08-17 22:00:00,87.77
2024-08-17 23:00:00,78.23
2024-08-18 00:00:00,73.38
2024-08-18 01:00:00,65.67
2024-08-18 02:00:00,61.85
2024-08-18 03:00:00,58.22
2024-08-18 04:00:00,61.69
2024-08-18 05:00:00,57.88
2024-08-18 06:00:00,62.07
2024-08-18 07:00:00,40.71
2024-08-18 08:00:00,14.93
2024-08-18 09:00:00,14.14
2024-08-18 10:00:00,14.07
2024-08-18 11:00:00,4.57
2024-08-18 12:00:00,0.05
2024-08-18 13:00:00,0.0
2024-08-18 14:00:00,1.08
2024-08-18 15:00:00,10.99
2024-08-18 16:00:00,42.82
2024-08-18 17:00:00,75.83
2024-08-18 18:00:00,89.5
2024-08-18 19:00:00,110.34
2024-08-18 20:00:00,111.64
2024-08-18 21:00:00,99.69
2024-08-18 22:00:00,91.7
2024-08-18 23:00:00,76.6
2024-08-19 00:00:00,72.51
2024-08-19 01:00:00,75.92
2024-08-19 02:00:00,75.65
2024-08-19 03:00:00,79.97
2024-08-19 04:00:00,72.4
2024-08-19 05:00:00,104.76
2024-08-19 06:00:00,116.92
2024-08-19 07:00:00,112.58
2024-08-19 08:00:00,82.35
2024-08-19 09:00:00,74.28
2024-08-19 10:00:00,70.0
2024-08-19 11:00:00,69.0
2024-08-19 12:00:00,65.89
2024-08-19 13:00:00,66.32
2024-08-19 14:00:00,70.0
2024-08-19 15:00:00,79.44
2024-08-19 16:00:00,103.0
2024-08-19 17:00:00,116.26
2024-08-19 18:00:00,127.48
2024-08-19 19:00:00,116.74
2024-08-19 20:00:00,100.75
2024-08-19 21:00:00,86.15
2024-08-19 22:00:00,77.03
2024-08-19 23:00:00,62.04
2024-08-20 00:00:00,50.85
2024-08-20 01:00:00,31.04
2024-08-20 02:00:00,30.99
2024-08-20 03:00:00,40.43
2024-08-20 04:00:00,55.4
2024-08-20 05:00:00,78.38
2024-08-20 06:00:00,100.41
2024-08-20 07:00:00,87.04
2024-08-20 08:00:00,71.5
2024-08-20 09:00:00,52.49
2024-08-20 10:00:00,40.03
2024-08-20 11:00:00,23.59
2024-08-20 12:00:00,18.58
2024-08-20 13:00:00,36.63
2024-08-20 14:00:00,30.09
2024-08-20 15:00:00,36.68
2024-08-20 16:00:00,57.91
2024-08-20 17:00:00,92.35
2024-08-20 18:00:00,70.41
2024-08-20 19:00:00,73.29
2024-08-20 20:00:00,79.91
2024-08-20 21:00:00,63.83
2024-08-20 22:00:00,28.36
2024-08-20 23:00:00,11.93
2024-08-21 00:00:00,22.71
2024-08-21 01:00:00,3.52
2024-08-21 02:00:00,20.39
2024-08-21 03:00:00,27.36
2024-08-21 04:00:00,68.5
2024-08-21 05:00:00,88.56
2024-08-21 06:00:00,89.16
2024-08-21 07:00:00,57.27
2024-08-21 08:00:00,8.0
2024-08-21 09:00:00,5.22
2024-08-21 10:00:00,0.0
2024-08-21 11:00:00,-0.01
2024-08-21 12:00:00,-5.32
2024-08-21 13:00:00,-4.28
2024-08-21 14:00:00,2.01
2024-08-21 15:00:00,16.09
2024-08-21 16:00:00,73.78
2024-08-21 17:00:00,95.94
2024-08-21 18:00:00,75.17
2024-08-21 19:00:00,86.51
2024-08-21 20:00:00,89.63
2024-08-21 21:00:00,82.47
2024-08-21 22:00:00,40.52
2024-08-21 23:00:00,21.21
2024-08-22 00:00:00,0.09
2024-08-22 01:00:00,3.61
2024-08-22 02:00:00,0.0
2024-08-22 03:00:00,5.81
2024-08-22 04:00:00,22.74
2024-08-22 05:00:00,24.27
2024-08-22 06:00:00,62.79
2024-08-22 07:00:00,51.5
2024-08-22 08:00:00,11.72
2024-08-22 09:00:00,0.0
2024-08-22 10:00:00,-0.01
2024-08-22 11:00:00,-2.56
2024-08-22 12:00:00,-1.37
2024-08-22 13:00:00,-0.01
2024-08-22 14:00:00,0.01
2024-08-22 15:00:00,25.99
2024-08-22 16:00:00,86.31
2024-08-22 17:00:00,117.49
2024-08-22 18:00:00,118.94
2024-08-22 19:00:00,112.96
2024-08-22 20:00:00,97.31
2024-08-22 21:00:00,81.51
2024-08-22 22:00:00,55.4
2024-08-22 23:00:00,42.05
2024-08-23 00:00:00,37.42
2024-08-23 01:00:00,25.61
2024-08-23 02:00:00,11.2
2024-08-23 03:00:00,11.84
2024-08-23 04:00:00,21.5
2024-08-23 05:00:00,28.12
2024-08-23 06:00:00,13.08
2024-08-23 07:00:00,0.06
2024-08-23 08:00:00,0.07
2024-08-23 09:00:00,0.0
2024-08-23 10:00:00,-0.98
2024-08-23 11:00:00,-5.75
2024-08-23 12:00:00,-8.98
2024-08-23 13:00:00,-4.33
2024-08-23 14:00:00,0.0
2024-08-23 15:00:00,7.58
2024-08-23 16:00:00,57.67
2024-08-23 17:00:00,105.49
2024-08-23 18:00:00,112.83
2024-08-23 19:00:00,123.9
2024-08-23 20:00:00,120.1
2024-08-23 21:00:00,102.53
2024-08-23 22:00:00,91.78
2024-08-23 23:00:00,58.11
2024-08-24 00:00:00,52.84
2024-08-24 01:00:00,46.45
2024-08-24 02:00:00,48.58
2024-08-24 03:00:00,47.04
2024-08-24 04:00:00,46.02
2024-08-24 05:00:00,38.98
2024-08-24 06:00:00,34.27
2024-08-24 07:00:00,15.0
2024-08-24 08:00:00,0.0
2024-08-24 09:00:00,-6.75
2024-08-24 10:00:00,-18.41
2024-08-24 11:00:00,-38.33
2024-08-24 12:00:00,-41.39
2024-08-24 13:00:00,-20.91
2024-08-24 14:00:00,-1.01
2024-08-24 15:00:00,3.32
2024-08-24 16:00:00,16.77
2024-08-24 17:00:00,62.33
2024-08-24 18:00:00,69.2
2024-08-24 19:00:00,72.6
2024-08-24 20:00:00,68.68
2024-08-24 21:00:00,54.33
2024-08-24 22:00:00,7.72
2024-08-24 23:00:00,4.94
2024-08-25 00:00:00,1.62
2024-08-25 01:00:00,0.51
2024-08-25 02:00:00,1.05
2024-08-25 03:00:00,1.73
2024-08-25 04:00:00,2.15
2024-08-25 05:00:00,0.04
2024-08-25 06:00:00,0.29
2024-08-25 07:00:00,-1.29
2024-08-25 08:00:00,-5.61
2024-08-25 09:00:00,-7.16
2024-08-25 10:00:00,-5.02
2024-08-25 11:00:00,-7.51
2024-08-25 12:00:00,-16.7
2024-08-25 13:00:00,-9.43
2024-08-25 14:00:00,-0.6
2024-08-25 15:00:00,0.44
2024-08-25 16:00:00,14.2
2024-08-25 17:00:00,71.41
2024-08-25 18:00:00,94.02
2024-08-25 19:00:00,109.91
2024-08-25 20:00:00,102.88
2024-08-25 21:00:00,93.53
2024-08-25 22:00:00,58.11
2024-08-25 23:00:00,54.03
2024-08-26 00:00:00,49.84
2024-08-26 01:00:00,37.63
2024-08-26 02:00:00,34.79
2024-08-26 03:00:00,52.06
2024-08-26 04:00:00,57.04
2024-08-26 05:00:00,64.99
2024-08-26 06:00:00,95.76
2024-08-26 07:00:00,83.06
2024-08-26 08:00:00,45.8
2024-08-26 09:00:00,48.2
2024-08-26 10:00:00,29.87
2024-08-26 11:00:00,24.02
2024-08-26 12:00:00,43.72
2024-08-26 13:00:00,54.3
2024-08-26 14:00:00,61.97
2024-08-26 15:00:00,85.34
2024-08-26 16:00:00,110.78
2024-08-26 17:00:00,120.0
2024-08-26 18:00:00,127.04
2024-08-26 19:00:00,114.97
2024-08-26 20:00:00,111.24
2024-08-26 21:00:00,94.09
2024-08-26 22:00:00,98.77
2024-08-26 23:00:00,84.15
2024-08-27 00:00:00,68.17
2024-08-27 01:00:00,57.11
2024-08-27 02:00:00,45.11
2024-08-27 03:00:00,47.98
2024-08-27 04:00:00,63.02
2024-08-27 05:00:00,74.69
2024-08-27 06:00:00,89.75
2024-08-27 07:00:00,79.48
2024-08-27 08:00:00,54.22
2024-08-27 09:00:00,30.59
2024-08-27 10:00:00,8.03
2024-08-27 11:00:00,4.79
2024-08-27 12:00:00,5.4
2024-08-27 13:00:00,28.09
2024-08-27 14:00:00,56.0
2024-08-27 15:00:00,87.95
2024-08-27 16:00:00,114.0
2024-08-27 17:00:00,123.85
2024-08-27 18:00:00,125.14
2024-08-27 19:00:00,121.35
2024-08-27 20:00:00,106.69
2024-08-27 21:00:00,94.2
2024-08-27 22:00:00,92.13
2024-08-27 23:00:00,92.39
2024-08-28 00:00:00,87.18
2024-08-28 01:00:00,85.96
2024-08-28 02:00:00,79.71
2024-08-28 03:00:00,86.05
2024-08-28 04:00:00,99.34
2024-08-28 05:00:00,124.28
2024-08-28 06:00:00,120.76
2024-08-28 07:00:00,105.89
2024-08-28 08:00:00,89.42
2024-08-28 09:00:00,71.72
2024-08-28 10:00:00,41.85
2024-08-28 11:00:00,17.91
2024-08-28 12:00:00,18.12
2024-08-28 13:00:00,56.85
2024-08-28 14:00:00,82.0
2024-08-28 15:00:00,94.38
2024-08-28 16:00:00,108.26
2024-08-28 17:00:00,123.16
2024-08-28 18:00:00,125.78
2024-08-28 19:00:00,126.28
2024-08-28 20:00:00,113.9
2024-08-28 21:00:00,102.27
2024-08-28 22:00:00,95.04
2024-08-28 23:00:00,94.91
2024-08-29 00:00:00,89.29
2024-08-29 01:00:00,89.28
2024-08-29 02:00:00,90.05
2024-08-29 03:00:00,94.76
2024-08-29 04:00:00,102.81
2024-08-29 05:00:00,124.05
2024-08-29 06:00:00,126.24
2024-08-29 07:00:00,108.79
2024-08-29 08:00:00,92.35
2024-08-29 09:00:00,84.68
2024-08-29 10:00:00,66.98
2024-08-29 11:00:00,48.09
2024-08-29 12:00:00,55.06
2024-08-29 13:00:00,80.79
2024-08-29 14:00:00,91.01
2024-08-29 15:00:00,105.95
2024-08-29 16:00:00,117.89
2024-08-29 17:00:00,128.18
2024-08-29 18:00:00,131.99
2024-08-29 19:00:00,133.14
2024-08-29 20:00:00,124.04
2024-08-29 21:00:00,105.59
2024-08-29 22:00:00,101.67
2024-08-29 23:00:00,91.03
2024-08-30 00:00:00,91.18
2024-08-30 01:00:00,78.26
2024-08-30 02:00:00,71.9
2024-08-30 03:00:00,76.71
2024-08-30 04:00:00,86.38
2024-08-30 05:00:00,106.33
2024-08-30 06:00:00,123.92
2024-08-30 07:00:00,113.7
2024-08-30 08:00:00,98.33
2024-08-30 09:00:00,90.02
2024-08-30 10:00:00,86.64
2024-08-30 11:00:00,80.97
2024-08-30 12:00:00,79.9
2024-08-30 13:00:00,83.44
2024-08-30 14:00:00,87.65
2024-08-30 15:00:00,101.96
2024-08-30 16:00:00,110.74
2024-08-30 17:00:00,121.78
2024-08-30 18:00:00,105.31
2024-08-30 19:00:00,103.67
2024-08-30 20:00:00,97.24
2024-08-30 21:00:00,95.77
2024-08-30 22:00:00,105.18
2024-08-30 23:00:00,88.83
2024-08-31 00:00:00,80.53
2024-08-31 01:00:00,68.04
2024-08-31 02:00:00,55.77
2024-08-31 03:00:00,59.27
2024-08-31 04:00:00,67.22
2024-08-31 05:00:00,67.17
2024-08-31 06:00:00,85.69
2024-08-31 07:00:00,84.92
2024-08-31 08:00:00,60.13
2024-08-31 09:00:00,18.34
2024-08-31 10:00:00,9.06
2024-08-31 11:00:00,10.86
2024-08-31 12:00:00,14.02
2024-08-31 13:00:00,17.78
2024-08-31 14:00:00,24.81
2024-08-31 15:00:00,76.3
2024-08-31 16:00:00,108.59
2024-08-31 17:00:00,120.38
2024-08-31 18:00:00,123.32
2024-08-31 19:00:00,109.69
2024-08-31 20:00:00,101.58
2024-08-31 21:00:00,90.57
2024-08-31 22:00:00,94.02
2024-08-31 23:00:00,85.99
2024-09-01 00:00:00,80.37
2024-09-01 01:00:00,68.61
2024-09-01 02:00:00,56.17
2024-09-01 03:00:00,53.86
2024-09-01 04:00:00,56.44
2024-09-01 05:00:00,57.05
2024-09-01 06:00:00,60.63
2024-09-01 07:00:00,41.27
2024-09-01 08:00:00,12.73
2024-09-01 09:00:00,8.09
2024-09-01 10:00:00,8.81
2024-09-01 11:00:00,4.39
2024-09-01 12:00:00,9.6
2024-09-01 13:00:00,10.87
2024-09-01 14:00:00,28.98
2024-09-01 15:00:00,81.37
2024-09-01 16:00:00,99.64
2024-09-01 17:00:00,123.6
2024-09-01 18:00:00,127.02
2024-09-01 19:00:00,111.31
2024-09-01 20:00:00,104.73
2024-09-01 21:00:00,91.5
2024-09-01 22:00:00,92.74
2024-09-01 23:00:00,95.13
2024-09-02 00:00:00,92.5
2024-09-02 01:00:00,92.59
2024-09-02 02:00:00,87.22
2024-09-02 03:00:00,93.79
2024-09-02 04:00:00,102.96
2024-09-02 05:00:00,121.88
2024-09-02 06:00:00,131.52
2024-09-02 07:00:00,122.64
2024-09-02 08:00:00,102.83
2024-09-02 09:00:00,90.98
2024-09-02 10:00:00,85.62
2024-09-02 11:00:00,82.25
2024-09-02 12:00:00,85.03
2024-09-02 13:00:00,91.9
2024-09-02 14:00:00,95.97
2024-09-02 15:00:00,104.9
2024-09-02 16:00:00,122.09
2024-09-02 17:00:00,130.0
2024-09-02 18:00:00,138.0
2024-09-02 19:00:00,134.53
2024-09-02 20:00:00,116.54
2024-09-02 21:00:00,104.94
2024-09-02 22:00:00,99.72
2024-09-02 23:00:00,91.84
2024-09-03 00:00:00,90.75
2024-09-03 01:00:00,87.29
2024-09-03 02:00:00,87.07
2024-09-03 03:00:00,93.46
2024-09-03 04:00:00,106.19
2024-09-03 05:00:00,124.64
2024-09-03 06:00:00,133.95
2024-09-03 07:00:00,115.98
2024-09-03 08:00:00,98.88
2024-09-03 09:00:00,90.02
2024-09-03 10:00:00,85.0
2024-09-03 11:00:00,83.08
2024-09-03 12:00:00,84.68
2024-09-03 13:00:00,87.2
2024-09-03 14:00:00,93.82
2024-09-03 15:00:00,100.75
2024-09-03 16:00:00,109.03
2024-09-03 17:00:00,135.05
2024-09-03 18:00:00,131.0
2024-09-03 19:00:00,130.01
2024-09-03 20:00:00,126.57
2024-09-03 21:00:00,115.19
2024-09-03 22:00:00,108.38
2024-09-03 23:00:00,95.71
2024-09-04 00:00:00,91.15
2024-09-04 01:00:00,84.39
2024-09-04 02:00:00,78.27
2024-09-04 03:00:00,86.51
2024-09-04 04:00:00,104.73
2024-09-04 05:00:00,122.3
2024-09-04 06:00:00,127.42
2024-09-04 07:00:00,121.42
2024-09-04 08:00:00,107.21
2024-09-04 09:00:00,96.3
2024-09-04 10:00:00,92.41
2024-09-04 11:00:00,90.81
2024-09-04 12:00:00,89.82
2024-09-04 13:00:00,92.72
2024-09-04 14:00:00,95.01
2024-09-04 15:00:00,103.04
2024-09-04 16:00:00,133.75
2024-09-04 17:00:00,131.35
2024-09-04 18:00:00,122.81
2024-09-04 19:00:00,124.44
2024-09-04 20:00:00,110.97
2024-09-04 21:00:00,101.73
2024-09-04 22:00:00,101.27
2024-09-04 23:00:00,94.6
2024-09-05 00:00:00,90.0
2024-09-05 01:00:00,87.11
2024-09-05 02:00:00,78.4
2024-09-05 03:00:00,80.96
2024-09-05 04:00:00,87.1
2024-09-05 05:00:00,112.59
2024-09-05 06:00:00,119.04
2024-09-05 07:00:00,97.68
2024-09-05 08:00:00,84.2
2024-09-05 09:00:00,80.62
2024-09-05 10:00:00,84.81
2024-09-05 11:00:00,60.69
2024-09-05 12:00:00,66.11
2024-09-05 13:00:00,59.96
2024-09-05 14:00:00,46.04
2024-09-05 15:00:00,71.11
2024-09-05 16:00:00,93.09
2024-09-05 17:00:00,110.79
2024-09-05 18:00:00,104.65
2024-09-05 19:00:00,93.69
2024-09-05 20:00:00,85.8
2024-09-05 21:00:00,76.78
2024-09-05 22:00:00,69.48
2024-09-05 23:00:00,62.51
2024-09-06 00:00:00,53.0
2024-09-06 01:00:00,50.12
2024-09-06 02:00:00,59.18
2024-09-06 03:00:00,70.51
2024-09-06 04:00:00,87.83
2024-09-06 05:00:00,105.06
2024-09-06 06:00:00,112.85
2024-09-06 07:00:00,100.5
2024-09-06 08:00:00,85.23
2024-09-06 09:00:00,78.63
2024-09-06 10:00:00,63.37
2024-09-06 11:00:00,46.22
2024-09-06 12:00:00,31.2
2024-09-06 13:00:00,46.14
2024-09-06 14:00:00,76.29
2024-09-06 15:00:00,88.92
2024-09-06 16:00:00,94.99
2024-09-06 17:00:00,104.41
2024-09-06 18:00:00,113.83
2024-09-06 19:00:00,101.41
2024-09-06 20:00:00,96.34
2024-09-06 21:00:00,93.09
2024-09-06 22:00:00,97.59
2024-09-06 23:00:00,92.0
2024-09-07 00:00:00,73.37
2024-09-07 01:00:00,56.72
2024-09-07 02:00:00,49.9
2024-09-07 03:00:00,53.12
2024-09-07 04:00:00,62.06
2024-09-07 05:00:00,70.11
2024-09-07 06:00:00,91.02
2024-09-07 07:00:00,77.95
2024-09-07 08:00:00,51.52
2024-09-07 09:00:00,14.54
2024-09-07 10:00:00,5.48
2024-09-07 11:00:00,1.02
2024-09-07 12:00:00,0.44
2024-09-07 13:00:00,9.07
2024-09-07 14:00:00,36.8
2024-09-07 15:00:00,50.24
2024-09-07 16:00:00,83.32
2024-09-07 17:00:00,115.57
2024-09-07 18:00:00,103.95
2024-09-07 19:00:00,88.23
2024-09-07 20:00:00,83.19
2024-09-07 21:00:00,89.44
2024-09-07 22:00:00,91.01
2024-09-07 23:00:00,75.6
2024-09-08 00:00:00,62.79
2024-09-08 01:00:00,41.43
2024-09-08 02:00:00,22.88
2024-09-08 03:00:00,14.26
2024-09-08 04:00:00,22.61
2024-09-08 05:00:00,16.13
2024-09-08 06:00:00,24.99
2024-09-08 07:00:00,17.41
2024-09-08 08:00:00,8.29
2024-09-08 09:00:00,0.44
2024-09-08 10:00:00,0.04
2024-09-08 11:00:00,0.0
2024-09-08 12:00:00,0.0
2024-09-08 13:00:00,2.09
2024-09-08 14:00:00,14.86
2024-09-08 15:00:00,13.47
2024-09-08 16:00:00,36.22
2024-09-08 17:00:00,76.16
2024-09-08 18:00:00,101.13
2024-09-08 19:00:00,80.89
2024-09-08 20:00:00,80.66
2024-09-08 21:00:00,81.87
2024-09-08 22:00:00,52.24
2024-09-08 23:00:00,48.48
2024-09-09 00:00:00,44.16
2024-09-09 01:00:00,14.12
2024-09-09 02:00:00,20.64
2024-09-09 03:00:00,57.78
2024-09-09 04:00:00,75.54
2024-09-09 05:00:00,93.86
2024-09-09 06:00:00,106.35
2024-09-09 07:00:00,90.88
2024-09-09 08:00:00,70.1
2024-09-09 09:00:00,41.78
2024-09-09 10:00:00,31.53
2024-09-09 11:00:00,23.55
2024-09-09 12:00:00,7.72
2024-09-09 13:00:00,6.12
2024-09-09 14:00:00,9.54
2024-09-09 15:00:00,7.45
2024-09-09 16:00:00,71.94
2024-09-09 17:00:00,116.5
2024-09-09 18:00:00,113.3
2024-09-09 19:00:00,96.31
2024-09-09 20:00:00,88.18
2024-09-09 21:00:00,80.0
2024-09-09 22:00:00,67.65
2024-09-09 23:00:00,60.31
2024-09-10 00:00:00,59.97
2024-09-10 01:00:00,24.82
2024-09-10 02:00:00,16.26
2024-09-10 03:00:00,16.71
2024-09-10 04:00:00,39.57
2024-09-10 05:00:00,69.29
2024-09-10 06:00:00,85.83
2024-09-10 07:00:00,68.22
2024-09-10 08:00:00,55.17
2024-09-10 09:00:00,15.29
2024-09-10 10:00:00,6.41
2024-09-10 11:00:00,3.75
2024-09-10 12:00:00,6.31
2024-09-10 13:00:00,3.04
2024-09-10 14:00:00,4.59
2024-09-10 15:00:00,28.41
2024-09-10 16:00:00,53.1
2024-09-10 17:00:00,86.45
2024-09-10 18:00:00,85.23
2024-09-10 19:00:00,58.35
2024-09-10 20:00:00,77.8
2024-09-10 21:00:00,64.35
2024-09-10 22:00:00,15.24
2024-09-10 23:00:00,0.0
2024-09-11 00:00:00,0.0
2024-09-11 01:00:00,0.06
2024-09-11 02:00:00,0.0
2024-09-11 03:00:00,0.0
2024-09-11 04:00:00,20.68
2024-09-11 05:00:00,74.65
2024-09-11 06:00:00,99.92
2024-09-11 07:00:00,94.44
2024-09-11 08:00:00,70.38
2024-09-11 09:00:00,59.01
2024-09-11 10:00:00,51.61
2024-09-11 11:00:00,47.7
2024-09-11 12:00:00,45.0
2024-09-11 13:00:00,39.37
2024-09-11 14:00:00,48.13
2024-09-11 15:00:00,54.52
2024-09-11 16:00:00,83.22
2024-09-11 17:00:00,102.41
2024-09-11 18:00:00,113.0
2024-09-11 19:00:00,100.08
2024-09-11 20:00:00,98.05
2024-09-11 21:00:00,92.84
2024-09-11 22:00:00,61.5
2024-09-11 23:00:00,58.88
2024-09-12 00:00:00,71.42
2024-09-12 01:00:00,51.19
2024-09-12 02:00:00,32.61
2024-09-12 03:00:00,61.12
2024-09-12 04:00:00,85.03
2024-09-12 05:00:00,113.55
2024-09-12 06:00:00,120.75
2024-09-12 07:00:00,103.5
2024-09-12 08:00:00,84.51
2024-09-12 09:00:00,53.9
2024-09-12 10:00:00,59.0
2024-09-12 11:00:00,48.08
2024-09-12 12:00:00,34.0
2024-09-12 13:00:00,12.83
2024-09-12 14:00:00,9.33
2024-09-12 15:00:00,23.32
2024-09-12 16:00:00,62.91
2024-09-12 17:00:00,100.6
2024-09-12 18:00:00,101.46
2024-09-12 19:00:00,98.89
2024-09-12 20:00:00,93.53
2024-09-12 21:00:00,87.35
2024-09-12 22:00:00,76.05
2024-09-12 23:00:00,62.22
2024-09-13 00:00:00,43.48
2024-09-13 01:00:00,7.17
2024-09-13 02:00:00,1.42
2024-09-13 03:00:00,41.0
2024-09-13 04:00:00,76.5
2024-09-13 05:00:00,106.86
2024-09-13 06:00:00,118.58
2024-09-13 07:00:00,92.36
2024-09-13 08:00:00,54.8
2024-09-13 09:00:00,56.15
2024-09-13 10:00:00,35.03
2024-09-13 11:00:00,7.41
2024-09-13 12:00:00,32.43
2024-09-13 13:00:00,4.45
2024-09-13 14:00:00,29.95
2024-09-13 15:00:00,40.69
2024-09-13 16:00:00,83.7
2024-09-13 17:00:00,100.02
2024-09-13 18:00:00,94.25
2024-09-13 19:00:00,85.29
2024-09-13 20:00:00,81.97
2024-09-13 21:00:00,71.56
2024-09-13 22:00:00,56.7
2024-09-13 23:00:00,54.0
2024-09-14 00:00:00,49.86
2024-09-14 01:00:00,45.98
2024-09-14 02:00:00,49.08
2024-09-14 03:00:00,44.85
2024-09-14 04:00:00,55.07
2024-09-14 05:00:00,65.0
2024-09-14 06:00:00,68.86
2024-09-14 07:00:00,62.19
2024-09-14 08:00:00,39.78
2024-09-14 09:00:00,8.23
2024-09-14 10:00:00,1.8
2024-09-14 11:00:00,0.79
2024-09-14 12:00:00,0.44
2024-09-14 13:00:00,1.79
2024-09-14 14:00:00,11.88
2024-09-14 15:00:00,26.27
2024-09-14 16:00:00,66.37
2024-09-14 17:00:00,89.55
2024-09-14 18:00:00,101.72
2024-09-14 19:00:00,74.45
2024-09-14 20:00:00,87.99
2024-09-14 21:00:00,80.98
2024-09-14 22:00:00,61.7
2024-09-14 23:00:00,51.07
2024-09-15 00:00:00,37.17
2024-09-15 01:00:00,29.22
2024-09-15 02:00:00,28.7
2024-09-15 03:00:00,33.63
2024-09-15 04:00:00,37.77
2024-09-15 05:00:00,43.65
2024-09-15 06:00:00,32.48
2024-09-15 07:00:00,13.23
2024-09-15 08:00:00,10.92
2024-09-15 09:00:00,0.07
2024-09-15 10:00:00,0.0
2024-09-15 11:00:00,-0.01
2024-09-15 12:00:00,-0.36
2024-09-15 13:00:00,0.0
2024-09-15 14:00:00,0.16
2024-09-15 15:00:00,7.02
2024-09-15 16:00:00,37.61
2024-09-15 17:00:00,49.85
2024-09-15 18:00:00,65.08
2024-09-15 19:00:00,64.39
2024-09-15 20:00:00,60.74
2024-09-15 21:00:00,54.91
2024-09-15 22:00:00,30.0
2024-09-15 23:00:00,13.03
2024-09-16 00:00:00,15.0
2024-09-16 01:00:00,11.85
2024-09-16 02:00:00,8.89
2024-09-16 03:00:00,10.15
2024-09-16 04:00:00,41.1
2024-09-16 05:00:00,108.87
2024-09-16 06:00:00,119.15
2024-09-16 07:00:00,88.05
2024-09-16 08:00:00,68.34
2024-09-16 09:00:00,42.71
2024-09-16 10:00:00,26.62
2024-09-16 11:00:00,25.94
2024-09-16 12:00:00,0.09
2024-09-16 13:00:00,0.0
2024-09-16 14:00:00,0.0
2024-09-16 15:00:00,0.06
2024-09-16 16:00:00,32.86
2024-09-16 17:00:00,63.75
2024-09-16 18:00:00,88.4
2024-09-16 19:00:00,58.43
2024-09-16 20:00:00,45.89
2024-09-16 21:00:00,40.06
2024-09-16 22:00:00,26.3
2024-09-16 23:00:00,12.18
2024-09-17 00:00:00,6.99
2024-09-17 01:00:00,9.24
2024-09-17 02:00:00,5.15
2024-09-17 03:00:00,4.11
2024-09-17 04:00:00,21.67
2024-09-17 05:00:00,49.71
2024-09-17 06:00:00,53.34
2024-09-17 07:00:00,45.0
2024-09-17 08:00:00,0.44
2024-09-17 09:00:00,0.0
2024-09-17 10:00:00,0.0
2024-09-17 11:00:00,0.0
2024-09-17 12:00:00,0.0
2024-09-17 13:00:00,0.0
2024-09-17 14:00:00,0.0
2024-09-17 15:00:00,3.0
2024-09-17 16:00:00,32.26
2024-09-17 17:00:00,50.76
2024-09-17 18:00:00,48.08
2024-09-17 19:00:00,45.9
2024-09-17 20:00:00,57.3
2024-09-17 21:00:00,54.3
2024-09-17 22:00:00,43.67
2024-09-17 23:00:00,59.53
2024-09-18 00:00:00,49.39
2024-09-18 01:00:00,12.84
2024-09-18 02:00:00,13.64
2024-09-18 03:00:00,45.58
2024-09-18 04:00:00,70.94
2024-09-18 05:00:00,84.78
2024-09-18 06:00:00,98.45
2024-09-18 07:00:00,78.64
2024-09-18 08:00:00,71.63
2024-09-18 09:00:00,12.91
2024-09-18 10:00:00,5.49
2024-09-18 11:00:00,0.0
2024-09-18 12:00:00,0.01
2024-09-18 13:00:00,0.09
2024-09-18 14:00:00,14.47
2024-09-18 15:00:00,36.81
2024-09-18 16:00:00,85.75
2024-09-18 17:00:00,120.01
2024-09-18 18:00:00,108.2
2024-09-18 19:00:00,64.42
2024-09-18 20:00:00,44.01
2024-09-18 21:00:00,44.33
2024-09-18 22:00:00,60.08
2024-09-18 23:00:00,42.36
2024-09-19 00:00:00,36.76
2024-09-19 01:00:00,18.94
2024-09-19 02:00:00,15.61
2024-09-19 03:00:00,48.48
2024-09-19 04:00:00,64.26
2024-09-19 05:00:00,86.62
2024-09-19 06:00:00,95.57
2024-09-19 07:00:00,86.7
2024-09-19 08:00:00,74.81
2024-09-19 09:00:00,25.25
2024-09-19 10:00:00,4.97
2024-09-19 11:00:00,0.02
2024-09-19 12:00:00,0.0
2024-09-19 13:00:00,0.02
2024-09-19 14:00:00,20.4
2024-09-19 15:00:00,65.43
2024-09-19 16:00:00,82.36
2024-09-19 17:00:00,112.34
2024-09-19 18:00:00,112.65
2024-09-19 19:00:00,88.99
2024-09-19 20:00:00,88.97
2024-09-19 21:00:00,78.87
2024-09-19 22:00:00,38.24
2024-09-19 23:00:00,33.23
2024-09-20 00:00:00,50.59
2024-09-20 01:00:00,43.32
2024-09-20 02:00:00,32.96
2024-09-20 03:00:00,31.45
2024-09-20 04:00:00,59.25
2024-09-20 05:00:00,85.5
2024-09-20 06:00:00,94.86
2024-09-20 07:00:00,88.92
2024-09-20 08:00:00,62.05
2024-09-20 09:00:00,24.69
2024-09-20 10:00:00,9.84
2024-09-20 11:00:00,0.05
2024-09-20 12:00:00,0.07
2024-09-20 13:00:00,10.06
2024-09-20 14:00:00,43.68
2024-09-20 15:00:00,77.22
2024-09-20 16:00:00,103.07
2024-09-20 17:00:00,110.16
2024-09-20 18:00:00,108.52
2024-09-20 19:00:00,89.99
2024-09-20 20:00:00,86.76
2024-09-20 21:00:00,72.91
2024-09-20 22:00:00,44.05
2024-09-20 23:00:00,38.58
2024-09-21 00:00:00,32.94
2024-09-21 01:00:00,47.42
2024-09-21 02:00:00,24.26
2024-09-21 03:00:00,22.44
2024-09-21 04:00:00,49.03
2024-09-21 05:00:00,26.28
2024-09-21 06:00:00,32.18
2024-09-21 07:00:00,52.01
2024-09-21 08:00:00,22.0
2024-09-21 09:00:00,3.15
2024-09-21 10:00:00,0.0
2024-09-21 11:00:00,-3.36
2024-09-21 12:00:00,-3.95
2024-09-21 13:00:00,1.09
2024-09-21 14:00:00,20.22
2024-09-21 15:00:00,33.13
2024-09-21 16:00:00,64.87
2024-09-21 17:00:00,79.94
2024-09-21 18:00:00,83.91
2024-09-21 19:00:00,27.81
2024-09-21 20:00:00,57.68
2024-09-21 21:00:00,42.65
2024-09-21 22:00:00,71.3
2024-09-21 23:00:00,55.2
2024-09-22 00:00:00,52.18
2024-09-22 01:00:00,29.35
2024-09-22 02:00:00,21.7
2024-09-22 03:00:00,25.75
2024-09-22 04:00:00,34.58
2024-09-22 05:00:00,26.81
2024-09-22 06:00:00,52.6
2024-09-22 07:00:00,55.87
2024-09-22 08:00:00,26.36
2024-09-22 09:00:00,11.87
2024-09-22 10:00:00,11.68
2024-09-22 11:00:00,0.1
2024-09-22 12:00:00,0.01
2024-09-22 13:00:00,9.66
2024-09-22 14:00:00,26.45
2024-09-22 15:00:00,28.45
2024-09-22 16:00:00,70.0
2024-09-22 17:00:00,102.69
2024-09-22 18:00:00,110.22
2024-09-22 19:00:00,94.2
2024-09-22 20:00:00,94.22
2024-09-22 21:00:00,92.0
2024-09-22 22:00:00,41.78
2024-09-22 23:00:00,39.27
2024-09-23 00:00:00,36.33
2024-09-23 01:00:00,29.78
2024-09-23 02:00:00,22.99
2024-09-23 03:00:00,32.15
2024-09-23 04:00:00,37.19
2024-09-23 05:00:00,87.58
2024-09-23 06:00:00,101.64
2024-09-23 07:00:00,94.92
2024-09-23 08:00:00,79.74
2024-09-23 09:00:00,66.54
2024-09-23 10:00:00,51.1
2024-09-23 11:00:00,50.24
2024-09-23 12:00:00,33.55
2024-09-23 13:00:00,19.02
2024-09-23 14:00:00,25.84
2024-09-23 15:00:00,42.93
2024-09-23 16:00:00,73.79
2024-09-23 17:00:00,116.05
2024-09-23 18:00:00,99.05
2024-09-23 19:00:00,45.74
2024-09-23 20:00:00,41.93
2024-09-23 21:00:00,46.59
2024-09-23 22:00:00,59.96
2024-09-23 23:00:00,48.65
2024-09-24 00:00:00,36.66
2024-09-24 01:00:00,26.25
2024-09-24 02:00:00,17.43
2024-09-24 03:00:00,36.58
2024-09-24 04:00:00,53.28
2024-09-24 05:00:00,91.0
2024-09-24 06:00:00,97.01
2024-09-24 07:00:00,60.29
2024-09-24 08:00:00,42.06
2024-09-24 09:00:00,44.18
2024-09-24 10:00:00,37.43
2024-09-24 11:00:00,22.35
2024-09-24 12:00:00,23.6
2024-09-24 13:00:00,26.18
2024-09-24 14:00:00,31.0
2024-09-24 15:00:00,15.48
2024-09-24 16:00:00,83.65
2024-09-24 17:00:00,124.76
2024-09-24 18:00:00,103.27
2024-09-24 19:00:00,80.64
2024-09-24 20:00:00,75.87
2024-09-24 21:00:00,61.71
2024-09-24 22:00:00,51.48
2024-09-24 23:00:00,45.06
2024-09-25 00:00:00,23.05
2024-09-25 01:00:00,9.1
2024-09-25 02:00:00,0.0
2024-09-25 03:00:00,15.49
2024-09-25 04:00:00,56.48
2024-09-25 05:00:00,84.24
2024-09-25 06:00:00,88.09
2024-09-25 07:00:00,70.76
2024-09-25 08:00:00,53.43
2024-09-25 09:00:00,44.08
2024-09-25 10:00:00,40.0
2024-09-25 11:00:00,34.27
2024-09-25 12:00:00,36.23
2024-09-25 13:00:00,28.55
2024-09-25 14:00:00,31.83
2024-09-25 15:00:00,34.23
2024-09-25 16:00:00,41.91
2024-09-25 17:00:00,60.8
2024-09-25 18:00:00,45.9
2024-09-25 19:00:00,38.2
2024-09-25 20:00:00,42.48
2024-09-25 21:00:00,40.0
2024-09-25 22:00:00,20.3
2024-09-25 23:00:00,6.99
2024-09-26 00:00:00,10.29
2024-09-26 01:00:00,4.92
2024-09-26 02:00:00,3.32
2024-09-26 03:00:00,7.33
2024-09-26 04:00:00,33.83
2024-09-26 05:00:00,58.27
2024-09-26 06:00:00,65.0
2024-09-26 07:00:00,53.52
2024-09-26 08:00:00,29.21
2024-09-26 09:00:00,31.62
2024-09-26 10:00:00,17.0
2024-09-26 11:00:00,11.13
2024-09-26 12:00:00,7.55
2024-09-26 13:00:00,0.08
2024-09-26 14:00:00,9.1
2024-09-26 15:00:00,13.82
2024-09-26 16:00:00,48.13
2024-09-26 17:00:00,55.23
2024-09-26 18:00:00,59.69
2024-09-26 19:00:00,45.02
2024-09-26 20:00:00,45.2
2024-09-26 21:00:00,36.3
2024-09-26 22:00:00,0.37
2024-09-26 23:00:00,-0.06
2024-09-27 00:00:00,-1.23
2024-09-27 01:00:00,-0.01
2024-09-27 02:00:00,-6.18
2024-09-27 03:00:00,0.0
2024-09-27 04:00:00,5.14
2024-09-27 05:00:00,32.0
2024-09-27 06:00:00,41.34
2024-09-27 07:00:00,10.08
2024-09-27 08:00:00,0.07
2024-09-27 09:00:00,0.0
2024-09-27 10:00:00,-0.01
2024-09-27 11:00:00,-0.15
2024-09-27 12:00:00,-0.04
2024-09-27 13:00:00,-0.01
2024-09-27 14:00:00,0.0
2024-09-27 15:00:00,14.13
2024-09-27 16:00:00,34.21
2024-09-27 17:00:00,69.85
2024-09-27 18:00:00,65.31
2024-09-27 19:00:00,38.43
2024-09-27 20:00:00,31.56
2024-09-27 21:00:00,26.46
2024-09-27 22:00:00,1.77
2024-09-27 23:00:00,3.03
2024-09-28 00:00:00,3.29
2024-09-28 01:00:00,3.16
2024-09-28 02:00:00,3.27
2024-09-28 03:00:00,4.15
2024-09-28 04:00:00,11.96
2024-09-28 05:00:00,23.79
2024-09-28 06:00:00,27.08
2024-09-28 07:00:00,24.17
2024-09-28 08:00:00,10.2
2024-09-28 09:00:00,4.04
2024-09-28 10:00:00,0.68
2024-09-28 11:00:00,0.0
2024-09-28 12:00:00,0.0
2024-09-28 13:00:00,0.06
2024-09-28 14:00:00,9.86
2024-09-28 15:00:00,6.26
2024-09-28 16:00:00,50.24
2024-09-28 17:00:00,111.23
2024-09-28 18:00:00,105.73
2024-09-28 19:00:00,86.09
2024-09-28 20:00:00,83.22
2024-09-28 21:00:00,78.18
2024-09-28 22:00:00,70.15
2024-09-28 23:00:00,58.56
2024-09-29 00:00:00,45.72
2024-09-29 01:00:00,41.04
2024-09-29 02:00:00,21.15
2024-09-29 03:00:00,8.6
2024-09-29 04:00:00,22.76
2024-09-29 05:00:00,28.43
2024-09-29 06:00:00,30.5
2024-09-29 07:00:00,19.9
2024-09-29 08:00:00,1.33
2024-09-29 09:00:00,0.0
2024-09-29 10:00:00,-0.01
2024-09-29 11:00:00,-0.5
2024-09-29 12:00:00,-0.45
2024-09-29 13:00:00,0.0
2024-09-29 14:00:00,0.15
2024-09-29 15:00:00,0.08
2024-09-29 16:00:00,8.6
2024-09-29 17:00:00,47.15
2024-09-29 18:00:00,35.17
2024-09-29 19:00:00,52.2
2024-09-29 20:00:00,61.43
2024-09-29 21:00:00,37.26
2024-09-29 22:00:00,7.5
2024-09-29 23:00:00,0.04
2024-09-30 00:00:00,0.08
2024-09-30 01:00:00,0.0
2024-09-30 02:00:00,0.0
2024-09-30 03:00:00,0.0
2024-09-30 04:00:00,23.75
2024-09-30 05:00:00,21.8
2024-09-30 06:00:00,52.73
2024-09-30 07:00:00,25.36
2024-09-30 08:00:00,0.09
2024-09-30 09:00:00,0.06
2024-09-30 10:00:00,0.0
2024-09-30 11:00:00,0.0
2024-09-30 12:00:00,0.0
2024-09-30 13:00:00,-0.01
2024-09-30 14:00:00,-0.01
2024-09-30 15:00:00,0.0
2024-09-30 16:00:00,2.32
2024-09-30 17:00:00,61.53
2024-09-30 18:00:00,42.35
2024-09-30 19:00:00,23.9
2024-09-30 20:00:00,20.28
2024-09-30 21:00:00,9.84
2024-09-30 22:00:00,3.21
2024-09-30 23:00:00,0.07
2024-10-01 00:00:00,0.05
2024-10-01 01:00:00,0.02
2024-10-01 02:00:00,0.09
2024-10-01 03:00:00,0.08
2024-10-01 04:00:00,48.48
2024-10-01 05:00:00,102.3
2024-10-01 06:00:00,114.72
2024-10-01 07:00:00,100.0
2024-10-01 08:00:00,76.18
2024-10-01 09:00:00,68.24
2024-10-01 10:00:00,58.48
2024-10-01 11:00:00,55.41
2024-10-01 12:00:00,56.28
2024-10-01 13:00:00,57.98
2024-10-01 14:00:00,55.9
2024-10-01 15:00:00,76.14
2024-10-01 16:00:00,103.57
2024-10-01 17:00:00,143.44
2024-10-01 18:00:00,120.64
2024-10-01 19:00:00,92.97
2024-10-01 20:00:00,91.37
2024-10-01 21:00:00,76.15
2024-10-01 22:00:00,85.19
2024-10-01 23:00:00,70.39
2024-10-02 00:00:00,71.74
2024-10-02 01:00:00,63.18
2024-10-02 02:00:00,61.19
2024-10-02 03:00:00,79.43
2024-10-02 04:00:00,98.66
2024-10-02 05:00:00,119.48
2024-10-02 06:00:00,124.24
2024-10-02 07:00:00,109.25
2024-10-02 08:00:00,90.22
2024-10-02 09:00:00,88.66
2024-10-02 10:00:00,87.26
2024-10-02 11:00:00,78.38
2024-10-02 12:00:00,76.43
2024-10-02 13:00:00,74.36
2024-10-02 14:00:00,72.33
2024-10-02 15:00:00,79.44
2024-10-02 16:00:00,110.75
2024-10-02 17:00:00,136.26
2024-10-02 18:00:00,117.25
2024-10-02 19:00:00,97.79
2024-10-02 20:00:00,93.55
2024-10-02 21:00:00,85.0
2024-10-02 22:00:00,59.36
2024-10-02 23:00:00,40.0
2024-10-03 00:00:00,40.0
2024-10-03 01:00:00,17.8
2024-10-03 02:00:00,8.0
2024-10-03 03:00:00,32.57
2024-10-03 04:00:00,57.17
2024-10-03 05:00:00,77.63
2024-10-03 06:00:00,86.74
2024-10-03 07:00:00,74.61
2024-10-03 08:00:00,63.96
2024-10-03 09:00:00,52.65
2024-10-03 10:00:00,40.0
2024-10-03 11:00:00,31.67
2024-10-03 12:00:00,24.47
2024-10-03 13:00:00,15.1
2024-10-03 14:00:00,14.0
2024-10-03 15:00:00,47.88
2024-10-03 16:00:00,74.61
2024-10-03 17:00:00,125.98
2024-10-03 18:00:00,122.31
2024-10-03 19:00:00,101.33
2024-10-03 20:00:00,91.48
2024-10-03 21:00:00,84.02
2024-10-03 22:00:00,74.18
2024-10-03 23:00:00,72.52
2024-10-04 00:00:00,73.36
2024-10-04 01:00:00,74.2
2024-10-04 02:00:00,72.33
2024-10-04 03:00:00,77.1
2024-10-04 04:00:00,103.0
2024-10-04 05:00:00,127.79
2024-10-04 06:00:00,141.37
2024-10-04 07:00:00,116.57
2024-10-04 08:00:00,100.11
2024-10-04 09:00:00,76.39
2024-10-04 10:00:00,68.61
2024-10-04 11:00:00,59.3
2024-10-04 12:00:00,50.0
2024-10-04 13:00:00,49.1
2024-10-04 14:00:00,57.88
2024-10-04 15:00:00,77.42
2024-10-04 16:00:00,100.2
2024-10-04 17:00:00,137.24
2024-10-04 18:00:00,123.7
2024-10-04 19:00:00,99.9
2024-10-04 20:00:00,99.9
2024-10-04 21:00:00,90.0
2024-10-04 22:00:00,93.1
2024-10-04 23:00:00,84.64
2024-10-05 00:00:00,81.4
2024-10-05 01:00:00,75.54
2024-10-05 02:00:00,75.72
2024-10-05 03:00:00,79.82
2024-10-05 04:00:00,86.2
2024-10-05 05:00:00,100.4
2024-10-05 06:00:00,109.38
2024-10-05 07:00:00,89.02
2024-10-05 08:00:00,57.0
2024-10-05 09:00:00,40.44
2024-10-05 10:00:00,29.37
2024-10-05 11:00:00,18.67
2024-10-05 12:00:00,0.07
2024-10-05 13:00:00,2.46
2024-10-05 14:00:00,20.64
2024-10-05 15:00:00,47.75
2024-10-05 16:00:00,54.04
2024-10-05 17:00:00,85.23
2024-10-05 18:00:00,95.18
2024-10-05 19:00:00,74.03
2024-10-05 20:00:00,73.71
2024-10-05 21:00:00,67.0
2024-10-05 22:00:00,47.4
2024-10-05 23:00:00,30.83
2024-10-06 00:00:00,25.0
2024-10-06 01:00:00,10.39
2024-10-06 02:00:00,5.0
2024-10-06 03:00:00,4.69
2024-10-06 04:00:00,10.39
2024-10-06 05:00:00,10.39
2024-10-06 06:00:00,10.39
2024-10-06 07:00:00,10.39
2024-10-06 08:00:00,32.74
2024-10-06 09:00:00,16.68
2024-10-06 10:00:00,5.25
2024-10-06 11:00:00,-0.01
2024-10-06 12:00:00,-0.01
2024-10-06 13:00:00,0.2
2024-10-06 14:00:00,15.59
2024-10-06 15:00:00,18.61
2024-10-06 16:00:00,34.31
2024-10-06 17:00:00,59.03
2024-10-06 18:00:00,78.05
2024-10-06 19:00:00,54.12
2024-10-06 20:00:00,59.11
2024-10-06 21:00:00,53.22
2024-10-06 22:00:00,34.58
2024-10-06 23:00:00,35.34
2024-10-07 00:00:00,33.25
2024-10-07 01:00:00,29.03
2024-10-07 02:00:00,18.67
2024-10-07 03:00:00,23.33
2024-10-07 04:00:00,52.02
2024-10-07 05:00:00,84.5
2024-10-07 06:00:00,108.32
2024-10-07 07:00:00,91.75
2024-10-07 08:00:00,65.98
2024-10-07 09:00:00,60.21
2024-10-07 10:00:00,55.39
2024-10-07 11:00:00,43.29
2024-10-07 12:00:00,55.0
2024-10-07 13:00:00,29.98
2024-10-07 14:00:00,30.25
2024-10-07 15:00:00,50.24
2024-10-07 16:00:00,71.55
2024-10-07 17:00:00,96.17
2024-10-07 18:00:00,85.01
2024-10-07 19:00:00,67.73
2024-10-07 20:00:00,65.8
2024-10-07 21:00:00,61.39
2024-10-07 22:00:00,33.1
2024-10-07 23:00:00,24.35
2024-10-08 00:00:00,19.57
2024-10-08 01:00:00,7.0
2024-10-08 02:00:00,4.9
2024-10-08 03:00:00,21.54
2024-10-08 04:00:00,39.58
2024-10-08 05:00:00,72.68
2024-10-08 06:00:00,77.71
2024-10-08 07:00:00,79.91
2024-10-08 08:00:00,54.51
2024-10-08 09:00:00,28.8
2024-10-08 10:00:00,8.59
2024-10-08 11:00:00,0.97
2024-10-08 12:00:00,0.01
2024-10-08 13:00:00,0.0
2024-10-08 14:00:00,0.51
2024-10-08 15:00:00,5.0
2024-10-08 16:00:00,57.09
2024-10-08 17:00:00,79.9
2024-10-08 18:00:00,67.39
2024-10-08 19:00:00,32.11
2024-10-08 20:00:00,37.62
2024-10-08 21:00:00,33.1
2024-10-08 22:00:00,19.86
2024-10-08 23:00:00,3.6
2024-10-09 00:00:00,1.5
2024-10-09 01:00:00,0.0
2024-10-09 02:00:00,0.0
2024-10-09 03:00:00,0.01
2024-10-09 04:00:00,16.98
2024-10-09 05:00:00,40.0
2024-10-09 06:00:00,52.8
2024-10-09 07:00:00,47.59
2024-10-09 08:00:00,35.06
2024-10-09 09:00:00,31.1
2024-10-09 10:00:00,36.66
2024-10-09 11:00:00,23.62
2024-10-09 12:00:00,33.64
2024-10-09 13:00:00,43.03
2024-10-09 14:00:00,28.61
2024-10-09 15:00:00,30.35
2024-10-09 16:00:00,58.55
2024-10-09 17:00:00,112.03
2024-10-09 18:00:00,60.8
2024-10-09 19:00:00,49.08
2024-10-09 20:00:00,46.69
2024-10-09 21:00:00,41.13
2024-10-09 22:00:00,0.05
2024-10-09 23:00:00,0.0
2024-10-10 00:00:00,0.0
2024-10-10 01:00:00,0.0
2024-10-10 02:00:00,-0.01
2024-10-10 03:00:00,-0.01
2024-10-10 04:00:00,22.63
2024-10-10 05:00:00,69.72
2024-10-10 06:00:00,80.46
2024-10-10 07:00:00,67.5
2024-10-10 08:00:00,52.01
2024-10-10 09:00:00,38.93
2024-10-10 10:00:00,21.89
2024-10-10 11:00:00,15.95
2024-10-10 12:00:00,20.01
2024-10-10 13:00:00,38.37
2024-10-10 14:00:00,55.26
2024-10-10 15:00:00,71.78
2024-10-10 16:00:00,99.73
2024-10-10 17:00:00,129.22
2024-10-10 18:00:00,107.49
2024-10-10 19:00:00,90.41
2024-10-10 20:00:00,86.3
2024-10-10 21:00:00,73.83
2024-10-10 22:00:00,80.43
2024-10-10 23:00:00,73.98
2024-10-11 00:00:00,71.96
2024-10-11 01:00:00,67.91
2024-10-11 02:00:00,66.44
2024-10-11 03:00:00,71.79
2024-10-11 04:00:00,99.95
2024-10-11 05:00:00,140.41
2024-10-11 06:00:00,155.49
2024-10-11 07:00:00,110.01
2024-10-11 08:00:00,90.0
2024-10-11 09:00:00,72.35
2024-10-11 10:00:00,61.65
2024-10-11 11:00:00,57.17
2024-10-11 12:00:00,59.56
2024-10-11 13:00:00,66.95
2024-10-11 14:00:00,70.0
2024-10-11 15:00:00,71.35
2024-10-11 16:00:00,91.07
2024-10-11 17:00:00,154.3
2024-10-11 18:00:00,109.01
2024-10-11 19:00:00,90.69
2024-10-11 20:00:00,81.37
2024-10-11 21:00:00,80.57
2024-10-11 22:00:00,67.29
2024-10-11 23:00:00,57.57
2024-10-12 00:00:00,47.96
2024-10-12 01:00:00,38.91
2024-10-12 02:00:00,38.91
2024-10-12 03:00:00,42.63
2024-10-12 04:00:00,60.21
2024-10-12 05:00:00,61.0
2024-10-12 06:00:00,62.97
2024-10-12 07:00:00,64.48
2024-10-12 08:00:00,44.89
2024-10-12 09:00:00,46.71
2024-10-12 10:00:00,36.06
2024-10-12 11:00:00,22.37
2024-10-12 12:00:00,23.34
2024-10-12 13:00:00,46.35
2024-10-12 14:00:00,43.35
2024-10-12 15:00:00,63.12
2024-10-12 16:00:00,84.65
2024-10-12 17:00:00,81.94
2024-10-12 18:00:00,61.06
2024-10-12 19:00:00,45.42
2024-10-12 20:00:00,34.87
2024-10-12 21:00:00,25.37
2024-10-12 22:00:00,0.0
2024-10-12 23:00:00,-0.01
2024-10-13 00:00:00,-0.07
2024-10-13 01:00:00,-0.37
2024-10-13 02:00:00,-0.51
2024-10-13 03:00:00,-0.09
2024-10-13 04:00:00,-0.05
2024-10-13 05:00:00,0.78
2024-10-13 06:00:00,11.5
2024-10-13 07:00:00,4.81
2024-10-13 08:00:00,4.87
2024-10-13 09:00:00,5.17
2024-10-13 10:00:00,4.49
2024-10-13 11:00:00,0.08
2024-10-13 12:00:00,-0.01
2024-10-13 13:00:00,0.0
2024-10-13 14:00:00,6.8
2024-10-13 15:00:00,31.28
2024-10-13 16:00:00,62.82
2024-10-13 17:00:00,79.46
2024-10-13 18:00:00,63.26
2024-10-13 19:00:00,56.71
2024-10-13 20:00:00,49.88
2024-10-13 21:00:00,49.61
2024-10-13 22:00:00,50.49
2024-10-13 23:00:00,39.38
2024-10-14 00:00:00,37.41
2024-10-14 01:00:00,36.68
2024-10-14 02:00:00,41.38
2024-10-14 03:00:00,62.2
2024-10-14 04:00:00,98.65
2024-10-14 05:00:00,114.03
2024-10-14 06:00:00,137.7
2024-10-14 07:00:00,110.19
2024-10-14 08:00:00,99.55
2024-10-14 09:00:00,92.5
2024-10-14 10:00:00,85.7
2024-10-14 11:00:00,78.42
2024-10-14 12:00:00,74.16
2024-10-14 13:00:00,73.07
2024-10-14 14:00:00,71.2
2024-10-14 15:00:00,97.46
2024-10-14 16:00:00,121.04
2024-10-14 17:00:00,161.89
2024-10-14 18:00:00,158.0
2024-10-14 19:00:00,108.79
2024-10-14 20:00:00,99.66
2024-10-14 21:00:00,94.8
2024-10-14 22:00:00,76.09
2024-10-14 23:00:00,77.5
2024-10-15 00:00:00,60.49
2024-10-15 01:00:00,61.33
2024-10-15 02:00:00,51.57
2024-10-15 03:00:00,60.92
2024-10-15 04:00:00,63.87
2024-10-15 05:00:00,91.36
2024-10-15 06:00:00,122.28
2024-10-15 07:00:00,110.47
2024-10-15 08:00:00,92.74
2024-10-15 09:00:00,83.05
2024-10-15 10:00:00,78.47
2024-10-15 11:00:00,67.66
2024-10-15 12:00:00,41.51
2024-10-15 13:00:00,41.37
2024-10-15 14:00:00,62.63
2024-10-15 15:00:00,55.72
2024-10-15 16:00:00,79.47
2024-10-15 17:00:00,104.3
2024-10-15 18:00:00,64.98
2024-10-15 19:00:00,50.89
2024-10-15 20:00:00,61.52
2024-10-15 21:00:00,44.47
2024-10-15 22:00:00,28.42
2024-10-15 23:00:00,12.8
2024-10-16 00:00:00,5.3
2024-10-16 01:00:00,3.61
2024-10-16 02:00:00,1.48
2024-10-16 03:00:00,12.36
2024-10-16 04:00:00,46.09
2024-10-16 05:00:00,46.26
2024-10-16 06:00:00,59.55
2024-10-16 07:00:00,54.29
2024-10-16 08:00:00,26.68
2024-10-16 09:00:00,14.16
2024-10-16 10:00:00,4.09
2024-10-16 11:00:00,2.04
2024-10-16 12:00:00,4.0
2024-10-16 13:00:00,14.18
2024-10-16 14:00:00,30.84
2024-10-16 15:00:00,51.81
2024-10-16 16:00:00,75.74
2024-10-16 17:00:00,83.91
2024-10-16 18:00:00,55.43
2024-10-16 19:00:00,46.65
2024-10-16 20:00:00,35.14
2024-10-16 21:00:00,26.54
2024-10-16 22:00:00,17.04
2024-10-16 23:00:00,12.15
2024-10-17 00:00:00,10.48
2024-10-17 01:00:00,5.61
2024-10-17 02:00:00,10.01
2024-10-17 03:00:00,24.02
2024-10-17 04:00:00,63.38
2024-10-17 05:00:00,84.34
2024-10-17 06:00:00,83.93
2024-10-17 07:00:00,82.27
2024-10-17 08:00:00,76.61
2024-10-17 09:00:00,70.76
2024-10-17 10:00:00,61.79
2024-10-17 11:00:00,60.92
2024-10-17 12:00:00,63.59
2024-10-17 13:00:00,65.97
2024-10-17 14:00:00,82.65
2024-10-17 15:00:00,79.03
2024-10-17 16:00:00,78.77
2024-10-17 17:00:00,99.6
2024-10-17 18:00:00,82.27
2024-10-17 19:00:00,72.59
2024-10-17 20:00:00,71.08
2024-10-17 21:00:00,68.06
2024-10-17 22:00:00,50.1
2024-10-17 23:00:00,45.62
2024-10-18 00:00:00,38.06
2024-10-18 01:00:00,30.3
2024-10-18 02:00:00,20.4
2024-10-18 03:00:00,49.03
2024-10-18 04:00:00,57.84
2024-10-18 05:00:00,75.0
2024-10-18 06:00:00,99.5
2024-10-18 07:00:00,79.72
2024-10-18 08:00:00,78.56
2024-10-18 09:00:00,79.35
2024-10-18 10:00:00,76.1
2024-10-18 11:00:00,58.6
2024-10-18 12:00:00,42.86
2024-10-18 13:00:00,49.52
2024-10-18 14:00:00,51.41
2024-10-18 15:00:00,63.56
2024-10-18 16:00:00,83.16
2024-10-18 17:00:00,138.94
2024-10-18 18:00:00,103.25
2024-10-18 19:00:00,93.89
2024-10-18 20:00:00,81.2
2024-10-18 21:00:00,71.08
2024-10-18 22:00:00,56.04
2024-10-18 23:00:00,20.64
2024-10-19 00:00:00,24.83
2024-10-19 01:00:00,35.26
2024-10-19 02:00:00,10.25
2024-10-19 03:00:00,27.68
2024-10-19 04:00:00,54.78
2024-10-19 05:00:00,34.37
2024-10-19 06:00:00,41.88
2024-10-19 07:00:00,44.67
2024-10-19 08:00:00,46.42
2024-10-19 09:00:00,35.0
2024-10-19 10:00:00,30.24
2024-10-19 11:00:00,17.67
2024-10-19 12:00:00,13.17
2024-10-19 13:00:00,5.79
2024-10-19 14:00:00,5.05
2024-10-19 15:00:00,22.32
2024-10-19 16:00:00,44.13
2024-10-19 17:00:00,70.0
2024-10-19 18:00:00,69.59
2024-10-19 19:00:00,58.81
2024-10-19 20:00:00,72.78
2024-10-19 21:00:00,73.33
2024-10-19 22:00:00,37.46
2024-10-19 23:00:00,27.55
2024-10-20 00:00:00,25.77
2024-10-20 01:00:00,13.24
2024-10-20 02:00:00,11.57
2024-10-20 03:00:00,11.02
2024-10-20 04:00:00,8.63
2024-10-20 05:00:00,8.87
2024-10-20 06:00:00,13.08
2024-10-20 07:00:00,13.16
2024-10-20 08:00:00,6.37
2024-10-20 09:00:00,0.08
2024-10-20 10:00:00,0.0
2024-10-20 11:00:00,-0.98
2024-10-20 12:00:00,-2.01
2024-10-20 13:00:00,0.0
2024-10-20 14:00:00,0.03
2024-10-20 15:00:00,8.64
2024-10-20 16:00:00,17.13
2024-10-20 17:00:00,47.41
2024-10-20 18:00:00,36.87
2024-10-20 19:00:00,24.08
2024-10-20 20:00:00,14.14
2024-10-20 21:00:00,2.24
2024-10-20 22:00:00,1.12
2024-10-20 23:00:00,0.05
2024-10-21 00:00:00,0.0
2024-10-21 01:00:00,0.0
2024-10-21 02:00:00,0.29
2024-10-21 03:00:00,10.81
2024-10-21 04:00:00,32.6
2024-10-21 05:00:00,91.83
2024-10-21 06:00:00,120.22
2024-10-21 07:00:00,103.9
2024-10-21 08:00:00,88.77
2024-10-21 09:00:00,81.5
2024-10-21 10:00:00,73.29
2024-10-21 11:00:00,69.0
2024-10-21 12:00:00,67.04
2024-10-21 13:00:00,67.88
2024-10-21 14:00:00,70.47
2024-10-21 15:00:00,90.22
2024-10-21 16:00:00,103.41
2024-10-21 17:00:00,158.4
2024-10-21 18:00:00,113.95
2024-10-21 19:00:00,85.39
2024-10-21 20:00:00,97.69
2024-10-21 21:00:00,92.97
2024-10-21 22:00:00,76.27
2024-10-21 23:00:00,70.0
2024-10-22 00:00:00,63.79
2024-10-22 01:00:00,68.98
2024-10-22 02:00:00,60.0
2024-10-22 03:00:00,70.0
2024-10-22 04:00:00,75.97
2024-10-22 05:00:00,102.17
2024-10-22 06:00:00,123.02
2024-10-22 07:00:00,112.71
2024-10-22 08:00:00,98.84
2024-10-22 09:00:00,90.03
2024-10-22 10:00:00,78.57
2024-10-22 11:00:00,70.88
2024-10-22 12:00:00,58.92
2024-10-22 13:00:00,53.54
2024-10-22 14:00:00,52.5
2024-10-22 15:00:00,74.99
2024-10-22 16:00:00,118.32
2024-10-22 17:00:00,158.91
2024-10-22 18:00:00,112.02
2024-10-22 19:00:00,100.0
2024-10-22 20:00:00,95.78
2024-10-22 21:00:00,88.35
2024-10-22 22:00:00,77.21
2024-10-22 23:00:00,79.25
2024-10-23 00:00:00,71.0
2024-10-23 01:00:00,64.32
2024-10-23 02:00:00,64.29
2024-10-23 03:00:00,65.0
2024-10-23 04:00:00,84.98
2024-10-23 05:00:00,102.1
2024-10-23 06:00:00,134.71
2024-10-23 07:00:00,110.06
2024-10-23 08:00:00,85.0
2024-10-23 09:00:00,69.54
2024-10-23 10:00:00,64.08
2024-10-23 11:00:00,56.58
2024-10-23 12:00:00,56.08
2024-10-23 13:00:00,59.99
2024-10-23 14:00:00,63.4
2024-10-23 15:00:00,71.99
2024-10-23 16:00:00,103.41
2024-10-23 17:00:00,155.8
2024-10-23 18:00:00,114.63
2024-10-23 19:00:00,96.25
2024-10-23 20:00:00,99.87
2024-10-23 21:00:00,93.16
2024-10-23 22:00:00,51.61
2024-10-23 23:00:00,62.03
2024-10-24 00:00:00,57.75
2024-10-24 01:00:00,39.33
2024-10-24 02:00:00,43.11
2024-10-24 03:00:00,53.01
2024-10-24 04:00:00,70.57
2024-10-24 05:00:00,77.63
2024-10-24 06:00:00,120.01
2024-10-24 07:00:00,98.15
2024-10-24 08:00:00,69.17
2024-10-24 09:00:00,60.0
2024-10-24 10:00:00,50.24
2024-10-24 11:00:00,43.54
2024-10-24 12:00:00,30.01
2024-10-24 13:00:00,24.55
2024-10-24 14:00:00,47.44
2024-10-24 15:00:00,60.4
2024-10-24 16:00:00,79.36
2024-10-24 17:00:00,110.16
2024-10-24 18:00:00,85.0
2024-10-24 19:00:00,86.23
2024-10-24 20:00:00,75.72
2024-10-24 21:00:00,67.0
2024-10-24 22:00:00,57.0
2024-10-24 23:00:00,40.09
2024-10-25 00:00:00,41.04
2024-10-25 01:00:00,42.3
2024-10-25 02:00:00,18.7
2024-10-25 03:00:00,35.78
2024-10-25 04:00:00,46.02
2024-10-25 05:00:00,55.05
2024-10-25 06:00:00,67.72
2024-10-25 07:00:00,79.64
2024-10-25 08:00:00,70.0
2024-10-25 09:00:00,60.0
2024-10-25 10:00:00,55.83
2024-10-25 11:00:00,54.0
2024-10-25 12:00:00,50.0
2024-10-25 13:00:00,42.0
2024-10-25 14:00:00,40.0
2024-10-25 15:00:00,53.9
2024-10-25 16:00:00,70.57
2024-10-25 17:00:00,102.17
2024-10-25 18:00:00,103.06
2024-10-25 19:00:00,85.37
2024-10-25 20:00:00,79.03
2024-10-25 21:00:00,74.0
2024-10-25 22:00:00,67.82
2024-10-25 23:00:00,56.29
2024-10-26 00:00:00,50.0
2024-10-26 01:00:00,42.76
2024-10-26 02:00:00,37.01
2024-10-26 03:00:00,41.94
2024-10-26 04:00:00,50.1
2024-10-26 05:00:00,56.5
2024-10-26 06:00:00,57.82
2024-10-26 07:00:00,65.56
2024-10-26 08:00:00,56.08
2024-10-26 09:00:00,45.06
2024-10-26 10:00:00,48.22
2024-10-26 11:00:00,53.84
2024-10-26 12:00:00,45.97
2024-10-26 13:00:00,46.02
2024-10-26 14:00:00,57.93
2024-10-26 15:00:00,48.04
2024-10-26 16:00:00,61.35
2024-10-26 17:00:00,99.02
2024-10-26 18:00:00,83.3
2024-10-26 19:00:00,59.59
2024-10-26 20:00:00,68.22
2024-10-26 21:00:00,75.0
2024-10-26 22:00:00,87.71
2024-10-26 23:00:00,83.31
2024-10-27 00:00:00,82.23
2024-10-27 01:00:00,80.43
2024-10-27 02:00:00,44.38
2024-10-27 03:00:00,59.91
2024-10-27 04:00:00,52.93
2024-10-27 05:00:00,71.02
2024-10-27 06:00:00,86.24
2024-10-27 07:00:00,81.3
2024-10-27 08:00:00,64.36
2024-10-27 09:00:00,54.72
2024-10-27 10:00:00,42.5
2024-10-27 11:00:00,39.99
2024-10-27 12:00:00,40.0
2024-10-27 13:00:00,55.19
2024-10-27 14:00:00,44.99
2024-10-27 15:00:00,63.97
2024-10-27 16:00:00,81.25
2024-10-27 17:00:00,96.27
2024-10-27 18:00:00,128.7
2024-10-27 19:00:00,115.51
2024-10-27 20:00:00,107.36
2024-10-27 21:00:00,90.58
2024-10-27 22:00:00,102.99
2024-10-27 23:00:00,79.32
2024-10-28 00:00:00,50.31
2024-10-28 01:00:00,49.0
2024-10-28 02:00:00,43.1
2024-10-28 03:00:00,43.92
2024-10-28 04:00:00,49.2
2024-10-28 05:00:00,65.78
2024-10-28 06:00:00,86.74
2024-10-28 07:00:00,98.94
2024-10-28 08:00:00,79.06
2024-10-28 09:00:00,69.39
2024-10-28 10:00:00,65.76
2024-10-28 11:00:00,64.6
2024-10-28 12:00:00,65.41
2024-10-28 13:00:00,70.23
2024-10-28 14:00:00,83.74
2024-10-28 15:00:00,91.33
2024-10-28 16:00:00,115.57
2024-10-28 17:00:00,150.0
2024-10-28 18:00:00,133.66
2024-10-28 19:00:00,115.73
2024-10-28 20:00:00,110.49
2024-10-28 21:00:00,98.61
2024-10-28 22:00:00,90.33
2024-10-28 23:00:00,70.0
2024-10-29 00:00:00,65.14
2024-10-29 01:00:00,56.21
2024-10-29 02:00:00,49.28
2024-10-29 03:00:00,49.04
2024-10-29 04:00:00,58.4
2024-10-29 05:00:00,70.84
2024-10-29 06:00:00,83.09
2024-10-29 07:00:00,98.77
2024-10-29 08:00:00,109.88
2024-10-29 09:00:00,106.4
2024-10-29 10:00:00,97.39
2024-10-29 11:00:00,94.83
2024-10-29 12:00:00,86.61
2024-10-29 13:00:00,82.91
2024-10-29 14:00:00,71.1
2024-10-29 15:00:00,73.61
2024-10-29 16:00:00,96.75
2024-10-29 17:00:00,160.11
2024-10-29 18:00:00,150.79
2024-10-29 19:00:00,108.55
2024-10-29 20:00:00,90.0
2024-10-29 21:00:00,83.22
2024-10-29 22:00:00,68.7
2024-10-29 23:00:00,66.0
2024-10-30 00:00:00,55.0
2024-10-30 01:00:00,52.99
2024-10-30 02:00:00,44.6
2024-10-30 03:00:00,40.0
2024-10-30 04:00:00,52.5
2024-10-30 05:00:00,68.68
2024-10-30 06:00:00,76.04
2024-10-30 07:00:00,90.25
2024-10-30 08:00:00,91.56
2024-10-30 09:00:00,69.7
2024-10-30 10:00:00,69.57
2024-10-30 11:00:00,73.05
2024-10-30 12:00:00,73.52
2024-10-30 13:00:00,69.57
2024-10-30 14:00:00,72.65
2024-10-30 15:00:00,86.81
2024-10-30 16:00:00,102.3
2024-10-30 17:00:00,145.0
2024-10-30 18:00:00,143.36
2024-10-30 19:00:00,107.19
2024-10-30 20:00:00,74.61
2024-10-30 21:00:00,84.71
2024-10-30 22:00:00,88.01
2024-10-30 23:00:00,80.0
2024-10-31 00:00:00,76.79
2024-10-31 01:00:00,75.0
2024-10-31 02:00:00,72.59
2024-10-31 03:00:00,70.99
2024-10-31 04:00:00,77.0
2024-10-31 05:00:00,88.39
2024-10-31 06:00:00,117.05
2024-10-31 07:00:00,121.58
2024-10-31 08:00:00,102.8
2024-10-31 09:00:00,93.2
2024-10-31 10:00:00,85.04
2024-10-31 11:00:00,88.91
2024-10-31 12:00:00,85.31
2024-10-31 13:00:00,85.51
2024-10-31 14:00:00,95.5
2024-10-31 15:00:00,113.0
2024-10-31 16:00:00,130.0
2024-10-31 17:00:00,134.14
2024-10-31 18:00:00,124.95
2024-10-31 19:00:00,111.31
2024-10-31 20:00:00,101.25
2024-10-31 21:00:00,104.64
2024-10-31 22:00:00,93.56
2024-10-31 23:00:00,86.48
2024-11-01 00:00:00,81.71
2024-11-01 01:00:00,75.0
2024-11-01 02:00:00,69.46
2024-11-01 03:00:00,66.94
2024-11-01 04:00:00,71.66
2024-11-01 05:00:00,73.84
2024-11-01 06:00:00,78.0
2024-11-01 07:00:00,73.09
2024-11-01 08:00:00,70.0
2024-11-01 09:00:00,66.71
2024-11-01 10:00:00,46.74
2024-11-01 11:00:00,49.99
2024-11-01 12:00:00,46.04
2024-11-01 13:00:00,60.0
2024-11-01 14:00:00,70.43
2024-11-01 15:00:00,83.76
2024-11-01 16:00:00,105.48
2024-11-01 17:00:00,125.88
2024-11-01 18:00:00,120.01
2024-11-01 19:00:00,115.45
2024-11-01 20:00:00,106.37
2024-11-01 21:00:00,101.09
2024-11-01 22:00:00,93.92
2024-11-01 23:00:00,96.28
2024-11-02 00:00:00,91.56
2024-11-02 01:00:00,88.83
2024-11-02 02:00:00,86.0
2024-11-02 03:00:00,86.85
2024-11-02 04:00:00,82.15
2024-11-02 05:00:00,93.14
2024-11-02 06:00:00,100.11
2024-11-02 07:00:00,101.16
2024-11-02 08:00:00,88.93
2024-11-02 09:00:00,77.89
2024-11-02 10:00:00,71.77
2024-11-02 11:00:00,74.63
2024-11-02 12:00:00,69.84
2024-11-02 13:00:00,72.34
2024-11-02 14:00:00,70.63
2024-11-02 15:00:00,85.0
2024-11-02 16:00:00,105.82
2024-11-02 17:00:00,114.64
2024-11-02 18:00:00,114.64
2024-11-02 19:00:00,112.46
2024-11-02 20:00:00,109.16
2024-11-02 21:00:00,106.28
2024-11-02 22:00:00,100.61
2024-11-02 23:00:00,101.19
2024-11-03 00:00:00,91.36
2024-11-03 01:00:00,85.51
2024-11-03 02:00:00,85.0
2024-11-03 03:00:00,76.25
2024-11-03 04:00:00,75.12
2024-11-03 05:00:00,84.18
2024-11-03 06:00:00,87.14
2024-11-03 07:00:00,77.89
2024-11-03 08:00:00,58.13
2024-11-03 09:00:00,51.29
2024-11-03 10:00:00,47.86
2024-11-03 11:00:00,52.63
2024-11-03 12:00:00,40.0
2024-11-03 13:00:00,26.0
2024-11-03 14:00:00,44.49
2024-11-03 15:00:00,82.85
2024-11-03 16:00:00,99.91
2024-11-03 17:00:00,118.11
2024-11-03 18:00:00,114.01
2024-11-03 19:00:00,111.04
2024-11-03 20:00:00,102.54
2024-11-03 21:00:00,100.2
2024-11-03 22:00:00,95.24
2024-11-03 23:00:00,92.04
2024-11-04 00:00:00,89.96
2024-11-04 01:00:00,90.07
2024-11-04 02:00:00,83.82
2024-11-04 03:00:00,85.36
2024-11-04 04:00:00,89.89
2024-11-04 05:00:00,104.14
2024-11-04 06:00:00,121.54
2024-11-04 07:00:00,124.08
2024-11-04 08:00:00,118.04
2024-11-04 09:00:00,99.88
2024-11-04 10:00:00,93.32
2024-11-04 11:00:00,91.39
2024-11-04 12:00:00,90.1
2024-11-04 13:00:00,92.4
2024-11-04 14:00:00,109.64
2024-11-04 15:00:00,120.94
2024-11-04 16:00:00,135.24
2024-11-04 17:00:00,160.54
2024-11-04 18:00:00,151.52
2024-11-04 19:00:00,123.0
2024-11-04 20:00:00,113.78
2024-11-04 21:00:00,109.07
2024-11-04 22:00:00,99.43
2024-11-04 23:00:00,101.47
2024-11-05 00:00:00,94.0
2024-11-05 01:00:00,88.38
2024-11-05 02:00:00,80.34
2024-11-05 03:00:00,83.31
2024-11-05 04:00:00,84.5
2024-11-05 05:00:00,110.17
2024-11-05 06:00:00,124.09
2024-11-05 07:00:00,133.14
2024-11-05 08:00:00,118.23
2024-11-05 09:00:00,105.87
2024-11-05 10:00:00,95.28
2024-11-05 11:00:00,94.92
2024-11-05 12:00:00,99.25
2024-11-05 13:00:00,109.5
2024-11-05 14:00:00,111.33
2024-11-05 15:00:00,115.54
2024-11-05 16:00:00,132.5
2024-11-05 17:00:00,193.0
2024-11-05 18:00:00,186.2
2024-11-05 19:00:00,154.45
2024-11-05 20:00:00,124.41
2024-11-05 21:00:00,117.77
2024-11-05 22:00:00,110.03
2024-11-05 23:00:00,104.61
2024-11-06 00:00:00,99.05
2024-11-06 01:00:00,94.95
2024-11-06 02:00:00,87.87
2024-11-06 03:00:00,87.62
2024-11-06 04:00:00,100.63
2024-11-06 05:00:00,116.29
2024-11-06 06:00:00,125.01
2024-11-06 07:00:00,128.89
2024-11-06 08:00:00,123.47
2024-11-06 09:00:00,118.27
2024-11-06 10:00:00,115.76
2024-11-06 11:00:00,111.0
2024-11-06 12:00:00,114.66
2024-11-06 13:00:00,103.22
2024-11-06 14:00:00,104.78
2024-11-06 15:00:00,105.8
2024-11-06 16:00:00,128.03
2024-11-06 17:00:00,171.89
2024-11-06 18:00:00,167.02
2024-11-06 19:00:00,135.18
2024-11-06 20:00:00,123.55
2024-11-06 21:00:00,117.39
2024-11-06 22:00:00,110.79
2024-11-06 23:00:00,100.35
2024-11-07 00:00:00,94.8
2024-11-07 01:00:00,94.01
2024-11-07 02:00:00,88.07
2024-11-07 03:00:00,83.77
2024-11-07 04:00:00,90.96
2024-11-07 05:00:00,107.24
2024-11-07 06:00:00,122.76
2024-11-07 07:00:00,127.51
2024-11-07 08:00:00,120.04
2024-11-07 09:00:00,105.6
2024-11-07 10:00:00,101.61
2024-11-07 11:00:00,106.18
2024-11-07 12:00:00,90.0
2024-11-07 13:00:00,92.0
2024-11-07 14:00:00,106.87
2024-11-07 15:00:00,119.16
2024-11-07 16:00:00,122.98
2024-11-07 17:00:00,151.49
2024-11-07 18:00:00,144.66
2024-11-07 19:00:00,130.99
2024-11-07 20:00:00,114.11
2024-11-07 21:00:00,112.06
2024-11-07 22:00:00,100.23
2024-11-07 23:00:00,100.01
2024-11-08 00:00:00,96.76
2024-11-08 01:00:00,91.48
2024-11-08 02:00:00,88.16
2024-11-08 03:00:00,89.5
2024-11-08 04:00:00,95.55
2024-11-08 05:00:00,109.8
2024-11-08 06:00:00,126.56
2024-11-08 07:00:00,130.37
2024-11-08 08:00:00,124.1
2024-11-08 09:00:00,117.34
2024-11-08 10:00:00,110.94
2024-11-08 11:00:00,105.59
2024-11-08 12:00:00,106.81
2024-11-08 13:00:00,112.53
2024-11-08 14:00:00,122.8
2024-11-08 15:00:00,127.74
2024-11-08 16:00:00,129.88
2024-11-08 17:00:00,133.58
2024-11-08 18:00:00,127.86
2024-11-08 19:00:00,116.39
2024-11-08 20:00:00,110.07
2024-11-08 21:00:00,113.0
2024-11-08 22:00:00,104.06
2024-11-08 23:00:00,105.1
2024-11-09 00:00:00,99.96
2024-11-09 01:00:00,98.0
2024-11-09 02:00:00,96.68
2024-11-09 03:00:00,98.41
2024-11-09 04:00:00,100.17
2024-11-09 05:00:00,104.31
2024-11-09 06:00:00,109.87
2024-11-09 07:00:00,114.1
2024-11-09 08:00:00,114.6
2024-11-09 09:00:00,109.97
2024-11-09 10:00:00,106.4
2024-11-09 11:00:00,106.88
2024-11-09 12:00:00,108.0
2024-11-09 13:00:00,110.18
2024-11-09 14:00:00,112.45
2024-11-09 15:00:00,114.08
2024-11-09 16:00:00,130.04
2024-11-09 17:00:00,133.34
2024-11-09 18:00:00,134.86
2024-11-09 19:00:00,128.32
2024-11-09 20:00:00,117.96
2024-11-09 21:00:00,114.53
2024-11-09 22:00:00,110.1
2024-11-09 23:00:00,104.99
2024-11-10 00:00:00,102.28
2024-11-10 01:00:00,97.69
2024-11-10 02:00:00,92.52
2024-11-10 03:00:00,90.0
2024-11-10 04:00:00,89.18
2024-11-10 05:00:00,95.09
2024-11-10 06:00:00,102.45
2024-11-10 07:00:00,97.95
2024-11-10 08:00:00,110.49
2024-11-10 09:00:00,109.74
2024-11-10 10:00:00,110.13
2024-11-10 11:00:00,110.92
2024-11-10 12:00:00,106.3
2024-11-10 13:00:00,103.24
2024-11-10 14:00:00,89.2
2024-11-10 15:00:00,97.14
2024-11-10 16:00:00,116.0
2024-11-10 17:00:00,127.99
2024-11-10 18:00:00,128.02
2024-11-10 19:00:00,125.31
2024-11-10 20:00:00,115.28
2024-11-10 21:00:00,111.1
2024-11-10 22:00:00,108.02
2024-11-10 23:00:00,109.0
2024-11-11 00:00:00,101.71
2024-11-11 01:00:00,99.39
2024-11-11 02:00:00,85.38
2024-11-11 03:00:00,80.66
2024-11-11 04:00:00,80.2
2024-11-11 05:00:00,84.1
2024-11-11 06:00:00,105.72
2024-11-11 07:00:00,109.0
2024-11-11 08:00:00,109.75
2024-11-11 09:00:00,100.16
2024-11-11 10:00:00,97.2
2024-11-11 11:00:00,107.61
2024-11-11 12:00:00,94.99
2024-11-11 13:00:00,89.86
2024-11-11 14:00:00,96.94
2024-11-11 15:00:00,95.25
2024-11-11 16:00:00,108.14
2024-11-11 17:00:00,127.98
2024-11-11 18:00:00,120.06
2024-11-11 19:00:00,109.69
2024-11-11 20:00:00,96.73
2024-11-11 21:00:00,88.92
2024-11-11 22:00:00,98.84
2024-11-11 23:00:00,109.11
2024-11-12 00:00:00,97.07
2024-11-12 01:00:00,89.14
2024-11-12 02:00:00,49.09
2024-11-12 03:00:00,31.24
2024-11-12 04:00:00,65.26
2024-11-12 05:00:00,100.59
2024-11-12 06:00:00,111.94
2024-11-12 07:00:00,114.39
2024-11-12 08:00:00,118.28
2024-11-12 09:00:00,95.44
2024-11-12 10:00:00,98.1
2024-11-12 11:00:00,107.31
2024-11-12 12:00:00,100.37
2024-11-12 13:00:00,94.98
2024-11-12 14:00:00,101.64
2024-11-12 15:00:00,106.47
2024-11-12 16:00:00,122.96
2024-11-12 17:00:00,150.04
2024-11-12 18:00:00,143.3
2024-11-12 19:00:00,128.86
2024-11-12 20:00:00,120.28
2024-11-12 21:00:00,119.92
2024-11-12 22:00:00,113.87
2024-11-12 23:00:00,100.13
2024-11-13 00:00:00,99.47
2024-11-13 01:00:00,99.12
2024-11-13 02:00:00,95.33
2024-11-13 03:00:00,91.82
2024-11-13 04:00:00,94.9
2024-11-13 05:00:00,108.68
2024-11-13 06:00:00,136.71
2024-11-13 07:00:00,144.11
2024-11-13 08:00:00,142.15
2024-11-13 09:00:00,131.23
2024-11-13 10:00:00,127.0
2024-11-13 11:00:00,124.06
2024-11-13 12:00:00,105.94
2024-11-13 13:00:00,115.73
2024-11-13 14:00:00,139.01
2024-11-13 15:00:00,124.98
2024-11-13 16:00:00,162.52
2024-11-13 17:00:00,179.09
2024-11-13 18:00:00,162.47
2024-11-13 19:00:00,134.08
2024-11-13 20:00:00,119.8
2024-11-13 21:00:00,115.88
2024-11-13 22:00:00,107.79
2024-11-13 23:00:00,102.85
2024-11-14 00:00:00,100.86
2024-11-14 01:00:00,96.91
2024-11-14 02:00:00,93.08
2024-11-14 03:00:00,92.85
2024-11-14 04:00:00,95.74
2024-11-14 05:00:00,110.99
2024-11-14 06:00:00,125.28
2024-11-14 07:00:00,134.24
2024-11-14 08:00:00,130.56
2024-11-14 09:00:00,130.18
2024-11-14 10:00:00,130.27
2024-11-14 11:00:00,128.62
2024-11-14 12:00:00,128.62
2024-11-14 13:00:00,131.93
2024-11-14 14:00:00,145.7
2024-11-14 15:00:00,147.28
2024-11-14 16:00:00,160.04
2024-11-14 17:00:00,158.7
2024-11-14 18:00:00,151.63
2024-11-14 19:00:00,140.1
2024-11-14 20:00:00,129.81
2024-11-14 21:00:00,123.28
2024-11-14 22:00:00,112.91
2024-11-14 23:00:00,111.6
2024-11-15 00:00:00,107.31
2024-11-15 01:00:00,107.43
2024-11-15 02:00:00,104.05
2024-11-15 03:00:00,104.81
2024-11-15 04:00:00,109.55
2024-11-15 05:00:00,130.98
2024-11-15 06:00:00,148.04
2024-11-15 07:00:00,160.85
2024-11-15 08:00:00,145.06
2024-11-15 09:00:00,131.25
2024-11-15 10:00:00,125.6
2024-11-15 11:00:00,120.47
2024-11-15 12:00:00,119.54
2024-11-15 13:00:00,120.0
2024-11-15 14:00:00,119.55
2024-11-15 15:00:00,128.7
2024-11-15 16:00:00,139.68
2024-11-15 17:00:00,138.66
2024-11-15 18:00:00,134.05
2024-11-15 19:00:00,121.81
2024-11-15 20:00:00,118.27
2024-11-15 21:00:00,122.0
2024-11-15 22:00:00,111.71
2024-11-15 23:00:00,104.59
2024-11-16 00:00:00,99.0
2024-11-16 01:00:00,94.5
2024-11-16 02:00:00,92.28
2024-11-16 03:00:00,92.37
2024-11-16 04:00:00,91.98
2024-11-16 05:00:00,93.99
2024-11-16 06:00:00,104.52
2024-11-16 07:00:00,114.32
2024-11-16 08:00:00,116.0
2024-11-16 09:00:00,112.2
2024-11-16 10:00:00,104.0
2024-11-16 11:00:00,101.49
2024-11-16 12:00:00,99.54
2024-11-16 13:00:00,101.51
2024-11-16 14:00:00,109.05
2024-11-16 15:00:00,120.64
2024-11-16 16:00:00,131.22
2024-11-16 17:00:00,134.0
2024-11-16 18:00:00,128.91
2024-11-16 19:00:00,111.18
2024-11-16 20:00:00,100.83
2024-11-16 21:00:00,106.33
2024-11-16 22:00:00,107.29
2024-11-16 23:00:00,90.25
2024-11-17 00:00:00,82.16
2024-11-17 01:00:00,79.81
2024-11-17 02:00:00,67.92
2024-11-17 03:00:00,54.17
2024-11-17 04:00:00,50.05
2024-11-17 05:00:00,56.34
2024-11-17 06:00:00,71.3
2024-11-17 07:00:00,81.35
2024-11-17 08:00:00,95.63
2024-11-17 09:00:00,87.79
2024-11-17 10:00:00,89.09
2024-11-17 11:00:00,92.68
2024-11-17 12:00:00,87.79
2024-11-17 13:00:00,74.29
2024-11-17 14:00:00,94.51
2024-11-17 15:00:00,97.03
2024-11-17 16:00:00,119.04
2024-11-17 17:00:00,135.43
2024-11-17 18:00:00,132.42
2024-11-17 19:00:00,107.32
2024-11-17 20:00:00,103.7
2024-11-17 21:00:00,103.45
2024-11-17 22:00:00,106.47
2024-11-17 23:00:00,92.81
2024-11-18 00:00:00,85.31
2024-11-18 01:00:00,76.48
2024-11-18 02:00:00,61.78
2024-11-18 03:00:00,69.96
2024-11-18 04:00:00,85.52
2024-11-18 05:00:00,105.2
2024-11-18 06:00:00,126.75
2024-11-18 07:00:00,126.2
2024-11-18 08:00:00,122.92
2024-11-18 09:00:00,117.69
2024-11-18 10:00:00,107.55
2024-11-18 11:00:00,107.35
2024-11-18 12:00:00,109.4
2024-11-18 13:00:00,116.51
2024-11-18 14:00:00,130.98
2024-11-18 15:00:00,139.98
2024-11-18 16:00:00,154.69
2024-11-18 17:00:00,168.2
2024-11-18 18:00:00,158.23
2024-11-18 19:00:00,128.94
2024-11-18 20:00:00,117.62
2024-11-18 21:00:00,116.35
2024-11-18 22:00:00,106.59
2024-11-18 23:00:00,76.34
2024-11-19 00:00:00,68.54
2024-11-19 01:00:00,31.75
2024-11-19 02:00:00,6.27
2024-11-19 03:00:00,2.79
2024-11-19 04:00:00,30.28
2024-11-19 05:00:00,78.39
2024-11-19 06:00:00,105.53
2024-11-19 07:00:00,102.49
2024-11-19 08:00:00,112.85
2024-11-19 09:00:00,100.92
2024-11-19 10:00:00,93.94
2024-11-19 11:00:00,99.86
2024-11-19 12:00:00,89.03
2024-11-19 13:00:00,96.63
2024-11-19 14:00:00,100.0
2024-11-19 15:00:00,103.88
2024-11-19 16:00:00,122.77
2024-11-19 17:00:00,135.93
2024-11-19 18:00:00,127.51
2024-11-19 19:00:00,117.31
2024-11-19 20:00:00,103.58
2024-11-19 21:00:00,106.22
2024-11-19 22:00:00,90.52
2024-11-19 23:00:00,102.01
2024-11-20 00:00:00,88.78
2024-11-20 01:00:00,86.03
2024-11-20 02:00:00,81.5
2024-11-20 03:00:00,76.15
2024-11-20 04:00:00,83.79
2024-11-20 05:00:00,101.73
2024-11-20 06:00:00,122.21
2024-11-20 07:00:00,142.87
2024-11-20 08:00:00,139.53
2024-11-20 09:00:00,112.02
2024-11-20 10:00:00,107.0
2024-11-20 11:00:00,97.26
2024-11-20 12:00:00,96.88
2024-11-20 13:00:00,104.26
2024-11-20 14:00:00,117.83
2024-11-20 15:00:00,129.7
2024-11-20 16:00:00,142.51
2024-11-20 17:00:00,143.18
2024-11-20 18:00:00,141.56
2024-11-20 19:00:00,135.98
2024-11-20 20:00:00,124.63
2024-11-20 21:00:00,117.5
2024-11-20 22:00:00,103.5
2024-11-20 23:00:00,93.96
2024-11-21 00:00:00,90.4
2024-11-21 01:00:00,86.8
2024-11-21 02:00:00,84.15
2024-11-21 03:00:00,84.23
2024-11-21 04:00:00,94.45
2024-11-21 05:00:00,111.46
2024-11-21 06:00:00,125.03
2024-11-21 07:00:00,134.62
2024-11-21 08:00:00,135.09
2024-11-21 09:00:00,127.53
2024-11-21 10:00:00,115.62
2024-11-21 11:00:00,113.81
2024-11-21 12:00:00,121.0
2024-11-21 13:00:00,113.44
2024-11-21 14:00:00,115.8
2024-11-21 15:00:00,119.09
2024-11-21 16:00:00,130.93
2024-11-21 17:00:00,139.02
2024-11-21 18:00:00,133.76
2024-11-21 19:00:00,122.11
2024-11-21 20:00:00,116.92
2024-11-21 21:00:00,111.53
2024-11-21 22:00:00,103.15
2024-11-21 23:00:00,104.55
2024-11-22 00:00:00,92.43
2024-11-22 01:00:00,85.78
2024-11-22 02:00:00,80.58
2024-11-22 03:00:00,77.13
2024-11-22 04:00:00,87.6
2024-11-22 05:00:00,100.09
2024-11-22 06:00:00,129.57
2024-11-22 07:00:00,141.31
2024-11-22 08:00:00,136.32
2024-11-22 09:00:00,116.71
2024-11-22 10:00:00,115.0
2024-11-22 11:00:00,107.16
2024-11-22 12:00:00,97.02
2024-11-22 13:00:00,98.93
2024-11-22 14:00:00,111.63
2024-11-22 15:00:00,116.99
2024-11-22 16:00:00,131.84
2024-11-22 17:00:00,136.3
2024-11-22 18:00:00,132.56
2024-11-22 19:00:00,118.22
2024-11-22 20:00:00,106.89
2024-11-22 21:00:00,117.97
2024-11-22 22:00:00,115.61
2024-11-22 23:00:00,113.9
2024-11-23 00:00:00,98.5
2024-11-23 01:00:00,91.08
2024-11-23 02:00:00,83.17
2024-11-23 03:00:00,79.68
2024-11-23 04:00:00,84.78
2024-11-23 05:00:00,85.95
2024-11-23 06:00:00,93.0
2024-11-23 07:00:00,99.25
2024-11-23 08:00:00,85.62
2024-11-23 09:00:00,67.04
2024-11-23 10:00:00,40.0
2024-11-23 11:00:00,42.5
2024-11-23 12:00:00,36.95
2024-11-23 13:00:00,30.52
2024-11-23 14:00:00,36.94
2024-11-23 15:00:00,58.9
2024-11-23 16:00:00,81.98
2024-11-23 17:00:00,91.28
2024-11-23 18:00:00,83.14
2024-11-23 19:00:00,71.99
2024-11-23 20:00:00,58.84
2024-11-23 21:00:00,49.27
2024-11-23 22:00:00,26.38
2024-11-23 23:00:00,13.81
2024-11-24 00:00:00,8.48
2024-11-24 01:00:00,5.53
2024-11-24 02:00:00,3.71
2024-11-24 03:00:00,3.32
2024-11-24 04:00:00,4.68
2024-11-24 05:00:00,3.92
2024-11-24 06:00:00,3.71
2024-11-24 07:00:00,3.32
2024-11-24 08:00:00,5.24
2024-11-24 09:00:00,3.32
2024-11-24 10:00:00,3.32
2024-11-24 11:00:00,5.0
2024-11-24 12:00:00,3.32
2024-11-24 13:00:00,3.32
2024-11-24 14:00:00,3.32
2024-11-24 15:00:00,3.74
2024-11-24 16:00:00,11.17
2024-11-24 17:00:00,28.49
2024-11-24 18:00:00,41.54
2024-11-24 19:00:00,34.61
2024-11-24 20:00:00,24.23
2024-11-24 21:00:00,20.26
2024-11-24 22:00:00,14.46
2024-11-24 23:00:00,10.32
2024-11-25 00:00:00,8.41
2024-11-25 01:00:00,3.94
2024-11-25 02:00:00,3.32
2024-11-25 03:00:00,3.32
2024-11-25 04:00:00,3.71
2024-11-25 05:00:00,15.27
2024-11-25 06:00:00,63.53
2024-11-25 07:00:00,87.76
2024-11-25 08:00:00,84.48
2024-11-25 09:00:00,73.4
2024-11-25 10:00:00,74.59
2024-11-25 11:00:00,76.23
2024-11-25 12:00:00,71.98
2024-11-25 13:00:00,71.3
2024-11-25 14:00:00,93.39
2024-11-25 15:00:00,111.42
2024-11-25 16:00:00,130.47
2024-11-25 17:00:00,134.14
2024-11-25 18:00:00,122.52
2024-11-25 19:00:00,101.98
2024-11-25 20:00:00,88.98
2024-11-25 21:00:00,92.58
2024-11-25 22:00:00,74.74
2024-11-25 23:00:00,91.7
2024-11-26 00:00:00,81.73
2024-11-26 01:00:00,81.06
2024-11-26 02:00:00,73.04
2024-11-26 03:00:00,74.62
2024-11-26 04:00:00,84.24
2024-11-26 05:00:00,104.23
2024-11-26 06:00:00,134.93
2024-11-26 07:00:00,137.84
2024-11-26 08:00:00,127.26
2024-11-26 09:00:00,114.63
2024-11-26 10:00:00,106.44
2024-11-26 11:00:00,97.75
2024-11-26 12:00:00,103.11
2024-11-26 13:00:00,117.15
2024-11-26 14:00:00,120.58
2024-11-26 15:00:00,137.51
2024-11-26 16:00:00,148.85
2024-11-26 17:00:00,162.07
2024-11-26 18:00:00,154.84
2024-11-26 19:00:00,129.76
2024-11-26 20:00:00,120.35
2024-11-26 21:00:00,123.75
2024-11-26 22:00:00,114.36
2024-11-26 23:00:00,86.19
2024-11-27 00:00:00,75.92
2024-11-27 01:00:00,70.95
2024-11-27 02:00:00,54.1
2024-11-27 03:00:00,16.81
2024-11-27 04:00:00,37.17
2024-11-27 05:00:00,81.69
2024-11-27 06:00:00,109.92
2024-11-27 07:00:00,108.1
2024-11-27 08:00:00,88.3
2024-11-27 09:00:00,83.11
2024-11-27 10:00:00,75.83
2024-11-27 11:00:00,86.52
2024-11-27 12:00:00,48.69
2024-11-27 13:00:00,70.46
2024-11-27 14:00:00,76.51
2024-11-27 15:00:00,100.35
2024-11-27 16:00:00,115.58
2024-11-27 17:00:00,123.29
2024-11-27 18:00:00,119.27
2024-11-27 19:00:00,94.07
2024-11-27 20:00:00,82.93
2024-11-27 21:00:00,84.43
2024-11-27 22:00:00,79.32
2024-11-27 23:00:00,64.53
2024-11-28 00:00:00,72.67
2024-11-28 01:00:00,70.2
2024-11-28 02:00:00,41.71
2024-11-28 03:00:00,69.27
2024-11-28 04:00:00,68.9
2024-11-28 05:00:00,97.04
2024-11-28 06:00:00,124.99
2024-11-28 07:00:00,133.68
2024-11-28 08:00:00,130.57
2024-11-28 09:00:00,121.0
2024-11-28 10:00:00,108.95
2024-11-28 11:00:00,103.5
2024-11-28 12:00:00,103.19
2024-11-28 13:00:00,108.5
2024-11-28 14:00:00,119.81
2024-11-28 15:00:00,137.1
2024-11-28 16:00:00,150.4
2024-11-28 17:00:00,158.24
2024-11-28 18:00:00,154.12
2024-11-28 19:00:00,135.46
2024-11-28 20:00:00,125.87
2024-11-28 21:00:00,122.16
2024-11-28 22:00:00,112.6
2024-11-28 23:00:00,110.3
2024-11-29 00:00:00,107.01
2024-11-29 01:00:00,103.47
2024-11-29 02:00:00,94.04
2024-11-29 03:00:00,88.75
2024-11-29 04:00:00,94.08
2024-11-29 05:00:00,116.19
2024-11-29 06:00:00,127.21
2024-11-29 07:00:00,143.36
2024-11-29 08:00:00,135.27
2024-11-29 09:00:00,121.06
2024-11-29 10:00:00,109.32
2024-11-29 11:00:00,104.51
2024-11-29 12:00:00,95.81
2024-11-29 13:00:00,101.82
2024-11-29 14:00:00,108.93
2024-11-29 15:00:00,117.62
2024-11-29 16:00:00,133.38
2024-11-29 17:00:00,142.67
2024-11-29 18:00:00,132.76
2024-11-29 19:00:00,121.46
2024-11-29 20:00:00,115.05
2024-11-29 21:00:00,114.16
2024-11-29 22:00:00,103.84
2024-11-29 23:00:00,100.1
2024-11-30 00:00:00,93.3
2024-11-30 01:00:00,91.07
2024-11-30 02:00:00,88.36
2024-11-30 03:00:00,89.69
2024-11-30 04:00:00,91.54
2024-11-30 05:00:00,90.66
2024-11-30 06:00:00,105.21
2024-11-30 07:00:00,113.09
2024-11-30 08:00:00,103.88
2024-11-30 09:00:00,94.65
2024-11-30 10:00:00,88.13
2024-11-30 11:00:00,89.49
2024-11-30 12:00:00,92.0
2024-11-30 13:00:00,99.17
2024-11-30 14:00:00,111.88
2024-11-30 15:00:00,120.91
2024-11-30 16:00:00,136.67
2024-11-30 17:00:00,136.71
2024-11-30 18:00:00,131.96
2024-11-30 19:00:00,124.51
2024-11-30 20:00:00,115.08
2024-11-30 21:00:00,114.78
2024-11-30 22:00:00,106.67
2024-11-30 23:00:00,99.66
2024-12-01 00:00:00,90.01
2024-12-01 01:00:00,88.14
2024-12-01 02:00:00,85.7
2024-12-01 03:00:00,81.1
2024-12-01 04:00:00,74.68
2024-12-01 05:00:00,76.05
2024-12-01 06:00:00,86.77
2024-12-01 07:00:00,96.49
2024-12-01 08:00:00,94.6
2024-12-01 09:00:00,89.3
2024-12-01 10:00:00,82.38
2024-12-01 11:00:00,85.25
2024-12-01 12:00:00,83.08
2024-12-01 13:00:00,75.77
2024-12-01 14:00:00,85.47
2024-12-01 15:00:00,94.98
2024-12-01 16:00:00,116.91
2024-12-01 17:00:00,124.76
2024-12-01 18:00:00,115.93
2024-12-01 19:00:00,97.6
2024-12-01 20:00:00,88.84
2024-12-01 21:00:00,98.17
2024-12-01 22:00:00,85.0
2024-12-01 23:00:00,76.45
2024-12-02 00:00:00,67.84
2024-12-02 01:00:00,63.08
2024-12-02 02:00:00,45.53
2024-12-02 03:00:00,38.37
2024-12-02 04:00:00,57.28
2024-12-02 05:00:00,96.56
2024-12-02 06:00:00,129.01
2024-12-02 07:00:00,129.46
2024-12-02 08:00:00,125.63
2024-12-02 09:00:00,122.9
2024-12-02 10:00:00,117.25
2024-12-02 11:00:00,115.89
2024-12-02 12:00:00,118.71
2024-12-02 13:00:00,115.95
2024-12-02 14:00:00,124.62
2024-12-02 15:00:00,125.9
2024-12-02 16:00:00,136.02
2024-12-02 17:00:00,149.61
2024-12-02 18:00:00,141.66
2024-12-02 19:00:00,125.6
2024-12-02 20:00:00,116.08
2024-12-02 21:00:00,115.07
2024-12-02 22:00:00,103.91
2024-12-02 23:00:00,111.74
2024-12-03 00:00:00,104.63
2024-12-03 01:00:00,98.42
2024-12-03 02:00:00,96.1
2024-12-03 03:00:00,104.47
2024-12-03 04:00:00,111.57
2024-12-03 05:00:00,125.34
2024-12-03 06:00:00,148.48
2024-12-03 07:00:00,158.84
2024-12-03 08:00:00,154.9
2024-12-03 09:00:00,146.06
2024-12-03 10:00:00,142.0
2024-12-03 11:00:00,140.89
2024-12-03 12:00:00,142.53
2024-12-03 13:00:00,146.15
2024-12-03 14:00:00,156.63
2024-12-03 15:00:00,165.36
2024-12-03 16:00:00,203.24
2024-12-03 17:00:00,197.88
2024-12-03 18:00:00,189.83
2024-12-03 19:00:00,158.46
2024-12-03 20:00:00,150.0
2024-12-03 21:00:00,142.08
2024-12-03 22:00:00,130.81
2024-12-03 23:00:00,121.12
2024-12-04 00:00:00,116.66
2024-12-04 01:00:00,112.79
2024-12-04 02:00:00,108.9
2024-12-04 03:00:00,106.98
2024-12-04 04:00:00,110.72
2024-12-04 05:00:00,132.55
2024-12-04 06:00:00,149.23
2024-12-04 07:00:00,200.49
2024-12-04 08:00:00,205.1
2024-12-04 09:00:00,149.94
2024-12-04 10:00:00,148.85
2024-12-04 11:00:00,153.78
2024-12-04 12:00:00,137.7
2024-12-04 13:00:00,137.81
2024-12-04 14:00:00,138.01
2024-12-04 15:00:00,155.2
2024-12-04 16:00:00,219.09
2024-12-04 17:00:00,190.17
2024-12-04 18:00:00,171.45
2024-12-04 19:00:00,141.78
2024-12-04 20:00:00,124.53
2024-12-04 21:00:00,124.53
